address,name,size,callers,decompiled,clen
00870d6f,FUN_00870d6f,178,1,1,1326
00870e21,FUN_00870e21,372,2,1,2610
00870f96,FUN_00870f96,177,0,1,1506
00871047,FUN_00871047,343,0,1,2329
0087119e,FUN_0087119e,287,0,1,1658
008712bd,FUN_008712bd,337,0,1,2690
0087140e,FUN_0087140e,93,0,1,913
0087146b,get_accParent,44,0,1,536
00871497,FUN_00871497,50,1,1,498
008715a9,FUN_008715a9,46,0,1,194
008715d7,FUN_008715d7,33,0,1,160
008715f8,~CArray<>,22,3,1,695
0087160e,FUN_0087160e,303,1,1,1485
00871747,FUN_00871747,48,0,1,222
00871777,`scalar_deleting_destructor',51,0,1,507
008717aa,FUN_008717aa,51,0,1,225
008717dd,CleanUpSizes,83,1,1,592
00871a3a,Copy,44,1,1,549
00871a66,FUN_00871a66,512,0,1,2498
00871c66,CopyFrom,46,0,1,513
00871c94,FUN_00871c94,34,0,1,171
00871ce6,FUN_00871ce6,550,1,1,3135
00871f0c,FindByID,119,2,1,1100
00871f83,FindPanelWithElem,76,1,1,798
00871fcf,GetDroppedDown,53,3,1,722
00872004,FUN_00872004,127,1,1,685
00872083,FUN_00872083,132,1,1,632
00872107,FUN_00872107,103,1,1,740
0087216f,GetFocused,53,2,1,714
008721a4,FUN_008721a4,44,10,1,302
008721d0,FUN_008721d0,281,0,1,1570
008722e9,FUN_008722e9,169,1,1,1197
00872392,FUN_00872392,154,2,1,801
0087242c,GetMinWidth,74,1,1,607
00872476,FUN_00872476,23,2,1,152
0087248d,FUN_0087248d,7,1,1,105
00872494,GetPanelFromPoint,85,5,1,837
008724e9,FUN_008724e9,60,1,1,358
00872525,FUN_00872525,33,1,1,304
00872546,FUN_00872546,7,0,1,105
0087254d,FUN_0087254d,6,0,1,91
00872553,FUN_00872553,6,0,1,86
00872559,FUN_00872559,119,0,1,550
008725d0,GetVisibleElements,56,1,1,661
00872608,FUN_00872608,180,1,1,1056
008726bc,FUN_008726bc,80,1,1,510
0087270c,FUN_0087270c,59,1,1,473
00872747,FUN_00872747,130,2,1,1045
008727c9,FUN_008727c9,106,0,1,600
00872833,FUN_00872833,106,0,1,639
0087289d,FUN_0087289d,61,0,1,361
008728da,OnCancelMode,50,0,1,506
0087290c,FUN_0087290c,29,0,1,166
00872929,FUN_00872929,411,0,1,2612
00872ac4,FUN_00872ac4,313,0,1,1608
00872bfd,FUN_00872bfd,58,0,1,335
00872c37,FUN_00872c37,235,0,1,1530
00872d22,FUN_00872d22,682,0,1,5235
00872fcc,FUN_00872fcc,113,0,1,547
0087303d,FUN_0087303d,202,0,1,1075
00873107,FUN_00873107,129,0,1,790
00873188,FUN_00873188,42,0,1,226
008731b2,FUN_008731b2,74,0,1,514
008731fc,FUN_008731fc,162,0,1,852
0087329e,FUN_0087329e,125,0,1,732
0087331b,FUN_0087331b,167,0,1,837
008733c2,FUN_008733c2,253,0,1,1626
008734bf,FUN_008734bf,87,0,1,492
00873516,FUN_00873516,93,0,1,509
00873573,FUN_00873573,907,0,1,6322
008738fe,FUN_008738fe,138,1,1,799
00873988,FUN_00873988,103,0,1,718
008739ef,FUN_008739ef,386,0,1,2043
00873b71,ResetPanelsLayout,63,1,1,643
00873bb0,FUN_00873bb0,108,0,1,840
00873c1c,FUN_00873c1c,285,0,1,2121
00873d39,FUN_00873d39,181,1,1,1091
00873ea8,FUN_00873ea8,140,1,1,763
00873f34,FUN_00873f34,142,3,1,653
00873fc2,FUN_00873fc2,269,2,1,2006
008740cf,FUN_008740cf,225,0,1,1499
008741b0,accHitTest,33,0,1,519
008741d1,FUN_008741d1,237,0,1,1433
008742be,FUN_008742be,180,0,1,1222
00874372,FUN_00874372,225,0,1,1799
00874453,FUN_00874453,175,0,1,1347
00874502,get_accChild,72,0,1,856
0087454a,FUN_0087454a,31,0,1,264
00874569,FUN_00874569,97,0,1,716
008745cb,get_accParent,60,0,1,742
00874607,get_accParent,75,0,1,775
00874682,FUN_00874682,44,0,1,226
008746ae,`scalar_deleting_destructor',57,0,1,613
008746e7,FUN_008746e7,20,0,1,101
008746fb,FUN_008746fb,6,0,1,97
00874701,FUN_00874701,388,0,1,2459
00874885,OnChangeParentWnd,37,0,1,567
008748aa,FUN_008748aa,1248,0,1,7308
00874d8a,FUN_00874d8a,13,0,1,126
00874dc7,FUN_00874dc7,127,13,1,678
00874e46,CMFCToolBarMenuButton,106,7,1,870
00874eb0,FUN_00874eb0,171,49,1,1086
00874f60,`scalar_deleting_destructor',51,0,1,528
00874f93,FUN_00874f93,168,0,1,1092
0087503b,FUN_0087503b,301,3,1,1644
00875169,FUN_00875169,416,0,1,2653
00875309,FUN_00875309,519,1,1,3640
00875511,FUN_00875511,161,1,1,918
008755b2,FUN_008755b2,5431,2,1,29530
00876aea,FUN_00876aea,103,3,1,677
00876b51,FUN_00876b51,43,2,1,267
00876b7c,FUN_00876b7c,6,0,1,94
00876b82,FUN_00876b82,49,1,1,291
00876bb3,FUN_00876bb3,107,3,1,760
00876c1e,Initialize,126,2,1,895
00876c9c,IsDrawImage,28,6,1,561
00876cb8,FUN_00876cb8,12,0,1,96
00876cc4,FUN_00876cc4,12,0,1,96
00876cd0,OnBeforeDrag,44,0,1,408
00876cfc,FUN_00876cfc,772,1,1,5071
00877000,FUN_00877000,317,1,1,1821
0087713d,FUN_0087713d,194,1,1,1037
008771ff,FUN_008771ff,558,0,1,3226
0087742d,FUN_0087742d,35,0,1,188
00877450,FUN_00877450,1245,3,1,6387
0087792d,FUN_0087792d,119,1,1,601
008779a4,FUN_008779a4,704,0,1,3743
00877c65,FUN_00877c65,71,0,1,357
00877cac,FUN_00877cac,102,0,1,965
00877d12,FUN_00877d12,198,1,1,927
00877dd8,FUN_00877dd8,144,0,1,1143
00877e68,SetRadio,100,0,1,821
00877ecc,SetTearOff,72,2,1,670
00877f14,FUN_00877f14,26,1,1,199
00877f2e,FUN_00877f2e,11,2,1,135
00877f39,`scalar_deleting_destructor',57,0,1,576
00877fa2,FUN_00877fa2,6,0,1,90
00877fa8,FUN_00877fa8,58,0,1,341
00877fe2,FUN_00877fe2,103,0,1,806
00878049,FUN_00878049,277,0,1,1427
0087815e,FUN_0087815e,181,0,1,1122
008783da,~CMFCCaptionBar,122,1,1,470
00878454,`scalar_deleting_destructor',51,0,1,501
008784d7,FUN_008784d7,101,0,1,675
0087853c,FUN_0087853c,51,0,1,266
0087856f,FUN_0087856f,186,0,1,1647
00878659,FUN_00878659,154,0,1,924
008786f4,FUN_008786f4,6,0,1,74
008786fa,FUN_008786fa,6,0,1,87
00878700,FUN_00878700,260,0,1,1596
00878804,FUN_00878804,22,0,1,211
0087881a,FUN_0087881a,195,0,1,1034
008788dd,FUN_008788dd,23,0,1,119
008788f4,FUN_008788f4,201,0,1,1061
008789bd,FUN_008789bd,98,0,1,451
00878cf5,FUN_00878cf5,184,0,1,943
00878dad,FUN_00878dad,299,0,1,2016
00878edf,FUN_00878edf,166,0,1,844
00878f85,FUN_00878f85,180,0,1,948
00879039,OnMouseLeave,125,0,1,824
008790b6,OnMouseMove,262,0,1,1762
008791bc,FUN_008791bc,28,0,1,251
008797a9,FUN_008797a9,91,0,1,501
00879804,FUN_00879804,49,0,1,291
00879835,FUN_00879835,60,0,1,310
00879871,FUN_00879871,162,0,1,793
00879913,FUN_00879913,113,0,1,658
0087a175,FUN_0087a175,219,0,1,1316
0087a250,FUN_0087a250,54,1,1,358
0087a286,FUN_0087a286,49,0,1,275
0087a2b7,FUN_0087a2b7,75,0,1,481
0087a302,FUN_0087a302,32,0,1,205
0087a322,FUN_0087a322,6,0,1,91
0087a328,FUN_0087a328,468,4,1,2849
0087a4fc,FUN_0087a4fc,278,0,1,1824
0087a613,FUN_0087a613,13,0,1,125
0087a620,FUN_0087a620,4,0,1,103
0087a624,FUN_0087a624,15,1,1,108
0087a633,FUN_0087a633,1329,0,1,6854
0087ab65,FUN_0087ab65,70,0,1,476
0087abab,FUN_0087abab,58,0,1,349
0087abe5,FUN_0087abe5,97,2,1,517
0087ac46,FUN_0087ac46,41,0,1,264
0087ac6f,FUN_0087ac6f,241,1,1,1176
0087ad60,FUN_0087ad60,258,11,1,1298
0087ae67,FUN_0087ae67,100,0,1,573
0087aed0,`scalar_deleting_destructor',37,0,1,383
0087aef5,FUN_0087aef5,585,4,1,3383
0087b13e,AddFrame,66,3,1,866
0087b180,FUN_0087b180,12,1,1,136
0087b18c,FUN_0087b18c,461,4,1,2544
0087b35a,FUN_0087b35a,93,4,1,568
0087b3b7,FUN_0087b3b7,260,4,1,1252
0087b4bb,FUN_0087b4bb,292,2,1,1528
0087b5df,FUN_0087b5df,102,1,1,616
0087b645,FUN_0087b645,195,2,1,1121
0087b708,FUN_0087b708,60,3,1,303
0087b744,FUN_0087b744,141,1,1,970
0087b7d2,FUN_0087b7d2,31,1,1,268
0087b7f1,IsHelpKey,82,4,1,615
0087b843,FUN_0087b843,22,2,1,228
0087b859,IsUserDefinedToolbar,36,1,1,515
0087b87d,LoadLargeIconsState,89,4,1,917
0087b8d6,FUN_0087b8d6,156,2,1,873
0087b972,FUN_0087b972,769,7,1,4033
0087bc73,FUN_0087bc73,117,3,1,743
0087bd3d,FUN_0087bd3d,630,3,1,3559
0087bfb4,OnLButtonDown,46,3,1,524
0087bfe2,FUN_0087bfe2,176,3,1,944
0087c092,FUN_0087c092,165,2,1,894
0087c137,FUN_0087c137,308,5,1,1802
0087c26c,FUN_0087c26c,66,3,1,341
0087c2ae,FUN_0087c2ae,365,3,1,2121
0087c41b,FUN_0087c41b,493,2,1,2729
0087c609,FUN_0087c609,436,5,1,2740
0087c7bd,OnNcMouseMove,39,3,1,454
0087c7e4,FUN_0087c7e4,194,3,1,1212
0087c8a6,OnSetText,62,3,1,651
0087c8e4,FUN_0087c8e4,163,1,1,1203
0087c987,FUN_0087c987,456,4,1,2774
0087cb4f,FUN_0087cb4f,176,2,1,1167
0087cbff,FUN_0087cbff,170,6,1,993
0087cca9,FUN_0087cca9,719,8,1,4724
0087cf79,FUN_0087cf79,1622,4,1,10500
0087d5d0,FUN_0087d5d0,248,4,1,1464
0087d6c8,FUN_0087d6c8,198,2,1,1205
0087d78e,FUN_0087d78e,129,3,1,808
0087d80f,RemoveFrame,74,0,1,880
0087d859,RemoveTearOffToolbar,36,1,1,444
0087d87d,FUN_0087d87d,406,2,1,2648
0087da13,FUN_0087da13,178,0,1,979
0087dac6,FUN_0087dac6,906,1,1,4664
0087de51,StopCaptionButtonsTracking,91,1,1,794
0087deac,FUN_0087deac,204,1,1,1250
0087df78,FUN_0087df78,534,4,1,3548
0087e18e,FUN_0087e18e,44,0,1,207
0087e1ba,FUN_0087e1ba,68,1,1,261
0087e1fe,FUN_0087e1fe,44,1,1,204
0087e22a,FUN_0087e22a,83,1,1,453
0087e282,~CMFCRibbonRichEditCtrl,31,1,1,441
0087e2a1,FUN_0087e2a1,51,0,1,225
0087e2d4,`scalar_deleting_destructor',51,0,1,537
0087e307,FUN_0087e307,51,0,1,225
0087e33a,CommonInit,111,1,1,826
0087e3a9,FUN_0087e3a9,281,0,1,1584
0087e4c2,FUN_0087e4c2,152,0,1,1006
0087e58a,FUN_0087e58a,228,1,1,1414
0087e66e,FUN_0087e66e,135,1,1,814
0087e70e,FUN_0087e70e,63,0,1,313
0087e74d,FUN_0087e74d,404,0,1,2190
0087e8e1,FUN_0087e8e1,6,0,1,74
0087e8e7,FUN_0087e8e7,6,0,1,74
0087e8ed,FUN_0087e8ed,7,0,1,105
0087e8f4,FUN_0087e8f4,7,0,1,105
0087e8fb,FUN_0087e8fb,6,0,1,87
0087e901,FUN_0087e901,6,0,1,95
0087e907,FUN_0087e907,7,0,1,105
0087e90e,FUN_0087e90e,7,0,1,105
0087e915,FUN_0087e915,22,0,1,210
0087e92b,FUN_0087e92b,26,0,1,107
0087e9b5,FUN_0087e9b5,85,0,1,494
0087eaa7,FUN_0087eaa7,497,0,1,2569
0087ec98,OnDraw,110,0,1,908
0087ed06,FUN_0087ed06,445,0,1,2508
0087eec3,FUN_0087eec3,948,0,1,4808
0087f277,OnEnable,57,0,1,558
0087f2b0,OnHighlight,79,0,1,621
0087f2ff,FUN_0087f2ff,144,0,1,1016
0087f38f,FUN_0087f38f,180,0,1,916
0087f443,FUN_0087f443,18,0,1,115
0087f455,FUN_0087f455,121,0,1,593
0087f664,FUN_0087f664,156,0,1,997
0087f700,FUN_0087f700,372,0,1,2218
0087f874,FUN_0087f874,117,0,1,469
0087f8e9,OnShow,76,0,1,572
0087f935,FUN_0087f935,79,0,1,465
0087f984,FUN_0087f984,1270,0,1,6791
0087fe7a,ProcessClipboardAccelerators,136,1,1,998
0087ff02,Redraw,113,0,1,829
0087ff73,FUN_0087ff73,684,1,1,4079
0088021f,FUN_0088021f,111,0,1,781
0088028e,FUN_0088028e,299,2,1,1303
008803b9,FUN_008803b9,32,0,1,205
008803d9,FUN_008803d9,61,1,1,212
00880416,FUN_00880416,106,1,1,486
00880485,FUN_00880485,48,0,1,225
0088063d,Catch_All@0088063d,20,0,1,115
00880651,FUN_00880651,38,1,1,314
00880677,FUN_00880677,126,3,1,602
008806f5,FUN_008806f5,6,0,1,82
008806fb,FUN_008806fb,60,0,1,632
00880737,FUN_00880737,94,0,1,573
00880795,FUN_00880795,167,0,1,1698
0088083c,FUN_0088083c,91,2,1,659
00880897,FUN_00880897,341,0,1,1571
008809ec,FUN_008809ec,30,1,1,221
00880a0a,FUN_00880a0a,11,2,1,139
00880a15,FUN_00880a15,54,0,1,297
00880a4b,FUN_00880a4b,6,0,1,74
00880a51,FUN_00880a51,94,0,1,612
00880ab0,FUN_00880ab0,39,0,1,327
00880ad8,FUN_00880ad8,94,0,1,612
00880b37,FUN_00880b37,101,0,1,626
00880b9d,FUN_00880b9d,19,1,1,152
00880bb0,FUN_00880bb0,50,0,1,416
00880be2,~CMFCToolBarDropSource,62,2,1,603
00880c20,`scalar_deleting_destructor',48,0,1,533
00880c50,FUN_00880c50,6,0,1,74
00880c56,GiveFeedback,52,0,1,692
00880c8a,OnBeginDrag,118,0,1,933
00880d00,QueryContinueDrag,49,0,1,586
00880d31,FUN_00880d31,32,0,1,205
00880d51,FUN_00880d51,243,10,1,1617
00880e44,FUN_00880e44,64,15,1,295
00880e84,~CMFCToolBarButton,32,31,1,338
00880ea4,FUN_00880ea4,48,0,1,290
00880ed4,FUN_00880ed4,21,0,1,126
00880ee9,FUN_00880ee9,135,6,1,1097
00880f70,FUN_00880f70,254,5,1,1524
00881069,Catch@00881069,14,0,1,90
00881077,Catch@00881077,14,0,1,90
00881085,Catch@00881085,14,0,1,90
008810bc,FUN_008810bc,145,1,1,1186
0088114d,FUN_0088114d,144,10,1,879
008811dd,GetAccCount,36,0,1,478
00881201,FUN_00881201,126,2,1,938
00881280,FUN_00881280,37,4,1,330
008812a5,FUN_008812a5,6,0,1,90
008812ab,FUN_008812ab,89,2,1,938
00881304,FUN_00881304,151,0,1,1077
0088139b,FUN_0088139b,173,0,1,1078
00881448,FUN_00881448,463,4,1,3396
00881617,FUN_00881617,79,8,1,555
00881666,FUN_00881666,3157,5,1,14181
008822bb,FUN_008822bb,1114,4,1,6320
00882715,FUN_00882715,169,0,1,1134
008827be,FUN_008827be,222,0,1,1145
00882897,Catch@00882897,14,0,1,90
008828a5,Catch@008828a5,14,0,1,90
008828b5,FUN_008828b5,8,1,1,125
008828c3,FUN_008828c3,235,1,1,1850
008829ae,FUN_008829ae,247,5,1,1453
00882aa5,FUN_00882aa5,618,3,1,3409
00882d0f,FUN_00882d0f,181,1,1,1399
00882dc4,FUN_00882dc4,35,0,1,351
00882de7,FUN_00882de7,71,2,1,487
00882e33,FUN_00882e33,48,0,1,225
00882e63,FUN_00882e63,96,3,1,663
00882ec3,GetCount,30,1,1,467
00882ee1,HasEnoughInformation,13,1,1,375
00882eee,FID_conflict:IsFreqeuntlyUsedCmd,53,1,1,732
00882f23,FUN_00882f23,17,0,1,122
00882f34,FUN_00882f34,62,0,1,376
00882f72,FUN_00882f72,559,2,1,2385
008831a1,~CDialogEx,39,5,1,334
008831c8,~CMFCImageEditorDialog,77,7,1,812
00883215,FUN_00883215,243,7,1,1606
0088330d,`scalar_deleting_destructor',51,0,1,565
00883340,DoDataExchange,177,0,1,772
008833f1,FUN_008833f1,352,3,1,1771
00883551,FUN_00883551,6,0,1,74
00883557,FUN_00883557,581,0,1,3110
00883797,Catch_All@00883797,20,0,1,108
008837b1,FUN_008837b1,63,0,1,438
008837f0,FUN_008837f0,700,0,1,3538
00883aa7,Catch_All@00883aa7,20,0,1,108
00883b36,FUN_00883b36,711,0,1,3828
00883dfe,FUN_00883dfe,420,0,1,2532
008840db,FUN_008840db,63,0,1,255
0088411a,FUN_0088411a,240,2,1,1220
0088420a,FUN_0088420a,38,1,1,263
00884230,CMap<>,42,1,1,1008
0088425a,FUN_0088425a,1119,2,1,5035
008846ba,FUN_008846ba,58,1,1,434
008846f9,FUN_008846f9,58,1,1,525
00884738,FUN_00884738,569,1,1,2927
00884976,FUN_00884976,100,0,1,581
008849df,FUN_008849df,100,0,1,672
00884a48,`scalar_deleting_destructor',51,0,1,550
00884a7b,FUN_00884a7b,934,4,1,5993
00884e22,FUN_00884e22,1327,2,1,8223
00885352,FUN_00885352,123,1,1,796
008853ce,Create,67,0,1,622
00885411,FUN_00885411,141,0,1,755
0088549e,FUN_0088549e,286,1,1,1433
008855bc,FUN_008855bc,286,1,1,1433
008856da,FUN_008856da,97,3,1,739
0088573c,FUN_0088573c,74,2,1,507
00885787,FUN_00885787,6,0,1,74
0088578d,FUN_0088578d,6,0,1,100
00885793,FUN_00885793,88,0,1,593
008857eb,FUN_008857eb,169,0,1,1124
00885894,OnCreate,54,0,1,699
008858ca,FUN_008858ca,133,0,1,818
0088594f,FUN_0088594f,40,0,1,285
00885977,FUN_00885977,677,0,1,3762
00885c1d,FUN_00885c1d,51,0,1,270
00885c50,FUN_00885c50,574,2,1,3497
00885e8e,FUN_00885e8e,238,1,1,1668
00885f7c,ShowToolBar,15,1,1,472
00885fbb,FUN_00885fbb,115,1,1,762
0088602e,FUN_0088602e,88,1,1,568
00886086,~CMFCCustomizeButton,42,4,1,367
008860b0,FUN_008860b0,51,0,1,296
008860e3,CommonInit,60,2,1,592
0088611f,CopyFrom,88,1,1,773
00886177,FUN_00886177,2287,1,1,12707
00886a67,FUN_00886a67,6,0,1,92
00886a6d,FUN_00886a6d,235,0,1,1304
00886b58,FUN_00886b58,250,0,1,1602
00886c53,OnCancelMode,61,0,1,482
00886c90,OnChangeParentWnd,95,0,1,867
00886cef,FUN_00886cef,657,0,1,3330
00886f80,FUN_00886f80,144,5,1,905
008870fc,FUN_008870fc,97,1,1,613
0088715d,FUN_0088715d,174,0,1,643
0088720b,FUN_0088720b,25,3,1,86
00887224,FUN_00887224,115,1,1,537
0088729c,FUN_0088729c,51,0,1,225
008872cf,`scalar_deleting_destructor',51,0,1,485
00887302,FUN_00887302,460,0,1,2501
008874cf,FUN_008874cf,33,1,1,225
008874f0,FUN_008874f0,460,0,1,3126
008876bd,FUN_008876bd,81,0,1,355
0088770e,FUN_0088770e,520,0,1,2974
00887916,FUN_00887916,137,0,1,794
0088799f,CalcSysButtonSize,239,1,1,1599
00887a8e,CopyFrom,40,0,1,501
00887ab6,FUN_00887ab6,28,0,1,207
00887ad2,CreateEx,47,0,1,642
00887b01,FUN_00887b01,1038,0,1,5691
00887f10,FUN_00887f10,188,0,1,965
00887fcc,FUN_00887fcc,153,2,1,1289
00888066,FUN_00888066,20,0,1,192
0088807a,GetColumnWidth,46,0,1,612
008880a8,FUN_008880a8,200,1,1,1085
00888170,FUN_00888170,52,1,1,431
008881a4,FUN_008881a4,30,1,1,204
008881c2,FUN_008881c2,6,0,1,74
008881c8,FUN_008881c8,206,0,1,1227
00888296,FUN_00888296,6,0,1,92
0088829c,FUN_0088829c,6,0,1,84
008882a2,FUN_008882a2,43,1,1,383
008882cd,IsPureMenuButton,41,0,1,496
008882f6,FUN_008882f6,767,0,1,3921
008885f6,FUN_008885f6,115,0,1,499
00888762,FUN_00888762,305,0,1,1677
00888893,FUN_00888893,68,0,1,344
008888d7,OnSendCommand,124,0,1,1194
00888953,FUN_00888953,99,0,1,768
008889b6,FUN_008889b6,109,0,1,613
00888a23,OnSettingChange,51,0,1,580
00888a56,FUN_00888a56,144,0,1,738
00888ae6,FUN_00888ae6,93,0,1,596
00888b43,FUN_00888b43,477,0,1,2307
00888d20,FUN_00888d20,307,0,1,1577
00888e54,FUN_00888e54,547,3,1,2950
00889077,FUN_00889077,1012,0,1,5534
0088946c,FUN_0088946c,500,0,1,2448
00889661,FUN_00889661,49,0,1,513
00889692,FUN_00889692,16,1,1,127
008896a2,FUN_008896a2,904,5,1,4547
00889a2a,SetRecentlyUsedMenus,15,2,1,321
00889a39,FUN_00889a39,15,2,1,89
00889a48,FUN_00889a48,165,1,1,860
00889b1d,FUN_00889b1d,56,2,1,256
00889b55,FUN_00889b55,40,0,1,287
00889b7d,FUN_00889b7d,11,4,1,145
00889b88,`scalar_deleting_destructor',57,0,1,551
00889bc1,CopyFrom,46,0,1,499
00889bef,FUN_00889bef,16,0,1,126
00889bff,FUN_00889bff,198,0,1,1138
00889cc6,FUN_00889cc6,6,0,1,100
00889ccc,OnAfterCreatePopupMenu,128,0,1,1181
00889d4c,FUN_00889d4c,33,0,1,232
00889d6d,FUN_00889d6d,128,0,1,664
00889ded,FUN_00889ded,239,0,1,1412
00889edd,FUN_00889edd,154,0,1,841
0088a007,FUN_0088a007,102,1,1,453
0088a06d,FUN_0088a06d,36,1,1,159
0088a091,FUN_0088a091,73,0,1,327
0088a0da,FUN_0088a0da,142,1,1,662
0088a16d,~CMFCDropDownToolbarButton,28,1,1,429
0088a189,`scalar_deleting_destructor',51,0,1,504
0088a1bc,`scalar_deleting_destructor',57,0,1,549
0088a1f5,`scalar_deleting_destructor',51,0,1,561
0088a228,CopyFrom,56,0,1,738
0088a260,FUN_0088a260,329,0,1,2056
0088a3aa,FUN_0088a3aa,228,1,1,1624
0088a48e,FUN_0088a48e,461,0,1,3209
0088a65c,FUN_0088a65c,6,0,1,74
0088a662,FUN_0088a662,6,0,1,74
0088a668,FUN_0088a668,6,0,1,90
0088a66e,FUN_0088a66e,6,0,1,92
0088a674,FUN_0088a674,6,0,1,98
0088a67a,FUN_0088a67a,17,0,1,210
0088a68b,FUN_0088a68b,29,0,1,236
0088a6a8,LoadToolBar,32,0,1,614
0088a6c8,OnActivateApp,37,0,1,429
0088a6ed,FUN_0088a6ed,215,0,1,1251
0088a7c4,OnCancelMode,55,0,1,645
0088a7fb,OnChangeParentWnd,35,0,1,479
0088a81e,FUN_0088a81e,242,0,1,1676
0088a910,FUN_0088a910,129,0,1,905
0088a991,FUN_0088a991,575,0,1,2191
0088abd0,OnCustomizeMenu,94,0,1,578
0088ac2e,FUN_0088ac2e,135,0,1,895
0088acb5,FUN_0088acb5,1119,0,1,5671
0088b115,FUN_0088b115,97,0,1,866
0088b176,FUN_0088b176,85,0,1,507
0088b1cb,FUN_0088b1cb,176,0,1,1082
0088b27b,FUN_0088b27b,649,0,1,3912
0088b592,FUN_0088b592,127,0,1,836
0088b611,FUN_0088b611,87,0,1,396
0088b668,FUN_0088b668,44,0,1,267
0088b694,FUN_0088b694,42,0,1,263
0088b6be,FUN_0088b6be,478,0,1,2996
0088b89c,FUN_0088b89c,195,0,1,1605
0088b95f,SetDefaultCommand,142,3,1,1370
0088b9ed,FUN_0088b9ed,49,0,1,278
0088ba1e,FUN_0088ba1e,34,2,1,187
0088ba40,FUN_0088ba40,30,0,1,167
0088ba5e,FUN_0088ba5e,11,8,1,199
0088ba69,`scalar_deleting_destructor',54,0,1,637
0088ba9f,CopyFrom,28,0,1,447
0088bae8,FUN_0088bae8,6,0,1,101
0088baee,FUN_0088baee,37,0,1,202
0088bb13,FUN_0088bb13,64,0,1,433
0088bb53,COleDropTarget,156,2,1,976
0088bbef,FUN_0088bbef,97,5,1,567
0088bc50,Catch@0088bc50,178,0,1,1003
0088bd08,FUN_0088bd08,33,1,1,237
0088bd29,FUN_0088bd29,48,0,1,225
0088bd59,FUN_0088bd59,18,0,1,67
0088bd6b,FUN_0088bd6b,252,0,1,1959
0088be67,Catch@0088be67,14,0,1,90
0088be7b,FUN_0088be7b,21,1,1,212
0088be9d,FUN_0088be9d,127,0,1,678
0088bf21,FUN_0088bf21,218,0,1,1501
0088bffb,Catch@0088bffb,14,0,1,90
0088c00c,FUN_0088c00c,18,1,1,149
0088c01e,FUN_0088c01e,329,0,1,2439
0088c167,Catch@0088c167,14,0,1,90
0088c178,FUN_0088c178,20,1,1,149
0088c199,FUN_0088c199,6,0,1,74
0088c19f,FUN_0088c19f,62,0,1,379
0088c1dd,FUN_0088c1dd,50,0,1,253
0088c20f,FUN_0088c20f,62,0,1,379
0088c24d,FUN_0088c24d,626,0,1,3657
0088c4bf,FUN_0088c4bf,62,0,1,379
0088c4fd,FUN_0088c4fd,70,0,1,483
0088c543,FUN_0088c543,24,0,1,134
0088c55b,FUN_0088c55b,102,2,1,670
0088c5c1,FUN_0088c5c1,18,0,1,67
0088c5d3,Revoke,59,1,1,704
0088c60e,_AfxFilterDropEffect,56,3,1,559
0088c676,CDockablePane,316,4,1,2173
0088c7b2,~CDockablePane,28,6,1,365
0088c7ce,FUN_0088c7ce,28,1,1,198
0088c7ea,FUN_0088c7ea,286,0,1,1513
0088c908,FUN_0088c908,965,0,1,5294
0088cccd,FUN_0088cccd,272,1,1,1756
0088cddd,FUN_0088cddd,81,0,1,511
0088ce2e,FUN_0088ce2e,468,1,1,2930
0088d002,FUN_0088d002,35,0,1,159
0088d025,FUN_0088d025,145,0,1,1019
0088d0b6,FUN_0088d0b6,408,0,1,2535
0088d24e,FUN_0088d24e,577,0,1,4170
0088d48f,FUN_0088d48f,176,0,1,1049
0088d53f,FUN_0088d53f,111,0,1,632
0088d5ae,Create,41,1,1,887
0088d5d7,FUN_0088d5d7,88,0,1,686
0088d62f,FUN_0088d62f,241,3,1,1345
0088d720,FUN_0088d720,297,4,1,1509
0088d849,FUN_0088d849,237,0,1,1525
0088d936,FUN_0088d936,818,1,1,4619
0088dc68,FUN_0088dc68,266,0,1,1850
0088dd73,FUN_0088dd73,408,0,1,2318
0088df0b,FUN_0088df0b,727,0,1,3531
0088e1e2,FUN_0088e1e2,277,0,1,1312
0088e2f7,FUN_0088e2f7,643,1,1,3670
0088e57b,EnableButton,25,1,1,475
0088e594,FUN_0088e594,93,0,1,402
0088e5f1,FUN_0088e5f1,16,0,1,126
0088e601,FUN_0088e601,192,2,1,1093
0088e6c1,FindButtonByHit,74,6,1,694
0088e70b,FUN_0088e70b,102,0,1,555
0088e771,GetDefaultPaneDivider,25,19,1,546
0088e78a,FUN_0088e78a,433,1,1,2347
0088e93b,FUN_0088e93b,6,0,1,69
0088e941,FUN_0088e941,6,0,1,86
0088e947,FUN_0088e947,438,0,1,2609
0088eafe,FUN_0088eafe,186,0,1,1161
0088ebb9,FUN_0088ebb9,48,0,1,326
0088ebe9,FUN_0088ebe9,92,0,1,477
0088ec45,FUN_0088ec45,9,3,1,67
0088ec4e,FUN_0088ec4e,176,1,1,1121
0088ecfe,FUN_0088ecfe,55,0,1,309
0088ed35,FUN_0088ed35,116,0,1,587
0088eda9,FUN_0088eda9,136,0,1,675
0088ee31,OnBeforeFloat,35,0,1,507
0088ee54,FUN_0088ee54,49,1,1,268
0088ee9d,FUN_0088ee9d,67,0,1,353
0088eee0,FUN_0088eee0,142,1,1,894
0088ef6e,FUN_0088ef6e,211,1,1,1239
0088f041,OnDrawDragRect,77,0,1,679
0088f08e,FUN_0088f08e,576,0,1,3442
0088f2ce,FUN_0088f2ce,237,1,1,1496
0088f3bb,FUN_0088f3bb,1129,1,1,7108
0088f825,FUN_0088f825,691,1,1,4030
0088fad8,FUN_0088fad8,737,0,1,4690
0088fdb9,FUN_0088fdb9,53,0,1,286
0088fdee,FUN_0088fdee,40,0,1,235
0088fe16,FUN_0088fe16,55,0,1,300
0089021c,FUN_0089021c,166,1,1,1255
008902c3,FUN_008902c3,171,1,1,929
0089036e,OnRButtonDown,47,0,1,512
0089039d,FUN_0089039d,69,1,1,422
008905ce,FUN_008905ce,62,0,1,298
0089060c,FUN_0089060c,439,0,1,2075
008907c3,FUN_008907c3,325,1,1,1818
00890908,FUN_00890908,205,1,1,1352
008909d5,OnUpdateCmdUI,115,1,1,968
00890a48,FUN_00890a48,117,0,1,663
00890abd,FUN_00890abd,523,1,1,3059
00890cc8,FUN_00890cc8,126,4,1,802
00890d46,FUN_00890d46,93,2,1,488
00890da3,FUN_00890da3,17,2,1,134
00890db4,FUN_00890db4,150,2,1,929
00890e4a,FUN_00890e4a,9,3,1,67
00890e53,FUN_00890e53,209,2,1,998
00890f24,FUN_00890f24,724,1,1,4047
008911f9,FUN_008911f9,25,1,1,192
00891212,FUN_00891212,180,1,1,808
008912c6,FUN_008912c6,67,5,1,426
00891309,FUN_00891309,16,1,1,125
00891319,FUN_00891319,798,1,1,4337
00891637,FUN_00891637,848,0,1,4748
00891987,StopCaptionButtonsTracking,109,0,1,931
008919f4,FUN_008919f4,165,1,1,1155
00891a99,FUN_00891a99,184,0,1,1261
00891b51,FUN_00891b51,113,0,1,624
00891bc2,FUN_00891bc2,197,0,1,859
00891c87,FUN_00891c87,161,0,1,798
00891d28,FUN_00891d28,223,3,1,1247
00891e07,FUN_00891e07,38,1,1,265
00891e2d,CMap<>,42,0,1,925
00891fa2,FUN_00891fa2,58,1,1,436
00891fe1,FUN_00891fe1,58,1,1,439
00892020,FUN_00892020,395,3,1,1777
008921b0,FUN_008921b0,100,0,1,583
00892219,FUN_00892219,100,0,1,586
00892282,FUN_00892282,51,0,1,225
008922b5,FUN_008922b5,430,6,1,2818
00892463,FUN_00892463,254,3,1,1219
00892561,FUN_00892561,1054,0,1,6421
0089297f,FUN_0089297f,651,1,1,4027
00892c0a,FUN_00892c0a,244,2,1,1930
00892cff,FUN_00892cff,327,1,1,1718
00892e46,FUN_00892e46,591,0,1,4029
00893095,FUN_00893095,189,2,1,1216
00893152,FUN_00893152,753,2,1,4572
00893443,FUN_00893443,269,2,1,1521
00893550,FUN_00893550,69,4,1,443
00893595,FUN_00893595,44,1,1,227
008935c1,FUN_008935c1,102,2,1,494
00893627,FUN_00893627,119,1,1,866
0089369e,FUN_0089369e,110,2,1,694
0089370c,FUN_0089370c,201,2,1,1259
008937d5,FUN_008937d5,6,0,1,74
008937db,FUN_008937db,74,3,1,428
00893825,FUN_00893825,6,0,1,90
0089382b,FUN_0089382b,103,3,1,581
00893892,FUN_00893892,42,1,1,260
008938bc,FUN_008938bc,361,1,1,1992
00893a25,Catch@00893a25,14,0,1,90
00893a3d,FUN_00893a3d,103,1,1,745
00893aa4,Catch@00893aa4,14,0,1,90
00893ab7,Catch_All@00893ab7,6,0,1,75
00893abd,FUN_00893abd,393,1,1,2098
00893c46,FUN_00893c46,161,0,1,1012
00893d03,FUN_00893d03,299,0,1,1399
00893e2e,FUN_00893e2e,237,0,1,1367
00893f1b,FUN_00893f1b,206,0,1,1183
00893fe9,FUN_00893fe9,855,0,1,4619
00894340,FUN_00894340,408,0,1,2663
008944d9,FUN_008944d9,113,0,1,876
0089454a,FUN_0089454a,118,0,1,703
008945c0,FUN_008945c0,477,0,1,2965
0089479d,OnStyleChanging,46,0,1,540
008947cb,FUN_008947cb,827,0,1,5107
00894b12,FUN_00894b12,39,0,1,203
00894b39,FUN_00894b39,420,3,1,2380
00894cdd,FUN_00894cdd,327,1,1,1761
00894e24,Catch@00894e24,14,0,1,90
00894e32,Catch@00894e32,14,0,1,90
00894e40,Catch_All@00894e40,6,0,1,75
00894e49,FUN_00894e49,32,1,1,163
00894e69,FUN_00894e69,953,0,1,5260
00895222,FUN_00895222,205,1,1,1009
008952ef,FUN_008952ef,1208,1,1,7361
008957a8,FUN_008957a8,1766,1,1,10394
00895e8e,FUN_00895e8e,409,6,1,2286
00896027,SetFlatFrame,62,1,1,534
00896065,FUN_00896065,140,2,1,899
008960f1,FUN_008960f1,1388,4,1,9809
0089665e,FUN_0089665e,1353,6,1,9068
00896ba7,FUN_00896ba7,137,2,1,1044
00896c33,FUN_00896c33,63,1,1,399
00896db2,FUN_00896db2,60,0,1,218
00896dee,FUN_00896dee,146,0,1,527
00896e80,FUN_00896e80,61,1,1,215
00896ebd,FUN_00896ebd,79,3,1,444
00896f16,~COutlookOptionsDlg,55,2,1,751
00896f4d,`scalar_deleting_destructor',51,0,1,521
00896f80,`scalar_deleting_destructor',51,0,1,520
00896fb3,`scalar_deleting_destructor',51,0,1,518
00896fe6,FUN_00896fe6,569,0,1,2928
0089721f,FUN_0089721f,20,0,1,89
00897251,FUN_00897251,74,0,1,366
00897308,FUN_00897308,359,0,1,1699
00897470,DoDataExchange,91,0,1,613
0089787a,FUN_0089787a,16,0,1,127
0089788a,FUN_0089788a,236,0,1,879
00897976,FindTargetWnd,97,0,1,845
008979d7,FUN_008979d7,25,0,1,147
008979f0,FUN_008979f0,6,0,1,74
008979f6,FUN_008979f6,6,0,1,74
008979fc,FUN_008979fc,6,0,1,74
00897a02,FUN_00897a02,6,0,1,94
00897a08,FUN_00897a08,6,0,1,94
00897a0e,FUN_00897a0e,6,0,1,96
00897a14,FUN_00897a14,179,0,1,1101
00897ac7,FUN_00897ac7,21,0,1,151
00897adc,IsMode2003,46,4,1,660
00897b0a,FUN_00897b0a,179,0,1,1009
00897bbd,IsTabDetachable,34,0,1,511
00897cd7,FUN_00897cd7,32,0,1,196
00897cff,FUN_00897cff,155,0,1,1056
00897d9a,FUN_00897d9a,379,0,1,1604
00897f15,OnCustomizeMode,35,0,1,344
00897f78,FUN_00897f78,138,0,1,809
00898002,FUN_00898002,201,0,1,1088
008980cb,FUN_008980cb,58,0,1,325
00898105,FUN_00898105,69,0,1,401
0089814a,FUN_0089814a,366,0,1,1813
008982b8,OnLButtonDown,77,0,1,744
00898305,OnLButtonUp,49,0,1,532
00898336,FUN_00898336,262,0,1,1183
0089844c,FUN_0089844c,286,0,1,1549
00898c48,OnSelchange,106,1,1,539
00898cb2,FUN_00898cb2,177,0,1,1013
00898d63,FUN_00898d63,147,0,1,786
00898df6,FUN_00898df6,116,0,1,635
00898e6a,FUN_00898e6a,50,0,1,245
00898e9c,FUN_00898e9c,50,0,1,244
00898f33,FUN_00898f33,34,0,1,185
00898f55,FUN_00898f55,73,0,1,399
00898f9e,FUN_00898f9e,156,0,1,950
0089903a,FUN_0089903a,87,0,1,491
00899091,FUN_00899091,25,0,1,199
008990aa,FUN_008990aa,908,1,1,4836
00899436,FUN_00899436,1514,0,1,9032
0089a0b1,FUN_0089a0b1,36,0,1,193
0089a0d5,FUN_0089a0d5,57,0,1,301
0089a10e,FUN_0089a10e,6,0,1,74
0089a114,FUN_0089a114,6,0,1,98
0089a13d,FUN_0089a13d,33,0,1,155
0089a15e,FUN_0089a15e,11,2,1,135
0089a169,FUN_0089a169,57,0,1,293
0089a1a2,FUN_0089a1a2,193,0,1,1126
0089a293,FUN_0089a293,6,0,1,74
0089a299,FUN_0089a299,6,0,1,90
0089a29f,FUN_0089a29f,436,1,1,2334
0089a453,FUN_0089a453,229,0,1,1435
0089a538,~CMFCToolTipCtrl,31,1,1,562
0089a557,`scalar_deleting_destructor',51,0,1,505
0089a5bb,GetFixedWidth,62,1,1,422
0089a5f9,FUN_0089a5f9,208,1,1,1136
0089a6c9,FUN_0089a6c9,339,0,1,2164
0089a81c,FUN_0089a81c,6,0,1,74
0089a822,FUN_0089a822,6,0,1,88
0089a828,OnCreate,120,0,1,1054
0089a8a0,FUN_0089a8a0,235,0,1,903
0089a98b,FUN_0089a98b,214,0,1,1141
0089aa61,FUN_0089aa61,331,0,1,1700
0089abac,FUN_0089abac,347,0,1,1937
0089ad07,FUN_0089ad07,41,0,1,213
0089ad30,FUN_0089ad30,113,0,1,645
0089ada1,FUN_0089ada1,228,0,1,1396
0089b218,OnPop,69,0,1,556
0089b6ec,SetDescription,78,0,1,893
0089b73a,FUN_0089b73a,16,0,1,126
0089b74a,FUN_0089b74a,25,0,1,192
0089b763,FUN_0089b763,48,1,1,319
0089b793,FUN_0089b793,54,1,1,198
0089b7c9,FUN_0089b7c9,146,2,1,1820
0089b85b,FUN_0089b85b,80,4,1,773
0089b8ab,FUN_0089b8ab,26,1,1,136
0089b8c5,FUN_0089b8c5,84,62,1,504
0089b91e,FUN_0089b91e,11,1,1,136
0089b929,FUN_0089b929,93,3,1,806
0089b986,FUN_0089b986,51,0,1,225
0089b9b9,`scalar_deleting_destructor',57,0,1,542
0089b9f2,CleanUp,83,1,1,699
0089ba45,CommonInit,70,2,1,544
0089ba8b,FUN_0089ba8b,480,0,1,2276
0089bc6b,FUN_0089bc6b,316,0,1,1438
0089be07,FUN_0089be07,146,0,1,549
0089be99,FUN_0089be99,177,0,1,780
0089bf4a,FUN_0089bf4a,1323,0,1,4725
0089c475,FUN_0089c475,838,0,1,4740
0089c7bb,FUN_0089c7bb,61,0,1,366
0089c7f8,FUN_0089c7f8,223,0,1,1411
0089c8d7,FUN_0089c8d7,13,2,1,196
0089c8e4,FUN_0089c8e4,6,0,1,92
0089c8ea,FUN_0089c8ea,6,0,1,91
0089c8f0,Mirror,34,0,1,435
0089c912,FUN_0089c912,18,0,1,145
0089c924,FUN_0089c924,154,1,1,340
0089c9be,FUN_0089c9be,53,2,1,430
0089c9f3,FUN_0089c9f3,101,1,1,397
0089ca58,FUN_0089ca58,470,1,1,1663
0089cc2e,~CMFCToolBarsMenuPropertyPage,169,1,1,1641
0089ccd7,`scalar_deleting_destructor',51,0,1,574
0089cd0a,FUN_0089cd0a,91,1,1,498
0089cd98,DoDataExchange,285,0,1,1040
0089ceb5,FUN_0089ceb5,6,0,1,74
0089cebb,FUN_0089cebb,6,0,1,101
0089cec1,FUN_0089cec1,262,0,1,1245
0089cfc7,FUN_0089cfc7,1446,0,1,8292
0089daf4,FUN_0089daf4,423,2,1,2299
0089dc9c,FUN_0089dc9c,139,2,1,858
0089dd27,SelectMenu,156,1,1,1116
0089ddc3,FUN_0089ddc3,83,3,1,577
0089de16,GetFreeTearOffID,80,1,1,806
0089de66,FUN_0089de66,170,6,1,1054
0089df10,FUN_0089df10,235,3,1,2292
0089dffc,SetInUse,79,2,1,741
0089e04b,FUN_0089e04b,279,2,1,2206
0089e163,CDialogEx,100,2,1,755
0089e1c7,`scalar_deleting_destructor',51,0,1,480
0089e1fa,CommonConstruct,34,1,1,428
0089e21c,DrawState,45,2,1,554
0089e249,FUN_0089e249,6,0,1,74
0089e24f,FUN_0089e24f,6,0,1,82
0089e255,OnActivate,33,0,1,382
0089e399,OnDestroy,55,0,1,474
0089e3d0,FUN_0089e3d0,369,0,1,2270
0089e541,OnSettingChange,43,0,1,803
0089e56c,OnSysColorChange,31,0,1,528
0089e58b,PreTranslateMessage,44,1,1,456
0089e5b7,FUN_0089e5b7,80,3,1,403
0089e607,FUN_0089e607,26,0,1,205
0089e621,FUN_0089e621,11,7,1,141
0089e62c,FUN_0089e62c,57,0,1,299
0089e665,CopyFrom,106,0,1,827
0089e6ff,FUN_0089e6ff,276,0,1,1490
0089e813,FUN_0089e813,6,0,1,96
0089e819,FUN_0089e819,703,0,1,4291
0089ead8,FUN_0089ead8,882,0,1,5457
0089ee4b,FUN_0089ee4b,777,0,1,4671
0089f155,SetItemIndex,116,2,1,906
0089f1c9,UpdateCustomizeButton,79,1,1,711
0089f218,FUN_0089f218,97,0,1,563
0089f279,~CMFCRibbonMiniToolBar,35,1,1,507
0089f29c,`scalar_deleting_destructor',51,0,1,535
0089f2ff,FUN_0089f2ff,20,0,1,214
0089f313,FUN_0089f313,6,0,1,74
0089f319,FUN_0089f319,6,0,1,94
0089f31f,OnCreate,87,0,1,828
0089f376,OnTimer,113,0,1,774
0089f3e7,FUN_0089f3e7,423,1,1,2433
0089f58e,CMFCColorDialog,187,3,1,1355
0089f649,FUN_0089f649,26,0,1,128
0089f663,FUN_0089f663,112,7,1,652
0089f6d3,`scalar_deleting_destructor',51,0,1,497
0089f706,FUN_0089f706,57,0,1,286
0089f73f,Create,178,0,1,1231
0089f7f1,DoDataExchange,71,0,1,577
0089f838,FUN_0089f838,6,0,1,74
0089f83e,FUN_0089f83e,6,0,1,74
0089fa36,FUN_0089fa36,888,0,1,5249
0089fdaf,OnLButtonDown,85,0,1,452
0089fe04,OnLButtonDown,77,0,1,618
0089feb5,OnMouseMove,84,0,1,633
0089fff2,FUN_0089fff2,243,0,1,1220
008a00e5,FUN_008a00e5,130,1,1,757
008a0168,FUN_008a0168,110,4,1,669
008a01d7,SetPageOne,63,4,1,592
008a0216,FUN_008a0216,15,2,1,67
008a02dc,FUN_008a02dc,66,1,1,332
008a031e,~CArray<>,22,3,1,481
008a0334,~CMFCRibbonColorButton,120,1,1,742
008a03ac,FUN_008a03ac,48,0,1,222
008a03dc,`scalar_deleting_destructor',51,0,1,534
008a040f,FUN_008a040f,20,0,1,212
008a0423,CommonInit,132,0,1,943
008a04a7,FUN_008a04a7,512,0,1,2972
008a06a7,FUN_008a06a7,74,0,1,361
008a0755,FUN_008a0755,452,0,1,2481
008a0919,GetColorByIndex,61,4,1,616
008a0956,FUN_008a0956,157,0,1,911
008a09f3,GetNotifyID,35,0,1,402
008a0a16,FUN_008a0a16,6,0,1,94
008a0a1c,FUN_008a0a1c,6,0,1,98
008a0a22,FUN_008a0a22,27,0,1,191
008a0a3d,FUN_008a0a3d,7,0,1,105
008a0a44,NotifyHighlightListItem,35,0,1,526
008a0a67,OnClickPaletteIcon,48,0,1,555
008a0a97,FUN_008a0a97,201,0,1,1124
008a0b60,FUN_008a0b60,680,0,1,3794
008a0e08,FUN_008a0e08,384,0,1,2097
008a0f88,FUN_008a0f88,553,0,1,2803
008a11b1,FUN_008a11b1,113,0,1,707
008a1222,SetACCData,31,1,1,413
008a1241,FUN_008a1241,219,2,1,811
008a131c,FUN_008a131c,36,0,1,187
008a1340,SetPalette,61,1,1,481
008a137d,FUN_008a137d,39,0,1,264
008a13a4,FUN_008a13a4,297,3,1,2626
008a14fd,FUN_008a14fd,94,0,1,387
008a155b,CMFCColorPopupMenu,104,1,1,1412
008a15c3,~CMFCColorMenuButton,87,1,1,606
008a161a,FUN_008a161a,100,0,1,604
008a1683,`scalar_deleting_destructor',51,0,1,526
008a16b6,FUN_008a16b6,280,0,1,1760
008a17ce,FUN_008a17ce,244,0,1,1762
008a18c2,FUN_008a18c2,6,0,1,92
008a18c8,FUN_008a18c8,60,1,1,461
008a1904,OnChangeParentWnd,93,0,1,807
008a1961,FUN_008a1961,649,0,1,4037
008a1beb,FUN_008a1beb,104,0,1,647
008a1c53,OpenColorDialog,169,0,1,1220
008a1cfc,FUN_008a1cfc,588,0,1,3896
008a1f49,FUN_008a1f49,274,0,1,2052
008a2089,CMap<>,42,0,1,998
008a210d,FUN_008a210d,58,1,1,515
008a214c,FUN_008a214c,123,1,1,762
008a21cc,FUN_008a21cc,100,0,1,662
008a2235,FUN_008a2235,48,0,1,225
008a2265,FUN_008a2265,6,0,1,86
008a226b,FUN_008a226b,30,1,1,347
008a2289,FUN_008a2289,30,1,1,347
008a22a7,FUN_008a22a7,46,1,1,312
008a22d6,FUN_008a22d6,111,1,1,713
008a2345,Serialize,240,0,1,2506
008a2435,FUN_008a2435,171,0,1,937
008a24e0,SetCommandForDblClk,36,2,1,450
008a2504,FUN_008a2504,40,1,1,172
008a252c,FUN_008a252c,33,0,1,151
008a254d,FUN_008a254d,51,0,1,225
008a2580,FUN_008a2580,268,1,1,1376
008a268c,FUN_008a268c,424,0,1,2597
008a2835,FUN_008a2835,139,0,1,798
008a2920,FUN_008a2920,25,0,1,176
008a2939,FUN_008a2939,31,0,1,199
008a2958,FUN_008a2958,43,0,1,223
008a2983,FUN_008a2983,116,0,1,677
008a29f7,GetActiveFrame,18,0,1,530
008a2a09,FUN_008a2a09,23,12,1,192
008a2a20,FUN_008a2a20,32,0,1,201
008a2a40,FUN_008a2a40,6,0,1,74
008a2a46,FUN_008a2a46,6,0,1,74
008a2a4c,FUN_008a2a4c,6,0,1,85
008a2a52,FUN_008a2a52,6,0,1,85
008a2a58,FUN_008a2a58,71,0,1,466
008a2a9f,FUN_008a2a9f,114,1,1,707
008a2b11,FUN_008a2b11,214,0,1,1372
008a2be7,LoadFrame,50,1,1,600
008a2c19,FUN_008a2c19,37,1,1,281
008a2c3e,FUN_008a2c3e,32,1,1,154
008a2c5e,FUN_008a2c5e,37,1,1,281
008a2c83,MDIGetActive,98,28,1,907
008a2ce5,FUN_008a2ce5,22,1,1,121
008a2cfb,FUN_008a2cfb,122,1,1,1016
008a2d75,FUN_008a2d75,121,1,1,646
008a2dee,FUN_008a2dee,160,0,1,894
008a2e8e,FUN_008a2e8e,21,1,1,115
008a2ea3,FUN_008a2ea3,94,1,1,565
008a2f13,OnDestroy,60,0,1,547
008a2f4f,FUN_008a2f4f,36,0,1,255
008a2f73,FUN_008a2f73,274,1,1,1413
008a3085,OnMDIWindowCmd,79,0,1,623
008a30d4,OnMenuChar,31,1,1,461
008a30f3,FUN_008a30f3,64,0,1,510
008a3134,FUN_008a3134,62,0,1,332
008a3172,FUN_008a3172,58,1,1,296
008a31ac,FUN_008a31ac,41,1,1,208
008a31d5,OnToolTipText,43,0,1,613
008a3200,FUN_008a3200,179,0,1,1123
008a32b3,FUN_008a32b3,87,1,1,497
008a330a,FUN_008a330a,264,1,1,1367
008a3412,FUN_008a3412,275,0,1,1891
008a3525,FUN_008a3525,44,0,1,294
008a3551,FUN_008a3551,120,1,1,762
008a35c9,FUN_008a35c9,153,0,1,1000
008a3662,FUN_008a3662,9,1,1,70
008a366b,PreCreateWindow,35,1,1,545
008a368e,FUN_008a368e,121,1,1,763
008a3707,FUN_008a3707,231,1,1,1421
008a37ee,FUN_008a37ee,25,1,1,191
008a3807,FUN_008a3807,24,0,1,187
008a381f,FUN_008a381f,18,0,1,167
008a3832,FUN_008a3832,252,2,1,1351
008a3a7e,~CMFCVisualManagerOfficeXP,185,3,1,1215
008a3b37,`scalar_deleting_destructor',51,0,1,562
008a3b6a,FUN_008a3b6a,228,0,1,975
008a3c7f,FUN_008a3c7f,395,0,1,2399
008a3e0a,FUN_008a3e0a,11,0,1,129
008a3e15,GetHighlightedMenuItemTextColor,65,1,1,783
008a3e56,GetPropertyGridGroupColor,75,0,1,924
008a3ea1,FUN_008a3ea1,37,0,1,313
008a3ec6,FUN_008a3ec6,103,0,1,885
008a3f2d,FUN_008a3f2d,6,0,1,98
008a3f33,FUN_008a3f33,29,0,1,194
008a3f50,FUN_008a3f50,190,1,1,1352
008a400e,FUN_008a400e,9,0,1,129
008a4017,FUN_008a4017,841,1,1,4745
008a4360,FUN_008a4360,263,0,1,1859
008a4467,FUN_008a4467,565,1,1,3517
008a469c,FUN_008a469c,93,1,1,567
008a46fa,FUN_008a46fa,137,0,1,975
008a4783,FUN_008a4783,74,1,1,483
008a47cd,FUN_008a47cd,398,0,1,2331
008a495c,FUN_008a495c,144,0,1,1167
008a49ec,OnDrawComboBorder,61,1,1,681
008a4a29,FUN_008a4a29,447,1,1,2680
008a4be9,OnDrawEditBorder,78,1,1,828
008a4c37,FUN_008a4c37,366,1,1,1370
008a4da6,FUN_008a4da6,222,0,1,1410
008a4e85,FUN_008a4e85,915,1,1,4617
008a5218,FUN_008a5218,124,0,1,870
008a5294,FUN_008a5294,389,1,1,2130
008a5419,FUN_008a5419,224,1,1,1451
008a54f9,FUN_008a54f9,514,0,1,2903
008a56fc,FUN_008a56fc,232,1,1,1154
008a57e4,FUN_008a57e4,437,1,1,1584
008a599a,FUN_008a599a,313,1,1,1568
008a5ad3,FUN_008a5ad3,193,1,1,1272
008a5b94,OnDrawPopupWindowBorder,68,0,1,642
008a5bd8,OnDrawPopupWindowButtonBorder,59,0,1,840
008a5c13,OnDrawPopupWindowCaption,45,1,1,690
008a5c40,FUN_008a5c40,121,1,1,686
008a5cb9,FUN_008a5cb9,724,1,1,4369
008a5f8e,FUN_008a5f8e,245,1,1,1430
008a6083,FUN_008a6083,487,0,1,2413
008a626b,FUN_008a626b,84,1,1,394
008a62bf,FUN_008a62bf,164,0,1,1123
008a6364,FUN_008a6364,116,1,1,844
008a63d8,FUN_008a63d8,301,1,1,1830
008a6505,FUN_008a6505,173,0,1,1166
008a65b2,FUN_008a65b2,502,1,1,3252
008a67a9,FUN_008a67a9,605,0,1,3919
008a6a06,FUN_008a6a06,86,0,1,496
008a6a5c,FUN_008a6a5c,38,0,1,285
008a6a82,OnDrawStatusBarPaneBorder,121,1,1,1290
008a6afb,FUN_008a6afb,971,1,1,5593
008a6ec7,FUN_008a6ec7,137,0,1,708
008a6f50,FUN_008a6f50,139,0,1,999
008a6fdb,FUN_008a6fdb,759,1,1,4706
008a72d3,FUN_008a72d3,3,0,1,48
008a72d6,FUN_008a72d6,751,1,1,4384
008a75c6,FUN_008a75c6,466,1,1,2736
008a7798,FUN_008a7798,276,1,1,1486
008a78ac,FUN_008a78ac,120,1,1,717
008a7924,FUN_008a7924,220,1,1,1396
008a7a00,FUN_008a7a00,622,1,1,3526
008a7c6e,FUN_008a7c6e,381,1,1,1912
008a7deb,FUN_008a7deb,219,1,1,1187
008a7ec6,FUN_008a7ec6,308,1,1,1859
008a7ffa,OnFillHighlightedArea,111,1,1,1136
008a8069,FUN_008a8069,182,1,1,1270
008a811f,OnFillPopupWindowBackground,37,1,1,558
008a8144,FUN_008a8144,1375,1,1,8946
008a86a3,OnFillRibbonMenuFrame,37,1,1,604
008a86c8,FUN_008a86c8,275,1,1,1541
008a87db,FUN_008a87db,73,1,1,338
008a8824,FUN_008a8824,155,1,1,740
008a88bf,OnHighlightQuickCustomizeMenuButton,62,0,1,746
008a88fd,FUN_008a88fd,98,1,1,568
008a895f,FUN_008a895f,1641,1,1,7665
008a8fc8,RoundRect,36,3,1,497
008a90c6,~CMFCVisualManagerOffice2003,94,3,1,798
008a9124,`scalar_deleting_destructor',51,0,1,570
008a9187,FUN_008a9187,785,0,1,3887
008a9498,FUN_008a9498,36,0,1,317
008a94bc,FUN_008a94bc,9,0,1,172
008a94c5,FUN_008a94c5,9,0,1,176
008a94ce,FUN_008a94ce,6,0,1,100
008a94d4,GetShowAllMenuItemsHeight,21,1,1,542
008a94e9,FUN_008a94e9,79,0,1,607
008a9538,FUN_008a9538,96,0,1,668
008a9598,FUN_008a9598,294,1,1,1909
008a96be,GetToolTipInfo,124,1,1,1373
008a973a,FUN_008a973a,25,0,1,190
008a9753,IsPipeStyle,20,3,1,390
008a9767,FUN_008a9767,25,0,1,131
008a9780,FUN_008a9780,698,0,1,4158
008a9a3a,FUN_008a9a3a,244,0,1,1258
008a9b2e,FUN_008a9b2e,544,1,1,2868
008a9d4e,FUN_008a9d4e,301,0,1,1698
008a9e7b,OnDrawButtonBorder,103,1,1,1118
008a9ee2,FUN_008a9ee2,159,0,1,857
008a9f81,FUN_008a9f81,103,1,1,580
008a9fe8,FUN_008a9fe8,153,1,1,941
008aa081,FUN_008aa081,531,1,1,3167
008aa295,FUN_008aa295,206,0,1,1301
008aa363,OnDrawExpandingBox,87,0,1,1015
008aa3ba,OnDrawHeaderCtrlBorder,68,1,1,1029
008aa3fe,FUN_008aa3fe,91,1,1,614
008aa459,OnDrawOutlookBarSplitter,263,1,1,1954
008aa560,FUN_008aa560,89,1,1,600
008aa5b9,OnDrawPaneBorder,69,0,1,746
008aa5fe,OnDrawPaneCaption,183,1,1,1854
008aa6b5,OnDrawPopupWindowBorder,29,0,1,472
008aa6d2,FUN_008aa6d2,258,1,1,1345
008aa7d4,FUN_008aa7d4,228,1,1,1469
008aa8b9,FUN_008aa8b9,194,1,1,1485
008aa97b,FUN_008aa97b,1123,1,1,6594
008aaddf,FUN_008aaddf,155,1,1,978
008aae7a,FUN_008aae7a,230,0,1,1359
008aaf61,FUN_008aaf61,133,1,1,767
008aafe6,FUN_008aafe6,149,1,1,937
008ab07b,FUN_008ab07b,482,1,1,2911
008ab25d,FUN_008ab25d,283,1,1,1605
008ab378,FUN_008ab378,271,1,1,2040
008ab487,FUN_008ab487,655,1,1,3535
008ab717,FUN_008ab717,224,1,1,1301
008ab7f7,FUN_008ab7f7,112,1,1,814
008ab867,FUN_008ab867,121,0,1,735
008ab8e0,OnDrawStatusBarSizeBox,71,1,1,881
008ab927,FUN_008ab927,1967,1,1,10304
008ac0d6,OnDrawTabsButtonBorder,47,1,1,680
008ac105,FUN_008ac105,163,1,1,1011
008ac1a8,FUN_008ac1a8,115,0,1,462
008ac21b,FUN_008ac21b,1199,1,1,7199
008ac6ca,FUN_008ac6ca,275,1,1,1399
008ac7dd,FUN_008ac7dd,366,0,1,2100
008ac94b,FUN_008ac94b,231,1,1,1665
008aca32,FUN_008aca32,556,1,1,3703
008acc5e,FUN_008acc5e,365,1,1,2212
008acdcb,FUN_008acdcb,183,0,1,1415
008ace82,FUN_008ace82,2191,1,1,17409
008ad712,FUN_008ad712,395,1,1,2284
008ad89d,FUN_008ad89d,400,0,1,2498
008ada2d,OnFillHeaderCtrlBackground,34,0,1,640
008ada4f,FUN_008ada4f,553,1,1,3593
008adc78,OnFillOutlookBarCaption,152,1,1,1414
008add10,OnFillOutlookPageButton,215,1,1,1971
008adde7,OnFillPopupWindowBackground,136,1,1,1388
008ade6f,FUN_008ade6f,426,1,1,2579
008ae019,OnFillTasksGroupInterior,158,0,1,1540
008ae0b7,OnFillTasksPaneBackground,136,0,1,1366
008ae13f,FUN_008ae13f,127,0,1,682
008ae1be,FUN_008ae1be,186,1,1,1184
008ae278,FUN_008ae278,2732,1,1,14867
008aed24,FUN_008aed24,61,4,1,371
008aed61,FUN_008aed61,49,3,1,326
008aed92,FUN_008aed92,57,1,1,315
008aedcb,FUN_008aedcb,7,1,1,116
008aedd2,FUN_008aedd2,49,0,1,274
008aee03,`scalar_deleting_destructor',49,0,1,548
008aee34,FUN_008aee34,4,15,1,104
008aee38,FUN_008aee38,115,0,1,696
008aeeab,FUN_008aeeab,81,0,1,636
008aeefc,GetRect,23,0,1,544
008aef13,FUN_008aef13,79,0,1,287
008aefd4,FUN_008aefd4,88,1,1,384
008af02c,FUN_008af02c,124,5,1,719
008af0ad,`scalar_deleting_destructor',51,0,1,504
008af0e0,FUN_008af0e0,51,0,1,225
008af113,AddGroup,73,1,1,628
008af15c,FUN_008af15c,28,1,1,173
008af178,Clear,114,0,1,628
008af26e,FUN_008af26e,422,2,1,1935
008af414,CopyFrom,58,0,1,563
008af44e,FUN_008af44e,510,3,1,3117
008af6ae,GetCompactSize,43,0,1,513
008af6d9,FUN_008af6d9,44,0,1,219
008af705,FUN_008af705,69,0,1,473
008af74a,FUN_008af74a,106,0,1,691
008af7b4,FUN_008af7b4,70,0,1,350
008af7fa,FUN_008af7fa,27,0,1,215
008af815,FUN_008af815,263,1,1,1577
008af91d,FUN_008af91d,323,0,1,2064
008afa60,FID_conflict:GetLastSelectedItem,32,1,1,567
008afa80,GetMenuItems,127,1,1,985
008afaff,FUN_008afaff,58,1,1,330
008afb39,FUN_008afb39,41,0,1,324
008afb62,FUN_008afb62,87,0,1,496
008afbb9,FUN_008afbb9,24,0,1,211
008afbd1,FUN_008afbd1,347,0,1,1921
008afd2c,FUN_008afd2c,69,0,1,326
008afd71,FUN_008afd71,6,0,1,90
008afd77,FUN_008afd77,6,0,1,94
008afd7d,FUN_008afd7d,44,0,1,219
008afda9,FUN_008afda9,12,0,1,96
008afdb5,FUN_008afdb5,189,0,1,1363
008afe72,FUN_008afe72,26,0,1,231
008afe8c,IsButtonLook,54,8,1,546
008afec2,FUN_008afec2,13,1,1,98
008afecf,FUN_008afecf,45,0,1,296
008afefc,FUN_008afefc,13,1,1,98
008aff09,FUN_008aff09,43,0,1,213
008aff34,FUN_008aff34,516,0,1,3586
008b0138,FUN_008b0138,47,0,1,251
008b0167,FUN_008b0167,245,0,1,1346
008b025c,FUN_008b025c,342,1,1,2265
008b03b2,FUN_008b03b2,314,0,1,2018
008b04ec,FUN_008b04ec,463,0,1,2500
008b06bb,FUN_008b06bb,102,0,1,675
008b0721,OnEnable,70,0,1,535
008b0767,FUN_008b0767,267,0,1,1460
008b0872,FUN_008b0872,10,0,1,68
008b087c,FUN_008b087c,95,0,1,436
008b08db,FUN_008b08db,14,0,1,136
008b08e9,FUN_008b08e9,103,0,1,671
008b0950,FUN_008b0950,586,2,1,3743
008b0b9a,FUN_008b0b9a,571,2,1,3125
008b0dd5,FUN_008b0dd5,162,1,1,821
008b0e77,FUN_008b0e77,93,4,1,488
008b0ed4,FUN_008b0ed4,178,1,1,1067
008b0f86,FUN_008b0f86,431,0,1,2881
008b1135,SetNotifyParentID,51,2,1,629
008b1168,FUN_008b1168,95,0,1,482
008b11c7,IsExtendedElement,60,1,1,668
008b1233,FUN_008b1233,33,0,1,217
008b1254,FUN_008b1254,57,0,1,297
008b128d,AddButton,205,0,1,1398
008b135a,FUN_008b135a,25,0,1,87
008b1373,FUN_008b1373,6,0,1,74
008b1379,FUN_008b1379,6,0,1,94
008b137f,FUN_008b137f,9,0,1,67
008b1388,FUN_008b1388,120,0,1,596
008b1400,FUN_008b1400,287,0,1,1723
008b151f,FUN_008b151f,178,0,1,1213
008b15d2,FUN_008b15d2,166,0,1,971
008b1678,FUN_008b1678,27,0,1,179
008b1693,FUN_008b1693,277,0,1,1275
008b17a8,FUN_008b17a8,14,0,1,651
008b17b6,FUN_008b17b6,23,1,1,204
008b1827,FUN_008b1827,69,0,1,475
008b186c,FUN_008b186c,28,1,1,86
008b1888,~CArray<>,22,2,1,489
008b189e,~CArray<>,22,2,1,713
008b18b4,~CMFCRibbonQuickAccessCustomizeButton,36,1,1,620
008b18d8,~CMFCRibbonQuickAccessToolBar,40,1,1,410
008b1900,FUN_008b1900,48,0,1,222
008b1930,FUN_008b1930,48,0,1,222
008b1960,`scalar_deleting_destructor',51,0,1,606
008b1993,`scalar_deleting_destructor',51,0,1,574
008b19c6,FUN_008b19c6,154,1,1,658
008b1a60,CopyFrom,52,0,1,646
008b1af4,FUN_008b1af4,73,0,1,406
008b1b3d,FUN_008b1b3d,155,0,1,494
008b1bd8,FUN_008b1bd8,152,0,1,975
008b1c70,FUN_008b1c70,153,0,1,916
008b1d09,FUN_008b1d09,6,0,1,105
008b1d0f,FUN_008b1d0f,6,0,1,101
008b1d15,FUN_008b1d15,100,0,1,446
008b1d79,FUN_008b1d79,308,0,1,2340
008b1ead,FUN_008b1ead,272,0,1,1559
008b1fbd,FUN_008b1fbd,35,0,1,195
008b1fe0,FUN_008b1fe0,449,0,1,2586
008b21a1,FUN_008b21a1,192,0,1,1350
008b2261,FUN_008b2261,33,0,1,191
008b2282,FUN_008b2282,177,1,1,1046
008b2333,FUN_008b2333,225,1,1,1484
008b2414,FUN_008b2414,86,0,1,666
008b246a,FUN_008b246a,201,0,1,1588
008b2533,FUN_008b2533,285,0,1,1915
008b2650,FUN_008b2650,237,0,1,1431
008b273d,FUN_008b273d,442,0,1,3472
008b28f7,FUN_008b28f7,113,0,1,1012
008b2968,get_accParent,60,0,1,995
008b29a4,CMFCDisableMenuAnimation,30,2,1,492
008b29c2,FUN_008b29c2,46,1,1,228
008b29f0,CMFCRibbonCmdUI,22,1,1,370
008b2a06,~CArray<>,22,2,1,697
008b2a1c,FUN_008b2a1c,15,3,1,152
008b2a2b,FUN_008b2a2b,48,0,1,222
008b2a5b,`scalar_deleting_destructor',43,0,1,487
008b2a86,FUN_008b2a86,6,0,1,65
008b2abe,FUN_008b2abe,166,9,1,724
008b2b64,FUN_008b2b64,449,2,1,2289
008b2d25,FUN_008b2d25,166,0,1,990
008b2dcb,FUN_008b2dcb,173,1,1,1239
008b2e78,FindContextCaption,75,1,1,774
008b2ec3,FindNearest,65,1,1,903
008b2f04,FUN_008b2f04,1181,2,1,7795
008b33a1,FUN_008b33a1,37,3,1,315
008b33c6,GetCategory,40,1,1,576
008b33ee,FUN_008b33ee,155,2,1,678
008b3489,GetRegularSize,37,0,1,483
008b34ae,FUN_008b34ae,6,0,1,96
008b34b4,GetVisibleContextCaptions,89,1,1,1075
008b350d,HideKeyTips,47,5,1,557
008b353c,FUN_008b353c,301,1,1,1821
008b3669,FUN_008b3669,44,0,1,222
008b3695,FUN_008b3695,631,1,1,3672
008b390c,FUN_008b390c,343,1,1,1829
008b3a63,FUN_008b3a63,133,0,1,772
008b3ae8,FUN_008b3ae8,565,2,1,3095
008b3d1d,FUN_008b3d1d,313,2,1,1691
008b3e56,OnSysKeyUp,121,2,1,920
008b3ecf,FUN_008b3ecf,35,4,1,233
008b3ef2,FUN_008b3ef2,436,1,1,2847
008b40a7,FUN_008b40a7,206,3,1,1272
008b4175,SetActiveMDIChild,92,2,1,970
008b41d1,FUN_008b41d1,137,0,1,910
008b425a,FUN_008b425a,959,3,1,6605
008b4619,FUN_008b4619,633,1,1,3728
008b4892,FUN_008b4892,391,2,1,1949
008b4a19,FUN_008b4a19,49,0,1,218
008b4a4a,FUN_008b4a4a,127,0,1,966
008b4aca,ShowCategory,42,1,1,438
008b4af4,FUN_008b4af4,237,3,1,1462
008b4be1,FUN_008b4be1,455,2,1,2398
008b4da8,ToggleMimimizeState,51,1,1,472
008b4ddb,FUN_008b4ddb,93,0,1,421
008b4e76,`scalar_deleting_destructor',57,0,1,549
008b4eaf,FUN_008b4eaf,51,0,1,225
008b4ee2,FUN_008b4ee2,66,0,1,335
008b4f24,FUN_008b4f24,187,0,1,1224
008b5040,FUN_008b5040,673,0,1,3679
008b52e1,FUN_008b52e1,229,2,1,1579
008b53c6,FUN_008b53c6,667,1,1,3153
008b5662,FUN_008b5662,23,2,1,220
008b5679,FUN_008b5679,125,0,1,845
008b56f6,FUN_008b56f6,223,0,1,1127
008b57d5,FUN_008b57d5,6,0,1,92
008b57db,FUN_008b57db,6,0,1,98
008b57e1,FUN_008b57e1,171,0,1,1073
008b588c,FUN_008b588c,284,0,1,1939
008b59a8,FUN_008b59a8,99,0,1,521
008b5a0b,OnDrawMenuBorder,40,0,1,533
008b5a33,FUN_008b5a33,266,0,1,1676
008b5b3d,FUN_008b5b3d,135,0,1,675
008b5bc4,FUN_008b5bc4,1458,0,1,8575
008b6176,CMFCRibbonPanelMenu,58,1,1,627
008b61b0,CMFCRibbonPanelMenu,69,2,1,892
008b61f5,FUN_008b61f5,169,1,1,985
008b629e,CMFCRibbonPanelMenu,63,1,1,659
008b62dd,CMFCRibbonPanelMenuBar,173,1,1,1221
008b638a,CMFCRibbonPanelMenuBar,195,1,1,1489
008b644d,FUN_008b644d,253,1,1,2153
008b654a,FUN_008b654a,364,1,1,2074
008b66b6,~CMFCRibbonPanelMenu,35,2,1,387
008b66d9,FUN_008b66d9,401,3,1,2555
008b686f,`scalar_deleting_destructor',51,0,1,527
008b68a2,`scalar_deleting_destructor',51,0,1,523
008b68d5,FUN_008b68d5,274,2,1,1320
008b69e7,FUN_008b69e7,338,0,1,2002
008b6b3a,FUN_008b6b3a,1167,0,1,6782
008b6fca,FUN_008b6fca,65,0,1,326
008b700b,CommonInit,187,4,1,1352
008b70c6,FUN_008b70c6,50,0,1,230
008b70f8,FUN_008b70f8,739,0,1,3769
008b73dc,FUN_008b73dc,144,1,1,1283
008b746c,FUN_008b746c,52,1,1,296
008b74a0,GetDroppedDown,44,3,1,720
008b74cc,GetFocused,28,1,1,628
008b74e8,FUN_008b74e8,6,0,1,74
008b74ee,FUN_008b74ee,6,0,1,74
008b74f4,FUN_008b74f4,51,1,1,377
008b7527,FUN_008b7527,6,0,1,92
008b752d,FUN_008b752d,6,0,1,95
008b7533,FUN_008b7533,29,2,1,224
008b7550,FUN_008b7550,72,3,1,337
008b7598,FUN_008b7598,68,1,1,333
008b75dc,FUN_008b75dc,33,0,1,192
008b75fd,FUN_008b75fd,25,0,1,250
008b7616,FUN_008b7616,24,0,1,234
008b762e,FUN_008b762e,12,0,1,97
008b763a,FUN_008b763a,827,0,1,5028
008b7975,FUN_008b7975,283,0,1,1990
008b7a90,FUN_008b7a90,435,1,1,2684
008b7c43,FUN_008b7c43,309,0,1,1694
008b7d78,FUN_008b7d78,86,0,1,398
008b7dce,FUN_008b7dce,28,0,1,175
008b7dea,FUN_008b7dea,61,0,1,338
008b7e27,FUN_008b7e27,183,0,1,1269
008b7ede,FUN_008b7ede,64,0,1,334
008b7f1e,FUN_008b7f1e,131,0,1,765
008b7fa1,FUN_008b7fa1,100,0,1,519
008b8005,FUN_008b8005,265,0,1,1652
008b810e,FUN_008b810e,202,0,1,983
008b81d8,FUN_008b81d8,191,0,1,1086
008b8297,FUN_008b8297,472,3,1,2603
008b846f,FUN_008b846f,271,0,1,1455
008b87af,FUN_008b87af,104,0,1,491
008b8817,FUN_008b8817,110,0,1,703
008b8885,FUN_008b8885,801,0,1,4305
008b8ba6,FUN_008b8ba6,176,0,1,965
008b8c56,FUN_008b8c56,153,0,1,782
008b8cef,FUN_008b8cef,362,1,1,2030
008b8e7b,FUN_008b8e7b,35,2,1,233
008b8e9e,FUN_008b8e9e,191,0,1,1098
008b8f5d,FUN_008b8f5d,248,0,1,1588
008b9055,FUN_008b9055,68,1,1,514
008b9099,FUN_008b9099,85,2,1,552
008b90ee,FUN_008b90ee,49,1,1,247
008b911f,FUN_008b911f,41,2,1,199
008b9148,FUN_008b9148,54,0,1,297
008b917e,FUN_008b917e,62,0,1,282
008b91bc,FUN_008b91bc,300,1,1,1499
008b933c,FUN_008b933c,102,1,1,593
008b93a7,`scalar_deleting_destructor',51,0,1,497
008b93da,FUN_008b93da,272,1,1,1698
008b94eb,FUN_008b94eb,60,1,1,302
008b9527,FUN_008b9527,244,3,1,1751
008b961b,FUN_008b961b,80,1,1,391
008b966b,FUN_008b966b,56,0,1,427
008b96d4,FUN_008b96d4,233,0,1,1701
008b97bd,FUN_008b97bd,29,1,1,244
008b97da,FUN_008b97da,6,0,1,74
008b97e0,FUN_008b97e0,6,0,1,88
008b97e6,FUN_008b97e6,83,1,1,448
008b984c,OnLButtonDown,54,0,1,554
008b98cc,FUN_008b98cc,300,0,1,1646
008b99f8,FUN_008b99f8,60,0,1,284
008b9a34,OnTimer,151,0,1,999
008b9acb,FUN_008b9acb,292,1,1,1372
008b9bef,FUN_008b9bef,199,0,1,1359
008b9cb7,FUN_008b9cb7,59,1,1,331
008b9cf2,FUN_008b9cf2,167,0,1,1002
008b9d99,FUN_008b9d99,72,1,1,358
008b9de1,FUN_008b9de1,85,2,1,508
008b9e37,FUN_008b9e37,164,5,1,872
008b9edb,FUN_008b9edb,107,1,1,619
008b9f4b,FUN_008b9f4b,51,0,1,225
008b9f7e,FUN_008b9f7e,76,1,1,719
008b9fcb,FUN_008b9fcb,2055,2,1,11892
008ba7d2,FUN_008ba7d2,4,2,1,125
008ba7d6,FUN_008ba7d6,174,2,1,1177
008ba885,FUN_008ba885,298,0,1,1912
008ba9af,FUN_008ba9af,269,0,1,1595
008baabc,FUN_008baabc,1059,3,1,6646
008baee0,FUN_008baee0,173,6,1,1019
008baf8d,FUN_008baf8d,136,2,1,890
008bb015,FUN_008bb015,53,1,1,382
008bb04a,FUN_008bb04a,331,0,1,2395
008bb195,FUN_008bb195,653,0,1,4317
008bb422,FUN_008bb422,117,9,1,778
008bb498,FindTabbedPane,88,3,1,955
008bb4f0,FUN_008bb4f0,277,2,1,2435
008bb606,GetAssociatedSiblingPaneIDs,35,1,1,812
008bb629,FUN_008bb629,531,0,1,3241
008bb83d,FUN_008bb83d,182,0,1,1158
008bb8f3,FUN_008bb8f3,182,0,1,1158
008bb9a9,GetNodeCount,41,2,1,621
008bb9d2,FUN_008bb9d2,196,0,1,1088
008bba96,FUN_008bba96,6,0,1,87
008bba9c,GetTotalReferenceCount,40,2,1,715
008bbac4,FUN_008bbac4,529,0,1,2821
008bbcd5,FUN_008bbcd5,43,6,1,320
008bbd00,IsEmpty,56,8,1,735
008bbd38,FUN_008bbd38,18,1,1,106
008bbd4a,IsLeftPartEmpty,77,3,1,684
008bbd97,FUN_008bbd97,37,8,1,326
008bbdbc,IsRightPartEmpty,77,3,1,686
008bbe09,FUN_008bbe09,82,10,1,704
008bbe5b,FUN_008bbe5b,223,1,1,1012
008bbf3a,FUN_008bbf3a,436,0,1,2199
008bc0ee,FUN_008bc0ee,713,0,1,4109
008bc3b7,FUN_008bc3b7,287,0,1,1739
008bc4d6,Release,18,1,1,425
008bc4e8,ReleaseEmptyPaneContainer,48,4,1,662
008bc518,RemoveNonValidPanes,81,1,1,910
008bc569,FUN_008bc569,71,0,1,424
008bc5b0,FUN_008bc5b0,3370,0,1,15475
008bd2db,FUN_008bd2db,189,0,1,1304
008bd398,FUN_008bd398,608,0,1,3595
008bd5f8,FUN_008bd5f8,131,1,1,698
008bd67b,FUN_008bd67b,695,0,1,4230
008bd932,SetPane,24,5,1,452
008bd94a,SetPaneContainer,31,3,1,607
008bd969,SetPaneContainerManager,53,6,1,790
008bd99e,SetUpByID,73,2,1,890
008bd9e7,FUN_008bd9e7,113,0,1,650
008bda58,FUN_008bda58,787,0,1,4744
008bdd9b,FUN_008bdd9b,109,0,1,672
008bde08,FUN_008bde08,57,0,1,317
008bde41,FUN_008bde41,61,0,1,280
008bde7e,FUN_008bde7e,77,0,1,423
008bdecb,FUN_008bdecb,82,0,1,452
008bdf1d,FUN_008bdf1d,153,0,1,703
008bdfb6,CalcExpectedDockedRect,79,0,1,955
008be005,FUN_008be005,147,0,1,937
008be098,FUN_008be098,94,0,1,473
008be0f6,FUN_008be0f6,29,0,1,217
008be199,FUN_008be199,276,1,1,1974
008be2ae,FUN_008be2ae,37,0,1,299
008be2d3,FUN_008be2d3,36,0,1,300
008be2f7,FUN_008be2f7,43,0,1,231
008be322,FindTabbedPane,25,1,1,635
008be33b,FUN_008be33b,36,7,1,300
008be35f,FUN_008be35f,6,0,1,74
008be365,FUN_008be365,6,0,1,74
008be36b,FUN_008be36b,27,1,1,156
008be386,FUN_008be386,68,1,1,387
008be3ca,FUN_008be3ca,6,0,1,85
008be3d0,Init,121,5,1,809
008be449,FUN_008be449,86,0,1,479
008be49f,FUN_008be49f,7,0,1,105
008be4a6,FUN_008be4a6,10,0,1,97
008be4b0,FUN_008be4b0,300,0,1,1518
008be5dc,NotifyAboutRelease,53,0,1,605
008be611,FUN_008be611,35,0,1,186
008be85a,FUN_008be85a,68,0,1,286
008be89e,FUN_008be89e,266,0,1,1748
008be9a8,FUN_008be9a8,111,0,1,536
008beb2f,OnSetCursor,67,0,1,727
008beb72,FUN_008beb72,177,0,1,903
008bec23,FUN_008bec23,168,0,1,1045
008beccb,FUN_008beccb,92,0,1,454
008bed27,FUN_008bed27,802,0,1,5354
008bf04a,FUN_008bf04a,472,0,1,2125
008bf222,FUN_008bf222,9,5,1,67
008bf22b,FUN_008bf22b,266,0,1,1419
008bf335,FUN_008bf335,44,1,1,265
008bf361,FUN_008bf361,89,1,1,501
008bf405,FUN_008bf405,163,2,1,1080
008bf4ad,FUN_008bf4ad,48,0,1,225
008bf4dd,AddPane,35,0,1,466
008bf500,FUN_008bf500,605,1,1,3445
008bf75d,FUN_008bf75d,978,1,1,5876
008bfb2f,FUN_008bfb2f,556,0,1,3196
008bfd5c,FUN_008bfd5c,596,0,1,3861
008bffb1,FUN_008bffb1,217,0,1,1699
008c008b,FUN_008c008b,12,1,1,133
008c0097,FUN_008c0097,353,0,1,2885
008c01f8,FUN_008c01f8,164,8,1,935
008c029c,FUN_008c029c,340,2,1,2286
008c03f0,FUN_008c03f0,88,0,1,495
008c0448,FUN_008c0448,128,1,1,708
008c04c8,FUN_008c04c8,296,0,1,1863
008c05f0,FUN_008c05f0,115,0,1,997
008c0691,FUN_008c0691,253,3,1,1290
008c078e,FUN_008c078e,87,0,1,495
008c07e5,FUN_008c07e5,88,0,1,533
008c083d,FUN_008c083d,87,0,1,527
008c0894,FindPaneContainer,65,0,1,783
008c08d5,FindTabbedPane,22,1,1,580
008c08eb,FUN_008c08eb,227,0,1,1097
008c09ce,FUN_008c09ce,4,0,1,104
008c09d2,FUN_008c09d2,16,0,1,174
008c09e2,FUN_008c09e2,75,0,1,438
008c0a2d,FUN_008c0a2d,645,0,1,3610
008c0cb2,FUN_008c0cb2,46,0,1,300
008c0ce0,GetNodeCount,15,1,1,455
008c0cef,FUN_008c0cef,6,0,1,94
008c0cf5,GetTotalRefCount,15,2,1,503
008c0d04,FUN_008c0d04,72,0,1,442
008c0d4c,FUN_008c0d4c,36,0,1,204
008c0d70,HideAll,121,0,1,872
008c0de9,FUN_008c0de9,67,0,1,469
008c0e2d,IsEmpty,9,5,1,321
008c0e36,FUN_008c0e36,14,0,1,791
008c0e44,FUN_008c0e44,32,1,1,243
008c0e64,FUN_008c0e64,458,0,1,2629
008c102e,FUN_008c102e,38,0,1,218
008c1054,FUN_008c1054,617,0,1,3968
008c12bd,RemoveAllPanesAndPaneDividers,142,2,1,1017
008c1357,RemovePaneDivider,72,0,1,649
008c139f,FUN_008c139f,323,0,1,2044
008c14e3,FUN_008c14e3,124,0,1,727
008c155f,FUN_008c155f,80,0,1,453
008c15af,FUN_008c15af,58,0,1,387
008c15e9,FUN_008c15e9,531,0,1,4229
008c17fd,FUN_008c17fd,50,0,1,220
008c182f,FUN_008c182f,74,0,1,395
008c1879,FUN_008c1879,40,0,1,243
008c18a1,FUN_008c18a1,57,0,1,293
008c18da,FUN_008c18da,20,0,1,98
008c191e,FUN_008c191e,385,0,1,2049
008c1a9f,FUN_008c1a9f,6,0,1,74
008c1aa5,FUN_008c1aa5,6,0,1,90
008c1aab,FUN_008c1aab,127,0,1,643
008c1b2a,FUN_008c1b2a,289,3,1,2243
008c1c4c,FUN_008c1c4c,117,1,1,728
008c1cc1,~CFullScreenImpl,17,3,1,309
008c1cd2,`scalar_deleting_destructor',34,0,1,405
008c1cf4,OnGetMinMaxInfo,40,3,1,686
008c1d1c,FUN_008c1d1c,595,3,1,3326
008c1ff7,FUN_008c1ff7,144,1,1,784
008c208c,`scalar_deleting_destructor',51,0,1,497
008c20ef,FUN_008c20ef,6,0,1,74
008c20f5,FUN_008c20f5,6,0,1,74
008c20fb,FUN_008c20fb,6,0,1,96
008c2101,FUN_008c2101,6,0,1,87
008c2107,FUN_008c2107,619,0,1,3129
008c2372,OnDestroy,47,0,1,475
008c23a1,FUN_008c23a1,246,0,1,1481
008c2498,FUN_008c2498,139,0,1,776
008c2523,OnSize,32,0,1,375
008c2543,FUN_008c2543,21,0,1,142
008c2558,FUN_008c2558,309,0,1,1880
008c268d,FUN_008c268d,320,2,1,1593
008c27cd,FUN_008c27cd,16,2,1,85
008c27dd,FUN_008c27dd,80,0,1,541
008c282d,CSmartDockingGroupGuidesManager,122,1,1,938
008c28a7,FUN_008c28a7,177,1,1,1082
008c2958,CSmartDockingStandaloneGuide,126,2,1,924
008c29d6,FUN_008c29d6,53,1,1,242
008c2a0b,~CSmartDockingGroupGuide,50,1,1,489
008c2a3d,FUN_008c2a3d,122,1,1,748
008c2abc,~CSmartDockingGroupGuidesWnd,44,3,1,477
008c2ae8,FUN_008c2ae8,115,2,1,595
008c2b60,FUN_008c2b60,11,1,1,149
008c2b6b,`scalar_deleting_destructor',51,0,1,542
008c2b9e,`scalar_deleting_destructor',51,0,1,563
008c2bd1,`scalar_deleting_destructor',51,0,1,569
008c2c04,`scalar_deleting_destructor',51,0,1,553
008c2c37,FUN_008c2c37,57,0,1,307
008c2c70,FUN_008c2c70,239,0,1,1533
008c2d5f,AdjustPos,171,0,1,1218
008c2e0a,Assign,37,2,1,493
008c2e2f,FUN_008c2e2f,400,0,1,1860
008c2fbf,FUN_008c2fbf,587,0,1,3210
008c320a,FUN_008c320a,320,0,1,1455
008c334a,FUN_008c334a,149,1,1,733
008c33df,CreateObject,48,1,1,714
008c340f,CreateObject,48,1,1,695
008c343f,FUN_008c343f,103,1,1,607
008c34a6,FUN_008c34a6,39,1,1,271
008c34cd,FUN_008c34cd,11,0,1,128
008c34d8,FUN_008c34d8,689,0,1,3399
008c3789,FUN_008c3789,543,1,1,3316
008c39a8,GetGuide,35,0,1,638
008c39cb,FUN_008c39cb,6,0,1,74
008c39d1,FUN_008c39d1,6,0,1,74
008c39d7,FUN_008c39d7,6,0,1,104
008c39dd,FUN_008c39dd,6,0,1,101
008c39e3,FUN_008c39e3,53,9,1,342
008c3a18,GetWindowRect,45,1,1,518
008c3a45,Highlight,38,0,1,478
008c3a6b,FUN_008c3a6b,115,0,1,902
008c3ade,Highlight,51,1,1,473
008c3b11,FUN_008c3b11,515,0,1,3369
008c3d39,IsPtIn,61,0,1,546
008c3d76,IsPtIn,178,0,1,1079
008c3fcd,SetVisible,40,1,1,501
008c3ff5,ShadeRect,196,1,1,1361
008c40b9,Show,43,0,1,461
008c40e4,FUN_008c40e4,59,2,1,437
008c411f,Update,349,4,1,2464
008c427c,UpdateLayered,326,2,1,2304
008c43c2,FUN_008c43c2,12,1,1,81
008c43ce,FUN_008c43ce,102,1,1,519
008c4434,FUN_008c4434,11,1,1,145
008c443f,`scalar_deleting_destructor',57,0,1,584
008c4478,FUN_008c4478,172,1,1,868
008c4524,FUN_008c4524,6,0,1,74
008c452a,Hide,92,5,1,667
008c46b2,ShowAt,153,1,1,983
008c474b,FUN_008c474b,411,1,1,2013
008c48e6,CMFCRibbonButtonsGroup,96,1,1,771
008c4946,FUN_008c4946,113,3,1,705
008c49bc,FUN_008c49bc,65,2,1,289
008c49fd,FUN_008c49fd,87,0,1,456
008c4a54,FUN_008c4a54,99,0,1,547
008c4ab7,FUN_008c4ab7,82,0,1,435
008c4b09,FUN_008c4b09,214,0,1,881
008c4c0f,FUN_008c4c0f,92,0,1,517
008c4c6b,FUN_008c4c6b,92,0,1,517
008c4cc7,FUN_008c4cc7,92,0,1,517
008c4d23,FUN_008c4d23,92,0,1,517
008c4d7f,FUN_008c4d7f,72,2,1,375
008c4dc7,FUN_008c4dc7,87,0,1,496
008c4e1e,FUN_008c4e1e,90,0,1,483
008c4e78,FUN_008c4e78,87,0,1,496
008c4ecf,FUN_008c4ecf,87,0,1,496
008c4f26,FUN_008c4f26,87,0,1,496
008c4f7d,FUN_008c4f7d,44,1,1,315
008c4fa9,FUN_008c4fa9,87,0,1,456
008c5000,FUN_008c5000,76,0,1,433
008c504c,FUN_008c504c,87,0,1,496
008c50a3,FUN_008c50a3,216,1,1,1382
008c517b,FUN_008c517b,6,0,1,95
008c5181,FUN_008c5181,87,0,1,456
008c51d8,HitTest,82,0,1,864
008c522a,FUN_008c522a,843,1,1,4860
008c5575,FUN_008c5575,360,0,1,2377
008c56dd,FUN_008c56dd,271,0,1,1526
008c57ec,FUN_008c57ec,87,0,1,454
008c5843,FUN_008c5843,87,0,1,456
008c589a,FUN_008c589a,93,0,1,510
008c58f7,FUN_008c58f7,93,4,1,488
008c5954,FUN_008c5954,168,0,1,916
008c59fc,FUN_008c59fc,143,0,1,843
008c5a8b,FUN_008c5a8b,95,0,1,482
008c5aea,FUN_008c5aea,95,0,1,482
008c5b49,FUN_008c5b49,97,0,1,501
008c5baa,FUN_008c5baa,72,2,1,366
008c5bf2,FUN_008c5bf2,57,0,1,292
008c5c2b,FUN_008c5c2b,6,0,1,74
008c5c31,Hide,45,2,1,485
008c5c5e,OnDestroy,40,0,1,411
008c5d78,FUN_008c5d78,635,1,1,3719
008c5ff4,UpdateMenuShadow,49,2,1,575
008c6025,FUN_008c6025,26,0,1,133
008c603f,FUN_008c603f,83,2,1,644
008c6093,FUN_008c6093,57,0,1,291
008c60fc,FUN_008c60fc,42,0,1,228
008c6126,FUN_008c6126,120,0,1,488
008c619e,FUN_008c619e,6,0,1,88
008c61a4,FUN_008c61a4,305,0,1,1792
008c62d5,FUN_008c62d5,487,0,1,2479
008c64bc,SetACCData,43,0,1,459
008c6557,FUN_008c6557,53,0,1,227
008c658c,~CMFCRibbonUndoButton,70,1,1,410
008c65d2,`scalar_deleting_destructor',51,0,1,530
008c66b8,FUN_008c66b8,103,0,1,545
008c6780,FUN_008c6780,27,0,1,217
008c679b,FUN_008c679b,6,0,1,93
008c67a1,FUN_008c67a1,6,0,1,89
008c67a7,FUN_008c67a7,245,0,1,1659
008c689c,FUN_008c689c,25,0,1,183
008c68b5,FUN_008c68b5,57,0,1,282
008c68ee,FUN_008c68ee,113,0,1,652
008c695f,FUN_008c695f,269,0,1,1320
008c6a6c,FUN_008c6a6c,348,0,1,2349
008c6bc8,~_AFX_RICHEDIT_STATE,62,1,1,634
008c6c06,`scalar_deleting_destructor',48,0,1,538
008c6c36,FUN_008c6c36,59,1,1,393
008c6c72,FUN_008c6c72,60,1,1,359
008c6ce7,SetSel,41,3,1,495
008c6d10,FUN_008c6d10,134,1,1,597
008c6d96,~CMFCToolBarButtonsListButton,39,3,1,592
008c6dbd,`scalar_deleting_destructor',51,0,1,574
008c6df0,FUN_008c6df0,99,1,1,585
008c6e54,FUN_008c6e54,573,0,1,2773
008c7092,FUN_008c7092,6,0,1,74
008c7098,GetScrollBarCtrl,31,0,1,550
008c70b7,FUN_008c70b7,176,0,1,1120
008c7168,FUN_008c7168,168,0,1,1124
008c7210,FUN_008c7210,30,0,1,157
008c722e,FUN_008c722e,110,0,1,691
008c729c,FUN_008c729c,202,0,1,1161
008c73e5,FUN_008c73e5,19,0,1,86
008c73f8,FUN_008c73f8,38,0,1,205
008c741e,FUN_008c741e,312,0,1,1869
008c7556,FUN_008c7556,586,3,1,3362
008c77a1,FUN_008c77a1,115,1,1,710
008c7814,FUN_008c7814,115,2,1,527
008c7887,FUN_008c7887,474,3,1,3008
008c7a62,FUN_008c7a62,111,3,1,716
008c7ad2,FUN_008c7ad2,47,1,1,249
008c7b01,FUN_008c7b01,256,1,1,1240
008c7c02,~CMFCImagePaintArea,133,3,1,829
008c7c87,`scalar_deleting_destructor',51,0,1,517
008c7cba,BitmapToClient,97,0,1,669
008c7d1b,FUN_008c7d1b,661,0,1,3654
008c7fb0,FUN_008c7fb0,325,2,1,2062
008c80f5,FUN_008c80f5,239,1,1,1520
008c81e5,FUN_008c81e5,6,0,1,74
008c81eb,FUN_008c81eb,27,0,1,398
008c8206,FUN_008c8206,251,0,1,1417
008c8301,FUN_008c8301,926,0,1,5346
008c8a71,FUN_008c8a71,249,0,1,1561
008c8b6a,PreSubclassWindow,197,0,1,1265
008c8c2f,ScreenToBitmap,106,3,1,937
008c8c99,FUN_008c8c99,259,1,1,1578
008c8d9c,FUN_008c8d9c,70,2,1,402
008c8de2,FUN_008c8de2,302,3,1,1931
008c8f10,`scalar_deleting_destructor',51,0,1,535
008c8f43,FUN_008c8f43,140,1,1,934
008c8fcf,DoDataExchange,91,0,1,613
008c902a,FUN_008c902a,6,0,1,74
008c9030,FUN_008c9030,19,0,1,160
008c9043,FUN_008c9043,38,0,1,242
008c9069,FUN_008c9069,1011,0,1,4944
008c9575,OnPickColor,49,1,1,434
008c980c,Catch_All@008c980c,20,0,1,115
008c9a80,FUN_008c9a80,44,0,1,199
008c9aac,FUN_008c9aac,44,0,1,199
008c9ad8,FUN_008c9ad8,44,0,1,199
008c9b04,FUN_008c9b04,39,0,1,218
008c9b2b,FUN_008c9b2b,43,0,1,199
008c9b56,FUN_008c9b56,44,0,1,199
008c9b82,FUN_008c9b82,44,0,1,199
008c9bae,FUN_008c9bae,146,1,1,597
008c9c40,CMFCToolBarsListPropertyPage,206,1,1,1143
008c9d0e,~CMFCToolBarNameDialog,36,2,1,443
008c9d32,~CMFCToolBarsCommandsPropertyPage,81,1,1,607
008c9d83,~CMFCToolBarsListPropertyPage,83,1,1,1079
008c9dd6,FUN_008c9dd6,84,2,1,536
008c9e30,`scalar_deleting_destructor',51,0,1,590
008c9e63,`scalar_deleting_destructor',51,0,1,574
008c9ef7,DoDataExchange,71,0,1,500
008c9f3e,DoDataExchange,141,0,1,676
008c9fcb,FUN_008c9fcb,6,0,1,74
008c9fd1,FUN_008c9fd1,6,0,1,74
008c9fd7,FUN_008c9fd7,6,0,1,105
008c9fdd,FUN_008c9fdd,6,0,1,101
008c9fe3,FUN_008c9fe3,129,1,1,813
008ca064,FUN_008ca064,215,0,1,898
008ca13b,FUN_008ca13b,142,0,1,621
008ca2c8,FUN_008ca2c8,94,0,1,614
008ca327,FUN_008ca327,515,0,1,2940
008ca979,FUN_008ca979,621,1,1,3621
008cabe7,FUN_008cabe7,270,2,1,1090
008cad50,FUN_008cad50,46,1,1,379
008cad7f,ShowToolBar,120,1,1,957
008cadf7,FUN_008cadf7,341,1,1,1257
008caf4c,FUN_008caf4c,37,1,1,224
008caf71,FUN_008caf71,227,1,1,1249
008cb05e,`scalar_deleting_destructor',51,0,1,557
008cb091,`scalar_deleting_destructor',51,0,1,497
008cb0c4,FUN_008cb0c4,96,1,1,696
008cb124,DoDataExchange,195,0,1,813
008cb1e7,FUN_008cb1e7,123,3,1,387
008cb262,FUN_008cb262,6,0,1,74
008cb268,FUN_008cb268,158,0,1,1065
008cb306,FUN_008cb306,48,0,1,240
008cb336,FUN_008cb336,48,0,1,240
008cb366,FUN_008cb366,98,0,1,780
008cb441,FUN_008cb441,64,0,1,295
008cb518,FUN_008cb518,364,0,1,2138
008cb6f8,FUN_008cb6f8,58,0,1,281
008cb732,FUN_008cb732,16,0,1,91
008cb742,FUN_008cb742,296,0,1,1363
008cb86a,FUN_008cb86a,163,1,1,918
008cb90d,FUN_008cb90d,183,1,1,733
008cb9c4,~CMFCMousePropertyPage,75,1,1,739
008cba0f,`scalar_deleting_destructor',51,0,1,532
008cba72,DoDataExchange,90,0,1,497
008cbacc,EnableDblClkControls,86,2,1,501
008cbb22,FUN_008cbb22,6,0,1,74
008cbb28,FUN_008cbb28,6,0,1,94
008cbb2e,FUN_008cbb2e,802,0,1,4344
008cbe51,FUN_008cbe51,247,0,1,1354
008cbf49,OnNoDblcliick,33,0,1,377
008cbf6a,FUN_008cbf6a,188,0,1,881
008cc054,FUN_008cc054,198,1,1,904
008cc11a,FUN_008cc11a,406,1,1,1362
008cc2b0,~CMFCToolBarsKeyboardPropertyPage,175,1,1,1651
008cc35f,`scalar_deleting_destructor',51,0,1,590
008cc392,FUN_008cc392,134,2,1,789
008cc44b,DoDataExchange,214,0,1,943
008cc521,FUN_008cc521,6,0,1,74
008cc527,FUN_008cc527,6,0,1,105
008cc52d,FUN_008cc52d,488,0,1,2817
008cc716,FUN_008cc716,616,0,1,3332
008cc97f,FUN_008cc97f,400,0,1,2655
008ccb95,FUN_008ccb95,598,1,1,3301
008ccdec,FUN_008ccdec,249,3,1,1299
008ccee5,FUN_008ccee5,88,1,1,562
008ccf3e,FUN_008ccf3e,330,1,1,2197
008cd089,FUN_008cd089,311,1,1,1892
008cd1c1,FUN_008cd1c1,46,1,1,379
008cd1f0,CMFCToolBarsOptionsPropertyPage,280,1,1,1392
008cd308,~CMFCToolBarsOptionsPropertyPage,94,1,1,1252
008cd366,`scalar_deleting_destructor',51,0,1,586
008cd3ca,DoDataExchange,231,0,1,915
008cd4b1,FUN_008cd4b1,6,0,1,74
008cd4b7,FUN_008cd4b7,6,0,1,104
008cd4d4,FUN_008cd4d4,261,0,1,1037
008cd676,_AFX_CHECKLIST_STATE,88,0,1,952
008cd6ce,FUN_008cd6ce,22,1,1,188
008cd6e4,`scalar_deleting_destructor',48,0,1,529
008cd714,FUN_008cd714,158,5,1,923
008cd7b3,FUN_008cd7b3,320,4,1,1771
008cd8f4,Create,32,0,1,533
008cd940,FUN_008cd940,510,0,1,2917
008cdb3f,FUN_008cdb3f,58,9,1,412
008cdb79,FUN_008cdb79,291,4,1,1935
008cdc9c,FUN_008cdc9c,6,0,1,74
008cdca2,FUN_008cdca2,6,0,1,86
008cdca8,FUN_008cdca8,134,4,1,763
008cdd2f,FUN_008cdd2f,60,6,1,367
008cdd6b,OnChildNotify,82,0,1,735
008cddbd,OnCreate,64,0,1,754
008cddfd,OnGetCheckPosition,23,0,1,581
008cde14,FUN_008cde14,397,1,1,1986
008cdfa1,FUN_008cdfa1,121,1,1,726
008ce01a,FUN_008ce01a,121,0,1,668
008ce093,FUN_008ce093,121,0,1,670
008ce10c,FUN_008ce10c,56,0,1,326
008ce144,FUN_008ce144,55,0,1,280
008ce17b,FUN_008ce17b,121,1,1,726
008ce1f4,FUN_008ce1f4,145,0,1,776
008ce285,FUN_008ce285,146,0,1,890
008ce317,FUN_008ce317,69,0,1,368
008ce35c,FUN_008ce35c,56,1,1,271
008ce394,FUN_008ce394,257,2,1,1280
008ce495,OnSetFont,53,0,1,488
008ce4ca,FUN_008ce4ca,89,1,1,624
008ce523,FUN_008ce523,129,1,1,800
008ce5a4,FUN_008ce5a4,330,1,1,2017
008ce6ef,FUN_008ce6ef,55,1,1,343
008ce726,FUN_008ce726,525,1,1,2729
008ce934,FUN_008ce934,341,1,1,1933
008cea89,FUN_008cea89,181,1,1,1182
008ceb3e,FUN_008ceb3e,201,9,1,940
008cec07,FUN_008cec07,155,3,1,815
008ceca2,FUN_008ceca2,248,0,1,1174
008ced9a,FUN_008ced9a,178,0,1,1207
008cee4d,FUN_008cee4d,88,0,1,471
008ceea5,FUN_008ceea5,91,0,1,547
008cef00,FUN_008cef00,44,1,1,209
008cef2c,FUN_008cef2c,37,2,1,161
008cef51,~CMFCToolBarsListCheckBox,28,3,1,451
008cef6d,FUN_008cef6d,51,0,1,318
008cefa0,`scalar_deleting_destructor',51,0,1,545
008cefd3,FUN_008cefd3,15,1,1,67
008cefe2,FUN_008cefe2,6,0,1,74
008cefe8,IsCheckEnabled,23,3,1,360
008cefff,OnKeyDown,78,0,1,645
008cf04d,FUN_008cf04d,36,0,1,184
008cf071,OnLBDeleteString,43,0,1,430
008cf09c,FUN_008cf09c,36,0,1,184
008cf0c0,FUN_008cf0c0,29,0,1,98
008cf0dd,FUN_008cf0dd,132,0,1,817
008cf161,FUN_008cf161,83,0,1,534
008cf1b4,FUN_008cf1b4,107,2,1,469
008cf21f,FUN_008cf21f,185,2,1,927
008cf2d8,CMFCColorPickerCtrl,149,3,1,929
008cf36d,FUN_008cf36d,161,5,1,1017
008cf413,`scalar_deleting_destructor',43,0,1,456
008cf43e,FUN_008cf43e,51,0,1,225
008cf471,FUN_008cf471,91,1,1,420
008cf4cc,FUN_008cf4cc,609,1,1,3074
008cf72d,FUN_008cf72d,573,1,1,2765
008cf96a,Draw,152,1,1,1052
008cfa02,DrawCursor,390,0,1,2382
008cfb88,FUN_008cfb88,139,1,1,866
008cfc13,FUN_008cfc13,790,0,1,4396
008cff2a,FUN_008cff2a,198,1,1,1009
008cfff0,FUN_008cfff0,544,1,1,3443
008d0210,FUN_008d0210,455,1,1,1810
008d03d7,GetAngleFromPoint,62,1,1,402
008d0415,FUN_008d0415,192,2,1,888
008d04d5,FUN_008d04d5,161,3,1,951
008d0576,GetHLS,40,5,1,447
008d059e,FUN_008d059e,6,0,1,74
008d05a4,FUN_008d05a4,131,2,1,600
008d0627,HitTest,89,1,1,578
008d0680,FUN_008d0680,141,2,1,791
008d070d,NotifyParent,59,2,1,593
008d0748,FUN_008d0748,1069,0,1,6353
008d0b76,FUN_008d0b76,25,0,1,145
008d0b8f,FUN_008d0b8f,115,0,1,749
008d0c02,OnLButtonDown,49,0,1,568
008d0c33,FUN_008d0c33,36,0,1,240
008d0c57,FUN_008d0c57,501,1,1,2756
008d0e4c,OnPaletteChanged,54,0,1,667
008d0e82,FUN_008d0e82,24,0,1,145
008d0e9a,FUN_008d0e9a,32,0,1,166
008d0eba,OnSize,62,0,1,615
008d0ef8,PointFromLum,105,1,1,707
008d0f61,PreCreateWindow,28,0,1,487
008d0f7d,FUN_008d0f7d,22,0,1,98
008d0f93,SelectCellHexagon,116,3,1,957
008d1007,SelectCellHexagon,35,3,1,431
008d102a,SetColor,71,4,1,484
008d1071,FUN_008d1071,168,2,1,799
008d1119,FUN_008d1119,108,1,1,674
008d1185,SetPalette,76,3,1,665
008d11d1,CMFCStandardColorsPropertyPage,85,1,1,775
008d1226,FUN_008d1226,33,2,1,105
008d1247,`scalar_deleting_destructor',51,0,1,559
008d127a,FUN_008d127a,135,1,1,802
008d1331,DoDataExchange,51,0,1,481
008d1364,FUN_008d1364,6,0,1,74
008d136a,FUN_008d136a,6,0,1,103
008d137e,FUN_008d137e,152,0,1,864
008d1416,FUN_008d1416,130,0,1,815
008d1498,FUN_008d1498,160,0,1,836
008d1538,OnSize,50,0,1,441
008d156a,CMFCCustomColorsPropertyPage,129,1,1,1066
008d15eb,`scalar_deleting_destructor',51,0,1,553
008d164e,DoDataExchange,160,0,1,769
008d16ee,FUN_008d16ee,6,0,1,74
008d16f4,FUN_008d16f4,6,0,1,101
008d16fa,FUN_008d16fa,40,3,1,181
008d1722,FUN_008d1722,60,0,1,48
008d175e,FUN_008d175e,274,0,1,1231
008d1a3a,FUN_008d1a3a,198,0,1,947
008d1b00,FUN_008d1b00,234,0,1,1072
008d1dc5,SetRange,37,1,1,376
008d1dea,FUN_008d1dea,234,3,1,948
008d1ed4,FUN_008d1ed4,44,1,1,236
008d1f00,`scalar_deleting_destructor',57,0,1,598
008d1f39,FUN_008d1f39,6,0,1,74
008d1f3f,FUN_008d1f3f,6,0,1,95
008d1f45,OnInitDialog,39,0,1,401
008d1f6c,FUN_008d1f6c,53,0,1,323
008d1fa2,FUN_008d1fa2,19,0,1,86
008d1fb5,FUN_008d1fb5,40,0,1,226
008d1fdd,PreTranslateMessage,53,0,1,562
008d2012,FUN_008d2012,258,3,1,1507
008d2144,FUN_008d2144,55,0,1,232
008d217b,FUN_008d217b,44,1,1,199
008d21a7,FUN_008d21a7,129,1,1,838
008d222d,FUN_008d222d,51,0,1,225
008d2260,FID_conflict:`scalar_deleting_destructor',57,0,1,705
008d2299,FUN_008d2299,58,0,1,474
008d22d3,FUN_008d22d3,111,0,1,741
008d2342,FUN_008d2342,82,0,1,536
008d2395,FUN_008d2395,12,0,1,180
008d23a1,FUN_008d23a1,122,0,1,897
008d241b,FUN_008d241b,6,0,1,74
008d2421,FUN_008d2421,6,0,1,97
008d2427,HaveHotBorder,32,0,1,520
008d2447,FUN_008d2447,34,1,1,262
008d2469,FUN_008d2469,191,0,1,1521
008d2529,FUN_008d2529,339,0,1,1842
008d267c,FUN_008d267c,384,0,1,2433
008d27fd,OnClick,35,0,1,528
008d2820,FUN_008d2820,188,0,1,1100
008d28dc,FUN_008d28dc,484,0,1,2590
008d2ac0,FUN_008d2ac0,171,0,1,1029
008d2b6b,FUN_008d2b6b,45,0,1,393
008d2b98,OnKillFocus,25,0,1,386
008d2bb1,OnMouseLeave,41,0,1,523
008d2bda,OnMouseMove,90,0,1,780
008d2c34,FUN_008d2c34,115,0,1,757
008d2ca7,OnSetFocus,32,0,1,391
008d2cc7,FUN_008d2cc7,88,0,1,451
008d2d1f,FUN_008d2d1f,44,0,1,241
008d2d4b,FUN_008d2d4b,123,0,1,894
008d2dc6,FUN_008d2dc6,259,0,1,1489
008d2ec9,FUN_008d2ec9,148,0,1,1030
008d2f5d,FUN_008d2f5d,113,0,1,870
008d2fce,FUN_008d2fce,72,0,1,510
008d3016,SetHotEdit,110,4,1,891
008d3084,FUN_008d3084,96,0,1,681
008d30e4,FUN_008d30e4,100,0,1,640
008d355d,FUN_008d355d,40,0,1,182
008d367d,FUN_008d367d,46,0,1,206
008d36ab,FUN_008d36ab,41,0,1,202
008d36d4,FUN_008d36d4,258,1,1,1277
008d37db,~CMFCTasksPanePropertyPage,21,1,1,394
008d37f5,FUN_008d37f5,22,1,1,86
008d3829,`scalar_deleting_destructor',51,0,1,492
008d385c,`scalar_deleting_destructor',48,0,1,560
008d388c,`scalar_deleting_destructor',51,0,1,517
008d38bf,FUN_008d38bf,51,0,1,225
008d38f2,`scalar_deleting_destructor',51,0,1,519
008d3986,AdjustLayout,51,0,1,649
008d39b9,FUN_008d39b9,336,0,1,2293
008d3b09,FUN_008d3b09,828,10,1,4504
008d3e45,FUN_008d3e45,324,3,1,1735
008d3f8a,FUN_008d3f8a,59,0,1,439
008d3fc5,FUN_008d3fc5,242,1,1,1369
008d40b7,CreateMenu,161,2,1,1203
008d4158,CreateMenu,18,0,1,490
008d47a4,CreatePopupMenu,21,0,1,571
008d47b9,FUN_008d47b9,241,0,1,1558
008d48aa,FUN_008d48aa,215,0,1,1240
008d4981,FUN_008d4981,146,0,1,1115
008d4a14,FUN_008d4a14,82,3,1,549
008d4a66,GetActivePage,20,6,1,336
008d4a7a,FUN_008d4a7a,162,0,1,883
008d4b1d,FUN_008d4b1d,6,0,1,74
008d4b23,FUN_008d4b23,6,0,1,74
008d4b29,FUN_008d4b29,111,1,1,658
008d4b99,FUN_008d4b99,104,1,1,627
008d4c02,FUN_008d4c02,6,0,1,86
008d4c08,FUN_008d4c08,6,0,1,93
008d4c0e,FUN_008d4c0e,6,0,1,96
008d4c14,FUN_008d4c14,6,0,1,93
008d4c1a,FUN_008d4c1a,6,0,1,97
008d4c20,GetScrollBarCtrl,31,0,1,583
008d4c3f,GetTaskGroup,28,2,1,579
008d4c5b,FUN_008d4c5b,61,0,1,340
008d4c98,FUN_008d4c98,159,0,1,1030
008d4d38,FUN_008d4d38,33,3,1,227
008d4d59,FUN_008d4d59,398,0,1,2238
008d4ee7,Catch@008d4ee7,14,0,1,90
008d4ef5,Catch@008d4ef5,14,0,1,90
008d4f09,FUN_008d4f09,96,1,1,750
008d4fb7,FUN_008d4fb7,184,0,1,1213
008d506f,FUN_008d506f,245,0,1,1972
008d5164,OnChangeParentWnd,40,0,1,585
008d518c,OnClickTask,37,0,1,480
008d51b1,FUN_008d51b1,27,0,1,166
008d53a5,FUN_008d53a5,1006,0,1,5901
008d5794,FUN_008d5794,55,0,1,349
008d5835,FUN_008d5835,27,0,1,166
008d5850,FUN_008d5850,58,0,1,354
008d588a,FUN_008d588a,277,0,1,1443
008d599f,FUN_008d599f,691,0,1,4040
008d5c52,FUN_008d5c52,836,0,1,5431
008d5f96,FUN_008d5f96,138,0,1,635
008d6020,FUN_008d6020,124,0,1,1056
008d609d,FUN_008d609d,134,0,1,957
008d6170,FUN_008d6170,27,0,1,224
008d618b,FUN_008d618b,113,0,1,754
008d61fc,FUN_008d61fc,34,0,1,250
008d621e,OnPressHomeButton,23,0,1,390
008d6235,OnPressOtherButton,67,0,1,722
008d6278,FUN_008d6278,312,0,1,1975
008d63b1,FUN_008d63b1,160,0,1,843
008d6451,FUN_008d6451,63,0,1,329
008d6490,FUN_008d6490,52,0,1,355
008d64c4,FUN_008d64c4,53,0,1,253
008d64f9,FUN_008d64f9,74,0,1,342
008d6543,FUN_008d6543,692,0,1,3270
008d67f7,FUN_008d67f7,27,0,1,181
008d6812,FUN_008d6812,42,0,1,199
008d683c,FUN_008d683c,83,0,1,556
008d688f,FUN_008d688f,218,0,1,1284
008d6969,FUN_008d6969,47,0,1,225
008d6998,FUN_008d6998,120,0,1,1025
008d6a11,FUN_008d6a11,187,1,1,1122
008d6aed,FUN_008d6aed,247,0,1,1451
008d6be4,FUN_008d6be4,104,1,1,568
008d6c4c,FUN_008d6c4c,74,1,1,357
008d6c96,FUN_008d6c96,3265,0,1,21329
008d7958,FUN_008d7958,128,1,1,686
008d79d8,FUN_008d79d8,384,0,1,1937
008d7b58,Catch@008d7b58,14,0,1,90
008d7b6c,FUN_008d7b6c,55,1,1,384
008d7ba3,FUN_008d7ba3,582,0,1,3391
008d7de9,SetACCData,54,0,1,656
008d7e1f,SetActivePage,59,3,1,569
008d7e5a,FUN_008d7e5a,62,0,1,428
008d7e99,FUN_008d7e99,185,0,1,848
008d7f52,FUN_008d7f52,43,1,1,306
008d7f7d,FUN_008d7f7d,407,1,1,2006
008d8114,FUN_008d8114,241,0,1,1696
008d8206,FUN_008d8206,42,0,1,251
008d8230,FUN_008d8230,14,0,1,834
008d823e,FUN_008d823e,204,5,1,1327
008d830b,FUN_008d830b,59,0,1,267
008d8346,FUN_008d8346,69,1,1,460
008d838b,FUN_008d838b,185,4,1,1150
008d8445,FUN_008d8445,203,1,1,1239
008d8510,FUN_008d8510,75,1,1,586
008d855b,FUN_008d855b,44,0,1,166
008d8587,~_AFX_EDIT_STATE,32,2,1,328
008d85a7,`scalar_deleting_destructor',48,0,1,517
008d85d7,FUN_008d85d7,40,1,1,187
008d85ff,FUN_008d85ff,11,2,1,226
008d860a,FUN_008d860a,57,0,1,384
008d8643,FUN_008d8643,238,0,1,1313
008d8731,FUN_008d8731,6,0,1,74
008d8737,FUN_008d8737,33,0,1,319
008d8759,FUN_008d8759,115,0,1,638
008d88d1,FUN_008d88d1,49,0,1,276
008d8970,`scalar_deleting_destructor',51,0,1,534
008d89a3,DoDataExchange,48,0,1,400
008d89d3,FUN_008d89d3,6,0,1,74
008d89d9,OnInitDialog,81,0,1,627
008d8a50,FUN_008d8a50,83,1,1,492
008d8aa3,~CMFCAcceleratorKeyAssignCtrl,28,3,1,472
008d8abf,`scalar_deleting_destructor',51,0,1,573
008d8af2,FUN_008d8af2,6,0,1,74
008d8b07,FUN_008d8b07,342,0,1,2405
008d8c5d,ResetKey,49,3,1,417
008d8c8e,FUN_008d8c8e,37,1,1,272
008d8d78,FUN_008d8d78,318,1,1,1872
008d8ef4,entry,10,0,1,90
008d8efe,FUN_008d8efe,14,200,1,94
008d8f0c,find_pe_section,68,1,1,880
008d8f50,___scrt_acquire_startup_lock,50,1,1,705
008d8f82,___scrt_initialize_crt,57,1,1,453
008d8fbb,___scrt_initialize_onexit_tables,134,0,1,1078
008d9042,___scrt_is_nonwritable_in_current_image,126,1,1,665
008d90d6,___scrt_release_startup_lock,29,1,1,473
008d90f3,___scrt_uninitialize_crt,40,1,1,342
008d911b,__onexit,45,1,1,374
008d9148,_atexit,21,8,1,262
008d915d,FUN_008d915d,40,2,1,323
008d9185,FUN_008d9185,250,1,1,2183
008d927f,FUN_008d927f,12,120,1,68
008d928b,FUN_008d928b,207,1,1,2167
008d9381,FUN_008d9381,129,0,1,903
008d9403,FUN_008d9403,28,0,1,184
008d941f,FUN_008d941f,74,3,1,350
008d9469,FUN_008d9469,82,3,1,474
008d94bb,FUN_008d94bb,54,1,1,264
008d94f1,__Init_thread_wait,78,1,1,533
008d953f,__security_check_cookie,14,2473,1,210
008d954d,FUN_008d954d,35,0,1,171
008d9570,__allrem,178,3,1,2040
008d9630,__alloca_probe,43,910,1,482
008d9660,`eh_vector_constructor_iterator',90,38,1,777
008d96c0,FUN_008d96c0,20,1,1,281
008d96d4,`eh_vector_destructor_iterator',105,125,1,706
008d9749,FUN_008d9749,16,1,1,267
008d9759,__ArrayUnwind,76,2,1,629
008d97f0,__aulldiv,104,2,1,1310
008d9860,FUN_008d9860,70,1,1,679
008d98b0,FUN_008d98b0,116,1,1,745
008d9930,FUN_008d9930,81,1,1,156
008d9990,FUN_008d9990,65,4,1,155
008d99f0,FUN_008d99f0,124,0,1,721
008d9a70,FUN_008d9a70,171,9,1,1222
008d9b20,__allmul,52,13,1,481
008d9b54,__EH_epilog3,20,802,1,382
008d9b68,FUN_008d9b68,15,355,1,222
008d9b77,FUN_008d9b77,15,3,1,222
008d9b86,__EH_prolog3,51,751,1,867
008d9bb9,__EH_prolog3_GS,54,355,1,873
008d9bef,__EH_prolog3_catch,54,53,1,879
008d9c25,__EH_prolog3_catch_GS,57,3,1,885
008d9c60,__SEH_prolog4,69,100,1,821
008d9cb0,__SEH_prolog4_GS,72,2,1,827
008d9d00,__alloca_probe_16,22,12,1,394
008d9d16,__alloca_probe_8,22,0,1,377
008d9d30,__alldiv,170,11,1,1762
008d9dda,__EH_epilog3_align,22,1,1,375
008d9df0,__EH_prolog3_align,98,1,1,1046
008d9e52,___get_entropy,77,1,1,672
008d9e9f,___security_init_cookie,75,1,1,572
008d9eea,FUN_008d9eea,6,0,1,61
008d9ef0,FUN_008d9ef0,12,0,1,102
008d9efc,FUN_008d9efc,3,0,1,56
008d9eff,FUN_008d9eff,32,0,1,236
008d9f20,FUN_008d9f20,29,0,1,248
008d9f3d,FUN_008d9f3d,12,0,1,66
008d9f49,FUN_008d9f49,6,1,1,69
008d9f4f,FUN_008d9f4f,6,1,1,69
008d9f55,FUN_008d9f55,283,4,1,790
008da070,___scrt_get_show_window_mode,49,1,1,392
008da0a6,is_managed_app,67,2,1,556
008da0e9,FUN_008da0e9,12,0,1,94
008da0f5,FUN_008da0f5,85,0,1,575
008da14b,FUN_008da14b,8,2,1,158
008da153,FUN_008da153,44,0,1,350
008da17f,FUN_008da17f,44,0,1,350
008da1ab,FUN_008da1ab,465,1,1,2069
008da37c,___scrt_is_ucrt_dll_in_use,12,3,1,198
008da3b2,FUN_008da3b2,83,0,1,616
008da405,_ATL_BASE_MODULE70,35,1,1,493
008da428,~CAtlBaseModule,22,1,1,606
008da43e,RemoveAll,29,1,1,713
008da4e5,FUN_008da4e5,24,1,1,182
008da4fd,FUN_008da4fd,27,0,1,190
008da518,FUN_008da518,31,1,1,185
008da537,FUN_008da537,27,0,1,189
008da552,FUN_008da552,27,0,1,190
008da56d,FUN_008da56d,31,1,1,185
008da58c,FUN_008da58c,31,1,1,186
008da5bc,FUN_008da5bc,45,0,1,217
008da5e9,FUN_008da5e9,28,5,1,202
008da606,FUN_008da606,31,3,1,223
008da626,FUN_008da626,31,2,1,223
008da646,FUN_008da646,31,5,1,223
008da666,FUN_008da666,45,0,1,318
008da693,_Lockit,49,47,1,435
008da6c4,FUN_008da6c4,39,2,1,395
008da6eb,FUN_008da6eb,40,51,1,243
008da70f,_Syserror_map,37,1,1,495
008da734,_Locimp,65,1,1,594
008da775,FUN_008da775,49,1,1,343
008da7a6,FUN_008da7a6,39,1,1,249
008da7cd,~_Locimp,43,1,1,478
008da7f8,`scalar_deleting_destructor',34,0,1,406
008da81a,_Facet_Register,44,39,1,503
008da846,FUN_008da846,6,1,1,67
008da84c,_Init,144,6,1,1229
008da8dc,_Locimp_dtor,112,1,1,1031
008da94c,_Locinfo_ctor,75,1,1,606
008da997,_Locinfo_dtor,26,1,1,348
008da9b1,_New_Locimp,35,2,1,496
008da9d4,_Setgloballocale,40,1,1,358
008da9fc,__Deletegloballocale,59,1,1,541
008daa37,tidy_global,42,0,1,334
008daa61,__Getctype,107,3,1,1218
008daacc,__Tolower,254,2,1,1955
008dabca,__Getcvt,115,12,1,1009
008dac3d,__Wcrtomb,92,4,1,760
008dac99,__Mbrtowc,306,8,1,2100
008dadcb,__Utf8_trailing_byte_count,87,1,1,664
008dae22,__Getwctype,32,2,1,345
008dae42,__Getwctypes,31,2,1,345
008dae61,__Towlower,96,4,1,723
008daec1,__Towupper,100,4,1,723
008daf25,_Find_elem<char,27>,37,1,1,413
008daf4a,_Find_elem<char,29>,37,1,1,413
008daf6f,_Find_elem<char,15>,37,1,1,412
008daf94,_Find_unchecked1<char_const*,char>,37,4,1,554
008dafb9,FUN_008dafb9,527,4,1,5089
008db1c8,FUN_008db1c8,145,1,1,1003
008db25a,FUN_008db25a,160,1,1,1129
008db2fb,FUN_008db2fb,148,1,1,1209
008db390,FUN_008db390,148,16,1,1192
008db425,FUN_008db425,148,1,1,1179
008db4ba,FUN_008db4ba,148,1,1,1179
008db54f,FUN_008db54f,148,8,1,1195
008db5e4,ctype<char>,54,2,1,695
008db61a,FUN_008db61a,11,2,1,282
008db625,operator=,36,6,1,1065
008db649,FUN_008db649,73,1,1,311
008db692,FUN_008db692,35,0,1,178
008db6b5,`scalar_deleting_destructor',46,0,1,540
008db6e3,FUN_008db6e3,46,0,1,232
008db711,Ffmt,149,4,1,1810
008db7a6,FUN_008db7a6,764,2,1,5427
008dbaa2,_Getcat,104,1,1,1311
008dbb0a,_Getcat,102,1,1,1220
008dbb70,Getcat,104,1,1,2117
008dbbd8,Getcat,104,1,1,2117
008dbc40,_Getcat,123,1,1,1405
008dbcbb,FUN_008dbcbb,1704,2,1,15677
008dc363,FUN_008dc363,1729,1,1,15695
008dca24,FUN_008dca24,891,7,1,8170
008dcd9f,_Ifmt,117,8,1,1329
008dce14,_Inc,33,9,1,984
008dce35,_Init,164,2,1,1374
008dced9,FUN_008dced9,669,5,1,4712
008dd176,FUN_008dd176,197,4,1,1504
008dd23c,FUN_008dd23c,164,1,1,1113
008dd2e1,_Locinfo_ctor,54,1,1,481
008dd317,_Makeloc,537,1,1,3729
008dd530,FUN_008dd530,84,3,1,732
008dd589,_Peek,36,10,1,928
008dd5ad,FUN_008dd5ad,51,3,1,518
008dd5e0,FUN_008dd5e0,44,3,1,465
008dd60c,FUN_008dd60c,81,6,1,484
008dd65d,_Stofx_v2,89,3,1,667
008dd6b6,_Tidy,42,1,1,541
008dd6e0,Tidy,32,2,1,573
008dd700,FUN_008dd700,10,3,1,144
008dd70b,FUN_008dd70b,24,15,1,164
008dd723,FUN_008dd723,4,0,1,103
008dd727,FUN_008dd727,21,0,1,144
008dd73c,FUN_008dd73c,238,0,1,1617
008dd82a,FUN_008dd82a,64,0,1,565
008dd86a,FUN_008dd86a,196,0,1,1320
008dd92e,FUN_008dd92e,196,1,1,1321
008dd9f2,FUN_008dd9f2,251,0,1,1477
008ddaed,FUN_008ddaed,241,1,1,1478
008ddbde,FUN_008ddbde,62,0,1,565
008ddc1c,FUN_008ddc1c,188,0,1,1307
008ddcd8,FUN_008ddcd8,203,0,1,1401
008ddda3,FUN_008ddda3,203,0,1,1402
008dde6e,FUN_008dde6e,572,0,1,4032
008de0aa,FUN_008de0aa,21,0,1,141
008de0bf,FUN_008de0bf,26,0,1,247
008de0d9,FUN_008de0d9,21,0,1,228
008de0ee,FUN_008de0ee,10,0,1,76
008de0f8,do_narrow,31,0,1,528
008de117,do_put,107,0,1,2307
008de182,do_put,107,0,1,2307
008de1ed,FUN_008de1ed,342,0,1,2135
008de343,FUN_008de343,342,0,1,2138
008de499,do_put,91,0,1,1629
008de4f4,do_put,110,0,1,2370
008de562,do_put,110,0,1,2370
008de5d0,FUN_008de5d0,441,0,1,2863
008de789,FUN_008de789,4,0,1,103
008de78d,do_tolower,23,0,1,365
008de7a4,do_tolower,44,0,1,566
008de7d0,do_toupper,23,0,1,365
008de7e7,do_toupper,44,0,1,566
008de813,FUN_008de813,21,0,1,144
008de828,FUN_008de828,18,0,1,152
008de83a,FUN_008de83a,10,0,1,76
008de844,do_widen,31,0,1,496
008de863,equal,58,20,1,974
008de89d,FUN_008de89d,112,6,1,697
008de90e,push_back,56,14,1,983
008de946,sbumpc,57,1,1,766
008de97f,sgetc,46,1,1,645
008de9ad,sputc,76,1,1,832
008de9f9,FUN_008de9f9,24,16,1,165
008dea11,widen,39,3,1,515
008dea38,FUN_008dea38,31,3,1,182
008dea57,FUN_008dea57,82,2,1,515
008deaa9,_Ios_base_dtor,64,1,1,588
008deae9,_Tidy,118,1,1,1014
008deb64,FUN_008deb64,14,1,1,105
008deb72,FUN_008deb72,21,1,1,118
008deb87,__Mtxlock,14,1,1,256
008deb95,FUN_008deb95,14,1,1,104
008deba3,~_Init_atexit,99,1,1,833
008dec0b,_Atexit,47,1,1,835
008dec3a,~__crt_scoped_stack_ptr<wchar_t>,25,2,1,482
008dec53,___crtLCMapStringA,460,3,1,4203
008dee1f,__freea_crt,30,6,1,267
008dee3d,___crtLCMapStringW,61,3,1,676
008dee7a,__Toupper,254,2,1,1956
008def78,FUN_008def78,46,1,1,307
008defa6,FUN_008defa6,46,1,1,307
008defd4,_Find_elem<>,39,2,1,502
008deffb,_Find_elem<>,39,2,1,502
008df022,_Find_elem<>,39,4,1,502
008df049,_Find_elem<>,39,2,1,502
008df070,_Find_unchecked1<>,34,4,1,815
008df092,FUN_008df092,527,2,1,4350
008df2a1,FUN_008df2a1,540,3,1,4293
008df4bd,FUN_008df4bd,540,3,1,4293
008df6d9,_Getvals<unsigned_short>,146,1,1,1353
008df76b,_Getvals<unsigned_short>,98,1,1,1158
008df7cd,_Getvals<>,107,1,1,1479
008df838,_Getvals<wchar_t>,89,1,1,1296
008df891,_LStrcoll<unsigned_short>,74,1,1,853
008df8db,_LStrxfrm<unsigned_short>,47,1,1,624
008df90a,_Maklocchr<unsigned_short>,49,3,1,494
008df93b,FUN_008df93b,167,3,1,1328
008df9e3,FUN_008df9e3,124,1,1,615
008dfa60,FUN_008dfa60,127,1,1,636
008dfae0,FUN_008dfae0,148,1,1,813
008dfb75,FUN_008dfb75,148,1,1,813
008dfc0a,FUN_008dfc0a,148,1,1,827
008dfc9f,FUN_008dfc9f,148,1,1,827
008dfd34,FUN_008dfd34,151,1,1,867
008dfdcc,FUN_008dfdcc,194,1,1,926
008dfe8f,FUN_008dfe8f,194,1,1,940
008dff52,FUN_008dff52,44,1,1,382
008dff7e,FUN_008dff7e,44,1,1,382
008dffaa,FUN_008dffaa,148,1,1,1179
008e003f,FUN_008e003f,148,1,1,1179
008e00d4,FUN_008e00d4,148,1,1,1179
008e0169,FUN_008e0169,148,1,1,1179
008e01fe,FUN_008e01fe,148,15,1,1179
008e0293,FUN_008e0293,148,1,1,1179
008e0328,FUN_008e0328,148,1,1,1179
008e03bd,FUN_008e03bd,148,1,1,1179
008e0452,FUN_008e0452,148,1,1,1179
008e04e7,FUN_008e04e7,148,1,1,1179
008e057c,FUN_008e057c,148,1,1,1179
008e0611,FUN_008e0611,148,3,1,1179
008e06a6,FUN_008e06a6,148,3,1,1179
008e073b,FUN_008e073b,148,3,1,1179
008e07d0,FUN_008e07d0,148,3,1,1179
008e0865,FUN_008e0865,148,1,1,1179
008e08fa,FUN_008e08fa,148,1,1,1179
008e098f,FUN_008e098f,148,1,1,1179
008e0a24,FUN_008e0a24,148,8,1,1205
008e0ab9,FUN_008e0ab9,148,1,1,1179
008e0b4e,FUN_008e0b4e,148,1,1,1179
008e0be3,FUN_008e0be3,148,1,1,1179
008e0c78,FUN_008e0c78,148,1,1,1179
008e0d0d,FUN_008e0d0d,53,3,1,353
008e0d47,FUN_008e0d47,50,3,1,563
008e0d7e,FUN_008e0d7e,53,1,1,584
008e0db8,FUN_008e0db8,53,1,1,346
008e0df2,codecvt<>,55,2,1,918
008e0e29,codecvt<>,55,2,1,911
008e0e60,time_get<>,51,2,1,1143
008e0e93,time_get<>,51,2,1,1315
008e0ec6,FUN_008e0ec6,11,1,1,330
008e0ed1,FUN_008e0ed1,11,1,1,281
008e0ee1,~collate<>,26,1,1,615
008e0efb,~collate<>,26,1,1,608
008e0f15,~ctype<>,41,1,1,587
008e0f3e,~time_put<>,26,1,1,1221
008e0f58,~time_put<>,26,1,1,1186
008e0f72,FUN_008e0f72,7,6,1,115
008e0f79,operator=,92,2,1,964
008e0fd5,FID_conflict:operator=,41,6,1,767
008e0ffe,operator=,37,2,1,451
008e1023,FUN_008e1023,60,2,1,287
008e105f,FUN_008e105f,63,2,1,282
008e109e,FUN_008e109e,83,1,1,335
008e10f1,FUN_008e10f1,46,0,1,241
008e111f,FUN_008e111f,46,0,1,234
008e114d,FUN_008e114d,35,0,1,178
008e1170,FUN_008e1170,34,0,1,128
008e1192,FUN_008e1192,34,0,1,128
008e11b4,FUN_008e11b4,34,0,1,126
008e11d6,FUN_008e11d6,46,0,1,242
008e1204,FUN_008e1204,46,0,1,346
008e1232,FUN_008e1232,46,0,1,311
008e1260,FUN_008e1260,34,0,1,129
008e1282,FUN_008e1282,34,0,1,129
008e12a4,FUN_008e12a4,48,6,1,285
008e12d4,FID_conflict:_Construct_lv_contents,106,3,1,1949
008e133e,FID_conflict:_Construct_lv_contents,106,3,1,1945
008e13a8,Donarrow,72,2,1,784
008e13f0,_Dowiden,59,2,1,548
008e142b,FUN_008e142b,29,2,1,272
008e1448,_Fnv1a_append_bytes,40,2,1,524
008e1470,FUN_008e1470,774,2,1,5195
008e1776,Getcat,102,1,1,1300
008e17dc,Getcat,102,1,1,1300
008e1842,Getcat,162,2,1,1924
008e18e4,Getcat,162,2,1,1917
008e1986,Getcat,112,1,1,1476
008e19f6,Getcat,104,1,1,1597
008e1a5e,Getcat,104,1,1,1590
008e1ac6,Getcat,104,1,1,2201
008e1b2e,Getcat,104,1,1,2180
008e1b96,Getcat,104,1,1,2201
008e1bfe,Getcat,104,1,1,2180
008e1c66,Getcat,132,1,1,1938
008e1cea,Getcat,133,1,1,1938
008e1d6f,Getcat,132,1,1,1861
008e1df3,Getcat,133,1,1,1861
008e1e78,Getcat,104,1,1,2183
008e1ee0,Getcat,104,1,1,2144
008e1f48,Getcat,104,1,1,2183
008e1fb0,_Getcat,123,1,1,1495
008e202b,Getcat,108,1,1,1757
008e2097,Getcat,108,1,1,1757
008e2103,Getcat,116,1,1,1969
008e2177,Getcat,116,1,1,1930
008e21eb,_Getdays,46,2,1,598
008e2219,FUN_008e2219,1785,2,1,11598
008e2912,FUN_008e2912,1785,2,1,11598
008e300b,FUN_008e300b,1915,1,1,11563
008e3786,FUN_008e3786,1915,1,1,11563
008e3f01,FUN_008e3f01,341,1,1,2636
008e4056,FUN_008e4056,341,1,1,2636
008e41ab,FUN_008e41ab,982,7,1,6371
008e4581,FUN_008e4581,982,7,1,6371
008e4957,FUN_008e4957,548,8,1,3014
008e4b7b,FUN_008e4b7b,2844,2,1,19748
008e5697,FUN_008e5697,2844,2,1,19884
008e61b3,_Getmonths,46,2,1,659
008e61e1,_Getvals,108,1,1,1060
008e624d,Inc,38,18,1,659
008e6273,_Init,203,3,1,2023
008e633e,_Init,203,3,1,1968
008e6409,Init,57,2,1,924
008e6442,_Init,217,2,1,3331
008e651b,Init,56,1,1,903
008e6553,_Init,56,1,1,898
008e658b,Init,41,4,1,684
008e65b4,FUN_008e65b4,674,5,1,4443
008e6856,_Makeushloc,1329,1,1,9025
008e6d87,_Makewloc,1329,1,1,8633
008e72b8,FUN_008e72b8,72,2,1,475
008e7301,Makpat,65,3,1,1040
008e7342,FUN_008e7342,86,3,1,620
008e739d,Peek,46,19,1,720
008e73cb,FUN_008e73cb,57,1,1,322
008e7404,FUN_008e7404,57,1,1,322
008e743d,FUN_008e743d,53,3,1,341
008e7472,FUN_008e7472,1597,2,1,10003
008e7aaf,FUN_008e7aaf,1597,2,1,10054
008e80ec,FUN_008e80ec,44,1,1,292
008e8118,FUN_008e8118,44,1,1,292
008e8144,FUN_008e8144,44,3,1,311
008e8170,Tidy,40,3,1,619
008e8198,Tidy,32,3,1,817
008e81b8,FUN_008e81b8,45,9,1,223
008e81e5,_W_Getdays,46,1,1,696
008e8213,_W_Getmonths,46,1,1,755
008e8241,FUN_008e8241,31,7,1,245
008e8261,FID_conflict:append,88,2,1,1188
008e82b9,FUN_008e82b9,91,1,1,494
008e8314,FID_conflict:append,88,4,1,1188
008e836c,FUN_008e836c,91,1,1,494
008e83c7,FID_conflict:assign,72,2,1,1106
008e840f,assign,41,1,1,1153
008e8438,assign,75,2,1,1597
008e8483,FUN_008e8483,3,0,1,56
008e8486,do_compare,49,0,1,730
008e84b7,do_compare,49,0,1,669
008e84e8,FUN_008e84e8,21,0,1,144
008e84fd,FUN_008e84fd,21,0,1,144
008e8512,FUN_008e8512,4,0,1,104
008e8516,FUN_008e8516,5,0,1,103
008e851b,FUN_008e851b,10,0,1,95
008e8525,FUN_008e8525,34,0,1,230
008e8547,FUN_008e8547,34,0,1,230
008e8569,FUN_008e8569,168,0,1,1513
008e8611,FUN_008e8611,218,0,1,2631
008e86eb,FUN_008e86eb,168,0,1,1513
008e8793,FUN_008e8793,218,0,1,2631
008e886d,FUN_008e886d,238,0,1,1402
008e895b,FUN_008e895b,64,0,1,565
008e899b,FUN_008e899b,196,0,1,1105
008e8a5f,FUN_008e8a5f,196,1,1,1106
008e8b23,FUN_008e8b23,251,0,1,1262
008e8c1e,FUN_008e8c1e,241,1,1,1263
008e8d0f,FUN_008e8d0f,62,0,1,565
008e8d4d,FUN_008e8d4d,188,0,1,1092
008e8e09,FUN_008e8e09,203,0,1,1186
008e8ed4,FUN_008e8ed4,203,0,1,1187
008e8f9f,FUN_008e8f9f,581,0,1,3336
008e91e4,FUN_008e91e4,238,0,1,1402
008e92d2,FUN_008e92d2,64,0,1,565
008e9312,FUN_008e9312,196,0,1,1105
008e93d6,FUN_008e93d6,196,1,1,1106
008e949a,FUN_008e949a,251,0,1,1262
008e9595,FUN_008e9595,241,1,1,1263
008e9686,FUN_008e9686,62,0,1,565
008e96c4,FUN_008e96c4,188,0,1,1092
008e9780,FUN_008e9780,203,0,1,1186
008e984b,FUN_008e984b,203,0,1,1187
008e9916,FUN_008e9916,581,0,1,3363
008e9b5b,FUN_008e9b5b,961,0,1,5285
008e9f1c,FUN_008e9f1c,961,0,1,5285
008ea2dd,FUN_008ea2dd,1195,0,1,7680
008ea788,FUN_008ea788,1195,0,1,7680
008eac33,FUN_008eac33,66,0,1,466
008eac75,FUN_008eac75,66,0,1,466
008eacb7,FUN_008eacb7,290,0,1,1782
008eadd9,FUN_008eadd9,290,0,1,1782
008eaefb,FUN_008eaefb,66,0,1,464
008eaf3d,FUN_008eaf3d,66,0,1,464
008eaf7f,FUN_008eaf7f,149,0,1,978
008eb014,FUN_008eb014,149,0,1,978
008eb0a9,do_hash,33,0,1,539
008eb0ca,do_in,113,0,1,1352
008eb13b,do_is,28,0,1,626
008eb157,do_is,28,0,1,601
008eb173,do_length,86,0,1,942
008eb1c9,FUN_008eb1c9,9,0,1,63
008eb1d2,do_narrow,53,0,1,725
008eb207,FUN_008eb207,15,0,1,128
008eb216,FUN_008eb216,21,0,1,144
008eb22b,FUN_008eb22b,21,0,1,144
008eb240,do_out,230,0,1,1901
008eb326,FUN_008eb326,15,0,1,128
008eb335,FUN_008eb335,21,0,1,144
008eb34a,FUN_008eb34a,21,0,1,144
008eb35f,FUN_008eb35f,303,0,1,2013
008eb48e,FUN_008eb48e,373,0,1,2103
008eb603,FUN_008eb603,303,0,1,2036
008eb732,FUN_008eb732,373,0,1,2120
008eb8a7,do_put,107,0,1,2307
008eb912,do_put,107,0,1,2307
008eb97d,FUN_008eb97d,342,0,1,2135
008ebad3,FUN_008ebad3,342,0,1,2138
008ebc29,do_put,91,0,1,1629
008ebc84,do_put,110,0,1,2370
008ebcf2,do_put,110,0,1,2370
008ebd60,FUN_008ebd60,451,0,1,2695
008ebf23,FUN_008ebf23,284,0,1,1870
008ec03f,FUN_008ec03f,284,0,1,1870
008ec15b,do_scan_is,61,0,1,854
008ec198,do_scan_not,61,0,1,857
008ec1d5,FUN_008ec1d5,5,0,1,103
008ec1da,do_tolower,21,0,1,471
008ec1ef,do_tolower,47,0,1,700
008ec21e,do_toupper,21,0,1,471
008ec233,do_toupper,47,0,1,700
008ec262,FUN_008ec262,136,0,1,1136
008ec2ea,FUN_008ec2ea,136,0,1,1030
008ec372,do_unshift,144,0,1,1298
008ec402,FUN_008ec402,9,0,1,151
008ec40b,do_widen,51,0,1,568
008ec43e,equal,58,40,1,875
008ec478,FUN_008ec478,39,1,1,409
008ec4a0,FUN_008ec4a0,24,6,1,165
008ec4b8,get_monthname,56,6,1,1843
008ec4f0,FUN_008ec4f0,56,3,1,399
008ec528,get_year,56,6,1,1818
008ec560,FUN_008ec560,117,3,1,693
008ec5d6,FUN_008ec5d6,166,3,1,1350
008ec681,FID_conflict:push_back,60,2,1,889
008ec6bd,FID_conflict:push_back,60,2,1,889
008ec6f9,FID_conflict:resize,35,2,1,715
008ec71c,FID_conflict:resize,35,2,1,715
008ec73f,sbumpc,60,1,1,827
008ec77b,sgetc,49,1,1,696
008ec7ac,sputc,72,1,1,868
008ec7f4,widen,39,3,1,609
008ec81b,FUN_008ec81b,44,1,1,416
008ec847,_Find_elem<char,12>,37,2,1,412
008ec86c,_Getvals<char>,124,1,1,1112
008ec8e8,_Getvals<>,107,1,1,1479
008ec953,FUN_008ec953,44,1,1,382
008ec97f,FUN_008ec97f,148,1,1,1194
008eca14,FUN_008eca14,148,1,1,1179
008ecaa9,FUN_008ecaa9,148,1,1,1179
008ecb3e,FUN_008ecb3e,148,1,1,1179
008ecbd3,FUN_008ecbd3,148,3,1,1179
008ecc68,FUN_008ecc68,148,3,1,1179
008eccfd,FUN_008eccfd,148,1,1,1179
008ecd92,FUN_008ecd92,148,1,1,1179
008ece27,time_get<char,std::istreambuf_iterator<char,std::char_traits<char>_>_>,51,2,1,968
008ece5a,~collate<>,26,1,1,605
008ece74,~time_put<>,26,1,1,1163
008ece8e,FUN_008ece8e,46,0,1,231
008ecebc,FUN_008ecebc,34,0,1,128
008ecede,FUN_008ecede,46,0,1,288
008ecf0c,FUN_008ecf0c,34,0,1,129
008ecf2e,_Getcat,162,2,1,1766
008ecfd0,Getcat,104,1,1,1587
008ed038,Getcat,104,1,1,2153
008ed0a0,Getcat,104,1,1,2153
008ed108,Getcat,132,1,1,1828
008ed18c,Getcat,133,1,1,1828
008ed211,Getcat,108,1,1,2207
008ed27d,Getcat,116,1,1,2556
008ed2f1,FUN_008ed2f1,304,1,1,3499
008ed421,FUN_008ed421,537,4,1,4042
008ed63a,FUN_008ed63a,2796,2,1,26552
008ee126,_Init,203,3,1,1955
008ee1f1,Init,56,1,1,903
008ee229,_Init,41,2,1,816
008ee252,_Makexloc,832,1,1,6186
008ee592,FUN_008ee592,55,1,1,464
008ee5c9,FUN_008ee5c9,1558,2,1,11061
008eebdf,FUN_008eebdf,44,1,1,446
008eec0b,do_compare,49,0,1,652
008eec3c,FUN_008eec3c,34,0,1,207
008eec5e,FUN_008eec5e,168,0,1,1728
008eed06,FUN_008eed06,210,0,1,2710
008eedd8,FUN_008eedd8,961,0,1,5500
008ef199,FUN_008ef199,1166,0,1,11745
008ef627,FUN_008ef627,66,0,1,466
008ef669,FUN_008ef669,290,0,1,2270
008ef78b,FUN_008ef78b,66,0,1,464
008ef7cd,FUN_008ef7cd,149,0,1,978
008ef862,do_hash,30,0,1,448
008ef880,FUN_008ef880,21,0,1,144
008ef895,FUN_008ef895,301,0,1,2235
008ef9c2,FUN_008ef9c2,371,0,1,2298
008efb35,FUN_008efb35,271,0,1,1945
008efc44,FUN_008efc44,134,0,1,1682
008efcca,__Stolx,164,8,1,1200
008efd6e,__Stoulx,370,10,1,2657
008efee0,__Stollx,203,3,1,1330
008effab,__Stoullx,446,4,1,2903
008f0169,__Getcoll,33,6,1,466
008f018a,__Strcoll,147,1,1,1439
008f021d,__Getdateorder,67,3,1,651
008f0260,__Wcscoll,136,1,1,1124
008f02e8,_wmemcmp,54,1,1,541
008f031e,FUN_008f031e,202,1,1,1319
008f03e8,__Strxfrm,170,1,1,1393
008f0492,___crtCompareStringA,614,1,1,4954
008f06f8,___crtCompareStringW,100,1,1,912
008f075c,GetRegisteredLocation,214,1,1,1306
008f0832,StringCchCopyA,69,1,1,556
008f0877,FID_conflict:StringCopyWorkerA,88,1,1,1113
008f08cf,_HtmlHelpW@16,243,1,1,1179
008f09e0,FUN_008f09e0,1330,80,1,18538
008f0f60,_memset,346,173,1,3435
008f10ba,FUN_008f10ba,111,2,1,1020
008f112a,FUN_008f112a,93,1,1,601
008f1187,FUN_008f1187,246,2,1,1530
008f127d,_JumpToContinuation,43,1,1,509
008f12ad,_UnwindNestedFrames,83,3,1,571
008f1300,__CatchGuardHandler,49,0,1,578
008f1331,__CreateFrameInfo,36,1,1,433
008f1355,FUN_008f1355,71,1,1,652
008f139d,__TranslatorGuardHandler,152,0,1,1150
008f143a,FID_conflict:___CxxFrameHandler3,54,0,1,618
008f1470,FUN_008f1470,619,1,1,9694
008f16db,FUN_008f16db,199,9,1,3195
008f17a2,FUN_008f17a2,164,7,1,1764
008f1846,___std_exception_copy,99,2,1,898
008f18a9,___std_exception_destroy,31,2,1,378
008f18c8,__CxxThrowException@8,108,38,1,847
008f1940,FUN_008f1940,299,2,1,5124
008f1a6b,FUN_008f1a6b,6,1,1,67
008f1a71,FUN_008f1a71,27,0,1,257
008f1a90,_memchr,173,3,1,1646
008f1b3d,___DestructExceptionObject,142,3,1,1007
008f1bde,_CallMemberFunction0,13,1,1,280
008f1beb,FUN_008f1beb,87,0,1,585
008f1c43,__IsExceptionObjectToBeDestroyed,38,1,1,486
008f1c69,___AdjustPointer,37,2,1,376
008f1c8e,FUN_008f1c8e,85,0,1,691
008f1ce4,FUN_008f1ce4,9,1,1,107
008f1ced,FUN_008f1ced,9,1,1,107
008f1cfb,FUN_008f1cfb,3722,9,1,39216
008f2c10,_ValidateLocalCookies,50,1,1,267
008f2c50,__except_handler4,350,0,1,2458
008f2dae,___vcrt_initialize,31,1,1,383
008f2dcd,___vcrt_uninitialize,23,2,1,283
008f2de4,___std_type_info_compare,60,1,1,804
008f2e20,___uncaught_exception,20,0,1,360
008f2e34,FUN_008f2e34,28,0,1,165
008f2e50,___vcrt_getptd,14,19,1,700
008f2e5e,___vcrt_getptd_noexit,146,1,1,976
008f2ef0,___vcrt_getptd_noinit,55,1,1,430
008f2f27,___vcrt_initialize_ptd,51,1,1,424
008f2f5a,___vcrt_uninitialize_ptd,27,2,1,278
008f2f75,FUN_008f2f75,308,1,1,2147
008f30b3,BuildCatchObjectInternal<__FrameHandler3>,140,1,1,1185
008f314c,CatchIt<__FrameHandler3>,128,2,1,1360
008f31cc,FUN_008f31cc,937,1,1,7512
008f3576,FUN_008f3576,309,1,1,2417
008f36ac,FID_conflict:___TypeMatch,142,2,1,1785
008f373a,__InternalCxxFrameHandler<__FrameHandler3>,258,3,1,2053
008f383c,FUN_008f383c,27,0,1,191
008f3857,FUN_008f3857,24,1,1,185
008f386f,operator==,31,1,1,403
008f388e,CallCatchBlock,177,1,1,1624
008f39d6,FUN_008f39d6,124,1,1,837
008f3a52,FUN_008f3a52,37,1,1,500
008f3a72,Catch_All@008f3a72,20,0,1,269
008f3a91,ExFilterRethrow,74,0,1,783
008f3adb,FrameUnwindToEmptyState,24,2,1,465
008f3af3,FUN_008f3af3,195,2,1,1017
008f3bc1,FUN_008f3bc1,20,1,1,227
008f3bdb,FUN_008f3bdb,153,1,1,1028
008f3c75,_CallMemberFunction1,16,1,1,284
008f3c85,_CallMemberFunction2,19,1,1,308
008f3c98,FUN_008f3c98,11,1,1,93
008f3cb0,__CallSettingFrame@12,76,2,1,431
008f3cfc,___except_validate_context_record,48,2,1,374
008f3d30,FUN_008f3d30,159,1,1,867
008f3e20,_EH4_CallFilterFunc,23,1,1,243
008f3e40,_EH4_TransferToHandler,25,1,1,464
008f3e60,_EH4_GlobalUnwind2,26,1,1,307
008f3e80,_EH4_LocalUnwind,23,1,1,324
008f3e97,___vcrt_initialize_locks,60,1,1,558
008f3ed3,___vcrt_uninitialize_locks,47,3,1,596
008f3f02,try_get_first_available_module,154,1,1,1569
008f3f9c,try_get_function,73,5,1,1004
008f3fe5,___vcrt_FlsAlloc,59,1,1,570
008f4020,___vcrt_FlsFree,59,1,1,400
008f405b,___vcrt_FlsGetValue,59,2,1,420
008f4096,___vcrt_FlsSetValue,62,2,1,443
008f40d4,___vcrt_InitializeCriticalSectionEx,71,1,1,634
008f411b,FUN_008f411b,28,1,1,299
008f4138,GetCurrentState,29,2,1,479
008f4155,SetState,14,2,1,400
008f4170,FUN_008f4170,12,1,1,215
008f4180,__NLG_Notify,31,2,1,380
008f41a0,FUN_008f41a0,3,1,1,85
008f41a3,___acrt_call_reportfault,313,2,1,980
008f42dc,FUN_008f42dc,15,0,1,178
008f42eb,FUN_008f42eb,99,2,1,803
008f434f,FUN_008f434f,16,196,1,76
008f435f,FUN_008f435f,28,2,1,198
008f437c,__invoke_watson,52,59,1,588
008f43b0,FUN_008f43b0,27,76,1,89
008f43cb,___acrt_errno_from_os_error,67,3,1,486
008f440e,___acrt_errno_map_os_error,35,23,1,382
008f4431,___doserrno,19,32,1,331
008f4444,__errno,19,268,1,317
008f4457,operator()<>,76,1,1,2045
008f44a6,FUN_008f44a6,12,1,1,133
008f44b2,operator()<>,76,1,1,2045
008f4501,FUN_008f4501,12,1,1,133
008f450d,operator()<>,76,1,1,2045
008f455c,FUN_008f455c,12,1,1,133
008f4568,operator()<>,76,1,1,2045
008f45b7,FUN_008f45b7,12,1,1,133
008f45c3,common_vsnprintf_s<wchar_t>,259,1,1,2313
008f46c6,common_vsprintf<__crt_stdio_output::format_validation_base,char>,382,1,1,3494
008f4844,common_vsprintf<__crt_stdio_output::format_validation_base,wchar_t>,391,2,1,3168
008f49cb,common_vsprintf<__crt_stdio_output::standard_base,char>,382,1,1,3454
008f4b49,common_vsprintf<__crt_stdio_output::standard_base,wchar_t>,391,1,1,3150
008f4cd0,common_vsprintf_s<char>,120,1,1,1032
008f4d48,common_vsprintf_s<wchar_t>,122,1,1,1060
008f4dc2,count<char>,24,6,1,421
008f4dda,count<wchar_t>,25,2,1,431
008f4df3,ensure_buffer_is_big_enough<char>,125,3,1,1237
008f4e70,ensure_buffer_is_big_enough<wchar_t>,126,1,1,1244
008f4eee,is_wide_character_specifier<char>,49,3,1,586
008f4f1f,is_wide_character_specifier<wchar_t>,78,3,1,708
008f4f6d,scratch_data<char>,30,2,1,559
008f4f8b,type_case_integer_parse_into_buffer<>,115,1,1,2639
008f4ffe,type_case_integer_parse_into_buffer<>,135,1,1,2765
008f5085,type_case_integer_parse_into_buffer<>,142,1,1,2789
008f5113,type_case_integer_parse_into_buffer<>,162,1,1,2925
008f51b5,write_multiple_characters<__crt_stdio_output::stream_output_adapter<char>,char>,59,1,1,953
008f51f0,write_multiple_characters<__crt_stdio_output::stream_output_adapter<wchar_t>,char>,64,1,1,1003
008f5230,write_multiple_characters<__crt_stdio_output::string_output_adapter<char>,char>,44,1,1,788
008f525c,write_multiple_characters<__crt_stdio_output::string_output_adapter<wchar_t>,char>,49,1,1,812
008f528d,common_data<char>,69,1,1,900
008f52d2,common_data<wchar_t>,74,1,1,964
008f531c,output_adapter_data<char,__crt_stdio_output::string_output_adapter<char>_>,60,4,1,1382
008f5358,output_adapter_data<wchar_t,__crt_stdio_output::string_output_adapter<wchar_t>_>,60,4,1,1442
008f5394,_LocaleUpdate,131,57,1,1331
008f5417,FUN_008f5417,16,1,1,182
008f5427,~formatting_buffer,26,8,1,384
008f5441,operator=,36,3,1,873
008f5465,operator(),191,1,1,2292
008f5524,operator(),191,1,1,2310
008f55e3,operator(),191,1,1,1919
008f56a2,operator(),191,1,1,1919
008f5770,crop_zeroes,126,2,1,1189
008f57f1,find_next_state,55,2,1,1111
008f5828,find_next_state,55,2,1,1085
008f585f,find_next_state,54,2,1,1144
008f5895,find_next_state,54,2,1,1126
008f58d0,force_decimal_point,101,2,1,950
008f5935,parse_int_from_format_string,116,2,1,2165
008f59a9,parse_int_from_format_string,118,2,1,2236
008f5a1f,process,259,1,1,4082
008f5b43,process,244,1,1,4694
008f5c57,process,259,1,1,4132
008f5d7b,process,244,1,1,4744
008f5e8f,process,264,1,1,4340
008f5fb7,process,249,1,1,4192
008f60d3,process,264,1,1,4340
008f61fb,process,249,1,1,4192
008f6317,state_case_flag,61,4,1,1438
008f6354,state_case_flag,61,4,1,1479
008f6391,state_case_normal,31,2,1,1007
008f63b0,state_case_normal,31,2,1,1037
008f63cf,state_case_normal,31,2,1,1073
008f63ee,state_case_normal,31,2,1,1073
008f640d,state_case_normal_common,58,1,1,1261
008f6447,state_case_normal_common,42,1,1,1142
008f6471,state_case_normal_common,42,1,1,1213
008f649b,state_case_normal_common,27,1,1,1077
008f64b6,state_case_normal_tchar,109,1,1,2068
008f6523,state_case_normal_tchar,100,1,1,1911
008f6587,state_case_precision,38,4,1,1161
008f65ad,state_case_precision,39,4,1,1187
008f65d4,state_case_size,334,2,1,6039
008f6722,state_case_size,334,2,1,6039
008f6870,state_case_size,376,2,1,3824
008f69e8,state_case_size,376,2,1,3824
008f6b60,state_case_type,562,3,1,10447
008f6d92,state_case_type,562,3,1,10447
008f6fc4,state_case_type,605,3,1,5410
008f7221,state_case_type,605,3,1,5410
008f747e,state_case_width,43,4,1,1235
008f74a9,state_case_width,44,4,1,1261
008f74e0,to_integer_size,59,3,1,518
008f753c,type_case_Z,90,2,1,2341
008f7596,type_case_Z,90,2,1,2395
008f75f0,type_case_a,337,2,1,4198
008f7741,type_case_a,359,2,1,4447
008f78a8,type_case_c_tchar,147,2,1,2967
008f793b,type_case_c_tchar,150,2,1,2786
008f79d1,type_case_integer,337,4,1,4179
008f7b22,type_case_integer,341,4,1,4234
008f7c77,type_case_n,116,4,1,2391
008f7ceb,type_case_o,31,2,1,1419
008f7d0a,type_case_o,31,2,1,1467
008f7d29,type_case_p,24,2,1,1380
008f7d41,type_case_p,24,2,1,1428
008f7d59,type_case_s,113,2,1,2281
008f7dca,type_case_s,115,2,1,2330
008f7e3d,type_case_s_compute_narrow_string_length,71,1,1,2113
008f7e84,validate,33,2,1,623
008f7ea5,validate,27,11,1,472
008f7ec0,validate_and_update_state_at_end_of_format_string,34,4,1,1270
008f7ee2,validate_stream_is_ansi_if_required,135,2,1,1148
008f7f69,write_character,66,3,1,940
008f7fab,write_character,69,3,1,928
008f7ff0,write_character_without_count_update,54,4,1,668
008f8026,write_character_without_count_update,57,4,1,685
008f805f,write_stored_string_tchar,165,1,1,2082
008f8104,write_stored_string_tchar,165,1,1,2082
008f81a9,write_stored_string_tchar,141,1,1,2165
008f8236,write_stored_string_tchar,141,1,1,1930
008f82c3,write_string,44,2,1,893
008f82ef,write_string,44,2,1,917
008f831b,write_string,103,2,1,1238
008f8382,write_string,113,2,1,1261
008f83f3,write_string_impl,158,1,1,1809
008f8491,write_string_impl,161,1,1,1870
008f8532,___acrt_locale_get_ctype_array_value,34,7,1,332
008f8554,___stdio_common_vfwprintf,131,1,1,1143
008f85d7,___stdio_common_vfwprintf,131,1,1,1143
008f865a,___stdio_common_vfwprintf,131,1,1,1143
008f86dd,___stdio_common_vfwprintf,131,1,1,1143
008f8760,___stdio_common_vsnwprintf_s,39,1,1,477
008f8787,___stdio_common_vsprintf,36,2,1,470
008f87ab,___stdio_common_vsprintf_s,36,1,1,486
008f87cf,___stdio_common_vswprintf,36,2,1,481
008f87f3,___stdio_common_vswprintf_s,36,2,1,497
008f8817,_wcscpy_s,100,61,1,986
008f887b,FUN_008f887b,290,2,1,5902
008f899d,FUN_008f899d,296,241,1,5024
008f8ac5,FUN_008f8ac5,432,14,1,5546
008f8c75,_wmemcpy_s,132,1,1,912
008f8d00,FUN_008f8d00,10,111,1,67
008f8d10,FUN_008f8d10,14,92,1,88
008f8d1e,_wcscat_s,117,33,1,1211
008f8d93,common_tcsncpy_s<wchar_t>,203,1,1,2123
008f8e5e,FUN_008f8e5e,11,42,1,166
008f8e69,_wcscmp,64,8,1,611
008f8eb0,FUN_008f8eb0,67,115,1,1038
008f8f00,FUN_008f8f00,67,117,1,1038
008f8f43,assemble_floating_point_snan<double>,33,1,1,418
008f8f64,assemble_floating_point_value_t<float>,48,1,1,505
008f8f94,assemble_floating_point_value_t<double>,66,1,1,555
008f8fd6,common_vsscanf<char>,180,1,1,1813
008f908a,common_vsscanf<wchar_t>,153,1,1,1783
008f9123,convert_decimal_string_to_floating_type<float>,33,1,1,616
008f9144,convert_decimal_string_to_floating_type<double>,33,1,1,704
008f9165,convert_hexadecimal_string_to_floating_type<float>,33,1,1,650
008f9186,convert_hexadecimal_string_to_floating_type<double>,33,1,1,738
008f91a7,is_overflow_condition<unsigned___int64>,65,4,1,695
008f91e8,make_input_adapter_character_source<>,30,6,1,1755
008f9206,parse_floating_point<>,121,1,1,2484
008f927f,parse_floating_point<>,121,1,1,2494
008f92f8,parse_floating_point<>,121,1,1,2196
008f9371,parse_floating_point<>,121,1,1,2206
008f93ea,parse_floating_point_from_source<__crt_strtox::input_adapter_character_source<__crt_stdio_input::string_input_adapter<char>_>_>,1117,2,1,9227
008f9847,parse_floating_point_from_source<>,3074,2,1,23723
008fa449,parse_floating_point_possible_infinity<char,__crt_strtox::input_adapter_character_source<__crt_stdio_input::string_input_adapter<char>_>,unsigned___int64>,191,1,1,2136
008fa508,parse_floating_point_possible_infinity<>,205,1,1,3133
008fa5d5,parse_floating_point_possible_nan<char,__crt_strtox::input_adapter_character_source<__crt_stdio_input::string_input_adapter<char>_>,unsigned___int64>,283,1,1,3138
008fa6f0,parse_floating_point_possible_nan<>,305,1,1,3949
008fa821,parse_floating_point_possible_nan_is_ind<char,__crt_strtox::input_adapter_character_source<__crt_stdio_input::string_input_adapter<char>_>_>,58,1,1,1096
008fa85b,parse_floating_point_possible_nan_is_ind<>,64,1,1,2026
008fa89b,parse_floating_point_possible_nan_is_snan<char,__crt_strtox::input_adapter_character_source<__crt_stdio_input::string_input_adapter<char>_>_>,58,1,1,1098
008fa8d5,parse_floating_point_possible_nan_is_snan<>,64,1,1,2031
008fa915,parse_floating_point_write_result<float>,323,3,1,1947
008faa81,parse_floating_point_write_result<double>,249,3,1,1930
008faba5,parse_integer<unsigned___int64,__crt_strtox::input_adapter_character_source<__crt_stdio_input::string_input_adapter<char>_>_>,702,1,1,8182
008fae63,parse_integer<>,1526,1,1,13488
008fb459,process_floating_point_specifier_t<float>,102,1,1,1203
008fb4bf,process_floating_point_specifier_t<float>,102,1,1,1240
008fb525,process_floating_point_specifier_t<double>,102,1,1,1210
008fb58b,process_floating_point_specifier_t<double>,102,1,1,1247
008fb5f1,process_string_specifier_tchar<char>,349,1,1,3042
008fb74e,process_string_specifier_tchar<char>,358,1,1,3316
008fb8b4,process_string_specifier_tchar<wchar_t>,359,1,1,3210
008fba1b,process_string_specifier_tchar<wchar_t>,359,1,1,3111
008fbb82,skip_whitespace<__crt_stdio_input::string_input_adapter,char>,47,1,1,725
008fbbb1,skip_whitespace<__crt_stdio_input::string_input_adapter,wchar_t>,47,1,1,721
008fbbe0,write_floating_point<float>,52,1,1,846
008fbc14,write_floating_point<float>,52,1,1,864
008fbc48,write_floating_point<double>,58,1,1,936
008fbc82,write_floating_point<double>,58,1,1,954
008fbcbc,format_string_parser<char>,74,1,1,1112
008fbd06,format_string_parser<wchar_t>,62,1,1,943
008fbd44,input_adapter_character_source<>,49,1,1,1826
008fbd75,input_processor<char,__crt_stdio_input::string_input_adapter<char>_>,68,1,1,1579
008fbdb9,input_processor<wchar_t,__crt_stdio_input::string_input_adapter<wchar_t>_>,68,1,1,1639
008fbdfd,FID_conflict:operator(),44,3,1,858
008fbe29,FID_conflict:operator(),42,3,1,726
008fbe53,advance,280,1,1,2937
008fbf6b,advance,260,1,1,2165
008fc06f,FUN_008fc06f,36,3,1,368
008fc094,FUN_008fc094,36,3,1,368
008fc0b9,assemble_floating_point_infinity,64,2,1,651
008fc0f9,assemble_floating_point_value,853,3,1,4778
008fc44e,assemble_floating_point_value_from_big_integer,404,1,1,2283
008fc5e2,assemble_floating_point_zero,53,2,1,614
008fc617,convert_decimal_string_to_floating_type_common,7380,2,1,49124
008fe2eb,convert_hexadecimal_string_to_floating_type_common,166,2,1,1650
008fe391,data,57,5,1,814
008fe3ca,denormal_mantissa_mask,23,1,1,424
008fe3f0,divide,1170,2,1,9818
008fe888,get,55,6,1,1086
008fe8bf,get,63,6,1,1103
008fe8fe,get,22,8,1,497
008fe914,get,26,6,1,529
008fe92e,invert,30,1,1,634
008fe94c,invert,46,1,1,655
008fe97a,is_character_allowed_in_string,80,2,1,1055
008fe9ca,is_character_allowed_in_string,74,2,1,1046
008fea14,length,65,3,1,896
008fea55,length,65,3,1,908
008fea96,normal_mantissa_mask,23,2,1,421
008feaad,process,132,1,1,1636
008feb31,process,141,1,1,1645
008febbe,process_character_count_specifier,24,1,1,779
008febf0,process_conversion_specifier,76,1,1,1388
008fec64,process_conversion_specifier,76,1,1,2583
008fecd8,process_floating_point_specifier,48,1,1,881
008fed08,process_floating_point_specifier,48,1,1,905
008fed38,process_integer_specifier,98,1,1,1502
008fed9a,process_integer_specifier,98,1,1,1383
008fedfc,process_literal_character,54,1,1,904
008fee32,process_literal_character,53,1,1,858
008fee67,process_literal_character_tchar,78,1,1,978
008feeb5,process_state,66,1,1,1112
008feef7,process_state,66,1,1,1171
008fef39,process_string_specifier,72,1,1,993
008fef81,process_string_specifier,72,1,1,1017
008fefc9,process_whitespace,29,4,1,778
008fefe6,process_whitespace,32,4,1,811
008ff006,reset,26,1,1,441
008ff020,reset_token_state_for_error,43,4,1,772
008ff04b,restore_state,37,4,1,917
008ff070,scan_conversion_specifier,363,1,1,3244
008ff1db,scan_conversion_specifier,332,1,1,2881
008ff327,scan_optional_assignment_suppressor,20,1,1,630
008ff33b,scan_optional_field_width,157,1,1,1498
008ff3d8,scan_optional_field_width,550,1,1,3238
008ff5fe,scan_optional_length_modifier,271,1,1,2328
008ff70d,scan_optional_length_modifier,314,1,1,2351
008ff847,scan_optional_literal_character_trail_bytes_tchar,82,1,1,1223
008ff899,scan_optional_wide_modifier,30,1,1,699
008ff8b7,scan_optional_wide_modifier,42,1,1,778
008ff8e1,scan_scanset_range,312,1,1,2852
008ffa19,scan_scanset_range,359,1,1,2469
008ffb80,set,38,1,1,497
008ffba6,set_wide_for_c_s_or_scanset,32,1,1,633
008ffbc6,set_wide_for_c_s_or_scanset,32,1,1,648
008ffbe6,should_default_to_wide,52,1,1,688
008ffc1a,test,43,1,1,475
008ffc45,to_floating_point_length,35,2,1,552
008ffc68,to_integer_length,49,2,1,626
008ffcbb,unget,71,5,1,1085
008ffd02,unget,75,5,1,1100
008ffd4d,unget,31,7,1,493
008ffd6c,unget,38,6,1,532
008ffd92,validate,28,2,1,503
008ffdae,validate,33,4,1,796
008ffdcf,validate,34,2,1,542
008ffdf1,write_character,109,1,1,1469
008ffe5e,FUN_008ffe5e,133,1,1,837
008ffee4,write_integer,110,2,1,1278
008fff52,write_integer,110,1,1,1302
008fffc0,___stdio_common_vsscanf,36,1,1,419
008fffe4,___stdio_common_vswscanf,36,2,1,430
00900008,__ischartype_l,84,6,1,641
0090005c,_memcpy_s,129,6,1,913
009000dd,_strcpy_s,90,12,1,943
00900137,__wremove,40,6,1,408
0090015f,FUN_0090015f,11,1,1,83
0090016a,FID_conflict:_wcsupr_s_l_stat,379,1,1,2891
009002e5,FUN_009002e5,23,1,1,137
009002fc,FID_conflict:__wcslwr_s_l,55,1,1,633
00900333,__fclose_nolock,119,1,1,835
009003aa,_fclose,119,52,1,668
00900424,FUN_00900424,10,1,1,119
0090042e,_feof,44,3,1,376
0090045a,_ferror,44,2,1,380
00900486,__fread_nolock_s,486,1,1,3850
0090066c,_fread,29,2,1,299
00900689,_fread_s,143,1,1,807
0090071e,FUN_0090071e,8,1,1,101
00900726,operator()<<lambda_4ac01c32aa5b53846f05d0620572872e>,<lambda_5856287d7ecd2be6c9197bb4007c3f6e>&,<lambda_e7a9868ed898c75c0f0637692d94351a>_>,76,1,1,1239
00900775,FUN_00900775,12,1,1,133
00900781,operator(),67,1,1,753
009007c4,__fwrite_nolock,385,1,1,2946
00900945,_fwrite,99,2,1,1192
009009a8,FID_conflict:__time64,94,2,1,827
00900a06,__ismbslead,23,2,1,252
00900a1d,__ismbslead_l,146,1,1,1210
00900aaf,_fabs,71,3,1,363
00900af6,___ascii_wcsicmp,61,4,1,526
00900b33,__towlower_internal,63,2,1,475
00900b72,__wcsicmp,73,17,1,512
00900bbb,__wcsicmp_l,184,1,1,1281
00900c73,FUN_00900c73,11,27,1,68
00900c7e,FID_conflict:_wcsupr_s_l_stat,379,1,1,2891
00900df9,FUN_00900df9,23,1,1,137
00900e10,FID_conflict:__wcslwr_s_l,55,1,1,633
00900e47,FUN_00900e47,654,1,1,4095
009010d6,FUN_009010d6,11,3,1,67
009010e1,__ismbstrail,23,1,1,255
009010f8,__ismbstrail_l,144,1,1,1165
00901188,__dtest,100,1,1,521
009011f0,_strlen,139,18,1,966
0090127b,is_overflow_condition<unsigned_long>,49,2,1,564
009012ac,parse_integer<unsigned_long,__crt_strtox::c_string_character_source<char>_>,547,1,1,4808
009014cf,parse_integer<unsigned_long,__crt_strtox::c_string_character_source<wchar_t>_>,1544,2,1,12429
00901ad7,parse_integer<unsigned___int64,__crt_strtox::c_string_character_source<char>_>,678,1,1,5985
00901d7d,parse_integer<unsigned___int64,__crt_strtox::c_string_character_source<wchar_t>_>,1745,1,1,13299
0090244e,unget,41,6,1,571
00902477,unget,46,2,1,596
009024a5,__wtol,35,11,1,337
009024c8,__mbschr,23,1,1,249
009024df,__mbschr_l,157,1,1,1371
0090257c,__mbscmp,23,1,1,247
00902593,__mbscmp_l,229,1,1,2155
00902680,FUN_00902680,201,1,1,1093
009026d0,FUN_009026d0,218,6,1,1046
00902720,FUN_00902720,434,6,1,1959
0090281d,__wcscoll_l,172,1,1,1547
009028c9,_wcscoll,114,2,1,905
0090293b,__waccess,24,10,1,272
00902953,__waccess_s,190,2,1,1341
00902a11,scale_count,100,1,1,585
00902a75,___acrt_initialize_clock,100,0,1,838
00902ad9,_clock,90,22,1,895
00902b33,_wcstombs_l_helper,671,2,1,4174
00902dd2,__wcstombs_s_l,199,1,1,1785
00902e99,_wcstombs,26,1,1,307
00902eb3,__acrt_convert_wcs_mbs_cp<char,wchar_t,<lambda_62f6974d9771e494a5ea317cc32e971c>,__crt_win32_buffer_internal_dynamic_resizing>,178,1,1,2222
00902f65,__acrt_mbs_to_wcs_cp<__crt_win32_buffer_internal_dynamic_resizing>,29,2,1,829
00902f82,common_open<char>,131,1,1,1081
00902ff5,FUN_00902ff5,46,1,1,447
00903036,common_open<wchar_t>,131,1,1,1097
009030a9,FUN_009030a9,46,1,1,447
009030ea,common_sopen_dispatch<wchar_t>,143,1,1,1190
0090317f,FUN_0090317f,44,1,1,383
009031ab,__acrt_get_utf8_acp_compatibility_codepage,63,2,1,708
009031ea,_deallocate,26,2,1,719
00903204,allocate,63,2,1,1031
00903243,allocate,31,1,1,603
00903262,FUN_00903262,594,1,1,3757
009034b5,create_file,37,1,1,548
009034da,decode_open_create_flags,112,1,1,851
0090354a,FUN_0090354a,377,1,1,2639
009036c4,truncate_ctrl_z_if_present,170,1,1,1176
0090376e,FID_conflict:__open,24,1,1,351
00903786,__sopen_nolock,110,1,1,1173
009037f4,FID_conflict:__open,24,1,1,365
0090380c,__wsopen_nolock,810,3,1,6281
00903b36,FID_conflict:__sopen_s,32,1,1,468
00903b56,common_lseek<__int64>,251,1,1,1381
00903c2b,FUN_00903c2b,8,1,1,78
00903c62,common_lseek_nolock<__int64>,124,2,1,1170
00903cde,__lseeki64,27,6,1,311
00903cf9,__lseeki64_nolock,27,11,1,332
00903d14,FUN_00903d14,116,1,1,879
00903d89,__get_sys_err_msg,76,1,1,592
00903dd5,FUN_00903dd5,11,2,1,67
00903de0,__acrt_convert_wcs_mbs_cp<wchar_t,char,<lambda_0fec1a7b3f42a53036604e18c2d5e07e>,__crt_win32_buffer_no_resizing>,199,1,1,2160
00903ea7,__acrt_get_full_path_name_wide<__crt_win32_buffer_no_resizing>,105,2,1,1380
00903f10,__acrt_get_full_path_name_wide<__crt_win32_buffer_public_dynamic_resizing>,105,2,1,1373
00903f79,__acrt_wcs_to_mbs_cp<__crt_win32_buffer_no_resizing>,29,1,1,743
00903f96,common_getdcwd<wchar_t>,346,1,1,3090
009040f0,deallocate,26,1,1,606
0090410a,allocate,39,2,1,836
00904131,allocate,63,2,1,986
00904170,allocate,31,1,1,572
0090418f,detach,82,2,1,1073
009041e1,is_valid_drive,124,1,1,971
0090425d,set_to_nullptr,20,1,1,755
00904271,__wgetcwd,28,5,1,296
0090428d,__acrt_get_current_directory_wide<__crt_win32_buffer_internal_dynamic_resizing>,89,1,1,1253
009042e6,common_chdir<wchar_t>,208,1,1,1621
009043b6,set_cwd_environment_variable<wchar_t>,126,1,1,995
00904434,FUN_00904434,11,1,1,95
0090443f,common_fgets<char>,182,1,1,1485
009044f8,FUN_009044f8,10,1,1,118
00904502,common_fgets<wchar_t>,181,1,1,1475
009045ba,FUN_009045ba,10,1,1,118
009045c4,FUN_009045c4,11,1,1,73
009045cf,FUN_009045cf,11,4,1,76
009045da,common_fsopen<wchar_t>,156,2,1,1026
00904679,FUN_00904679,23,1,1,234
00904690,__wfopen,23,1,1,271
009046a7,__wfopen_s,71,1,1,611
009046ee,_abs,15,58,1,178
009046fd,__isleadbyte_l,58,4,1,538
00904737,FID_conflict:_iswalnum,22,1,1,293
0090474d,FID_conflict:_iswalpha,22,1,1,275
00904763,FID_conflict:__iswdigit_l,19,1,1,274
00904776,FID_conflict:_iswprint,22,2,1,275
0090478c,FID_conflict:__iswspace_l,19,2,1,292
0090479f,FUN_0090479f,94,7,1,738
009047fe,operator()<<lambda_1f7e3ac85ca3635646511ad93ac0febe>,<lambda_555255fdfb9471e5fa7bfca50021c162>&,<lambda_24f51f8b0c33fe186c624e6675644b7a>_>,76,1,1,1201
0090484d,FUN_0090484d,12,1,1,126
00904859,FUN_00904859,520,1,1,2962
00904a62,FUN_00904a62,530,1,1,3500
00904c75,operator(),318,1,1,2537
00904db3,accumulate_inheritable_handles,57,1,1,1041
00904dec,FUN_00904dec,26,12,1,144
00904e10,FUN_00904e10,77,2,1,239
00904e60,FUN_00904e60,260,1,1,1082
00904eb0,FUN_00904eb0,76,1,1,1082
00904f00,FUN_00904f00,76,4,1,4084
00904f50,_strcmp,133,10,1,1827
00904fdc,common_tcsncpy_s<char>,179,1,1,2035
0090508f,FUN_0090508f,11,3,1,157
0090509a,FUN_0090509a,250,6,1,1170
00905194,FUN_00905194,11,11,1,68
009051a0,_strcspn,70,3,1,1420
009051e6,_localeconv,40,15,1,334
0090520e,__wmkdir,42,4,1,430
00905238,FUN_00905238,40,1,1,259
00905260,__crt_time_is_leap_year<int>,66,4,1,523
009052a2,compute_iso_week,73,1,1,546
009052eb,compute_iso_week_internal,149,2,1,834
00905380,compute_iso_year,43,1,1,425
009053ab,expand_time,2466,3,1,12797
00905d6f,store_number,148,1,1,865
00905e03,store_number_without_lead_zeroes,108,1,1,969
00905e6f,store_string,49,1,1,500
00905ea0,store_winword,1094,1,1,7801
009062e6,FUN_009062e6,350,1,1,2638
00906445,FUN_00906445,350,1,1,2645
009065a4,FUN_009065a4,1787,1,1,12806
00906ca0,__Wcsftime,32,2,1,326
00906cc0,__Wcsftime_l,369,3,1,2647
00906e31,_wcsftime,31,1,1,297
00906e50,__wchmod,133,1,1,1050
00906ed5,__fcloseall,162,2,1,972
00906f77,FUN_00906f77,9,1,1,70
00906f80,common_tcsncat_s<wchar_t>,231,1,1,2315
00907067,FUN_00907067,11,4,1,166
00907072,_fgetpos,91,1,1,663
009070cd,_fsetpos,59,1,1,507
00907108,operator()<<lambda_4fdada1b837b2abbf20876fac97688ad>,<lambda_b57350f2640456a0859d250846f69caf>&,<lambda_eed5e4f92b5b7d55fa22c48c484aaa54>_>,65,1,1,1172
00907149,FUN_00907149,12,1,1,126
00907155,operator()<<lambda_135d2772fca65dc1248eeaa1b56e886a>,<lambda_2a444430fde8c29194d880d93eed5e8f>&,<lambda_8dff2cf36a5417162780cd64fa2883ef>&>,54,1,1,1131
0090718b,FUN_0090718b,15,1,1,197
0090719a,operator()<<lambda_e5124f882df8998aaf41531e079ba474>,<lambda_3e16ef9562a7dcce91392c22ab16ea36>&,<lambda_e25ca0880e6ef98be67edffd8c599615>_>,98,1,1,1369
009071fc,FUN_009071fc,12,1,1,126
00907208,FUN_00907208,73,1,1,464
00907252,FUN_00907252,47,1,1,370
00907282,operator(),106,1,1,1338
009072ec,operator(),254,1,1,2136
009073ea,FUN_009073ea,67,1,1,387
0090742e,FUN_0090742e,52,2,1,381
00907463,FUN_00907463,95,2,1,513
009074c3,FUN_009074c3,11,1,1,155
009074ce,___acrt_uninitialize_locale,39,0,1,702
009074f5,FUN_009074f5,111,1,1,545
00907565,FUN_00907565,335,1,1,2107
009076b5,__configthreadlocale,98,0,1,761
00907717,__copytlocinfo_nolock,47,1,1,642
00907746,FUN_00907746,965,2,1,5533
00907b0c,FUN_00907b0c,64,2,1,543
00907b4d,__wsetlocale,131,2,1,1323
00907bd0,FUN_00907bd0,410,1,1,3422
00907d6b,FUN_00907d6b,751,1,1,4622
0090805b,FUN_0090805b,932,1,1,6022
00908400,get_default_code_page,47,1,1,389
0090842f,parse_bcp47,490,1,1,3259
00908619,FUN_00908619,62,1,1,394
00908658,FUN_00908658,113,1,1,640
009086ca,FUN_009086ca,184,1,1,1207
00908783,FUN_00908783,111,1,1,593
009087f3,string_is_alpha,61,3,1,630
00908830,_strcat_s,105,1,1,1227
00908899,FUN_00908899,11,4,1,69
00908924,~__crt_unique_heap_ptr<__acrt_thread_parameter,_anon_4E93FCDD::thread_parameter_free_policy>,55,2,1,1064
0090895b,common_end_thread,86,1,1,965
009089b2,create_thread_parameter,80,1,1,1164
00908a02,__beginthread,142,1,1,1559
00908a98,__endthreadex,14,0,1,296
00908aa6,__resetstkoflw,197,0,1,1664
00908b6b,common_fullpath<wchar_t>,152,1,1,1878
00908c03,__wfullpath,30,1,1,327
00908c21,cleanup_after_error<wchar_t>,34,1,1,365
00908c43,common_makepath_s<wchar_t>,368,1,1,2715
00908db3,FUN_00908db3,11,2,1,240
00908dbe,common_splitpath_internal<wchar_t,<lambda_f6e7cb69a00ce1cff62d195aff42129b>,<lambda_b4d07a523b4d373503b74dd7549a02ff>_>,497,1,1,3535
00908faf,reset_buffers<wchar_t,<lambda_f6e7cb69a00ce1cff62d195aff42129b>_>,57,1,1,806
00908fe8,__wsplitpath_s,87,5,1,1009
0090903f,__crt_time_elapsed_leap_years<__int64>,100,1,1,677
009090a3,__crt_time_is_leap_year<__int64>,80,1,1,486
009090f3,FUN_009090f3,960,1,1,6194
009094b4,FUN_009094b4,19,1,1,90
009094c7,_wcscspn,89,6,1,665
00909520,_wcspbrk,78,7,1,713
0090956e,_wcsspn,93,1,1,709
009095cb,rand_s,72,1,1,560
00909613,__strnicmp,109,2,1,759
00909680,__strnicmp_l,201,1,1,1423
00909762,FUN_00909762,6,1,1,69
00909768,FUN_00909768,6,1,1,69
0090976e,_wcsncmp,58,6,1,447
009097a8,operator()<<lambda_ef6b757a63730a33f4943726b93a6067>,<lambda_9c645fab1d4a924f8397138f47c100b0>&,<lambda_dd86053b4b787bcf319bf79a27aadbcb>_>,76,1,1,1189
009097f7,FUN_009097f7,12,1,1,133
00909803,operator(),100,1,1,978
00909867,_fputws,82,1,1,1010
009098b9,_clearerr_s,160,1,1,977
0090995c,FUN_0090995c,8,1,1,101
00909964,__acrt_stdio_parse_mode<char>,554,1,1,4902
00909b8e,__acrt_stdio_parse_mode<wchar_t>,619,1,1,4760
00909df9,common_fdopen<char>,239,1,1,1955
00909ec6,FUN_00909ec6,10,1,1,119
00909ef2,__acrt_stdio_parse_mode_D,27,2,1,380
00909f0d,__acrt_stdio_parse_mode_T,31,2,1,384
00909f2c,FID_conflict:__acrt_stdio_parse_mode_b,32,2,1,538
00909f4c,__acrt_stdio_parse_mode_c,34,2,1,421
00909f6e,__acrt_stdio_parse_mode_n,34,2,1,426
00909f90,__acrt_stdio_parse_mode_plus,54,2,1,552
00909fc6,FID_conflict:__acrt_stdio_parse_mode_b,32,2,1,538
00909fe6,__acrt_stdio_parse_mode_x,32,2,1,382
0090a006,FUN_0090a006,11,1,1,110
0090a011,operator()<<lambda_2866be3712abc81a800a822484c830d8>,<lambda_39ca0ed439415581b5b15c265174cece>&,<lambda_2b24c74d71094a6cd0cb82e44167d71b>_>,128,1,1,1611
0090a091,FUN_0090a091,12,1,1,133
0090a09d,operator()<<lambda_2cc53f568c5a2bb6f192f930a45d44ea>,<lambda_ab61a845afdef5b7c387490eaf3616ee>&,<lambda_c2ffc0b7726aa6be21d5f0026187e748>_>,160,1,1,2449
0090a13d,FUN_0090a13d,12,1,1,126
0090a149,operator()<<lambda_6d20deecaf4856105ebacbad442d1079>,<lambda_9a32fed5bf61b6b509b2d3f6003082a1>&,<lambda_63ea2239ed67c638ddbae41947fdf875>_>,81,1,1,1176
0090a19d,FUN_0090a19d,12,1,1,133
0090a1a9,common_flush_all,77,3,1,976
0090a1f6,common_flush_all_should_try_to_flush_stream,51,2,1,545
0090a229,is_stream_flushable_or_commitable,37,2,1,354
0090a24e,___acrt_stdio_flush_nolock,101,5,1,934
0090a2b3,__fflush_nolock,72,2,1,586
0090a2fb,__flushall,9,1,1,214
0090a304,_fflush,85,1,1,1027
0090a359,__fileno,39,20,1,310
0090a380,LongLongSub,122,1,1,906
0090a3fa,common_fseek,126,2,1,750
0090a47b,FUN_0090a47b,10,1,1,115
0090a485,common_fseek_binary_mode_read_only_fast_track_nolock,217,1,1,1468
0090a55e,common_fseek_nolock,222,1,1,1347
0090a63c,__fseeki64,27,1,1,247
0090a657,_fseek,27,2,1,267
0090a672,common_ftell<long>,100,1,1,625
0090a6d9,FUN_0090a6d9,10,1,1,115
0090a6e3,common_ftell<__int64>,112,1,1,643
0090a759,FUN_0090a759,10,1,1,115
0090a763,common_ftell_nolock<long>,43,1,1,529
0090a78e,common_ftell_nolock<__int64>,388,3,1,2045
0090a912,common_ftell_read_mode_nolock,441,1,1,2580
0090aacb,common_ftell_translated_utf8_nolock,406,1,1,2738
0090ac61,count_newline_bytes,126,2,1,1429
0090acdf,FUN_0090acdf,11,1,1,115
0090acea,FUN_0090acea,11,1,1,122
0090acf5,FUN_0090acf5,11,3,1,73
0090ad00,___acrt_lowio_create_handle_array,123,2,1,1008
0090ad7b,___acrt_lowio_destroy_handle_array,53,0,1,642
0090adb0,___acrt_lowio_ensure_fh_exists,146,1,1,996
0090ae45,FUN_0090ae45,9,1,1,70
0090ae4e,___acrt_lowio_lock_fh,35,6,1,301
0090ae71,___acrt_lowio_set_os_handle,146,2,1,1066
0090af03,___acrt_lowio_unlock_fh,35,9,1,363
0090af26,__alloc_osfhnd,263,2,1,1837
0090b030,FUN_0090b030,9,1,1,70
0090b039,__free_osfhnd,145,2,1,1100
0090b0ca,__get_osfhandle,106,5,1,781
0090b134,__open_osfhandle,235,1,1,1497
0090b225,FUN_0090b225,37,1,1,290
0090b24a,common_xtox<unsigned_long,wchar_t>,179,1,1,1407
0090b2fd,common_xtox_s<unsigned_long,wchar_t>,114,1,1,941
0090b36f,__itow_s,51,2,1,428
0090b3a2,_ldiv,14,3,1,289
0090b3b0,FUN_0090b3b0,11,1,1,68
0090b3bb,__expand_base,200,1,1,1370
0090b483,FUN_0090b483,11,2,1,67
0090b48e,__msize_base,51,2,1,413
0090b4c1,__towupper_l,166,1,1,975
0090b567,_towupper,19,1,1,232
0090b57a,__towlower_l,162,2,1,975
0090b61c,_towlower,19,1,1,232
0090b62f,make_c_string_character_source<>,27,6,1,696
0090b64a,_strtol,42,1,1,509
0090b674,strtoull,42,1,1,543
0090b69e,_wcstol,42,2,1,508
0090b6c8,wcstoull,42,1,1,546
0090b6f2,__wcsicoll,73,1,1,515
0090b73b,__wcsicoll_l,138,1,1,1065
0090b7c5,__recalloc_base,109,3,1,687
0090b840,FUN_0090b840,466,4,1,1807
0090b95d,common_strtod_l<>,143,1,1,1435
0090b9ec,common_strtod_l<>,137,1,1,1444
0090ba75,parse_floating_point<__crt_strtox::c_string_character_source<char>,float>,116,1,1,1397
0090bae9,parse_floating_point<__crt_strtox::c_string_character_source<char>,double>,116,1,1,1404
0090bb5d,parse_floating_point_from_source<__crt_strtox::c_string_character_source<char>_>,1001,2,1,8810
0090bf46,parse_floating_point_possible_infinity<char,__crt_strtox::c_string_character_source<char>,char_const*>,162,1,1,1783
0090bfe8,parse_floating_point_possible_nan<char,__crt_strtox::c_string_character_source<char>,char_const*>,271,1,1,2883
0090c0f7,parse_floating_point_possible_nan_is_ind<char,__crt_strtox::c_string_character_source<char>_>,60,1,1,845
0090c133,parse_floating_point_possible_nan_is_snan<char,__crt_strtox::c_string_character_source<char>_>,60,1,1,847
0090c16f,operator(),38,1,1,570
0090c195,FID_conflict:_strtod,23,1,1,354
0090c1ac,strtof,23,1,1,223
0090c1c3,__tolower_l,260,1,1,1724
0090c2c7,__toupper_l,261,1,1,1724
0090c3cc,_tolower,48,2,1,306
0090c3fc,_toupper,48,3,1,307
0090c42c,__seh_filter_exe,344,0,1,2119
0090c584,FUN_0090c584,6,2,1,67
0090c58a,FUN_0090c58a,15,0,1,89
0090c599,__crt_fast_encode_pointer<>,31,5,1,546
0090c5b8,___acrt_has_user_matherr,24,5,1,511
0090c5d0,FUN_0090c5d0,15,0,1,178
0090c5df,___acrt_invoke_user_matherr,50,2,1,648
0090c611,___setusermatherr,21,0,1,377
0090c626,common_configure_argv<wchar_t>,303,1,1,2235
0090c755,parse_command_line<wchar_t>,404,1,1,2782
0090c8e9,___acrt_allocate_buffer_for_argv,79,2,1,532
0090c938,FUN_0090c938,11,0,1,110
0090c943,common_get_or_create_environment_nolock<wchar_t>,44,0,1,745
0090c96f,common_initialize_environment_nolock<wchar_t>,78,1,1,758
0090c9bd,FUN_0090c9bd,268,1,1,1713
0090caca,free_environment<>,47,4,1,679
0090caf9,initialize_environment_by_cloning_nolock<wchar_t>,125,1,1,1033
0090cb76,uninitialize<>,41,1,1,740
0090cb9f,uninitialize_environment_internal<>,27,0,1,468
0090cbba,uninitialize_environment_internal<>,27,0,1,468
0090cbda,FUN_0090cbda,55,0,1,234
0090cc16,__get_wide_winmain_command_line,74,1,1,814
0090cc60,__initterm,69,2,1,591
0090cca5,__initterm_e,46,1,1,537
0090ccd3,operator()<<lambda_03b1d95aef87969028cfba75ccab2455>,<lambda_6e4b09c48022b2350581041d5f6b0c4c>&,<lambda_22bdf7517842c4b3e53723af5aa32b9e>_>,65,1,1,1172
0090cd14,FUN_0090cd14,12,1,1,126
0090cd20,operator(),193,1,1,1304
0090cdfa,FUN_0090cdfa,19,0,1,78
0090ce0d,common_exit,100,3,1,1307
0090ce71,exit_or_terminate_process,65,1,1,636
0090ceb3,try_cor_exit_process,83,2,1,578
0090cf06,FUN_0090cf06,15,0,1,89
0090cf24,__cexit,15,1,1,173
0090cf33,FID_conflict:__Exit,22,3,1,231
0090cf49,__register_thread_local_exe_atexit_callback,38,1,1,701
0090cf6f,_exit,22,1,1,178
0090cf85,FUN_0090cf85,45,2,1,248
0090cfb2,__set_fmode,61,0,1,458
0090cfef,__setmode_nolock,207,1,1,1219
0090d0be,FUN_0090d0be,7,3,1,67
0090d0c5,__set_new_mode,47,0,1,489
0090d0f4,FUN_0090d0f4,6,0,1,70
0090d0fa,operator()<<lambda_69a2805e680e0e292e8ba93315fe43a8>,<lambda_f03950bc5685219e0bcd2087efbe011e>&,<lambda_03fcd07e894ec930e3f35da366ca99d6>_>,76,1,1,1195
0090d149,FUN_0090d149,12,1,1,126
0090d155,operator()<<lambda_8e746cf0007f6ed984d6f78af1fec997>,<lambda_22ebabd17bc4fa466a2aca6d8deb888d>&,<lambda_18ed0c0b38a6dc0daf1e7ac6d6adf05e>_>,76,1,1,1195
0090d1a4,FUN_0090d1a4,12,1,1,126
0090d1b0,operator(),297,1,1,2510
0090d2d9,operator(),218,1,1,2155
0090d3b3,__crt_atexit,22,1,1,220
0090d3c9,__execute_onexit_table,45,1,1,748
0090d3f6,__initialize_onexit_table,41,1,1,416
0090d41f,__register_onexit_function,51,2,1,813
0090d4b8,uninitialize_allocated_memory,23,0,1,382
0090d51f,operator(),46,1,1,677
0090d54d,___acrt_initialize,18,1,1,260
0090d55f,___acrt_uninitialize,48,1,1,423
0090d58f,FUN_0090d58f,52,5,1,378
0090d5cb,__errcode,52,2,1,550
0090d5ff,__except1,206,3,1,1072
0090d6cd,FUN_0090d6cd,226,1,1,1057
0090d7af,FUN_0090d7af,491,3,1,3367
0090d99a,FUN_0090d99a,13,1,1,112
0090d9a7,__raise_exc,35,1,1,377
0090d9ca,__raise_exc_ex,758,3,1,4455
0090dcc0,__set_errno_from_matherr,47,4,1,373
0090dcef,__umatherr,160,2,1,1274
0090dd8f,__controlfp_s,95,2,1,758
0090de2f,___acrt_lock,23,28,1,238
0090de46,FUN_0090de46,49,0,1,464
0090de77,___acrt_unlock,23,30,1,300
0090de8e,__lock_locales,14,1,1,245
0090dea5,operator()<<lambda_646e26742ed01d5bc03234f44bb6d3d3>,<lambda_b37934c380d97b75fd242ea49540127a>&,<lambda_bbd9d45274666fbb50f81a29ad795c13>_>,76,1,1,1173
0090def4,FUN_0090def4,12,1,1,126
0090df00,FUN_0090df00,350,1,1,2582
0090e05f,FUN_0090e05f,154,1,1,934
0090e0fa,_setlocale,56,4,1,900
0090e132,___pctype_func,36,12,1,348
0090e160,_islower,132,1,1,638
0090e1f0,_isspace,132,5,1,638
0090e280,_isupper,132,1,1,638
0090e304,____lc_codepage_func,37,5,1,344
0090e329,____lc_collate_cp_func,37,3,1,351
0090e34e,____lc_locale_name_func,39,10,1,362
0090e375,____mb_cur_max_func,37,1,1,340
0090e39a,___acrt_locale_initialize_ctype,1118,0,1,8661
0090e7f8,FUN_0090e7f8,498,4,1,1939
0090e9f0,FUN_0090e9f0,84,2,1,306
0090ea4d,FUN_0090ea4d,452,1,1,3612
0090ec11,FUN_0090ec11,40,1,1,123
0090ec39,FUN_0090ec39,67,16,1,487
0090ec7d,___strncnt,28,3,1,346
0090ec99,FUN_0090ec99,9,1,1,68
0090eca2,FUN_0090eca2,261,1,1,2272
0090eda8,FUN_0090eda8,9,1,1,68
0090edb1,FUN_0090edb1,275,1,1,2381
0090eeca,__Strftime,32,1,1,319
0090eeea,__Strftime_l,253,1,1,2310
0090efe7,operator()<<lambda_218ce3db14220d0be481dae8ef3383b6>,<lambda_628dfdc04ba53c8bfc02c9951375f3f5>&,<lambda_57dc472bd5c9d5f3b2cbca59b8a843ae>_>,125,1,1,1435
0090f067,FUN_0090f067,12,1,1,135
0090f073,__close,141,3,1,1318
0090f100,__close_nolock,156,2,1,1097
0090f19c,translate_text_mode_nolock<char>,340,1,1,2934
0090f2f0,translate_text_mode_nolock<wchar_t>,431,1,1,3228
0090f49f,translate_ansi_or_utf8_nolock,343,1,1,2422
0090f5f6,translate_utf16_from_console_nolock,123,1,1,1074
0090f671,__read,262,3,1,1510
0090f752,FUN_0090f752,8,1,1,78
0090f785,__read_nolock,944,4,1,7078
0090fb35,write_double_translated_ansi_nolock,940,1,1,6713
0090fee1,write_double_translated_unicode_nolock,104,1,1,1316
0090ff49,write_requires_double_translation_nolock,113,1,1,822
0090ffba,write_text_ansi_nolock,219,1,1,1874
00910095,write_text_utf16le_nolock,233,1,1,1884
0091017e,write_text_utf8_nolock,306,1,1,2218
009102b0,__write,228,6,1,1303
0091036f,FUN_0091036f,8,1,1,78
009103a2,__write_nolock,474,2,1,3018
00910580,_strncmp,115,1,1,1191
009105f8,operator()<<lambda_15ade71b0218206bbe3333a0c9b79046>,<lambda_da44e0f8b0f19ba52fefafb335991732>&,<lambda_207f2d024fc103971653565357d6cd41>_>,70,1,1,1213
0091063e,FUN_0091063e,12,1,1,126
0091064a,operator()<<lambda_38edbb1296d33220d7e4dd0ed76b244a>,<lambda_5ce1d447e08cb34b2473517608e21441>&,<lambda_fb385d3da700c9147fc39e65dd577a8c>_>,95,1,1,1407
009106a9,FUN_009106a9,12,1,1,126
009106b5,operator()<<lambda_6affb1475c98b40b75cdec977db92e3c>,<lambda_b8d4b9c228a6ecc3f80208dbb4b4a104>&,<lambda_608742c3c92a14382c1684fc64f96c88>_>,73,1,1,1225
009106fe,FUN_009106fe,12,1,1,126
0091070a,operator()<<lambda_a7e850c220f1c8d1e6efeecdedd162c6>,<lambda_46720907175c18b6c9d2717bc0d2d362>&,<lambda_9048902d66e8d99359bc9897bbb930a8>_>,78,1,1,1264
00910758,FUN_00910758,12,1,1,126
00910764,construct_ptd,153,3,1,1711
009107fd,destroy_fls,33,0,1,281
0091081e,destroy_ptd,205,1,1,1801
009108eb,replace_current_thread_locale_nolock,75,2,1,820
00910936,FUN_00910936,188,31,1,1254
009109f3,FUN_009109f3,153,1,1,1067
00910a8d,___acrt_getptd_noexit,181,7,1,1233
00910b6e,FUN_00910b6e,26,0,1,152
00910b88,FID_conflict:_free,58,79,1,618
00910bc2,__malloc_base,78,28,1,594
00910c10,__mbtowc_l,322,5,1,2428
00910d52,_mbtowc,26,2,1,289
00910d6c,__wctomb_s_l,347,4,1,2517
00910ec7,_wctomb_s,29,2,1,326
00910ee4,___acrt_update_locale_info,45,10,1,366
00910f11,___acrt_update_multibyte_info,45,1,1,426
00910f3e,__acrt_fp_classify,98,2,1,804
00910fa0,fe_to_nearest,163,1,1,901
00911043,fp_format_a,783,1,1,6054
00911352,FUN_00911352,161,2,1,817
009113f3,FUN_009113f3,327,2,1,2205
0091153b,FUN_0091153b,147,1,1,789
009115ce,fp_format_f_internal,248,2,1,1794
009116c6,FUN_009116c6,204,1,1,1335
00911792,FUN_00911792,148,1,1,1014
00911827,shift_bytes,52,2,1,522
0091185b,should_round_up,147,1,1,1262
009118ee,FUN_009118ee,348,2,1,2146
00911a4a,fputwc_binary_nolock,48,1,1,507
00911a7a,__fputwc_nolock,297,2,1,1853
00911c6b,___acrt_iob_func,16,2,1,205
00911cc7,__lock_file,20,18,1,223
00911cdb,__unlock_file,20,20,1,227
00911cef,__fputc_nolock,41,2,1,447
00911d18,__get_printf_count_output,21,1,1,286
00911d2d,___acrt_should_use_temporary_buffer,59,3,1,522
00911d68,___acrt_stdio_begin_temporary_buffering_nolock,172,6,1,1507
00911e14,___acrt_stdio_end_temporary_buffering_nolock,58,6,1,517
00911e4e,initialize_inherited_file_handles_nolock,182,0,1,1486
00911f04,FUN_00911f04,180,0,1,1471
0091200f,FUN_0091200f,9,0,1,70
009120c0,FUN_009120c0,9,0,1,155
00912110,__cintrindisp2,80,0,1,254
00912160,__cintrindisp1,73,0,1,254
009121a9,__ctrandisp2,65,1,1,404
009121ea,FUN_009121ea,7,2,1,2146
009121f1,FUN_009121f1,327,2,1,2073
00912338,__ctrandisp1,51,1,1,337
0091236b,__fload,60,2,1,477
009123b0,FUN_009123b0,21,1,1,224
009123c5,FUN_009123c5,23,2,1,48
009123dc,FUN_009123dc,25,4,1,130
009123f5,__fload_withFB,67,9,1,300
00912438,FUN_00912438,22,2,1,169
0091244e,FUN_0091244e,13,1,1,48
0091245b,__math_exit,42,7,1,359
00912499,FUN_00912499,163,1,1,653
00912540,FUN_00912540,20,0,1,123
00912554,FUN_00912554,157,2,1,887
0091265f,FUN_0091265f,147,1,1,831
00912700,FUN_00912700,24,0,1,104
00912718,FUN_00912718,6,1,1,2417
0091271e,FUN_0091271e,395,1,1,2462
009128ff,FUN_009128ff,147,1,1,831
009129a0,FUN_009129a0,24,0,1,104
009129b8,FUN_009129b8,6,1,1,2349
009129be,FUN_009129be,425,1,1,2397
00912b68,_iswctype,105,11,1,630
00912bd1,__isctype_l,203,4,1,1478
00912c9c,__calloc_base,93,30,1,689
00912cf9,__fgetwc_nolock,371,1,1,2405
00912e6c,FUN_00912e6c,11,1,1,86
00912e77,__fgetc_nolock,60,1,1,626
00912eb3,FUN_00912eb3,11,2,1,69
00912ebe,__ungetc_nolock,250,1,1,1902
00912fb8,_ungetc,101,1,1,556
00913023,FUN_00913023,8,1,1,101
0091302b,fegetround,13,3,1,270
00913038,___acrt_LCMapStringW,62,4,1,591
00913076,__acrt_stdio_allocate_stream,93,2,1,793
009130d6,FUN_009130d6,9,1,1,70
009130df,__acrt_stdio_free_stream,59,3,1,421
0091311a,find_or_allocate_unused_stream_nolock,194,1,1,1690
009131dc,___acrt_stdio_free_buffer_nolock,64,1,1,554
0091321c,common_refill_and_read_nolock<char>,394,1,1,2341
009133a6,common_refill_and_read_nolock<wchar_t>,453,1,1,2810
0091356b,FUN_0091356b,11,2,1,90
00913576,FUN_00913576,11,1,1,93
00913581,common_flush_and_write_nolock<char>,240,1,1,1635
00913671,common_flush_and_write_nolock<wchar_t>,244,1,1,1646
00913765,write_buffer_nolock<char>,204,1,1,1485
00913831,write_buffer_nolock<wchar_t>,206,1,1,1477
009138ff,stream_is_at_end_of_file_nolock,133,2,1,946
00913984,FUN_00913984,11,2,1,90
0091398f,FUN_0091398f,11,1,1,93
0091399a,<lambda_invoker_stdcall>,13,0,1,453
009139a7,operator()<<lambda_6b4b7855443974f2b4b77000ea21c99c>,<lambda_8f7d3b162ab39427f4fa9995c67a7986>&,<lambda_cc9a5ba8a5d8428b9634eab82665e5dc>_>,109,1,1,1411
00913a17,FUN_00913a17,12,1,1,126
00913a23,operator(),47,1,1,707
00913a52,try_get_AreFileApisANSI,26,2,1,427
00913a6c,try_get_CompareStringEx,26,3,1,705
00913a86,try_get_EnumSystemLocalesEx,26,2,1,600
00913aa0,try_get_GetDateFormatEx,26,2,1,678
00913aba,try_get_GetLocaleInfoEx,26,2,1,536
00913ad4,try_get_GetTimeFormatEx,26,2,1,640
00913aee,try_get_GetUserDefaultLocaleName,26,2,1,506
00913b08,try_get_IsValidLocaleName,26,2,1,473
00913b22,try_get_LCIDToLocaleName,26,2,1,531
00913b3c,try_get_LCMapStringEx,26,2,1,694
00913b56,try_get_LocaleNameToLCID,26,2,1,509
00913b70,try_get_first_available_module,199,1,1,1786
00913c37,try_get_function,131,22,1,1312
00913cba,___acrt_AppPolicyGetProcessTerminationMethodInternal@4,64,1,1,635
00913cfa,___acrt_AppPolicyGetThreadInitializationTypeInternal@4,64,1,1,635
00913d3a,___acrt_AreFileApisANSI@0,31,1,1,371
00913d59,___acrt_CompareStringEx@36,93,1,1,944
00913db6,___acrt_EnumSystemLocalesEx@16,84,2,1,1355
00913e0a,___acrt_FlsAlloc@4,63,0,1,447
00913e49,___acrt_FlsFree@4,63,1,1,605
00913e88,___acrt_FlsGetValue@4,63,3,1,621
00913ec7,___acrt_FlsSetValue@8,66,3,1,652
00913f09,___acrt_GetDateFormatEx@28,87,1,1,849
00913f60,___acrt_GetLocaleInfoEx@16,63,8,1,622
00913f9f,___acrt_GetTimeFormatEx@24,69,1,1,782
00913fe4,___acrt_GetUserDefaultLocaleName@8,60,1,1,622
00914020,___acrt_InitializeCriticalSectionEx@12,75,2,1,627
0091406b,___acrt_IsValidLocaleName@4,56,1,1,564
009140a3,___acrt_LCIDToLocaleName@16,63,2,1,532
009140e2,___acrt_LCMapStringEx@36,93,2,1,906
0091413f,___acrt_LocaleNameToLCID@8,49,6,1,507
00914170,___acrt_RoInitialize@4,59,0,1,533
009141ab,___acrt_RoUninitialize@0,46,1,1,448
009141d9,FUN_009141d9,63,1,1,428
00914219,___acrt_SetThreadStackGuarantee@4,59,1,1,547
00914254,FUN_00914254,11,1,1,332
0091425f,___acrt_eagerly_load_locale_apis,55,3,1,537
009142c1,___acrt_uninitialize_winapi_thunks,54,0,1,569
0091432c,FUN_0091432c,6,2,1,70
00914332,FUN_00914332,6,1,1,70
00914338,FUN_00914338,6,2,1,70
0091433e,FUN_0091433e,6,2,1,67
00914344,FUN_00914344,6,3,1,67
0091434a,FUN_0091434a,44,4,1,248
00914376,FID_conflict:__get_dstbias,44,5,1,416
009143a2,FID_conflict:__get_dstbias,44,5,1,416
009143ce,__crt_time_elapsed_leap_years<int>,58,2,1,361
00914408,common_gmtime_s<__int64>,330,1,1,2632
00914552,compute_year,185,1,1,1544
0091460b,FUN_0091460b,11,2,1,118
00914616,FUN_00914616,537,1,1,2282
00914830,FUN_00914830,319,1,1,2077
00914970,FUN_00914970,70,1,1,624
009149b7,FUN_009149b7,672,1,1,3823
00914c58,FUN_00914c58,345,1,1,2037
00914db2,tzset_nolock,229,1,1,1338
00914e97,FUN_00914e97,65,1,1,431
00914ed9,___tzset,84,3,1,494
00914f2d,FUN_00914f2d,9,1,1,70
00914f36,__isindst,72,1,1,383
00914f81,FUN_00914f81,9,1,1,70
00914f8a,to_abstract_control,188,1,1,1125
00915046,to_abstract_control,185,1,1,1023
009150ff,to_machine_sse_control,205,1,1,1258
009151cc,to_machine_x87_control,219,1,1,1330
009152a7,___acrt_fenv_get_common_round_control,34,1,1,375
009152c9,___acrt_fenv_get_control,128,2,1,977
00915349,___acrt_fenv_get_status,184,1,1,714
00915401,___acrt_fenv_set_control,104,1,1,864
00915469,___acrt_fenv_set_status,247,1,1,653
00915640,FUN_00915640,24,0,1,104
00915658,FUN_00915658,6,1,1,3475
0091565e,FUN_0091565e,681,1,1,3518
00915a00,FUN_00915a00,24,0,1,104
00915a18,FUN_00915a18,6,1,1,1304
00915a1e,FUN_00915a1e,564,1,1,1268
00915c60,___libm_error_support,500,5,1,2762
00915f09,___acrt_CompareStringW,101,3,1,768
00915f6e,___acrt_WideCharToMultiByte,183,9,1,1341
00916025,__wcsrtombs_utf8,254,1,1,1838
00916123,___acrt_MultiByteToWideChar,124,7,1,858
0091619f,__crt_seek_guard,77,1,1,882
009161ec,__chsize_nolock,368,1,1,2834
0091635c,FUN_0091635c,6,1,1,81
00916362,FUN_00916362,6,1,1,69
00916368,_mbstowcs_l_helper,419,1,1,3190
0091650b,__mbstowcs_s_l,224,1,1,2021
009165eb,_mbstowcs_s,32,1,1,426
0091660b,get_drive_number_from_path,43,1,1,443
00916636,__getdrive,164,1,1,951
009166da,common_openfile<wchar_t>,131,1,1,1178
0091675d,FUN_0091675d,11,1,1,79
00916768,FUN_00916768,237,1,1,1872
00916856,FUN_00916856,749,1,1,5632
00916b44,FID_conflict:operator(),74,1,1,858
00916b8e,FID_conflict:___acrt_pack_narrow_command_line_and_environment,121,1,1,1030
00916c60,FUN_00916c60,24,0,1,104
00916c78,FUN_00916c78,6,1,1,2672
00916c7e,FUN_00916c7e,639,1,1,2725
00917030,FUN_00917030,24,0,1,104
00917048,FUN_00917048,6,1,1,2829
0091704e,FUN_0091704e,590,1,1,2864
009172a0,FUN_009172a0,79,1,1,291
009172f8,FUN_009172f8,184,1,1,840
009173b0,FUN_009173b0,24,1,1,104
009173c8,FUN_009173c8,6,1,1,2897
009173ce,FUN_009173ce,614,1,1,2933
00917640,FUN_00917640,25,1,1,138
00917659,FUN_00917659,2822,2,1,17091
00918160,FUN_00918160,16,1,1,106
00918170,FUN_00918170,210,3,1,1416
00918242,__set_exp,45,2,1,323
0091826f,__sptype,94,5,1,654
009182cd,___set_fpsr_sse2,80,1,1,480
0091834d,__clrfp,17,1,1,194
0091835e,__ctrlfp,42,8,1,198
00918388,FUN_00918388,89,1,1,136
009183e1,__statfp,16,1,1,196
009183f1,___acrt_locale_free_monetary,254,2,1,1920
009184ef,___acrt_locale_initialize_monetary,950,0,1,6211
009188a5,___acrt_locale_free_numeric,105,2,1,820
0091890e,___acrt_locale_initialize_numeric,526,0,1,3788
00918b1c,free_crt_array_internal,56,1,1,564
00918b54,initialize_lc_time,636,1,1,3142
00918dd0,___acrt_locale_free_time,228,2,1,1012
00918eb4,___acrt_locale_initialize_time,123,0,1,1109
00918f2f,___acrt_GetStringTypeA,259,4,1,2031
00919032,___acrt_add_locale_ref,125,3,1,1453
009190af,___acrt_free_locale,328,3,1,2160
009191f7,___acrt_locale_add_lc_time_reference,41,1,1,547
00919220,___acrt_locale_free_lc_time_if_unreferenced,49,1,1,430
00919251,___acrt_locale_release_lc_time_reference,41,2,1,529
0091927a,___acrt_release_locale_ref,129,3,1,1590
009192fb,FUN_009192fb,98,2,1,637
0091935b,FUN_0091935b,9,1,1,70
00919364,FUN_00919364,18,1,1,120
0091937c,__updatetlocinfoEx_nolock,80,3,1,744
009193cc,operator()<<lambda_ceb1ee4838e85a9d631eb091e2fbe199>,<lambda_ae742caa10f662c28703da3d2ea5e57e>&,<lambda_cd08b5d6af4937fe54fc07d0c9bf6b37>_>,65,1,1,1172
0091940d,FUN_0091940d,12,1,1,126
00919419,operator(),131,1,1,1010
0091949c,CPtoLocaleName,62,1,1,436
009194da,getSystemCP,113,2,1,721
0091954b,setSBCS,101,1,1,909
009195b0,setSBUpLow,384,1,1,2866
00919730,FUN_00919730,48,1,1,2222
00919760,FUN_00919760,228,0,1,2327
00919844,FUN_00919844,129,2,1,1024
009198c3,FUN_009198c3,9,1,1,70
009198cc,FUN_009198cc,18,1,1,120
009198e4,FUN_009198e4,72,0,1,332
0091992c,___acrt_update_thread_multibyte_data,19,1,1,319
0091993f,__setmbcp_nolock,499,1,1,3710
00919b32,FUN_00919b32,134,1,1,851
00919bb9,_GetLocaleNameFromLangCountry,153,1,1,1024
00919c52,_GetLocaleNameFromLanguage,89,1,1,723
00919cab,_GetPrimaryLen,52,3,1,462
00919cdf,FUN_00919cdf,735,0,1,5001
00919fbf,FUN_00919fbf,190,0,1,1232
0091a07e,_ProcessCodePage,246,1,1,2053
0091a174,_TestDefaultCountry,77,1,1,557
0091a1c1,_TranslateName,109,1,1,752
0091a22e,FUN_0091a22e,506,1,1,2859
0091a429,_CountryEnumProc@4,167,0,1,1094
0091a4d0,_GetLcidFromCountry,75,1,1,653
0091a51b,_GetLcidFromLangCountry,155,1,1,1120
0091a5b6,_GetLcidFromLanguage,95,1,1,847
0091a615,_GetPrimaryLen,44,3,1,407
0091a641,_LangCountryEnumProc@4,595,0,1,3496
0091a894,_LanguageEnumProc@4,213,0,1,1388
0091a969,_LcidFromHexString,81,3,1,526
0091a9ba,_ProcessCodePage,225,1,1,1931
0091aa9b,_TestDefaultCountry,37,2,1,361
0091aac0,_TestDefaultLanguage,110,2,1,878
0091ab2e,_TranslateName,97,1,1,751
0091ab8f,___acrt_get_qualified_locale_downlevel,501,1,1,2660
0091ad84,__realloc_base,105,2,1,848
0091aded,___acrt_get_begin_thread_init_policy,68,0,1,581
0091ae31,___acrt_get_process_end_policy,49,1,1,419
0091ae70,___ascii_strnicmp,97,1,1,1369
0091aed1,___ascii_wcsnicmp,79,5,1,668
0091af20,__wcsnicmp,76,4,1,543
0091af6c,__wcsnicmp_l,211,1,1,1443
0091b03f,operator()<<lambda_9e9de3de5fa147e2223d7db92bc10aa6>,<lambda_38ce7e780aa69e748d6df282ebc68efe>&,<lambda_8ca6da459f0f6780f1cff60fdc3d00e5>_>,147,1,1,1676
0091b0d5,FUN_0091b0d5,12,1,1,135
0091b0e1,__commit,125,1,1,1208
0091b22e,__acrt_LCMapStringA_stat,490,1,1,3457
0091b418,___acrt_LCMapStringA,73,4,1,696
0091b461,FUN_0091b461,24,0,1,152
0091b479,FUN_0091b479,551,1,1,3854
0091b6a1,FUN_0091b6a1,179,2,1,1205
0091b755,expand_argument_wildcards<wchar_t>,370,1,1,2282
0091b8c7,operator(),36,1,1,513
0091b8eb,expand_if_necessary,135,1,1,1305
0091b972,FUN_0091b972,11,1,1,67
0091b97d,find_end_of_double_null_terminated_sequence,55,1,1,633
0091b9b4,___dcrt_get_wide_environment_from_os,80,2,1,712
0091ba04,FUN_0091ba04,594,1,1,3718
0091bc57,FUN_0091bc57,189,1,1,1599
0091bd15,FUN_0091bd15,26,1,1,140
0091bd2f,find_in_environment_nolock<wchar_t>,88,1,1,826
0091bd87,FUN_0091bd87,11,1,1,67
0091bda8,___acrt_execute_initializers,104,1,1,1046
0091be10,___acrt_execute_uninitializers,49,1,1,457
0091be41,FUN_0091be41,15,0,1,178
0091be50,__callnewh,45,3,1,384
0091be7d,__query_new_handler,80,1,1,573
0091bed0,FUN_0091bed0,9,1,1,70
0091bed9,operator()<<lambda_cbab9ec6f41b0180b23cc171c22676b0>,<lambda_44731a7d0e6d81c3e6aa82d741081786>&,<lambda_4b292cb8dd18144e164572427af410ab>_>,85,1,1,1446
0091bf31,FUN_0091bf31,12,1,1,126
0091bf3d,get_global_action_nolock,66,1,1,670
0091bf7f,siglookup,40,1,1,609
0091bfa7,___acrt_get_sigabrt_handler,39,1,1,734
0091bfce,FUN_0091bfce,30,0,1,262
0091bfec,FUN_0091bfec,474,1,1,3363
0091c178,FUN_0091c178,15,1,1,146
0091c1df,___hw_cw_sse2,167,1,1,1064
0091c286,__clearfp,222,1,1,1804
0091c364,__control87,769,1,1,4425
0091c665,__hw_cw,158,1,1,993
0091c703,InternalGetLocaleInfoA,223,1,1,2096
0091c7e2,FUN_0091c7e2,431,4,1,2321
0091c992,__copysign,35,1,1,300
0091c9b5,__fpclass,164,1,1,946
0091cc70,__trandisp1,117,2,1,1373
0091cce5,__trandisp2,154,2,1,1756
0091cebd,FUN_0091cebd,7,0,1,48
0091ced0,FUN_0091ced0,23,2,1,115
0091cee7,__startOneArgErrorHandling,60,9,1,277
0091cf23,FUN_0091cf23,104,1,1,486
0091cf8b,FUN_0091cf8b,299,1,1,1731
0091d0b6,__isatty,86,3,1,534
0091d10c,operator(),44,1,1,553
0091d138,__mbrtowc_utf8,64,1,1,614
0091d178,__mbsrtowcs_utf8,251,2,1,2097
0091d273,__putwch_nolock,50,1,1,419
0091d2a5,__c32rtomb_utf8,171,2,1,1578
0091d350,return_illegal_sequence,31,3,1,410
0091d36f,FUN_0091d36f,11,1,1,153
0091d37a,FUN_0091d37a,126,1,1,950
0091d3f8,FUN_0091d3f8,227,3,1,1832
0091d4db,FUN_0091d4db,5403,3,1,42773
0091e9f7,__87except,266,2,1,1506
0091eb01,___acrt_GetStringTypeW,25,1,1,276
0091eb1a,___acrt_stdio_allocate_buffer_nolock,92,5,1,821
0091eb76,GetTableIndexFromLocaleName,80,1,1,666
0091ebc6,FUN_0091ebc6,169,1,1,1200
0091ec70,___acrt_DownlevelLocaleNameToLCID,44,1,1,438
0091ec9c,common_dupenv_s<>,89,1,1,863
0091ecf8,FUN_0091ecf8,9,1,1,72
0091ed01,FUN_0091ed01,171,1,1,1319
0091edad,common_getenv_nolock<wchar_t>,132,2,1,1142
0091ee31,common_getenv_s<>,83,1,1,758
0091ee87,FUN_0091ee87,9,1,1,72
0091ee90,FUN_0091ee90,182,1,1,1272
0091ef47,FID_conflict:__dupenv_s,30,1,1,407
0091ef65,FUN_0091ef65,11,1,1,72
0091ef70,__frnd,20,3,1,267
0091ef84,__c16rtomb_utf8,154,1,1,1082
0091f030,_qsort,1229,1,1,7727
0091f520,_strpbrk,64,0,1,1430
0091f560,__wcsnicoll,109,2,1,753
0091f5cd,__wcsnicoll_l,192,1,1,1340
0091f68d,__mbrtoc32_utf8,423,2,1,3294
0091f834,__dcrt_lowio_initialize_console_output,31,2,1,416
0091f853,___dcrt_lowio_ensure_console_output_initialized,31,1,1,350
0091f872,FID_conflict:___dcrt_terminate_console_output,23,1,1,482
0091f889,___dcrt_write_console,85,1,1,624
0091f8de,fegetenv,29,3,1,322
0091f8fb,fesetenv,75,2,1,515
0091f946,feholdexcept,77,1,1,502
0091f993,FUN_0091f993,19,0,1,129
0091f9a6,FUN_0091f9a6,172,1,1,1081
0091fa60,__FindPESection,67,1,1,868
0091fab0,__IsNonwritableInCurrentImage,164,1,1,849
0091fb70,__ValidateImageBase,51,1,1,448
0091fbb0,__aulldvrm,149,7,1,1312
0091fc50,__allshl,31,6,1,444
0091fc70,__aullshr,31,6,1,440
0091fc90,__alldvrm,223,2,1,1764
0091fd70,FUN_0091fd70,311,1,1,12355
0091fea7,__filter_x86_sse2_floating_point_exception_default,120,2,1,794
0091ff30,Unwind@0091ff30,8,0,1,75
0091ff60,Unwind@0091ff60,8,0,1,70
0091ff68,Unwind@0091ff68,14,0,1,70
0091ff76,Unwind@0091ff76,14,0,1,215
0091ff84,Unwind@0091ff84,14,0,1,217
0091ff92,Unwind@0091ff92,14,0,1,217
0091ffa0,Unwind@0091ffa0,14,0,1,217
0091ffae,Unwind@0091ffae,14,0,1,217
0091ffbc,Unwind@0091ffbc,14,0,1,70
0091ffca,Unwind@0091ffca,14,0,1,217
0091ffd8,Unwind@0091ffd8,14,0,1,217
0091ffe6,Unwind@0091ffe6,14,0,1,217
0091fff4,Unwind@0091fff4,14,0,1,217
00920002,Unwind@00920002,14,0,1,70
00920010,Unwind@00920010,14,0,1,70
0092001e,Unwind@0092001e,14,0,1,70
0092002c,Unwind@0092002c,14,0,1,70
0092003a,Unwind@0092003a,14,0,1,70
00920048,Unwind@00920048,14,0,1,70
00920056,Unwind@00920056,14,0,1,70
00920064,Unwind@00920064,14,0,1,217
00920072,Unwind@00920072,14,0,1,217
00920080,Unwind@00920080,14,0,1,217
0092008e,Unwind@0092008e,14,0,1,70
009200c0,Unwind@009200c0,8,0,1,70
009200f0,Unwind@009200f0,8,0,1,70
009200f8,Unwind@009200f8,8,0,1,70
00920100,Unwind@00920100,8,0,1,70
00920130,Unwind@00920130,8,0,1,70
00920160,Unwind@00920160,11,0,1,70
009201a0,Unwind@009201a0,8,0,1,70
009201a8,Unwind@009201a8,14,0,1,216
009201b6,Unwind@009201b6,14,0,1,217
009201f0,Unwind@009201f0,14,0,1,70
009201fe,Unwind@009201fe,14,0,1,70
0092020c,Unwind@0092020c,14,0,1,70
0092021a,Unwind@0092021a,14,0,1,70
00920250,Unwind@00920250,11,0,1,70
00920290,Unwind@00920290,11,0,1,70
0092029b,Unwind@0092029b,11,0,1,70
009202a6,Unwind@009202a6,11,0,1,70
009202e0,Unwind@009202e0,11,0,1,70
009202eb,Unwind@009202eb,11,0,1,70
00920330,Unwind@00920330,11,0,1,70
0092033b,Unwind@0092033b,11,0,1,70
00920380,Unwind@00920380,11,0,1,70
0092038b,Unwind@0092038b,11,0,1,70
009203d0,Unwind@009203d0,11,0,1,70
009203db,Unwind@009203db,11,0,1,70
00920420,Unwind@00920420,11,0,1,70
0092042b,Unwind@0092042b,11,0,1,70
00920470,Unwind@00920470,8,0,1,70
009204a0,Unwind@009204a0,11,0,1,70
009204ab,Unwind@009204ab,11,0,1,70
009204b6,Unwind@009204b6,11,0,1,70
009204c1,Unwind@009204c1,11,0,1,70
00920500,Unwind@00920500,11,0,1,70
0092050b,Unwind@0092050b,11,0,1,70
00920550,Unwind@00920550,11,0,1,70
0092055b,Unwind@0092055b,11,0,1,70
00920566,Unwind@00920566,11,0,1,70
009205a0,Unwind@009205a0,11,0,1,70
009205ab,Unwind@009205ab,11,0,1,70
009205b6,Unwind@009205b6,11,0,1,70
009205c1,Unwind@009205c1,11,0,1,70
009205cc,Unwind@009205cc,11,0,1,70
00920610,Unwind@00920610,8,0,1,70
00920618,Unwind@00920618,14,0,1,216
00920626,Unwind@00920626,14,0,1,217
00920660,Unwind@00920660,8,0,1,70
00920668,Unwind@00920668,8,0,1,70
009206a0,Unwind@009206a0,8,0,1,70
009206a8,Unwind@009206a8,8,0,1,70
009206e0,Unwind@009206e0,8,0,1,70
009206e8,Unwind@009206e8,14,0,1,217
009206f6,Unwind@009206f6,14,0,1,217
00920750,Unwind@00920750,8,0,1,70
00920758,Unwind@00920758,8,0,1,70
00920790,Unwind@00920790,10,0,1,126
009207c0,Unwind@009207c0,8,0,1,70
009207c8,Unwind@009207c8,14,0,1,70
009207d6,Unwind@009207d6,14,0,1,216
009207e4,Unwind@009207e4,14,0,1,217
00920820,Unwind@00920820,8,0,1,70
00920828,Unwind@00920828,14,0,1,70
00920836,Unwind@00920836,14,0,1,216
00920870,Unwind@00920870,8,0,1,70
00920878,Unwind@00920878,10,0,1,126
009208b0,Unwind@009208b0,8,0,1,70
009208b8,Unwind@009208b8,8,0,1,70
009208f0,Unwind@009208f0,8,0,1,70
009208f8,Unwind@009208f8,8,0,1,70
00920930,Unwind@00920930,8,0,1,70
00920970,Unwind@00920970,8,0,1,70
00920978,Unwind@00920978,14,0,1,216
00920986,Unwind@00920986,14,0,1,217
00920994,Unwind@00920994,14,0,1,217
009209a2,Unwind@009209a2,14,0,1,70
009209e0,Unwind@009209e0,8,0,1,70
009209e8,Unwind@009209e8,14,0,1,70
009209f6,Unwind@009209f6,14,0,1,216
00920a04,Unwind@00920a04,14,0,1,217
00920a12,Unwind@00920a12,14,0,1,217
00920a20,Unwind@00920a20,14,0,1,70
00920a50,Unwind@00920a50,8,0,1,70
00920a80,Unwind@00920a80,8,0,1,70
00920a88,Unwind@00920a88,8,0,1,70
00920a90,Unwind@00920a90,8,0,1,70
00920a98,Unwind@00920a98,8,0,1,70
00920aa0,Unwind@00920aa0,8,0,1,70
00920ae0,Unwind@00920ae0,11,0,1,70
00920b20,Unwind@00920b20,11,0,1,70
00920b60,Unwind@00920b60,8,0,1,70
00920b68,Unwind@00920b68,14,0,1,216
00920b76,Unwind@00920b76,14,0,1,217
00920b84,Unwind@00920b84,14,0,1,217
00920b92,Unwind@00920b92,14,0,1,217
00920bd0,Unwind@00920bd0,11,0,1,70
00920bdb,Unwind@00920bdb,11,0,1,70
00920c20,Unwind@00920c20,8,0,1,70
00920c28,Unwind@00920c28,8,0,1,70
00920c60,Unwind@00920c60,8,0,1,70
00920c68,Unwind@00920c68,8,0,1,70
00920c70,Unwind@00920c70,8,0,1,70
00920ca0,Unwind@00920ca0,11,0,1,70
00920cab,Unwind@00920cab,11,0,1,70
00920cf0,Unwind@00920cf0,10,0,1,126
00920cfa,Unwind@00920cfa,8,0,1,70
00920d30,Unwind@00920d30,8,0,1,70
00920d70,Unwind@00920d70,8,0,1,70
00920d78,Unwind@00920d78,14,0,1,70
00920d86,Unwind@00920d86,14,0,1,70
00920d94,Unwind@00920d94,14,0,1,217
00920da2,Unwind@00920da2,14,0,1,217
00920db0,Unwind@00920db0,14,0,1,217
00920dbe,Unwind@00920dbe,14,0,1,217
00920dcc,Unwind@00920dcc,14,0,1,217
00920dda,Unwind@00920dda,14,0,1,217
00920de8,Unwind@00920de8,14,0,1,217
00920df6,Unwind@00920df6,14,0,1,217
00920e04,Unwind@00920e04,14,0,1,217
00920e12,Unwind@00920e12,14,0,1,217
00920e20,Unwind@00920e20,14,0,1,217
00920e2e,Unwind@00920e2e,14,0,1,217
00920e60,Unwind@00920e60,8,0,1,70
00920e68,Unwind@00920e68,8,0,1,70
00920e70,Unwind@00920e70,8,0,1,70
00920e78,Unwind@00920e78,8,0,1,70
00920e80,Unwind@00920e80,8,0,1,70
00920e88,Unwind@00920e88,8,0,1,70
00920ec0,Unwind@00920ec0,8,0,1,70
00920ec8,Unwind@00920ec8,8,0,1,70
00920f00,Unwind@00920f00,8,0,1,70
00920f08,Unwind@00920f08,14,0,1,70
00920f16,Unwind@00920f16,14,0,1,70
00920f24,Unwind@00920f24,14,0,1,70
00920f32,Unwind@00920f32,14,0,1,70
00920f40,Unwind@00920f40,14,0,1,70
00920f4e,Unwind@00920f4e,14,0,1,70
00920f5c,Unwind@00920f5c,14,0,1,70
00920f6a,Unwind@00920f6a,14,0,1,70
00920f78,Unwind@00920f78,14,0,1,70
00920f86,Unwind@00920f86,14,0,1,70
00920f94,Unwind@00920f94,14,0,1,70
00920fa2,Unwind@00920fa2,14,0,1,70
00920fb0,Unwind@00920fb0,14,0,1,70
00920fbe,Unwind@00920fbe,14,0,1,70
00920fcc,Unwind@00920fcc,14,0,1,70
00920fda,Unwind@00920fda,14,0,1,70
00920fe8,Unwind@00920fe8,14,0,1,70
00921020,Unwind@00921020,8,0,1,70
00921050,Unwind@00921050,8,0,1,70
00921080,Unwind@00921080,8,0,1,70
00921088,Unwind@00921088,14,0,1,70
00921096,Unwind@00921096,14,0,1,70
009210a4,Unwind@009210a4,14,0,1,70
009210b2,Unwind@009210b2,14,0,1,70
009210c0,Unwind@009210c0,14,0,1,70
009210ce,Unwind@009210ce,14,0,1,70
009210dc,Unwind@009210dc,14,0,1,70
009210ea,Unwind@009210ea,14,0,1,217
009210f8,Unwind@009210f8,14,0,1,217
00921106,Unwind@00921106,14,0,1,217
00921114,Unwind@00921114,14,0,1,217
00921122,Unwind@00921122,14,0,1,217
00921130,Unwind@00921130,14,0,1,217
0092113e,Unwind@0092113e,14,0,1,217
0092114c,Unwind@0092114c,14,0,1,217
0092115a,Unwind@0092115a,14,0,1,217
00921168,Unwind@00921168,14,0,1,217
009211a0,Unwind@009211a0,8,0,1,201
009211a8,Unwind@009211a8,14,0,1,70
009211b6,Unwind@009211b6,14,0,1,70
009211c4,Unwind@009211c4,14,0,1,70
00921200,Unwind@00921200,11,0,1,70
0092120b,Unwind@0092120b,11,0,1,70
00921216,Unwind@00921216,11,0,1,70
00921221,Unwind@00921221,11,0,1,70
00921280,Unwind@00921280,11,0,1,70
009212b0,Unwind@009212b0,8,0,1,70
009212f0,Unwind@009212f0,8,0,1,70
00921330,Unwind@00921330,11,0,1,70
00921370,Unwind@00921370,8,0,1,70
009213b0,Unwind@009213b0,8,0,1,70
009213b8,Unwind@009213b8,14,0,1,70
009213c6,Unwind@009213c6,14,0,1,70
009213d4,Unwind@009213d4,14,0,1,70
00921410,Unwind@00921410,8,0,1,70
00921418,Unwind@00921418,11,0,1,70
00921423,Unwind@00921423,14,0,1,70
00921431,Unwind@00921431,14,0,1,70
0092143f,Unwind@0092143f,14,0,1,70
0092144d,Unwind@0092144d,14,0,1,70
0092145b,Unwind@0092145b,14,0,1,70
00921469,Unwind@00921469,14,0,1,70
00921477,Unwind@00921477,14,0,1,70
009214b0,Unwind@009214b0,11,0,1,70
009214e0,Unwind@009214e0,8,0,1,70
009214e8,Unwind@009214e8,8,0,1,70
00921520,Unwind@00921520,11,0,1,70
0092152b,Unwind@0092152b,11,0,1,70
00921536,Unwind@00921536,8,0,1,70
0092153e,Unwind@0092153e,11,0,1,70
00921549,Unwind@00921549,13,0,1,127
00921556,Unwind@00921556,13,0,1,127
00921563,Unwind@00921563,13,0,1,127
00921570,Unwind@00921570,13,0,1,127
0092157d,Unwind@0092157d,13,0,1,127
0092158a,Unwind@0092158a,13,0,1,127
00921597,Unwind@00921597,13,0,1,127
009215a4,Unwind@009215a4,13,0,1,127
009215b1,Unwind@009215b1,13,0,1,127
009215be,Unwind@009215be,13,0,1,127
009215cb,Unwind@009215cb,13,0,1,127
009215d8,Unwind@009215d8,13,0,1,127
009215e5,Unwind@009215e5,13,0,1,127
009215f2,Unwind@009215f2,13,0,1,127
009215ff,Unwind@009215ff,13,0,1,127
00921640,Unwind@00921640,11,0,1,70
00921680,Unwind@00921680,11,0,1,70
0092168b,Unwind@0092168b,11,0,1,70
009216d0,Unwind@009216d0,11,0,1,70
00921710,Unwind@00921710,11,0,1,70
00921750,Unwind@00921750,8,0,1,70
00921790,Unwind@00921790,11,0,1,70
009217d0,Unwind@009217d0,11,0,1,70
009217db,Unwind@009217db,11,0,1,70
00921820,Unwind@00921820,10,0,1,126
00921850,Unwind@00921850,11,0,1,70
0092185b,Unwind@0092185b,11,0,1,70
009218a0,Unwind@009218a0,11,0,1,70
009218e0,Unwind@009218e0,11,0,1,70
009218eb,Unwind@009218eb,11,0,1,70
009218f6,Unwind@009218f6,11,0,1,70
00921901,Unwind@00921901,11,0,1,70
0092190c,Unwind@0092190c,11,0,1,70
00921950,Unwind@00921950,11,0,1,70
0092195b,Unwind@0092195b,11,0,1,70
00921966,Unwind@00921966,11,0,1,70
00921971,Unwind@00921971,11,0,1,70
0092197c,Unwind@0092197c,11,0,1,70
00921987,Unwind@00921987,11,0,1,70
00921992,Unwind@00921992,22,0,1,159
009219a8,Unwind@009219a8,22,0,1,162
009219be,Unwind@009219be,11,0,1,70
009219c9,Unwind@009219c9,11,0,1,70
009219d4,Unwind@009219d4,11,0,1,70
00921a10,Unwind@00921a10,11,0,1,70
00921a1b,Unwind@00921a1b,11,0,1,70
00921a60,Unwind@00921a60,11,0,1,70
00921a6b,Unwind@00921a6b,11,0,1,70
00921a76,Unwind@00921a76,11,0,1,70
00921a81,Unwind@00921a81,11,0,1,70
00921ac0,Unwind@00921ac0,11,0,1,70
00921acb,Unwind@00921acb,11,0,1,70
00921ad6,Unwind@00921ad6,11,0,1,70
00921ae1,Unwind@00921ae1,11,0,1,70
00921b20,Unwind@00921b20,11,0,1,70
00921b2b,Unwind@00921b2b,11,0,1,70
00921b70,Unwind@00921b70,8,0,1,70
00921b78,Unwind@00921b78,14,0,1,70
00921b86,Unwind@00921b86,14,0,1,70
00921b94,Unwind@00921b94,14,0,1,70
00921ba2,Unwind@00921ba2,14,0,1,70
00921bb0,Unwind@00921bb0,14,0,1,70
00921bbe,Unwind@00921bbe,14,0,1,70
00921bcc,Unwind@00921bcc,14,0,1,70
00921bda,Unwind@00921bda,14,0,1,70
00921be8,Unwind@00921be8,14,0,1,70
00921bf6,Unwind@00921bf6,14,0,1,70
00921c04,Unwind@00921c04,14,0,1,70
00921c40,Unwind@00921c40,8,0,1,70
00921c70,Unwind@00921c70,8,0,1,70
00921ca0,Unwind@00921ca0,11,0,1,70
00921ce0,Unwind@00921ce0,11,0,1,70
00921ceb,Unwind@00921ceb,11,0,1,70
00921cf6,Unwind@00921cf6,11,0,1,70
00921d30,Unwind@00921d30,11,0,1,70
00921d3b,Unwind@00921d3b,11,0,1,70
00921d80,Unwind@00921d80,8,0,1,70
00921d88,Unwind@00921d88,14,0,1,70
00921d96,Unwind@00921d96,24,0,1,191
00921dae,Unwind@00921dae,27,0,1,192
00921dc9,Unwind@00921dc9,14,0,1,70
00921e00,Unwind@00921e00,8,0,1,70
00921e08,Unwind@00921e08,11,0,1,70
00921e60,Unwind@00921e60,8,0,1,70
00921e90,Unwind@00921e90,11,0,1,70
00921ed0,Unwind@00921ed0,11,0,1,70
00921edb,Unwind@00921edb,13,0,1,126
00921ee8,Unwind@00921ee8,11,0,1,70
00921ef3,Unwind@00921ef3,13,0,1,126
00921f30,Unwind@00921f30,11,0,1,70
00921f3b,Unwind@00921f3b,11,0,1,70
00921f46,Unwind@00921f46,11,0,1,70
00921f51,Unwind@00921f51,11,0,1,70
00921f5c,Unwind@00921f5c,11,0,1,70
00921f67,Unwind@00921f67,11,0,1,70
00921f72,Unwind@00921f72,11,0,1,70
00921f7d,Unwind@00921f7d,11,0,1,70
00921f88,Unwind@00921f88,11,0,1,70
00921f93,Unwind@00921f93,11,0,1,70
00921f9e,Unwind@00921f9e,11,0,1,70
00921fa9,Unwind@00921fa9,11,0,1,70
00921fb4,Unwind@00921fb4,11,0,1,70
00921ff0,Unwind@00921ff0,11,0,1,70
00921ffb,Unwind@00921ffb,11,0,1,70
00922006,Unwind@00922006,11,0,1,70
00922011,Unwind@00922011,11,0,1,70
00922050,Unwind@00922050,8,0,1,70
00922090,Unwind@00922090,8,0,1,70
009220c0,Unwind@009220c0,8,0,1,70
009220f0,Unwind@009220f0,8,0,1,70
00922120,Unwind@00922120,8,0,1,70
00922160,Unwind@00922160,11,0,1,70
009221a0,Unwind@009221a0,8,0,1,70
009221e0,Unwind@009221e0,8,0,1,70
009221e8,Unwind@009221e8,8,0,1,70
009221f0,Unwind@009221f0,8,0,1,70
00922220,Unwind@00922220,8,0,1,70
00922228,Unwind@00922228,8,0,1,70
00922230,Unwind@00922230,8,0,1,70
00922238,Unwind@00922238,8,0,1,70
00922240,Unwind@00922240,8,0,1,70
00922248,Unwind@00922248,8,0,1,70
00922280,Unwind@00922280,8,0,1,70
009222b0,Unwind@009222b0,8,0,1,70
009222b8,Unwind@009222b8,11,0,1,70
009222c3,Unwind@009222c3,11,0,1,70
009222ce,Unwind@009222ce,11,0,1,70
009222d9,Unwind@009222d9,11,0,1,70
00922320,Unwind@00922320,8,0,1,70
00922328,Unwind@00922328,8,0,1,70
00922330,Unwind@00922330,8,0,1,70
00922360,Unwind@00922360,8,0,1,70
00922368,Unwind@00922368,8,0,1,70
00922370,Unwind@00922370,8,0,1,70
00922378,Unwind@00922378,8,0,1,70
009223b0,Unwind@009223b0,8,0,1,70
009223b8,Unwind@009223b8,8,0,1,70
009223c0,Unwind@009223c0,8,0,1,70
009223f0,Unwind@009223f0,8,0,1,70
00922420,Unwind@00922420,10,0,1,126
00922450,Unwind@00922450,10,0,1,126
00922480,Unwind@00922480,11,0,1,70
0092248b,Unwind@0092248b,8,0,1,70
00922493,Unwind@00922493,10,0,1,126
0092249d,Unwind@0092249d,8,0,1,70
009224a5,Unwind@009224a5,11,0,1,70
009224b0,Unwind@009224b0,11,0,1,70
009224bb,Unwind@009224bb,11,0,1,70
009224c6,Unwind@009224c6,11,0,1,70
009224d1,Unwind@009224d1,11,0,1,70
009224dc,Unwind@009224dc,11,0,1,70
009224e7,Unwind@009224e7,11,0,1,70
009224f2,Unwind@009224f2,11,0,1,70
009224fd,Unwind@009224fd,8,0,1,70
00922505,Unwind@00922505,11,0,1,70
00922510,Unwind@00922510,8,0,1,70
00922518,Unwind@00922518,11,0,1,70
00922523,Unwind@00922523,11,0,1,70
00922560,Unwind@00922560,11,0,1,70
009225a0,Unwind@009225a0,8,0,1,70
009225a8,Unwind@009225a8,8,0,1,70
009225b0,Unwind@009225b0,8,0,1,70
009225b8,Unwind@009225b8,8,0,1,70
009225c0,Unwind@009225c0,8,0,1,70
009225c8,Unwind@009225c8,8,0,1,70
009225d0,Unwind@009225d0,8,0,1,70
009225d8,Unwind@009225d8,8,0,1,70
009225e0,Unwind@009225e0,11,0,1,70
009225eb,Unwind@009225eb,11,0,1,70
009225f6,Unwind@009225f6,11,0,1,70
00922601,Unwind@00922601,11,0,1,70
0092260c,Unwind@0092260c,11,0,1,70
00922617,Unwind@00922617,11,0,1,70
00922622,Unwind@00922622,11,0,1,70
0092262d,Unwind@0092262d,8,0,1,70
00922635,Unwind@00922635,11,0,1,70
00922640,Unwind@00922640,11,0,1,70
0092264b,Unwind@0092264b,11,0,1,70
00922656,Unwind@00922656,11,0,1,70
00922661,Unwind@00922661,11,0,1,70
0092266c,Unwind@0092266c,11,0,1,70
00922677,Unwind@00922677,11,0,1,70
00922682,Unwind@00922682,11,0,1,70
0092268d,Unwind@0092268d,11,0,1,70
00922698,Unwind@00922698,8,0,1,70
009226a0,Unwind@009226a0,11,0,1,70
009226ab,Unwind@009226ab,11,0,1,70
009226e0,Unwind@009226e0,11,0,1,70
00922720,Unwind@00922720,8,0,1,70
00922728,Unwind@00922728,8,0,1,70
00922730,Unwind@00922730,8,0,1,70
00922738,Unwind@00922738,8,0,1,70
00922770,Unwind@00922770,8,0,1,70
00922778,Unwind@00922778,8,0,1,70
00922780,Unwind@00922780,8,0,1,70
00922788,Unwind@00922788,11,0,1,70
00922793,Unwind@00922793,11,0,1,70
0092279e,Unwind@0092279e,8,0,1,70
009227a6,Unwind@009227a6,11,0,1,70
009227e0,Unwind@009227e0,11,0,1,70
009227eb,Unwind@009227eb,11,0,1,70
00922830,Unwind@00922830,8,0,1,70
00922838,Unwind@00922838,11,0,1,70
00922843,Unwind@00922843,11,0,1,70
00922880,Unwind@00922880,8,0,1,70
00922888,Unwind@00922888,8,0,1,70
00922890,Unwind@00922890,8,0,1,70
00922898,Unwind@00922898,8,0,1,70
009228a0,Unwind@009228a0,8,0,1,70
009228e0,Unwind@009228e0,8,0,1,70
00922920,Unwind@00922920,11,0,1,70
00922960,Unwind@00922960,8,0,1,70
00922990,Unwind@00922990,10,0,1,126
0092299a,Unwind@0092299a,10,0,1,126
009229a4,Unwind@009229a4,10,0,1,126
009229ae,Unwind@009229ae,10,0,1,126
009229b8,Unwind@009229b8,10,0,1,126
009229c2,Unwind@009229c2,10,0,1,126
009229cc,Unwind@009229cc,10,0,1,125
009229d6,Unwind@009229d6,10,0,1,126
00922a10,Unwind@00922a10,11,0,1,70
00922a50,Unwind@00922a50,8,0,1,70
00922a58,Unwind@00922a58,8,0,1,70
00922a60,Unwind@00922a60,8,0,1,70
00922a68,Unwind@00922a68,8,0,1,70
00922a70,Unwind@00922a70,8,0,1,70
00922aa0,Unwind@00922aa0,11,0,1,70
00922aab,Unwind@00922aab,11,0,1,70
00922af0,Unwind@00922af0,8,0,1,70
00922af8,Unwind@00922af8,8,0,1,70
00922b00,Unwind@00922b00,11,0,1,70
00922b0b,Unwind@00922b0b,11,0,1,70
00922b16,Unwind@00922b16,11,0,1,70
00922b21,Unwind@00922b21,11,0,1,70
00922b2c,Unwind@00922b2c,8,0,1,70
00922b34,Unwind@00922b34,11,0,1,70
00922b70,Unwind@00922b70,8,0,1,70
00922bb0,Unwind@00922bb0,11,0,1,70
00922bbb,Unwind@00922bbb,11,0,1,70
00922bc6,Unwind@00922bc6,11,0,1,70
00922c00,Unwind@00922c00,8,0,1,70
00922c08,Unwind@00922c08,8,0,1,70
00922c40,Unwind@00922c40,8,0,1,70
00922c70,Unwind@00922c70,11,0,1,70
00922c7b,Unwind@00922c7b,11,0,1,70
00922cc0,Unwind@00922cc0,11,0,1,70
00922ccb,Unwind@00922ccb,11,0,1,70
00922d10,Unwind@00922d10,11,0,1,70
00922d1b,Unwind@00922d1b,11,0,1,70
00922d26,Unwind@00922d26,11,0,1,70
00922d60,Unwind@00922d60,8,0,1,70
00922d68,Unwind@00922d68,8,0,1,70
00922da0,Unwind@00922da0,11,0,1,70
00922dab,Unwind@00922dab,11,0,1,70
00922df0,Unwind@00922df0,11,0,1,70
00922dfb,Unwind@00922dfb,11,0,1,70
00922e40,Unwind@00922e40,11,0,1,70
00922e80,Unwind@00922e80,11,0,1,70
00922e8b,Unwind@00922e8b,11,0,1,70
00922ed0,Unwind@00922ed0,8,0,1,70
00922ed8,Unwind@00922ed8,8,0,1,70
00922ee0,Unwind@00922ee0,8,0,1,70
00922ee8,Unwind@00922ee8,8,0,1,70
00922f20,Unwind@00922f20,11,0,1,70
00922f2b,Unwind@00922f2b,11,0,1,70
00922f36,Unwind@00922f36,11,0,1,70
00922f41,Unwind@00922f41,11,0,1,70
00922f4c,Unwind@00922f4c,11,0,1,70
00922f57,Unwind@00922f57,11,0,1,70
00922f62,Unwind@00922f62,11,0,1,70
00922fa0,Unwind@00922fa0,10,0,1,126
00922faa,Unwind@00922faa,11,0,1,70
00922ff0,Unwind@00922ff0,11,0,1,70
00922ffb,Unwind@00922ffb,11,0,1,70
00923040,Unwind@00923040,11,0,1,70
0092304b,Unwind@0092304b,11,0,1,70
00923056,Unwind@00923056,11,0,1,70
00923061,Unwind@00923061,11,0,1,70
009230a0,Unwind@009230a0,11,0,1,70
009230ab,Unwind@009230ab,8,0,1,70
009230f0,Unwind@009230f0,11,0,1,70
009230fb,Unwind@009230fb,8,0,1,70
00923103,Unwind@00923103,11,0,1,70
0092310e,Unwind@0092310e,11,0,1,70
00923119,Unwind@00923119,11,0,1,70
00923124,Unwind@00923124,11,0,1,70
0092312f,Unwind@0092312f,11,0,1,70
00923170,Unwind@00923170,11,0,1,70
0092317b,Unwind@0092317b,11,0,1,70
00923186,Unwind@00923186,13,0,1,128
00923193,Unwind@00923193,11,0,1,70
0092319e,Unwind@0092319e,11,0,1,70
009231e0,Unwind@009231e0,11,0,1,70
009231eb,Unwind@009231eb,11,0,1,70
00923230,Unwind@00923230,11,0,1,70
0092323b,Unwind@0092323b,8,0,1,70
00923280,Unwind@00923280,10,0,1,126
0092328a,Unwind@0092328a,11,0,1,70
009232d0,Unwind@009232d0,8,0,1,70
00923310,Unwind@00923310,11,0,1,70
0092331b,Unwind@0092331b,11,0,1,70
00923360,Unwind@00923360,13,0,1,128
0092336d,Unwind@0092336d,13,0,1,128
0092337a,Unwind@0092337a,11,0,1,70
009233c0,Unwind@009233c0,11,0,1,70
00923400,Unwind@00923400,8,0,1,70
00923440,Unwind@00923440,11,0,1,70
0092344b,Unwind@0092344b,11,0,1,70
00923490,Unwind@00923490,11,0,1,70
0092349b,Unwind@0092349b,11,0,1,70
009234e0,Unwind@009234e0,11,0,1,70
00923520,Unwind@00923520,11,0,1,70
00923560,Unwind@00923560,11,0,1,70
0092356b,Unwind@0092356b,11,0,1,70
009235b0,Unwind@009235b0,11,0,1,70
009235f0,Unwind@009235f0,11,0,1,70
00923630,Unwind@00923630,11,0,1,70
0092363b,Unwind@0092363b,11,0,1,70
00923646,Unwind@00923646,11,0,1,70
00923651,Unwind@00923651,11,0,1,70
00923690,Unwind@00923690,11,0,1,70
0092369b,Unwind@0092369b,11,0,1,70
009236e0,Unwind@009236e0,11,0,1,70
009236eb,Unwind@009236eb,11,0,1,70
00923730,Unwind@00923730,11,0,1,70
00923770,Unwind@00923770,11,0,1,70
0092377b,Unwind@0092377b,11,0,1,70
00923786,Unwind@00923786,11,0,1,70
00923791,Unwind@00923791,11,0,1,70
0092379c,Unwind@0092379c,11,0,1,70
009237a7,Unwind@009237a7,11,0,1,70
009237b2,Unwind@009237b2,34,0,1,247
009237d4,Unwind@009237d4,11,0,1,70
009237df,Unwind@009237df,11,0,1,70
009237ea,Unwind@009237ea,11,0,1,70
009237f5,Unwind@009237f5,34,0,1,247
00923817,Unwind@00923817,11,0,1,70
00923822,Unwind@00923822,11,0,1,70
0092382d,Unwind@0092382d,11,0,1,70
00923870,Unwind@00923870,10,0,1,126
009238a0,Unwind@009238a0,11,0,1,70
009238ab,Unwind@009238ab,11,0,1,70
009238b6,Unwind@009238b6,11,0,1,70
009238f0,Unwind@009238f0,11,0,1,70
00923930,Unwind@00923930,11,0,1,70
00923970,Unwind@00923970,22,0,1,160
00923986,Unwind@00923986,11,0,1,70
009239c0,Unwind@009239c0,11,0,1,70
009239cb,Unwind@009239cb,11,0,1,70
00923a10,Unwind@00923a10,8,0,1,70
00923a18,Unwind@00923a18,8,0,1,70
00923a20,Unwind@00923a20,28,0,1,241
00923a3c,Unwind@00923a3c,25,0,1,241
00923a80,Unwind@00923a80,11,0,1,70
00923a8b,Unwind@00923a8b,11,0,1,70
00923a96,Unwind@00923a96,11,0,1,70
00923aa1,Unwind@00923aa1,11,0,1,70
00923aac,Unwind@00923aac,11,0,1,70
00923af0,Unwind@00923af0,8,0,1,70
00923af8,Unwind@00923af8,11,0,1,70
00923b03,Unwind@00923b03,11,0,1,70
00923b0e,Unwind@00923b0e,11,0,1,70
00923b19,Unwind@00923b19,11,0,1,70
00923b24,Unwind@00923b24,11,0,1,70
00923b2f,Unwind@00923b2f,11,0,1,70
00923b3a,Unwind@00923b3a,11,0,1,70
00923b80,Unwind@00923b80,8,0,1,70
00923bd0,Unwind@00923bd0,11,0,1,72
00923bdb,Unwind@00923bdb,11,0,1,70
00923be6,Unwind@00923be6,11,0,1,72
00923bf1,Unwind@00923bf1,11,0,1,70
00923c50,Unwind@00923c50,8,0,1,75
00923c80,Unwind@00923c80,8,0,1,70
00923cb0,Unwind@00923cb0,8,0,1,70
00923cb8,Unwind@00923cb8,14,0,1,70
00923cc6,Unwind@00923cc6,14,0,1,70
00923cd4,Unwind@00923cd4,11,0,1,70
00923d10,Unwind@00923d10,8,0,1,70
00923d18,Unwind@00923d18,14,0,1,70
00923d26,Unwind@00923d26,14,0,1,70
00923d80,Unwind@00923d80,11,0,1,70
00923d8b,Unwind@00923d8b,8,0,1,70
00923d93,Unwind@00923d93,11,0,1,70
00923dd0,Unwind@00923dd0,11,0,1,70
00923ddb,Unwind@00923ddb,11,0,1,70
00923de6,Unwind@00923de6,11,0,1,70
00923df1,Unwind@00923df1,11,0,1,70
00923dfc,Unwind@00923dfc,11,0,1,70
00923e07,Unwind@00923e07,11,0,1,70
00923e12,Unwind@00923e12,11,0,1,70
00923e1d,Unwind@00923e1d,11,0,1,70
00923e28,Unwind@00923e28,11,0,1,70
00923e33,Unwind@00923e33,11,0,1,70
00923e3e,Unwind@00923e3e,11,0,1,70
00923e49,Unwind@00923e49,11,0,1,70
00923e54,Unwind@00923e54,11,0,1,70
00923e5f,Unwind@00923e5f,11,0,1,70
00923e6a,Unwind@00923e6a,11,0,1,70
00923e75,Unwind@00923e75,11,0,1,70
00923e80,Unwind@00923e80,11,0,1,70
00923e8b,Unwind@00923e8b,11,0,1,70
00923e96,Unwind@00923e96,11,0,1,70
00923ea1,Unwind@00923ea1,11,0,1,70
00923eac,Unwind@00923eac,11,0,1,70
00923eb7,Unwind@00923eb7,11,0,1,70
00923ec2,Unwind@00923ec2,11,0,1,70
00923ecd,Unwind@00923ecd,11,0,1,70
00923ed8,Unwind@00923ed8,11,0,1,70
00923f20,Unwind@00923f20,11,0,1,70
00923f2b,Unwind@00923f2b,11,0,1,70
00923f36,Unwind@00923f36,11,0,1,70
00923f41,Unwind@00923f41,11,0,1,70
00923f4c,Unwind@00923f4c,11,0,1,70
00923f57,Unwind@00923f57,11,0,1,70
00923f62,Unwind@00923f62,11,0,1,70
00923f6d,Unwind@00923f6d,11,0,1,70
00923f78,Unwind@00923f78,11,0,1,70
00923fc0,Unwind@00923fc0,11,0,1,70
00923fcb,Unwind@00923fcb,11,0,1,70
00923fd6,Unwind@00923fd6,11,0,1,70
00923fe1,Unwind@00923fe1,11,0,1,70
00923fec,Unwind@00923fec,11,0,1,70
00924030,Unwind@00924030,11,0,1,70
0092403b,Unwind@0092403b,11,0,1,70
00924046,Unwind@00924046,11,0,1,70
00924051,Unwind@00924051,11,0,1,70
0092405c,Unwind@0092405c,11,0,1,70
00924067,Unwind@00924067,11,0,1,70
00924072,Unwind@00924072,11,0,1,70
0092407d,Unwind@0092407d,11,0,1,70
00924088,Unwind@00924088,11,0,1,70
00924093,Unwind@00924093,11,0,1,70
0092409e,Unwind@0092409e,11,0,1,70
009240a9,Unwind@009240a9,11,0,1,70
009240b4,Unwind@009240b4,11,0,1,70
009240bf,Unwind@009240bf,11,0,1,70
009240ca,Unwind@009240ca,11,0,1,70
009240d5,Unwind@009240d5,11,0,1,70
00924110,Unwind@00924110,8,0,1,70
00924140,Unwind@00924140,8,0,1,70
00924180,Unwind@00924180,8,0,1,70
00924188,Unwind@00924188,8,0,1,70
00924190,Unwind@00924190,8,0,1,70
00924198,Unwind@00924198,11,0,1,70
009241a3,Unwind@009241a3,11,0,1,70
009241ae,Unwind@009241ae,8,0,1,70
009241b6,Unwind@009241b6,11,0,1,70
009241c1,Unwind@009241c1,11,0,1,70
009241cc,Unwind@009241cc,11,0,1,70
009241d7,Unwind@009241d7,11,0,1,70
009241e2,Unwind@009241e2,11,0,1,70
009241ed,Unwind@009241ed,8,0,1,70
009241f5,Unwind@009241f5,11,0,1,70
00924230,Unwind@00924230,11,0,1,70
00924270,Unwind@00924270,8,0,1,70
00924278,Unwind@00924278,8,0,1,70
00924280,Unwind@00924280,8,0,1,70
00924288,Unwind@00924288,25,0,1,241
009242d0,Unwind@009242d0,8,0,1,70
009242d8,Unwind@009242d8,8,0,1,70
00924310,Unwind@00924310,8,0,1,70
00924340,Unwind@00924340,11,0,1,70
0092434b,Unwind@0092434b,11,0,1,70
00924390,Unwind@00924390,8,0,1,70
00924398,Unwind@00924398,8,0,1,70
009243a0,Unwind@009243a0,8,0,1,70
009243a8,Unwind@009243a8,8,0,1,70
009243b0,Unwind@009243b0,11,0,1,70
009243bb,Unwind@009243bb,11,0,1,70
009243c6,Unwind@009243c6,11,0,1,70
009243d1,Unwind@009243d1,8,0,1,70
009243d9,Unwind@009243d9,11,0,1,70
009243e4,Unwind@009243e4,11,0,1,70
009243ef,Unwind@009243ef,8,0,1,70
009243f7,Unwind@009243f7,8,0,1,70
009243ff,Unwind@009243ff,8,0,1,70
00924407,Unwind@00924407,11,0,1,70
00924412,Unwind@00924412,11,0,1,70
0092441d,Unwind@0092441d,8,0,1,70
00924425,Unwind@00924425,11,0,1,70
00924430,Unwind@00924430,11,0,1,70
0092443b,Unwind@0092443b,11,0,1,70
00924446,Unwind@00924446,11,0,1,70
00924451,Unwind@00924451,11,0,1,70
0092445c,Unwind@0092445c,11,0,1,70
00924467,Unwind@00924467,11,0,1,70
00924472,Unwind@00924472,8,0,1,70
0092447a,Unwind@0092447a,11,0,1,70
00924485,Unwind@00924485,11,0,1,70
00924490,Unwind@00924490,11,0,1,70
0092449b,Unwind@0092449b,11,0,1,70
009244a6,Unwind@009244a6,11,0,1,70
009244b1,Unwind@009244b1,11,0,1,70
009244bc,Unwind@009244bc,11,0,1,70
009244c7,Unwind@009244c7,11,0,1,70
009244d2,Unwind@009244d2,11,0,1,70
009244dd,Unwind@009244dd,11,0,1,70
009244e8,Unwind@009244e8,11,0,1,70
009244f3,Unwind@009244f3,11,0,1,70
009244fe,Unwind@009244fe,11,0,1,70
00924509,Unwind@00924509,11,0,1,70
00924514,Unwind@00924514,11,0,1,70
00924550,Unwind@00924550,8,0,1,70
00924580,Unwind@00924580,8,0,1,70
009245b0,Unwind@009245b0,8,0,1,70
009245f0,Unwind@009245f0,8,0,1,70
00924620,Unwind@00924620,8,0,1,70
00924650,Unwind@00924650,25,0,1,241
00924669,Unwind@00924669,25,0,1,241
00924682,Unwind@00924682,8,0,1,70
0092468a,Unwind@0092468a,8,0,1,70
009246c0,Unwind@009246c0,8,0,1,70
009246c8,Unwind@009246c8,8,0,1,70
009246d0,Unwind@009246d0,8,0,1,70
009246d8,Unwind@009246d8,8,0,1,70
00924710,Unwind@00924710,25,0,1,241
00924729,Unwind@00924729,25,0,1,241
00924770,Unwind@00924770,8,0,1,70
00924778,Unwind@00924778,8,0,1,70
00924780,Unwind@00924780,8,0,1,70
009247b0,Unwind@009247b0,8,0,1,70
009247b8,Unwind@009247b8,14,0,1,70
009247c6,Unwind@009247c6,14,0,1,70
009247d4,Unwind@009247d4,14,0,1,216
009247e2,Unwind@009247e2,14,0,1,217
009247f0,Unwind@009247f0,14,0,1,70
009247fe,Unwind@009247fe,14,0,1,70
0092480c,Unwind@0092480c,14,0,1,217
0092481a,Unwind@0092481a,14,0,1,217
00924828,Unwind@00924828,14,0,1,217
00924860,Unwind@00924860,8,0,1,70
00924868,Unwind@00924868,8,0,1,70
009248a0,Unwind@009248a0,11,0,1,70
009248e0,Unwind@009248e0,8,0,1,70
009248e8,Unwind@009248e8,11,0,1,70
009248f3,Unwind@009248f3,14,0,1,70
00924950,Unwind@00924950,10,0,1,126
0092495a,Unwind@0092495a,10,0,1,126
00924964,Unwind@00924964,10,0,1,126
0092496e,Unwind@0092496e,10,0,1,126
00924978,Unwind@00924978,10,0,1,126
00924982,Unwind@00924982,10,0,1,126
0092498c,Unwind@0092498c,10,0,1,126
009249c0,Unwind@009249c0,11,0,1,70
00924a00,Unwind@00924a00,8,0,1,70
00924a30,Unwind@00924a30,8,0,1,70
00924a38,Unwind@00924a38,8,0,1,70
00924a70,Unwind@00924a70,8,0,1,70
00924a78,Unwind@00924a78,8,0,1,70
00924ab0,Unwind@00924ab0,10,0,1,126
00924ae0,Unwind@00924ae0,8,0,1,70
00924ae8,Unwind@00924ae8,8,0,1,70
00924af0,Unwind@00924af0,8,0,1,70
00924af8,Unwind@00924af8,8,0,1,70
00924b00,Unwind@00924b00,8,0,1,70
00924b30,Unwind@00924b30,11,0,1,70
00924b3b,Unwind@00924b3b,11,0,1,70
00924b80,Unwind@00924b80,14,0,1,70
00924b8e,Unwind@00924b8e,25,0,1,180
00924ba7,Unwind@00924ba7,17,0,1,70
00924bb8,Unwind@00924bb8,17,0,1,70
00924bc9,Unwind@00924bc9,27,0,1,262
00924be4,Unwind@00924be4,30,0,1,264
00924c02,Unwind@00924c02,27,0,1,262
00924c1d,Unwind@00924c1d,17,0,1,70
00924c2e,Unwind@00924c2e,27,0,1,193
00924c80,Unwind@00924c80,11,0,1,70
00924cb0,Unwind@00924cb0,11,0,1,70
00924ce0,Unwind@00924ce0,8,0,1,70
00924ce8,Unwind@00924ce8,25,0,1,241
00924d01,Unwind@00924d01,8,0,1,70
00924d30,Unwind@00924d30,8,0,1,70
00924d60,Unwind@00924d60,8,0,1,70
00924d68,Unwind@00924d68,8,0,1,70
00924d70,Unwind@00924d70,8,0,1,70
00924d78,Unwind@00924d78,8,0,1,70
00924d80,Unwind@00924d80,8,0,1,70
00924d88,Unwind@00924d88,8,0,1,70
00924d90,Unwind@00924d90,8,0,1,70
00924d98,Unwind@00924d98,8,0,1,70
00924da0,Unwind@00924da0,8,0,1,70
00924da8,Unwind@00924da8,8,0,1,70
00924db0,Unwind@00924db0,8,0,1,70
00924db8,Unwind@00924db8,11,0,1,70
00924df0,Unwind@00924df0,8,0,1,70
00924e20,Unwind@00924e20,8,0,1,70
00924e28,Unwind@00924e28,8,0,1,70
00924e30,Unwind@00924e30,8,0,1,70
00924e38,Unwind@00924e38,8,0,1,70
00924e40,Unwind@00924e40,8,0,1,70
00924e70,Unwind@00924e70,8,0,1,70
00924e78,Unwind@00924e78,8,0,1,70
00924e80,Unwind@00924e80,8,0,1,70
00924e88,Unwind@00924e88,8,0,1,70
00924ec0,Unwind@00924ec0,11,0,1,70
00924ecb,Unwind@00924ecb,11,0,1,70
00924ed6,Unwind@00924ed6,11,0,1,70
00924ee1,Unwind@00924ee1,11,0,1,70
00924eec,Unwind@00924eec,11,0,1,70
00924f30,Unwind@00924f30,8,0,1,70
00924f38,Unwind@00924f38,10,0,1,126
00924f70,Unwind@00924f70,11,0,1,70
00924fb0,Unwind@00924fb0,10,0,1,126
00924fba,Unwind@00924fba,8,0,1,70
00924fc2,Unwind@00924fc2,8,0,1,70
00924ff0,Unwind@00924ff0,10,0,1,126
00925020,Unwind@00925020,11,0,1,70
00925060,Unwind@00925060,11,0,1,70
0092506b,Unwind@0092506b,11,0,1,70
00925076,Unwind@00925076,11,0,1,70
00925081,Unwind@00925081,11,0,1,70
0092508c,Unwind@0092508c,11,0,1,70
00925097,Unwind@00925097,11,0,1,70
009250e0,Unwind@009250e0,11,0,1,70
009250eb,Unwind@009250eb,11,0,1,70
00925130,Unwind@00925130,10,0,1,126
0092513a,Unwind@0092513a,10,0,1,126
00925170,Unwind@00925170,11,0,1,70
0092517b,Unwind@0092517b,11,0,1,70
009251c0,Unwind@009251c0,11,0,1,70
00925200,Unwind@00925200,25,0,1,241
00925219,Unwind@00925219,25,0,1,241
00925260,Unwind@00925260,8,0,1,70
009252a0,Unwind@009252a0,11,0,1,70
009252ab,Unwind@009252ab,11,0,1,70
009252b6,Unwind@009252b6,11,0,1,70
009252c1,Unwind@009252c1,11,0,1,70
009252cc,Unwind@009252cc,11,0,1,70
009252d7,Unwind@009252d7,11,0,1,70
009252e2,Unwind@009252e2,11,0,1,70
009252ed,Unwind@009252ed,11,0,1,70
009252f8,Unwind@009252f8,11,0,1,70
00925303,Unwind@00925303,11,0,1,70
0092530e,Unwind@0092530e,11,0,1,70
00925319,Unwind@00925319,11,0,1,70
00925324,Unwind@00925324,11,0,1,70
0092532f,Unwind@0092532f,11,0,1,70
0092533a,Unwind@0092533a,11,0,1,70
00925345,Unwind@00925345,11,0,1,70
00925350,Unwind@00925350,11,0,1,70
0092535b,Unwind@0092535b,11,0,1,70
00925366,Unwind@00925366,11,0,1,70
00925371,Unwind@00925371,11,0,1,70
0092537c,Unwind@0092537c,11,0,1,70
00925387,Unwind@00925387,11,0,1,70
00925392,Unwind@00925392,11,0,1,70
009253d0,Unwind@009253d0,11,0,1,70
00925410,Unwind@00925410,11,0,1,70
00925450,Unwind@00925450,11,0,1,70
00925490,Unwind@00925490,11,0,1,70
0092549b,Unwind@0092549b,11,0,1,70
009254a6,Unwind@009254a6,11,0,1,70
009254e0,Unwind@009254e0,8,0,1,70
009254e8,Unwind@009254e8,8,0,1,70
009254f0,Unwind@009254f0,8,0,1,70
009254f8,Unwind@009254f8,8,0,1,70
00925500,Unwind@00925500,8,0,1,70
00925530,Unwind@00925530,11,0,1,70
0092553b,Unwind@0092553b,11,0,1,70
00925546,Unwind@00925546,11,0,1,70
00925551,Unwind@00925551,11,0,1,70
0092555c,Unwind@0092555c,11,0,1,70
009255a0,Unwind@009255a0,8,0,1,70
009255e0,Unwind@009255e0,8,0,1,70
009255e8,Unwind@009255e8,8,0,1,70
009255f0,Unwind@009255f0,8,0,1,70
009255f8,Unwind@009255f8,11,0,1,70
00925603,Unwind@00925603,8,0,1,70
0092560b,Unwind@0092560b,8,0,1,70
00925613,Unwind@00925613,8,0,1,70
0092561b,Unwind@0092561b,8,0,1,70
00925650,Unwind@00925650,11,0,1,70
00925690,Unwind@00925690,8,0,1,70
00925698,Unwind@00925698,14,0,1,70
009256a6,Unwind@009256a6,14,0,1,70
009256b4,Unwind@009256b4,14,0,1,70
009256c2,Unwind@009256c2,14,0,1,70
009256d0,Unwind@009256d0,14,0,1,70
009256de,Unwind@009256de,14,0,1,70
009256ec,Unwind@009256ec,14,0,1,70
009256fa,Unwind@009256fa,14,0,1,70
00925708,Unwind@00925708,14,0,1,217
00925716,Unwind@00925716,14,0,1,217
00925750,Unwind@00925750,8,0,1,70
00925780,Unwind@00925780,8,0,1,70
00925788,Unwind@00925788,14,0,1,70
009257c0,Unwind@009257c0,11,0,1,70
009257cb,Unwind@009257cb,17,0,1,218
009257dc,Unwind@009257dc,17,0,1,218
009257ed,Unwind@009257ed,17,0,1,70
009257fe,Unwind@009257fe,17,0,1,70
0092580f,Unwind@0092580f,17,0,1,70
00925820,Unwind@00925820,17,0,1,70
00925831,Unwind@00925831,17,0,1,218
00925842,Unwind@00925842,17,0,1,218
00925853,Unwind@00925853,17,0,1,218
00925864,Unwind@00925864,17,0,1,218
00925875,Unwind@00925875,17,0,1,218
00925886,Unwind@00925886,17,0,1,218
00925897,Unwind@00925897,17,0,1,218
009258a8,Unwind@009258a8,17,0,1,70
009258b9,Unwind@009258b9,17,0,1,375
009258ca,Unwind@009258ca,11,0,1,70
009258d5,Unwind@009258d5,11,0,1,70
00925940,Unwind@00925940,8,0,1,70
00925948,Unwind@00925948,8,0,1,70
00925950,Unwind@00925950,8,0,1,70
00925958,Unwind@00925958,8,0,1,70
00925990,Unwind@00925990,8,0,1,70
009259c0,Unwind@009259c0,8,0,1,70
009259c8,Unwind@009259c8,8,0,1,70
009259d0,Unwind@009259d0,8,0,1,70
009259d8,Unwind@009259d8,8,0,1,70
009259e0,Unwind@009259e0,8,0,1,70
009259e8,Unwind@009259e8,8,0,1,70
009259f0,Unwind@009259f0,8,0,1,70
009259f8,Unwind@009259f8,8,0,1,70
00925a00,Unwind@00925a00,8,0,1,70
00925a30,Unwind@00925a30,8,0,1,70
00925a38,Unwind@00925a38,14,0,1,217
00925a46,Unwind@00925a46,14,0,1,215
00925a54,Unwind@00925a54,14,0,1,70
00925a62,Unwind@00925a62,14,0,1,70
00925a70,Unwind@00925a70,14,0,1,70
00925a7e,Unwind@00925a7e,14,0,1,70
00925a8c,Unwind@00925a8c,14,0,1,217
00925a9a,Unwind@00925a9a,14,0,1,70
00925aa8,Unwind@00925aa8,14,0,1,217
00925ab6,Unwind@00925ab6,14,0,1,70
00925ac4,Unwind@00925ac4,14,0,1,217
00925ad2,Unwind@00925ad2,14,0,1,217
00925ae0,Unwind@00925ae0,14,0,1,217
00925aee,Unwind@00925aee,14,0,1,217
00925b20,Unwind@00925b20,8,0,1,70
00925b28,Unwind@00925b28,8,0,1,70
00925b60,Unwind@00925b60,8,0,1,70
00925b68,Unwind@00925b68,8,0,1,70
00925b70,Unwind@00925b70,8,0,1,70
00925b78,Unwind@00925b78,8,0,1,70
00925b80,Unwind@00925b80,8,0,1,70
00925bb0,Unwind@00925bb0,8,0,1,70
00925bb8,Unwind@00925bb8,8,0,1,70
00925bf0,Unwind@00925bf0,8,0,1,70
00925bf8,Unwind@00925bf8,14,0,1,216
00925c06,Unwind@00925c06,14,0,1,217
00925c14,Unwind@00925c14,14,0,1,217
00925c22,Unwind@00925c22,14,0,1,217
00925c30,Unwind@00925c30,14,0,1,217
00925c3e,Unwind@00925c3e,14,0,1,217
00925c70,Unwind@00925c70,8,0,1,70
00925cc0,Unwind@00925cc0,8,0,1,70
00925cf0,Unwind@00925cf0,8,0,1,70
00925cf8,Unwind@00925cf8,14,0,1,70
00925d30,Unwind@00925d30,8,0,1,70
00925d38,Unwind@00925d38,11,0,1,70
00925d70,Unwind@00925d70,8,0,1,201
00925da0,Unwind@00925da0,15,0,1,131
00925de0,Unwind@00925de0,8,0,1,70
00925de8,Unwind@00925de8,8,0,1,70
00925e20,Unwind@00925e20,8,0,1,70
00925e28,Unwind@00925e28,8,0,1,70
00925e30,Unwind@00925e30,8,0,1,70
00925e70,Unwind@00925e70,8,0,1,70
00925ea0,Unwind@00925ea0,8,0,1,70
00925ed0,Unwind@00925ed0,11,0,1,70
00925edb,Unwind@00925edb,11,0,1,70
00925ee6,Unwind@00925ee6,8,0,1,70
00925f20,Unwind@00925f20,8,0,1,70
00925f70,Unwind@00925f70,8,0,1,70
00925f78,Unwind@00925f78,14,0,1,215
00925f86,Unwind@00925f86,14,0,1,217
00925f94,Unwind@00925f94,14,0,1,217
00925fa2,Unwind@00925fa2,14,0,1,217
00925fb0,Unwind@00925fb0,14,0,1,217
00925fbe,Unwind@00925fbe,14,0,1,70
00925fcc,Unwind@00925fcc,14,0,1,70
00925fda,Unwind@00925fda,14,0,1,217
00925fe8,Unwind@00925fe8,14,0,1,70
00925ff6,Unwind@00925ff6,14,0,1,217
00926004,Unwind@00926004,14,0,1,217
00926040,Unwind@00926040,8,0,1,70
00926048,Unwind@00926048,14,0,1,216
00926056,Unwind@00926056,14,0,1,217
00926064,Unwind@00926064,14,0,1,70
00926072,Unwind@00926072,14,0,1,217
00926080,Unwind@00926080,14,0,1,217
009260b0,Unwind@009260b0,17,0,1,70
009260c1,Unwind@009260c1,17,0,1,70
009260d2,Unwind@009260d2,17,0,1,70
009260e3,Unwind@009260e3,17,0,1,70
009260f4,Unwind@009260f4,17,0,1,70
00926105,Unwind@00926105,27,0,1,192
00926120,Unwind@00926120,30,0,1,193
0092613e,Unwind@0092613e,30,0,1,193
0092615c,Unwind@0092615c,27,0,1,192
00926177,Unwind@00926177,17,0,1,70
00926188,Unwind@00926188,17,0,1,70
00926199,Unwind@00926199,17,0,1,70
009261aa,Unwind@009261aa,17,0,1,70
009261f0,Unwind@009261f0,10,0,1,70
009261fa,Unwind@009261fa,10,0,1,70
00926204,Unwind@00926204,10,0,1,70
0092620e,Unwind@0092620e,10,0,1,70
00926218,Unwind@00926218,10,0,1,70
00926222,Unwind@00926222,10,0,1,70
0092622c,Unwind@0092622c,10,0,1,70
00926236,Unwind@00926236,10,0,1,70
00926240,Unwind@00926240,10,0,1,70
0092624a,Unwind@0092624a,10,0,1,70
00926254,Unwind@00926254,10,0,1,70
0092625e,Unwind@0092625e,10,0,1,70
00926268,Unwind@00926268,10,0,1,70
00926272,Unwind@00926272,10,0,1,70
0092627c,Unwind@0092627c,10,0,1,70
00926286,Unwind@00926286,10,0,1,70
00926290,Unwind@00926290,10,0,1,70
009262c0,Unwind@009262c0,10,0,1,70
009262ca,Unwind@009262ca,10,0,1,70
009262d4,Unwind@009262d4,10,0,1,70
009262de,Unwind@009262de,10,0,1,70
009262e8,Unwind@009262e8,10,0,1,70
009262f2,Unwind@009262f2,10,0,1,70
009262fc,Unwind@009262fc,10,0,1,70
00926306,Unwind@00926306,10,0,1,70
00926310,Unwind@00926310,10,0,1,70
0092631a,Unwind@0092631a,10,0,1,70
00926324,Unwind@00926324,10,0,1,70
0092632e,Unwind@0092632e,10,0,1,70
00926338,Unwind@00926338,10,0,1,70
00926342,Unwind@00926342,10,0,1,70
0092634c,Unwind@0092634c,10,0,1,70
00926356,Unwind@00926356,10,0,1,70
00926360,Unwind@00926360,10,0,1,70
0092636a,Unwind@0092636a,10,0,1,70
00926374,Unwind@00926374,10,0,1,70
0092637e,Unwind@0092637e,10,0,1,70
00926388,Unwind@00926388,10,0,1,70
00926392,Unwind@00926392,10,0,1,70
0092639c,Unwind@0092639c,10,0,1,70
009263a6,Unwind@009263a6,10,0,1,70
009263b0,Unwind@009263b0,10,0,1,70
009263ba,Unwind@009263ba,10,0,1,70
009263c4,Unwind@009263c4,10,0,1,70
009263ce,Unwind@009263ce,10,0,1,70
009263d8,Unwind@009263d8,10,0,1,70
009263e2,Unwind@009263e2,10,0,1,70
009263ec,Unwind@009263ec,10,0,1,70
009263f6,Unwind@009263f6,10,0,1,70
00926400,Unwind@00926400,10,0,1,70
0092640a,Unwind@0092640a,10,0,1,70
00926414,Unwind@00926414,10,0,1,70
0092641e,Unwind@0092641e,10,0,1,70
00926428,Unwind@00926428,10,0,1,70
00926432,Unwind@00926432,10,0,1,70
0092643c,Unwind@0092643c,10,0,1,70
00926446,Unwind@00926446,10,0,1,70
00926450,Unwind@00926450,10,0,1,70
0092645a,Unwind@0092645a,10,0,1,70
00926464,Unwind@00926464,10,0,1,70
0092646e,Unwind@0092646e,10,0,1,70
00926478,Unwind@00926478,10,0,1,70
00926482,Unwind@00926482,10,0,1,70
0092648c,Unwind@0092648c,10,0,1,70
00926496,Unwind@00926496,10,0,1,70
009264a0,Unwind@009264a0,10,0,1,70
009264aa,Unwind@009264aa,10,0,1,70
009264b4,Unwind@009264b4,10,0,1,70
009264be,Unwind@009264be,10,0,1,70
009264c8,Unwind@009264c8,10,0,1,70
009264d2,Unwind@009264d2,10,0,1,70
009264dc,Unwind@009264dc,10,0,1,70
009264e6,Unwind@009264e6,10,0,1,70
009264f0,Unwind@009264f0,10,0,1,70
009264fa,Unwind@009264fa,10,0,1,70
00926504,Unwind@00926504,10,0,1,70
0092650e,Unwind@0092650e,10,0,1,70
00926540,Unwind@00926540,11,0,1,70
00926580,Unwind@00926580,8,0,1,70
009265c0,Unwind@009265c0,11,0,1,70
00926600,Unwind@00926600,8,0,1,70
00926640,Unwind@00926640,8,0,1,70
00926680,Unwind@00926680,8,0,1,70
00926688,Unwind@00926688,11,0,1,70
00926693,Unwind@00926693,11,0,1,70
0092669e,Unwind@0092669e,11,0,1,70
009266a9,Unwind@009266a9,11,0,1,70
009266b4,Unwind@009266b4,11,0,1,70
009266bf,Unwind@009266bf,11,0,1,70
009266ca,Unwind@009266ca,11,0,1,70
009266d5,Unwind@009266d5,11,0,1,70
009266e0,Unwind@009266e0,11,0,1,70
009266eb,Unwind@009266eb,11,0,1,70
009266f6,Unwind@009266f6,11,0,1,70
00926701,Unwind@00926701,11,0,1,70
0092670c,Unwind@0092670c,11,0,1,70
00926717,Unwind@00926717,11,0,1,70
00926722,Unwind@00926722,11,0,1,70
00926760,Unwind@00926760,11,0,1,70
0092676b,Unwind@0092676b,11,0,1,70
00926776,Unwind@00926776,11,0,1,70
00926781,Unwind@00926781,11,0,1,70
0092678c,Unwind@0092678c,11,0,1,70
00926797,Unwind@00926797,11,0,1,70
009267a2,Unwind@009267a2,11,0,1,70
009267ad,Unwind@009267ad,11,0,1,70
009267b8,Unwind@009267b8,11,0,1,70
009267c3,Unwind@009267c3,11,0,1,70
009267ce,Unwind@009267ce,11,0,1,70
009267d9,Unwind@009267d9,11,0,1,70
009267e4,Unwind@009267e4,11,0,1,70
009267ef,Unwind@009267ef,11,0,1,70
009267fa,Unwind@009267fa,11,0,1,70
00926805,Unwind@00926805,11,0,1,70
00926810,Unwind@00926810,11,0,1,70
0092681b,Unwind@0092681b,11,0,1,70
00926826,Unwind@00926826,11,0,1,70
00926831,Unwind@00926831,11,0,1,70
0092683c,Unwind@0092683c,11,0,1,70
00926847,Unwind@00926847,11,0,1,70
00926852,Unwind@00926852,11,0,1,70
0092685d,Unwind@0092685d,11,0,1,70
00926868,Unwind@00926868,11,0,1,70
00926873,Unwind@00926873,11,0,1,70
0092687e,Unwind@0092687e,11,0,1,70
009268c0,Unwind@009268c0,8,0,1,70
009268c8,Unwind@009268c8,8,0,1,70
00926900,Unwind@00926900,11,0,1,70
00926940,Unwind@00926940,8,0,1,70
00926948,Unwind@00926948,8,0,1,70
00926950,Unwind@00926950,8,0,1,70
00926958,Unwind@00926958,8,0,1,70
00926960,Unwind@00926960,8,0,1,70
00926990,Unwind@00926990,8,0,1,70
00926998,Unwind@00926998,11,0,1,70
009269a3,Unwind@009269a3,11,0,1,70
009269ae,Unwind@009269ae,11,0,1,70
009269b9,Unwind@009269b9,11,0,1,70
009269c4,Unwind@009269c4,11,0,1,70
009269cf,Unwind@009269cf,11,0,1,70
009269da,Unwind@009269da,11,0,1,70
009269e5,Unwind@009269e5,11,0,1,70
009269f0,Unwind@009269f0,11,0,1,70
009269fb,Unwind@009269fb,11,0,1,70
00926a06,Unwind@00926a06,11,0,1,70
00926a11,Unwind@00926a11,34,0,1,247
00926a33,Unwind@00926a33,34,0,1,247
00926a55,Unwind@00926a55,34,0,1,247
00926a77,Unwind@00926a77,34,0,1,247
00926a99,Unwind@00926a99,34,0,1,250
00926abb,Unwind@00926abb,34,0,1,250
00926add,Unwind@00926add,34,0,1,250
00926aff,Unwind@00926aff,39,0,1,250
00926b60,Unwind@00926b60,11,0,1,70
00926b6b,Unwind@00926b6b,11,0,1,70
00926bb0,Unwind@00926bb0,8,0,1,70
00926bb8,Unwind@00926bb8,14,0,1,217
00926bc6,Unwind@00926bc6,14,0,1,217
00926bd4,Unwind@00926bd4,14,0,1,217
00926be2,Unwind@00926be2,14,0,1,217
00926bf0,Unwind@00926bf0,14,0,1,217
00926bfe,Unwind@00926bfe,14,0,1,217
00926c0c,Unwind@00926c0c,14,0,1,217
00926c1a,Unwind@00926c1a,14,0,1,217
00926c28,Unwind@00926c28,14,0,1,217
00926c36,Unwind@00926c36,14,0,1,217
00926c44,Unwind@00926c44,14,0,1,217
00926c52,Unwind@00926c52,14,0,1,217
00926c60,Unwind@00926c60,14,0,1,217
00926c6e,Unwind@00926c6e,14,0,1,218
00926c7c,Unwind@00926c7c,14,0,1,218
00926c8a,Unwind@00926c8a,14,0,1,218
00926c98,Unwind@00926c98,14,0,1,218
00926ca6,Unwind@00926ca6,14,0,1,218
00926cb4,Unwind@00926cb4,14,0,1,218
00926cc2,Unwind@00926cc2,14,0,1,218
00926cd0,Unwind@00926cd0,14,0,1,218
00926cde,Unwind@00926cde,14,0,1,218
00926cec,Unwind@00926cec,14,0,1,218
00926cfa,Unwind@00926cfa,14,0,1,218
00926d08,Unwind@00926d08,14,0,1,218
00926d16,Unwind@00926d16,14,0,1,218
00926d24,Unwind@00926d24,14,0,1,218
00926d32,Unwind@00926d32,14,0,1,70
00926d40,Unwind@00926d40,14,0,1,70
00926d4e,Unwind@00926d4e,14,0,1,70
00926d80,Unwind@00926d80,8,0,1,70
00926d88,Unwind@00926d88,14,0,1,217
00926d96,Unwind@00926d96,14,0,1,217
00926da4,Unwind@00926da4,14,0,1,217
00926db2,Unwind@00926db2,14,0,1,217
00926dc0,Unwind@00926dc0,14,0,1,217
00926dce,Unwind@00926dce,14,0,1,217
00926ddc,Unwind@00926ddc,14,0,1,217
00926dea,Unwind@00926dea,14,0,1,217
00926df8,Unwind@00926df8,14,0,1,217
00926e06,Unwind@00926e06,14,0,1,217
00926e14,Unwind@00926e14,14,0,1,217
00926e22,Unwind@00926e22,14,0,1,217
00926e30,Unwind@00926e30,14,0,1,217
00926e3e,Unwind@00926e3e,14,0,1,218
00926e4c,Unwind@00926e4c,14,0,1,218
00926e5a,Unwind@00926e5a,14,0,1,218
00926e68,Unwind@00926e68,14,0,1,218
00926e76,Unwind@00926e76,14,0,1,218
00926e84,Unwind@00926e84,14,0,1,218
00926e92,Unwind@00926e92,14,0,1,218
00926ea0,Unwind@00926ea0,14,0,1,218
00926eae,Unwind@00926eae,14,0,1,218
00926ebc,Unwind@00926ebc,14,0,1,218
00926eca,Unwind@00926eca,14,0,1,218
00926ed8,Unwind@00926ed8,14,0,1,218
00926ee6,Unwind@00926ee6,14,0,1,218
00926f20,Unwind@00926f20,8,0,1,70
00926f28,Unwind@00926f28,8,0,1,70
00926f60,Unwind@00926f60,11,0,1,70
00926fa0,Unwind@00926fa0,8,0,1,70
00926fd0,Unwind@00926fd0,11,0,1,70
00927010,Unwind@00927010,8,0,1,70
00927018,Unwind@00927018,14,0,1,216
00927026,Unwind@00927026,14,0,1,217
00927034,Unwind@00927034,14,0,1,217
00927042,Unwind@00927042,14,0,1,217
00927050,Unwind@00927050,14,0,1,217
0092705e,Unwind@0092705e,14,0,1,217
0092706c,Unwind@0092706c,14,0,1,217
0092707a,Unwind@0092707a,14,0,1,217
00927088,Unwind@00927088,14,0,1,217
00927096,Unwind@00927096,14,0,1,217
009270d0,Unwind@009270d0,8,0,1,70
009270d8,Unwind@009270d8,14,0,1,216
009270e6,Unwind@009270e6,14,0,1,217
009270f4,Unwind@009270f4,14,0,1,217
00927102,Unwind@00927102,14,0,1,217
00927110,Unwind@00927110,14,0,1,217
0092711e,Unwind@0092711e,14,0,1,217
0092712c,Unwind@0092712c,14,0,1,217
0092713a,Unwind@0092713a,14,0,1,217
00927148,Unwind@00927148,14,0,1,217
00927156,Unwind@00927156,14,0,1,217
00927164,Unwind@00927164,14,0,1,217
00927172,Unwind@00927172,14,0,1,217
00927180,Unwind@00927180,14,0,1,217
0092718e,Unwind@0092718e,14,0,1,217
0092719c,Unwind@0092719c,14,0,1,217
009271aa,Unwind@009271aa,14,0,1,217
009271f0,Unwind@009271f0,8,0,1,70
009271f8,Unwind@009271f8,14,0,1,216
00927206,Unwind@00927206,14,0,1,70
00927214,Unwind@00927214,14,0,1,70
00927222,Unwind@00927222,14,0,1,70
00927230,Unwind@00927230,14,0,1,217
0092723e,Unwind@0092723e,14,0,1,217
0092724c,Unwind@0092724c,14,0,1,217
00927280,Unwind@00927280,8,0,1,70
00927288,Unwind@00927288,8,0,1,70
00927290,Unwind@00927290,8,0,1,70
00927298,Unwind@00927298,8,0,1,70
009272a0,Unwind@009272a0,8,0,1,70
009272a8,Unwind@009272a8,8,0,1,70
009272b0,Unwind@009272b0,8,0,1,70
009272e0,Unwind@009272e0,8,0,1,70
009272e8,Unwind@009272e8,14,0,1,215
009272f6,Unwind@009272f6,14,0,1,217
00927304,Unwind@00927304,14,0,1,217
00927312,Unwind@00927312,14,0,1,217
00927320,Unwind@00927320,14,0,1,217
0092732e,Unwind@0092732e,14,0,1,217
0092733c,Unwind@0092733c,14,0,1,217
0092734a,Unwind@0092734a,14,0,1,217
00927358,Unwind@00927358,14,0,1,217
00927390,Unwind@00927390,8,0,1,70
00927398,Unwind@00927398,8,0,1,70
009273a0,Unwind@009273a0,8,0,1,70
009273d0,Unwind@009273d0,11,0,1,70
00927400,Unwind@00927400,11,0,1,70
00927440,Unwind@00927440,8,0,1,70
00927448,Unwind@00927448,8,0,1,70
00927480,Unwind@00927480,8,0,1,70
00927488,Unwind@00927488,14,0,1,217
00927496,Unwind@00927496,14,0,1,217
009274a4,Unwind@009274a4,14,0,1,70
009274b2,Unwind@009274b2,14,0,1,70
009274c0,Unwind@009274c0,14,0,1,217
009274ce,Unwind@009274ce,14,0,1,217
009274dc,Unwind@009274dc,14,0,1,70
009274ea,Unwind@009274ea,14,0,1,217
009274f8,Unwind@009274f8,14,0,1,217
00927506,Unwind@00927506,14,0,1,70
00927514,Unwind@00927514,14,0,1,217
00927522,Unwind@00927522,14,0,1,70
00927530,Unwind@00927530,14,0,1,217
0092753e,Unwind@0092753e,14,0,1,217
00927570,Unwind@00927570,8,0,1,70
00927578,Unwind@00927578,14,0,1,216
00927586,Unwind@00927586,14,0,1,217
00927594,Unwind@00927594,14,0,1,70
009275a2,Unwind@009275a2,14,0,1,70
009275e0,Unwind@009275e0,8,0,1,70
009275e8,Unwind@009275e8,14,0,1,70
009275f6,Unwind@009275f6,14,0,1,217
00927604,Unwind@00927604,14,0,1,70
00927612,Unwind@00927612,14,0,1,217
00927650,Unwind@00927650,8,0,1,70
00927658,Unwind@00927658,8,0,1,70
00927660,Unwind@00927660,8,0,1,70
00927668,Unwind@00927668,8,0,1,70
00927670,Unwind@00927670,8,0,1,70
00927678,Unwind@00927678,8,0,1,70
009276b0,Unwind@009276b0,8,0,1,70
009276b8,Unwind@009276b8,14,0,1,70
009276c6,Unwind@009276c6,14,0,1,70
009276d4,Unwind@009276d4,14,0,1,70
009276e2,Unwind@009276e2,14,0,1,70
009276f0,Unwind@009276f0,14,0,1,70
009276fe,Unwind@009276fe,14,0,1,70
00927730,Unwind@00927730,15,0,1,130
00927770,Unwind@00927770,11,0,1,70
0092777b,Unwind@0092777b,11,0,1,70
009277c0,Unwind@009277c0,11,0,1,70
009277cb,Unwind@009277cb,11,0,1,70
009277d6,Unwind@009277d6,11,0,1,70
009277e1,Unwind@009277e1,11,0,1,70
009277ec,Unwind@009277ec,11,0,1,70
009277f7,Unwind@009277f7,11,0,1,70
00927802,Unwind@00927802,11,0,1,70
0092780d,Unwind@0092780d,11,0,1,70
00927818,Unwind@00927818,11,0,1,70
00927823,Unwind@00927823,11,0,1,70
00927860,Unwind@00927860,8,0,1,70
00927890,Unwind@00927890,11,0,1,70
0092789b,Unwind@0092789b,17,0,1,70
009278ac,Unwind@009278ac,17,0,1,70
009278bd,Unwind@009278bd,17,0,1,70
009278ce,Unwind@009278ce,17,0,1,70
009278df,Unwind@009278df,17,0,1,70
009278f0,Unwind@009278f0,17,0,1,70
00927901,Unwind@00927901,17,0,1,70
00927912,Unwind@00927912,17,0,1,70
00927923,Unwind@00927923,17,0,1,70
00927934,Unwind@00927934,17,0,1,70
00927945,Unwind@00927945,17,0,1,70
00927956,Unwind@00927956,17,0,1,70
00927967,Unwind@00927967,17,0,1,70
00927978,Unwind@00927978,17,0,1,70
00927989,Unwind@00927989,17,0,1,70
0092799a,Unwind@0092799a,17,0,1,70
009279ab,Unwind@009279ab,17,0,1,70
009279bc,Unwind@009279bc,27,0,1,192
009279d7,Unwind@009279d7,27,0,1,193
009279f2,Unwind@009279f2,27,0,1,193
00927a0d,Unwind@00927a0d,27,0,1,192
00927a28,Unwind@00927a28,17,0,1,70
00927a39,Unwind@00927a39,27,0,1,180
00927a54,Unwind@00927a54,17,0,1,70
00927a65,Unwind@00927a65,17,0,1,70
00927a76,Unwind@00927a76,17,0,1,70
00927a87,Unwind@00927a87,17,0,1,70
00927a98,Unwind@00927a98,17,0,1,70
00927aa9,Unwind@00927aa9,27,0,1,180
00927ac4,Unwind@00927ac4,27,0,1,180
00927adf,Unwind@00927adf,27,0,1,180
00927afa,Unwind@00927afa,27,0,1,180
00927b15,Unwind@00927b15,17,0,1,70
00927b26,Unwind@00927b26,17,0,1,70
00927b37,Unwind@00927b37,17,0,1,70
00927b48,Unwind@00927b48,17,0,1,70
00927b59,Unwind@00927b59,17,0,1,70
00927b6a,Unwind@00927b6a,17,0,1,70
00927b7b,Unwind@00927b7b,17,0,1,70
00927b8c,Unwind@00927b8c,17,0,1,70
00927b9d,Unwind@00927b9d,27,0,1,192
00927bb8,Unwind@00927bb8,17,0,1,70
00927bc9,Unwind@00927bc9,17,0,1,70
00927bda,Unwind@00927bda,27,0,1,192
00927bf5,Unwind@00927bf5,27,0,1,193
00927c10,Unwind@00927c10,17,0,1,70
00927c21,Unwind@00927c21,17,0,1,70
00927c32,Unwind@00927c32,11,0,1,70
00927c3d,Unwind@00927c3d,11,0,1,70
00927c48,Unwind@00927c48,11,0,1,70
00927c53,Unwind@00927c53,13,0,1,128
00927c60,Unwind@00927c60,13,0,1,128
00927c6d,Unwind@00927c6d,13,0,1,128
00927c7a,Unwind@00927c7a,13,0,1,128
00927c87,Unwind@00927c87,13,0,1,128
00927c94,Unwind@00927c94,13,0,1,128
00927ca1,Unwind@00927ca1,13,0,1,128
00927cae,Unwind@00927cae,13,0,1,128
00927cbb,Unwind@00927cbb,13,0,1,128
00927cc8,Unwind@00927cc8,13,0,1,128
00927cd5,Unwind@00927cd5,13,0,1,128
00927ce2,Unwind@00927ce2,13,0,1,128
00927d50,Unwind@00927d50,8,0,1,70
00927d58,Unwind@00927d58,8,0,1,70
00927d60,Unwind@00927d60,8,0,1,70
00927d68,Unwind@00927d68,8,0,1,70
00927d70,Unwind@00927d70,8,0,1,70
00927da0,Unwind@00927da0,8,0,1,70
00927da8,Unwind@00927da8,8,0,1,70
00927db0,Unwind@00927db0,8,0,1,70
00927df0,Unwind@00927df0,8,0,1,70
00927df8,Unwind@00927df8,11,0,1,70
00927e03,Unwind@00927e03,11,0,1,70
00927e0e,Unwind@00927e0e,11,0,1,70
00927e19,Unwind@00927e19,11,0,1,70
00927e24,Unwind@00927e24,11,0,1,70
00927e2f,Unwind@00927e2f,11,0,1,70
00927e3a,Unwind@00927e3a,11,0,1,70
00927e45,Unwind@00927e45,11,0,1,70
00927e50,Unwind@00927e50,11,0,1,70
00927e5b,Unwind@00927e5b,11,0,1,70
00927e66,Unwind@00927e66,11,0,1,70
00927e71,Unwind@00927e71,11,0,1,70
00927ed0,Unwind@00927ed0,8,0,1,70
00927ed8,Unwind@00927ed8,8,0,1,70
00927f10,Unwind@00927f10,8,0,1,70
00927f18,Unwind@00927f18,11,0,1,70
00927f23,Unwind@00927f23,11,0,1,70
00927f2e,Unwind@00927f2e,11,0,1,70
00927f39,Unwind@00927f39,11,0,1,70
00927f44,Unwind@00927f44,11,0,1,70
00927f4f,Unwind@00927f4f,11,0,1,70
00927f5a,Unwind@00927f5a,11,0,1,70
00927fa0,Unwind@00927fa0,8,0,1,70
00927fa8,Unwind@00927fa8,8,0,1,70
00927fb0,Unwind@00927fb0,8,0,1,70
00927fb8,Unwind@00927fb8,8,0,1,70
00927fc0,Unwind@00927fc0,8,0,1,70
00927ff0,Unwind@00927ff0,8,0,1,70
00928020,Unwind@00928020,8,0,1,70
00928050,Unwind@00928050,11,0,1,70
0092805b,Unwind@0092805b,11,0,1,70
00928066,Unwind@00928066,11,0,1,70
00928071,Unwind@00928071,11,0,1,70
0092807c,Unwind@0092807c,11,0,1,70
00928087,Unwind@00928087,11,0,1,70
00928092,Unwind@00928092,11,0,1,70
0092809d,Unwind@0092809d,11,0,1,70
009280a8,Unwind@009280a8,11,0,1,70
009280b3,Unwind@009280b3,11,0,1,70
009280be,Unwind@009280be,11,0,1,70
009280c9,Unwind@009280c9,13,0,1,127
009280d6,Unwind@009280d6,11,0,1,155
00928110,Unwind@00928110,11,0,1,70
0092811b,Unwind@0092811b,11,0,1,70
00928126,Unwind@00928126,11,0,1,70
00928131,Unwind@00928131,11,0,1,70
0092813c,Unwind@0092813c,11,0,1,70
00928147,Unwind@00928147,11,0,1,70
00928152,Unwind@00928152,11,0,1,70
0092815d,Unwind@0092815d,11,0,1,70
00928168,Unwind@00928168,11,0,1,70
00928173,Unwind@00928173,11,0,1,70
0092817e,Unwind@0092817e,11,0,1,70
00928189,Unwind@00928189,11,0,1,70
00928194,Unwind@00928194,11,0,1,70
0092819f,Unwind@0092819f,11,0,1,70
009281aa,Unwind@009281aa,11,0,1,70
009281b5,Unwind@009281b5,11,0,1,70
009281c0,Unwind@009281c0,11,0,1,70
009281cb,Unwind@009281cb,11,0,1,70
009281d6,Unwind@009281d6,11,0,1,70
009281e1,Unwind@009281e1,11,0,1,70
009281ec,Unwind@009281ec,11,0,1,70
009281f7,Unwind@009281f7,11,0,1,70
00928202,Unwind@00928202,11,0,1,70
0092820d,Unwind@0092820d,11,0,1,70
00928218,Unwind@00928218,11,0,1,70
00928223,Unwind@00928223,11,0,1,70
0092822e,Unwind@0092822e,11,0,1,70
00928239,Unwind@00928239,11,0,1,70
00928244,Unwind@00928244,11,0,1,70
0092824f,Unwind@0092824f,11,0,1,70
0092825a,Unwind@0092825a,11,0,1,70
00928265,Unwind@00928265,11,0,1,70
00928270,Unwind@00928270,11,0,1,70
0092827b,Unwind@0092827b,11,0,1,70
00928286,Unwind@00928286,11,0,1,70
00928291,Unwind@00928291,11,0,1,70
0092829c,Unwind@0092829c,11,0,1,70
009282a7,Unwind@009282a7,11,0,1,70
009282b2,Unwind@009282b2,11,0,1,70
009282bd,Unwind@009282bd,11,0,1,70
009282c8,Unwind@009282c8,11,0,1,70
009282d3,Unwind@009282d3,11,0,1,70
009282de,Unwind@009282de,11,0,1,70
009282e9,Unwind@009282e9,11,0,1,70
009282f4,Unwind@009282f4,11,0,1,70
009282ff,Unwind@009282ff,11,0,1,70
0092830a,Unwind@0092830a,11,0,1,70
00928315,Unwind@00928315,11,0,1,70
00928320,Unwind@00928320,11,0,1,70
0092832b,Unwind@0092832b,11,0,1,70
00928336,Unwind@00928336,11,0,1,70
00928341,Unwind@00928341,11,0,1,70
0092834c,Unwind@0092834c,11,0,1,70
00928357,Unwind@00928357,11,0,1,70
00928362,Unwind@00928362,11,0,1,70
0092836d,Unwind@0092836d,11,0,1,70
009283b0,Unwind@009283b0,8,0,1,70
009283b8,Unwind@009283b8,11,0,1,70
009283c3,Unwind@009283c3,11,0,1,70
00928400,Unwind@00928400,8,0,1,70
00928440,Unwind@00928440,8,0,1,70
00928470,Unwind@00928470,11,0,1,70
0092847b,Unwind@0092847b,11,0,1,70
00928486,Unwind@00928486,11,0,1,70
00928491,Unwind@00928491,11,0,1,70
0092849c,Unwind@0092849c,11,0,1,70
009284a7,Unwind@009284a7,11,0,1,70
009284b2,Unwind@009284b2,11,0,1,70
009284bd,Unwind@009284bd,11,0,1,70
009284c8,Unwind@009284c8,11,0,1,70
009284d3,Unwind@009284d3,11,0,1,70
009284de,Unwind@009284de,11,0,1,70
009284e9,Unwind@009284e9,11,0,1,70
009284f4,Unwind@009284f4,11,0,1,70
009284ff,Unwind@009284ff,11,0,1,70
0092850a,Unwind@0092850a,11,0,1,70
00928515,Unwind@00928515,11,0,1,70
00928520,Unwind@00928520,11,0,1,70
0092852b,Unwind@0092852b,11,0,1,70
00928536,Unwind@00928536,11,0,1,70
00928541,Unwind@00928541,11,0,1,70
0092854c,Unwind@0092854c,11,0,1,70
00928557,Unwind@00928557,11,0,1,70
00928562,Unwind@00928562,11,0,1,70
0092856d,Unwind@0092856d,11,0,1,70
00928578,Unwind@00928578,11,0,1,70
00928583,Unwind@00928583,11,0,1,70
0092858e,Unwind@0092858e,11,0,1,70
00928599,Unwind@00928599,11,0,1,70
009285a4,Unwind@009285a4,11,0,1,70
009285af,Unwind@009285af,11,0,1,70
009285ba,Unwind@009285ba,11,0,1,70
009285c5,Unwind@009285c5,11,0,1,70
009285d0,Unwind@009285d0,11,0,1,70
009285db,Unwind@009285db,11,0,1,70
009285e6,Unwind@009285e6,11,0,1,70
009285f1,Unwind@009285f1,11,0,1,70
009285fc,Unwind@009285fc,11,0,1,70
00928607,Unwind@00928607,11,0,1,70
00928612,Unwind@00928612,11,0,1,70
0092861d,Unwind@0092861d,11,0,1,70
00928628,Unwind@00928628,11,0,1,70
00928633,Unwind@00928633,11,0,1,70
0092863e,Unwind@0092863e,11,0,1,70
00928649,Unwind@00928649,11,0,1,70
00928654,Unwind@00928654,11,0,1,70
0092865f,Unwind@0092865f,11,0,1,70
0092866a,Unwind@0092866a,11,0,1,70
00928675,Unwind@00928675,11,0,1,70
00928680,Unwind@00928680,11,0,1,70
0092868b,Unwind@0092868b,11,0,1,70
00928696,Unwind@00928696,11,0,1,70
009286a1,Unwind@009286a1,11,0,1,70
009286ac,Unwind@009286ac,11,0,1,70
009286b7,Unwind@009286b7,11,0,1,70
009286c2,Unwind@009286c2,11,0,1,70
009286cd,Unwind@009286cd,11,0,1,70
009286d8,Unwind@009286d8,11,0,1,70
009286e3,Unwind@009286e3,11,0,1,70
009286ee,Unwind@009286ee,11,0,1,70
009286f9,Unwind@009286f9,11,0,1,70
00928704,Unwind@00928704,11,0,1,70
0092870f,Unwind@0092870f,11,0,1,70
0092871a,Unwind@0092871a,11,0,1,70
00928725,Unwind@00928725,11,0,1,70
00928730,Unwind@00928730,11,0,1,70
0092873b,Unwind@0092873b,11,0,1,70
00928780,Unwind@00928780,11,0,1,70
009287b0,Unwind@009287b0,11,0,1,70
009287bb,Unwind@009287bb,11,0,1,70
009287c6,Unwind@009287c6,11,0,1,70
009287d1,Unwind@009287d1,11,0,1,70
009287dc,Unwind@009287dc,11,0,1,70
009287e7,Unwind@009287e7,11,0,1,70
009287f2,Unwind@009287f2,11,0,1,70
009287fd,Unwind@009287fd,11,0,1,70
00928808,Unwind@00928808,11,0,1,70
00928813,Unwind@00928813,11,0,1,70
00928850,Unwind@00928850,8,0,1,70
00928880,Unwind@00928880,11,0,1,70
009288c0,Unwind@009288c0,11,0,1,70
009288cb,Unwind@009288cb,11,0,1,70
00928910,Unwind@00928910,11,0,1,70
0092891b,Unwind@0092891b,11,0,1,70
00928926,Unwind@00928926,11,0,1,70
00928960,Unwind@00928960,11,0,1,70
0092896b,Unwind@0092896b,11,0,1,70
009289b0,Unwind@009289b0,11,0,1,70
009289bb,Unwind@009289bb,11,0,1,70
009289f0,Unwind@009289f0,8,0,1,70
009289f8,Unwind@009289f8,8,0,1,70
00928a30,Unwind@00928a30,8,0,1,70
00928a38,Unwind@00928a38,11,0,1,70
00928a80,Unwind@00928a80,8,0,1,70
00928a88,Unwind@00928a88,11,0,1,70
00928ad0,Unwind@00928ad0,8,0,1,70
00928ad8,Unwind@00928ad8,8,0,1,70
00928b10,Unwind@00928b10,8,0,1,70
00928b18,Unwind@00928b18,8,0,1,70
00928b50,Unwind@00928b50,8,0,1,70
00928b58,Unwind@00928b58,8,0,1,70
00928b90,Unwind@00928b90,8,0,1,70
00928be0,Unwind@00928be0,11,0,1,70
00928beb,Unwind@00928beb,11,0,1,70
00928bf6,Unwind@00928bf6,11,0,1,70
00928c01,Unwind@00928c01,11,0,1,70
00928c0c,Unwind@00928c0c,11,0,1,70
00928c17,Unwind@00928c17,11,0,1,70
00928c22,Unwind@00928c22,11,0,1,70
00928c60,Unwind@00928c60,8,0,1,70
00928c68,Unwind@00928c68,8,0,1,70
00928c70,Unwind@00928c70,8,0,1,70
00928c78,Unwind@00928c78,8,0,1,70
00928c80,Unwind@00928c80,11,0,1,70
00928c8b,Unwind@00928c8b,11,0,1,70
00928cc0,Unwind@00928cc0,8,0,1,70
00928d00,Unwind@00928d00,8,0,1,70
00928d08,Unwind@00928d08,8,0,1,70
00928d10,Unwind@00928d10,8,0,1,70
00928d40,Unwind@00928d40,8,0,1,70
00928d48,Unwind@00928d48,11,0,1,70
00928d53,Unwind@00928d53,11,0,1,70
00928d5e,Unwind@00928d5e,11,0,1,70
00928d69,Unwind@00928d69,11,0,1,70
00928d74,Unwind@00928d74,11,0,1,70
00928d7f,Unwind@00928d7f,11,0,1,70
00928d8a,Unwind@00928d8a,11,0,1,70
00928dd0,Unwind@00928dd0,8,0,1,70
00928dd8,Unwind@00928dd8,11,0,1,70
00928de3,Unwind@00928de3,11,0,1,70
00928dee,Unwind@00928dee,11,0,1,70
00928e30,Unwind@00928e30,8,0,1,70
00928e38,Unwind@00928e38,8,0,1,70
00928e40,Unwind@00928e40,8,0,1,70
00928e48,Unwind@00928e48,8,0,1,70
00928e80,Unwind@00928e80,8,0,1,70
00928e88,Unwind@00928e88,11,0,1,70
00928e93,Unwind@00928e93,11,0,1,70
00928e9e,Unwind@00928e9e,11,0,1,70
00928ea9,Unwind@00928ea9,11,0,1,70
00928eb4,Unwind@00928eb4,11,0,1,70
00928ebf,Unwind@00928ebf,11,0,1,70
00928eca,Unwind@00928eca,11,0,1,70
00928ed5,Unwind@00928ed5,11,0,1,70
00928f10,Unwind@00928f10,8,0,1,70
00928f18,Unwind@00928f18,8,0,1,70
00928f20,Unwind@00928f20,8,0,1,70
00928f28,Unwind@00928f28,8,0,1,70
00928f60,Unwind@00928f60,11,0,1,70
00928f90,Unwind@00928f90,8,0,1,70
00928fc0,Unwind@00928fc0,8,0,1,70
00928fc8,Unwind@00928fc8,14,0,1,70
00928fd6,Unwind@00928fd6,14,0,1,70
00928fe4,Unwind@00928fe4,14,0,1,70
00928ff2,Unwind@00928ff2,14,0,1,70
00929000,Unwind@00929000,14,0,1,70
0092900e,Unwind@0092900e,14,0,1,70
0092901c,Unwind@0092901c,14,0,1,70
0092902a,Unwind@0092902a,14,0,1,70
00929038,Unwind@00929038,24,0,1,191
00929050,Unwind@00929050,10,0,1,126
0092905a,Unwind@0092905a,10,0,1,126
00929064,Unwind@00929064,10,0,1,126
0092906e,Unwind@0092906e,10,0,1,126
00929078,Unwind@00929078,10,0,1,126
009290d0,Unwind@009290d0,11,0,1,70
009290db,Unwind@009290db,11,0,1,70
009290e6,Unwind@009290e6,11,0,1,70
00929120,Unwind@00929120,11,0,1,70
0092912b,Unwind@0092912b,11,0,1,70
00929136,Unwind@00929136,11,0,1,70
00929141,Unwind@00929141,11,0,1,70
0092914c,Unwind@0092914c,11,0,1,70
00929157,Unwind@00929157,11,0,1,70
00929162,Unwind@00929162,11,0,1,70
0092916d,Unwind@0092916d,11,0,1,70
00929178,Unwind@00929178,11,0,1,70
00929183,Unwind@00929183,13,0,1,128
00929190,Unwind@00929190,11,0,1,70
0092919b,Unwind@0092919b,11,0,1,70
009291e0,Unwind@009291e0,8,0,1,70
00929210,Unwind@00929210,8,0,1,70
00929218,Unwind@00929218,11,0,1,70
00929223,Unwind@00929223,11,0,1,70
0092922e,Unwind@0092922e,11,0,1,70
00929239,Unwind@00929239,11,0,1,70
00929244,Unwind@00929244,11,0,1,70
0092924f,Unwind@0092924f,11,0,1,70
0092925a,Unwind@0092925a,11,0,1,70
00929265,Unwind@00929265,11,0,1,70
00929270,Unwind@00929270,11,0,1,70
0092927b,Unwind@0092927b,11,0,1,70
00929286,Unwind@00929286,11,0,1,70
00929291,Unwind@00929291,11,0,1,70
0092929c,Unwind@0092929c,11,0,1,70
009292a7,Unwind@009292a7,11,0,1,70
009292b2,Unwind@009292b2,11,0,1,70
009292bd,Unwind@009292bd,11,0,1,70
00929300,Unwind@00929300,8,0,1,70
00929308,Unwind@00929308,8,0,1,70
00929340,Unwind@00929340,8,0,1,70
00929370,Unwind@00929370,11,0,1,70
0092937b,Unwind@0092937b,11,0,1,70
00929386,Unwind@00929386,11,0,1,70
00929391,Unwind@00929391,13,0,1,128
009293d0,Unwind@009293d0,8,0,1,70
00929400,Unwind@00929400,11,0,1,70
0092940b,Unwind@0092940b,11,0,1,70
00929416,Unwind@00929416,11,0,1,70
00929421,Unwind@00929421,11,0,1,70
0092942c,Unwind@0092942c,11,0,1,70
00929437,Unwind@00929437,11,0,1,70
00929480,Unwind@00929480,11,0,1,70
0092948b,Unwind@0092948b,11,0,1,70
00929496,Unwind@00929496,11,0,1,70
009294a1,Unwind@009294a1,13,0,1,128
009294ae,Unwind@009294ae,13,0,1,128
009294bb,Unwind@009294bb,13,0,1,128
009294c8,Unwind@009294c8,13,0,1,128
009294d5,Unwind@009294d5,13,0,1,128
009294e2,Unwind@009294e2,13,0,1,128
009294ef,Unwind@009294ef,11,0,1,70
009294fa,Unwind@009294fa,13,0,1,128
00929507,Unwind@00929507,11,0,1,70
00929512,Unwind@00929512,11,0,1,70
0092951d,Unwind@0092951d,11,0,1,70
00929528,Unwind@00929528,11,0,1,70
00929533,Unwind@00929533,11,0,1,70
0092953e,Unwind@0092953e,11,0,1,70
00929549,Unwind@00929549,11,0,1,70
00929554,Unwind@00929554,11,0,1,70
0092955f,Unwind@0092955f,11,0,1,70
0092956a,Unwind@0092956a,11,0,1,70
00929575,Unwind@00929575,11,0,1,70
00929580,Unwind@00929580,11,0,1,70
0092958b,Unwind@0092958b,13,0,1,128
00929598,Unwind@00929598,13,0,1,128
009295a5,Unwind@009295a5,13,0,1,128
009295b2,Unwind@009295b2,13,0,1,128
009295bf,Unwind@009295bf,13,0,1,128
009295cc,Unwind@009295cc,13,0,1,128
009295d9,Unwind@009295d9,13,0,1,128
009295e6,Unwind@009295e6,13,0,1,128
009295f3,Unwind@009295f3,13,0,1,128
00929600,Unwind@00929600,13,0,1,128
0092960d,Unwind@0092960d,13,0,1,128
0092961a,Unwind@0092961a,13,0,1,128
00929627,Unwind@00929627,13,0,1,128
00929634,Unwind@00929634,13,0,1,128
00929641,Unwind@00929641,13,0,1,128
0092964e,Unwind@0092964e,13,0,1,128
0092965b,Unwind@0092965b,13,0,1,128
00929668,Unwind@00929668,13,0,1,128
00929675,Unwind@00929675,13,0,1,128
00929682,Unwind@00929682,13,0,1,128
0092968f,Unwind@0092968f,13,0,1,128
0092969c,Unwind@0092969c,13,0,1,128
009296a9,Unwind@009296a9,13,0,1,128
009296b6,Unwind@009296b6,13,0,1,128
009296c3,Unwind@009296c3,13,0,1,128
009296d0,Unwind@009296d0,13,0,1,128
009296dd,Unwind@009296dd,13,0,1,128
009296ea,Unwind@009296ea,13,0,1,128
009296f7,Unwind@009296f7,13,0,1,128
00929704,Unwind@00929704,13,0,1,128
00929711,Unwind@00929711,13,0,1,128
0092971e,Unwind@0092971e,13,0,1,128
0092972b,Unwind@0092972b,13,0,1,128
00929738,Unwind@00929738,13,0,1,128
00929745,Unwind@00929745,13,0,1,128
00929752,Unwind@00929752,13,0,1,128
0092975f,Unwind@0092975f,13,0,1,128
0092976c,Unwind@0092976c,13,0,1,128
00929779,Unwind@00929779,13,0,1,128
00929786,Unwind@00929786,13,0,1,128
00929793,Unwind@00929793,13,0,1,128
009297a0,Unwind@009297a0,13,0,1,128
009297ad,Unwind@009297ad,13,0,1,128
009297ba,Unwind@009297ba,13,0,1,128
009297c7,Unwind@009297c7,13,0,1,128
009297d4,Unwind@009297d4,13,0,1,128
009297e1,Unwind@009297e1,13,0,1,128
009297ee,Unwind@009297ee,13,0,1,128
009297fb,Unwind@009297fb,13,0,1,128
00929808,Unwind@00929808,13,0,1,128
00929815,Unwind@00929815,13,0,1,128
00929822,Unwind@00929822,13,0,1,128
0092982f,Unwind@0092982f,13,0,1,128
0092983c,Unwind@0092983c,13,0,1,128
00929849,Unwind@00929849,13,0,1,128
00929856,Unwind@00929856,13,0,1,128
00929863,Unwind@00929863,13,0,1,128
00929870,Unwind@00929870,13,0,1,128
009298b0,Unwind@009298b0,11,0,1,70
009298bb,Unwind@009298bb,11,0,1,70
009298c6,Unwind@009298c6,11,0,1,70
009298d1,Unwind@009298d1,11,0,1,70
009298dc,Unwind@009298dc,11,0,1,70
009298e7,Unwind@009298e7,11,0,1,70
009298f2,Unwind@009298f2,11,0,1,70
00929930,Unwind@00929930,11,0,1,70
0092993b,Unwind@0092993b,11,0,1,70
00929946,Unwind@00929946,11,0,1,70
00929980,Unwind@00929980,11,0,1,70
0092998b,Unwind@0092998b,11,0,1,70
009299d0,Unwind@009299d0,8,0,1,70
00929a00,Unwind@00929a00,11,0,1,70
00929a40,Unwind@00929a40,11,0,1,70
00929a4b,Unwind@00929a4b,11,0,1,70
00929a56,Unwind@00929a56,11,0,1,70
00929a61,Unwind@00929a61,11,0,1,70
00929a6c,Unwind@00929a6c,11,0,1,70
00929a77,Unwind@00929a77,11,0,1,70
00929a82,Unwind@00929a82,11,0,1,70
00929a8d,Unwind@00929a8d,11,0,1,70
00929a98,Unwind@00929a98,11,0,1,70
00929aa3,Unwind@00929aa3,11,0,1,70
00929aae,Unwind@00929aae,11,0,1,70
00929ab9,Unwind@00929ab9,11,0,1,70
00929ac4,Unwind@00929ac4,11,0,1,70
00929b00,Unwind@00929b00,11,0,1,70
00929b0b,Unwind@00929b0b,11,0,1,70
00929b16,Unwind@00929b16,11,0,1,70
00929b21,Unwind@00929b21,11,0,1,70
00929b60,Unwind@00929b60,11,0,1,70
00929b6b,Unwind@00929b6b,11,0,1,70
00929b76,Unwind@00929b76,11,0,1,70
00929b81,Unwind@00929b81,11,0,1,70
00929b8c,Unwind@00929b8c,11,0,1,70
00929b97,Unwind@00929b97,11,0,1,70
00929be0,Unwind@00929be0,8,0,1,70
00929be8,Unwind@00929be8,8,0,1,70
00929bf0,Unwind@00929bf0,8,0,1,70
00929c20,Unwind@00929c20,11,0,1,70
00929c2b,Unwind@00929c2b,11,0,1,70
00929c36,Unwind@00929c36,11,0,1,70
00929c41,Unwind@00929c41,11,0,1,70
00929c4c,Unwind@00929c4c,11,0,1,70
00929c57,Unwind@00929c57,11,0,1,70
00929c62,Unwind@00929c62,11,0,1,70
00929c6d,Unwind@00929c6d,11,0,1,70
00929c78,Unwind@00929c78,11,0,1,70
00929cc0,Unwind@00929cc0,8,0,1,70
00929cc8,Unwind@00929cc8,8,0,1,70
00929cd0,Unwind@00929cd0,8,0,1,70
00929cd8,Unwind@00929cd8,8,0,1,70
00929d10,Unwind@00929d10,8,0,1,70
00929d18,Unwind@00929d18,11,0,1,70
00929d50,Unwind@00929d50,8,0,1,70
00929d58,Unwind@00929d58,8,0,1,70
00929d90,Unwind@00929d90,10,0,1,126
00929d9a,Unwind@00929d9a,10,0,1,126
00929da4,Unwind@00929da4,10,0,1,126
00929dae,Unwind@00929dae,10,0,1,126
00929db8,Unwind@00929db8,10,0,1,126
00929dc2,Unwind@00929dc2,10,0,1,126
00929dcc,Unwind@00929dcc,10,0,1,126
00929dd6,Unwind@00929dd6,10,0,1,126
00929de0,Unwind@00929de0,10,0,1,126
00929dea,Unwind@00929dea,10,0,1,126
00929df4,Unwind@00929df4,10,0,1,126
00929dfe,Unwind@00929dfe,10,0,1,126
00929e08,Unwind@00929e08,10,0,1,126
00929e12,Unwind@00929e12,13,0,1,126
00929e1f,Unwind@00929e1f,13,0,1,126
00929e2c,Unwind@00929e2c,13,0,1,126
00929e39,Unwind@00929e39,13,0,1,126
00929e46,Unwind@00929e46,13,0,1,126
00929e53,Unwind@00929e53,13,0,1,126
00929e60,Unwind@00929e60,13,0,1,126
00929e6d,Unwind@00929e6d,13,0,1,126
00929e7a,Unwind@00929e7a,13,0,1,125
00929e87,Unwind@00929e87,13,0,1,126
00929e94,Unwind@00929e94,13,0,1,126
00929ea1,Unwind@00929ea1,13,0,1,126
00929eae,Unwind@00929eae,13,0,1,126
00929ebb,Unwind@00929ebb,13,0,1,126
00929ec8,Unwind@00929ec8,13,0,1,126
00929ed5,Unwind@00929ed5,13,0,1,127
00929ee2,Unwind@00929ee2,13,0,1,127
00929eef,Unwind@00929eef,13,0,1,127
00929efc,Unwind@00929efc,13,0,1,127
00929f09,Unwind@00929f09,11,0,1,70
00929f14,Unwind@00929f14,11,0,1,70
00929f1f,Unwind@00929f1f,11,0,1,70
00929f50,Unwind@00929f50,11,0,1,70
00929f90,Unwind@00929f90,11,0,1,70
00929fd0,Unwind@00929fd0,11,0,1,70
00929fdb,Unwind@00929fdb,11,0,1,70
0092a020,Unwind@0092a020,8,0,1,70
0092a050,Unwind@0092a050,8,0,1,70
0092a080,Unwind@0092a080,11,0,1,70
0092a08b,Unwind@0092a08b,11,0,1,70
0092a096,Unwind@0092a096,11,0,1,70
0092a0a1,Unwind@0092a0a1,11,0,1,70
0092a0ac,Unwind@0092a0ac,11,0,1,70
0092a0b7,Unwind@0092a0b7,11,0,1,70
0092a0c2,Unwind@0092a0c2,11,0,1,70
0092a0cd,Unwind@0092a0cd,11,0,1,70
0092a110,Unwind@0092a110,11,0,1,70
0092a11b,Unwind@0092a11b,11,0,1,70
0092a126,Unwind@0092a126,11,0,1,70
0092a131,Unwind@0092a131,11,0,1,70
0092a170,Unwind@0092a170,11,0,1,70
0092a17b,Unwind@0092a17b,11,0,1,70
0092a1c0,Unwind@0092a1c0,8,0,1,70
0092a1f0,Unwind@0092a1f0,11,0,1,70
0092a1fb,Unwind@0092a1fb,11,0,1,70
0092a240,Unwind@0092a240,11,0,1,70
0092a24b,Unwind@0092a24b,11,0,1,70
0092a256,Unwind@0092a256,11,0,1,70
0092a290,Unwind@0092a290,11,0,1,70
0092a29b,Unwind@0092a29b,13,0,1,128
0092a2a8,Unwind@0092a2a8,11,0,1,70
0092a2f0,Unwind@0092a2f0,11,0,1,70
0092a2fb,Unwind@0092a2fb,11,0,1,70
0092a340,Unwind@0092a340,8,0,1,70
0092a370,Unwind@0092a370,11,0,1,70
0092a37b,Unwind@0092a37b,11,0,1,70
0092a386,Unwind@0092a386,11,0,1,70
0092a391,Unwind@0092a391,11,0,1,70
0092a39c,Unwind@0092a39c,11,0,1,70
0092a3a7,Unwind@0092a3a7,11,0,1,70
0092a3b2,Unwind@0092a3b2,11,0,1,70
0092a3bd,Unwind@0092a3bd,11,0,1,70
0092a3c8,Unwind@0092a3c8,11,0,1,70
0092a3d3,Unwind@0092a3d3,11,0,1,70
0092a3de,Unwind@0092a3de,11,0,1,70
0092a3e9,Unwind@0092a3e9,11,0,1,70
0092a3f4,Unwind@0092a3f4,11,0,1,70
0092a430,Unwind@0092a430,11,0,1,70
0092a43b,Unwind@0092a43b,11,0,1,70
0092a446,Unwind@0092a446,11,0,1,70
0092a480,Unwind@0092a480,11,0,1,70
0092a48b,Unwind@0092a48b,11,0,1,70
0092a496,Unwind@0092a496,11,0,1,70
0092a4d0,Unwind@0092a4d0,8,0,1,70
0092a4d8,Unwind@0092a4d8,8,0,1,70
0092a4e0,Unwind@0092a4e0,8,0,1,70
0092a4e8,Unwind@0092a4e8,8,0,1,70
0092a4f0,Unwind@0092a4f0,8,0,1,70
0092a4f8,Unwind@0092a4f8,8,0,1,70
0092a500,Unwind@0092a500,8,0,1,70
0092a508,Unwind@0092a508,8,0,1,70
0092a510,Unwind@0092a510,8,0,1,70
0092a518,Unwind@0092a518,11,0,1,70
0092a523,Unwind@0092a523,11,0,1,70
0092a52e,Unwind@0092a52e,11,0,1,70
0092a560,Unwind@0092a560,11,0,1,70
0092a590,Unwind@0092a590,8,0,1,70
0092a5c0,Unwind@0092a5c0,11,0,1,70
0092a5cb,Unwind@0092a5cb,11,0,1,70
0092a5d6,Unwind@0092a5d6,11,0,1,70
0092a5e1,Unwind@0092a5e1,11,0,1,70
0092a5ec,Unwind@0092a5ec,11,0,1,70
0092a5f7,Unwind@0092a5f7,11,0,1,70
0092a602,Unwind@0092a602,11,0,1,70
0092a60d,Unwind@0092a60d,11,0,1,70
0092a618,Unwind@0092a618,11,0,1,70
0092a623,Unwind@0092a623,11,0,1,70
0092a62e,Unwind@0092a62e,11,0,1,70
0092a639,Unwind@0092a639,11,0,1,70
0092a644,Unwind@0092a644,11,0,1,70
0092a64f,Unwind@0092a64f,11,0,1,70
0092a65a,Unwind@0092a65a,11,0,1,70
0092a665,Unwind@0092a665,11,0,1,70
0092a670,Unwind@0092a670,11,0,1,70
0092a67b,Unwind@0092a67b,11,0,1,70
0092a686,Unwind@0092a686,11,0,1,70
0092a691,Unwind@0092a691,11,0,1,70
0092a69c,Unwind@0092a69c,11,0,1,70
0092a6a7,Unwind@0092a6a7,34,0,1,247
0092a6c9,Unwind@0092a6c9,34,0,1,247
0092a6eb,Unwind@0092a6eb,34,0,1,247
0092a70d,Unwind@0092a70d,11,0,1,70
0092a718,Unwind@0092a718,11,0,1,70
0092a723,Unwind@0092a723,11,0,1,70
0092a72e,Unwind@0092a72e,11,0,1,70
0092a739,Unwind@0092a739,11,0,1,70
0092a744,Unwind@0092a744,11,0,1,70
0092a74f,Unwind@0092a74f,11,0,1,70
0092a75a,Unwind@0092a75a,11,0,1,70
0092a765,Unwind@0092a765,11,0,1,70
0092a770,Unwind@0092a770,11,0,1,70
0092a77b,Unwind@0092a77b,11,0,1,70
0092a786,Unwind@0092a786,11,0,1,70
0092a791,Unwind@0092a791,11,0,1,70
0092a79c,Unwind@0092a79c,11,0,1,70
0092a7a7,Unwind@0092a7a7,11,0,1,70
0092a7f0,Unwind@0092a7f0,11,0,1,70
0092a7fb,Unwind@0092a7fb,11,0,1,70
0092a806,Unwind@0092a806,11,0,1,70
0092a811,Unwind@0092a811,11,0,1,70
0092a81c,Unwind@0092a81c,11,0,1,70
0092a827,Unwind@0092a827,11,0,1,70
0092a832,Unwind@0092a832,11,0,1,70
0092a83d,Unwind@0092a83d,11,0,1,70
0092a848,Unwind@0092a848,11,0,1,70
0092a853,Unwind@0092a853,13,0,1,128
0092a890,Unwind@0092a890,8,0,1,70
0092a8c0,Unwind@0092a8c0,8,0,1,70
0092a8c8,Unwind@0092a8c8,8,0,1,70
0092a900,Unwind@0092a900,11,0,1,70
0092a90b,Unwind@0092a90b,11,0,1,70
0092a916,Unwind@0092a916,11,0,1,70
0092a921,Unwind@0092a921,11,0,1,70
0092a92c,Unwind@0092a92c,11,0,1,70
0092a937,Unwind@0092a937,11,0,1,70
0092a942,Unwind@0092a942,11,0,1,70
0092a94d,Unwind@0092a94d,11,0,1,70
0092a958,Unwind@0092a958,11,0,1,70
0092a963,Unwind@0092a963,11,0,1,70
0092a96e,Unwind@0092a96e,11,0,1,70
0092a979,Unwind@0092a979,11,0,1,70
0092a9c0,Unwind@0092a9c0,11,0,1,70
0092a9f0,Unwind@0092a9f0,11,0,1,70
0092aa20,Unwind@0092aa20,11,0,1,70
0092aa2b,Unwind@0092aa2b,11,0,1,70
0092aa36,Unwind@0092aa36,11,0,1,70
0092aa41,Unwind@0092aa41,11,0,1,70
0092aa4c,Unwind@0092aa4c,11,0,1,70
0092aa90,Unwind@0092aa90,8,0,1,70
0092aac0,Unwind@0092aac0,11,0,1,70
0092aacb,Unwind@0092aacb,11,0,1,70
0092aad6,Unwind@0092aad6,11,0,1,70
0092aae1,Unwind@0092aae1,11,0,1,70
0092aaec,Unwind@0092aaec,11,0,1,70
0092ab30,Unwind@0092ab30,8,0,1,70
0092ab38,Unwind@0092ab38,18,0,1,131
0092ab70,Unwind@0092ab70,8,0,1,70
0092ab78,Unwind@0092ab78,18,0,1,131
0092abb0,Unwind@0092abb0,11,0,1,70
0092abbb,Unwind@0092abbb,11,0,1,70
0092ac00,Unwind@0092ac00,8,0,1,70
0092ac08,Unwind@0092ac08,8,0,1,70
0092ac10,Unwind@0092ac10,8,0,1,70
0092ac40,Unwind@0092ac40,8,0,1,70
0092ac80,Unwind@0092ac80,15,0,1,131
0092acc0,Unwind@0092acc0,8,0,1,70
0092acc8,Unwind@0092acc8,8,0,1,70
0092acd0,Unwind@0092acd0,8,0,1,70
0092acd8,Unwind@0092acd8,8,0,1,70
0092ace0,Unwind@0092ace0,8,0,1,70
0092ace8,Unwind@0092ace8,8,0,1,70
0092acf0,Unwind@0092acf0,8,0,1,70
0092ad20,Unwind@0092ad20,8,0,1,70
0092ad28,Unwind@0092ad28,11,0,1,70
0092ad33,Unwind@0092ad33,11,0,1,70
0092ad3e,Unwind@0092ad3e,11,0,1,70
0092ad49,Unwind@0092ad49,11,0,1,70
0092ad54,Unwind@0092ad54,11,0,1,70
0092ad5f,Unwind@0092ad5f,11,0,1,70
0092ad6a,Unwind@0092ad6a,11,0,1,70
0092ad75,Unwind@0092ad75,11,0,1,70
0092ad80,Unwind@0092ad80,11,0,1,70
0092ad8b,Unwind@0092ad8b,11,0,1,70
0092ad96,Unwind@0092ad96,11,0,1,70
0092ada1,Unwind@0092ada1,11,0,1,70
0092adac,Unwind@0092adac,11,0,1,70
0092adb7,Unwind@0092adb7,11,0,1,70
0092adc2,Unwind@0092adc2,11,0,1,70
0092adcd,Unwind@0092adcd,11,0,1,70
0092add8,Unwind@0092add8,11,0,1,70
0092ade3,Unwind@0092ade3,11,0,1,70
0092adee,Unwind@0092adee,11,0,1,70
0092adf9,Unwind@0092adf9,11,0,1,70
0092ae40,Unwind@0092ae40,11,0,1,70
0092ae80,Unwind@0092ae80,11,0,1,70
0092ae8b,Unwind@0092ae8b,11,0,1,70
0092ae96,Unwind@0092ae96,11,0,1,70
0092aea1,Unwind@0092aea1,11,0,1,70
0092aeac,Unwind@0092aeac,11,0,1,70
0092aeb7,Unwind@0092aeb7,11,0,1,70
0092aec2,Unwind@0092aec2,11,0,1,70
0092aecd,Unwind@0092aecd,11,0,1,70
0092aed8,Unwind@0092aed8,11,0,1,70
0092af20,Unwind@0092af20,11,0,1,70
0092af2b,Unwind@0092af2b,11,0,1,70
0092af70,Unwind@0092af70,11,0,1,70
0092af7b,Unwind@0092af7b,11,0,1,70
0092af86,Unwind@0092af86,11,0,1,70
0092af91,Unwind@0092af91,11,0,1,70
0092af9c,Unwind@0092af9c,11,0,1,70
0092afe0,Unwind@0092afe0,11,0,1,70
0092afeb,Unwind@0092afeb,11,0,1,70
0092aff6,Unwind@0092aff6,11,0,1,70
0092b030,Unwind@0092b030,11,0,1,70
0092b03b,Unwind@0092b03b,11,0,1,70
0092b046,Unwind@0092b046,11,0,1,70
0092b080,Unwind@0092b080,11,0,1,70
0092b08b,Unwind@0092b08b,11,0,1,70
0092b0d0,Unwind@0092b0d0,11,0,1,70
0092b0db,Unwind@0092b0db,11,0,1,70
0092b0e6,Unwind@0092b0e6,11,0,1,70
0092b0f1,Unwind@0092b0f1,11,0,1,70
0092b130,Unwind@0092b130,8,0,1,70
0092b138,Unwind@0092b138,8,0,1,70
0092b140,Unwind@0092b140,8,0,1,70
0092b148,Unwind@0092b148,8,0,1,70
0092b150,Unwind@0092b150,8,0,1,70
0092b158,Unwind@0092b158,8,0,1,70
0092b190,Unwind@0092b190,8,0,1,70
0092b198,Unwind@0092b198,11,0,1,70
0092b1a3,Unwind@0092b1a3,11,0,1,70
0092b1ae,Unwind@0092b1ae,11,0,1,70
0092b1b9,Unwind@0092b1b9,11,0,1,70
0092b200,Unwind@0092b200,11,0,1,70
0092b240,Unwind@0092b240,11,0,1,70
0092b280,Unwind@0092b280,11,0,1,70
0092b28b,Unwind@0092b28b,11,0,1,70
0092b296,Unwind@0092b296,11,0,1,70
0092b2a1,Unwind@0092b2a1,11,0,1,70
0092b2e0,Unwind@0092b2e0,11,0,1,70
0092b2eb,Unwind@0092b2eb,11,0,1,70
0092b330,Unwind@0092b330,11,0,1,70
0092b33b,Unwind@0092b33b,11,0,1,70
0092b380,Unwind@0092b380,11,0,1,70
0092b38b,Unwind@0092b38b,11,0,1,70
0092b396,Unwind@0092b396,11,0,1,70
0092b3a1,Unwind@0092b3a1,11,0,1,70
0092b3ac,Unwind@0092b3ac,11,0,1,70
0092b3b7,Unwind@0092b3b7,11,0,1,70
0092b400,Unwind@0092b400,14,0,1,70
0092b40e,Unwind@0092b40e,14,0,1,70
0092b440,Unwind@0092b440,11,0,1,70
0092b44b,Unwind@0092b44b,11,0,1,70
0092b456,Unwind@0092b456,11,0,1,70
0092b490,Unwind@0092b490,8,0,1,70
0092b4c0,Unwind@0092b4c0,11,0,1,70
0092b4cb,Unwind@0092b4cb,11,0,1,70
0092b4d6,Unwind@0092b4d6,11,0,1,70
0092b4e1,Unwind@0092b4e1,11,0,1,70
0092b4ec,Unwind@0092b4ec,11,0,1,70
0092b4f7,Unwind@0092b4f7,11,0,1,70
0092b502,Unwind@0092b502,11,0,1,70
0092b540,Unwind@0092b540,11,0,1,70
0092b54b,Unwind@0092b54b,11,0,1,70
0092b556,Unwind@0092b556,11,0,1,70
0092b561,Unwind@0092b561,11,0,1,70
0092b56c,Unwind@0092b56c,11,0,1,70
0092b577,Unwind@0092b577,11,0,1,70
0092b582,Unwind@0092b582,11,0,1,70
0092b5c0,Unwind@0092b5c0,11,0,1,70
0092b5cb,Unwind@0092b5cb,11,0,1,70
0092b5d6,Unwind@0092b5d6,11,0,1,70
0092b610,Unwind@0092b610,11,0,1,70
0092b61b,Unwind@0092b61b,11,0,1,70
0092b626,Unwind@0092b626,11,0,1,70
0092b631,Unwind@0092b631,11,0,1,70
0092b63c,Unwind@0092b63c,11,0,1,70
0092b680,Unwind@0092b680,8,0,1,70
0092b6b0,Unwind@0092b6b0,8,0,1,70
0092b6b8,Unwind@0092b6b8,11,0,1,70
0092b6c3,Unwind@0092b6c3,11,0,1,70
0092b6f0,Unwind@0092b6f0,11,0,1,70
0092b6fb,Unwind@0092b6fb,11,0,1,70
0092b730,Unwind@0092b730,15,0,1,131
0092b73f,Unwind@0092b73f,15,0,1,131
0092b770,Unwind@0092b770,11,0,1,70
0092b77b,Unwind@0092b77b,11,0,1,70
0092b786,Unwind@0092b786,11,0,1,70
0092b7c0,Unwind@0092b7c0,11,0,1,70
0092b800,Unwind@0092b800,11,0,1,70
0092b80b,Unwind@0092b80b,11,0,1,70
0092b816,Unwind@0092b816,11,0,1,70
0092b850,Unwind@0092b850,11,0,1,70
0092b85b,Unwind@0092b85b,11,0,1,70
0092b866,Unwind@0092b866,11,0,1,70
0092b8a0,Unwind@0092b8a0,11,0,1,70
0092b8ab,Unwind@0092b8ab,11,0,1,70
0092b8b6,Unwind@0092b8b6,11,0,1,70
0092b8f0,Unwind@0092b8f0,11,0,1,70
0092b8fb,Unwind@0092b8fb,11,0,1,70
0092b906,Unwind@0092b906,11,0,1,70
0092b911,Unwind@0092b911,11,0,1,70
0092b91c,Unwind@0092b91c,11,0,1,70
0092b927,Unwind@0092b927,11,0,1,70
0092b932,Unwind@0092b932,11,0,1,70
0092b970,Unwind@0092b970,11,0,1,70
0092b9b0,Unwind@0092b9b0,11,0,1,70
0092b9bb,Unwind@0092b9bb,11,0,1,70
0092b9c6,Unwind@0092b9c6,11,0,1,70
0092ba00,Unwind@0092ba00,11,0,1,70
0092ba0b,Unwind@0092ba0b,11,0,1,70
0092ba16,Unwind@0092ba16,11,0,1,70
0092ba21,Unwind@0092ba21,11,0,1,70
0092ba60,Unwind@0092ba60,11,0,1,70
0092ba6b,Unwind@0092ba6b,11,0,1,70
0092ba76,Unwind@0092ba76,11,0,1,70
0092ba81,Unwind@0092ba81,11,0,1,70
0092ba8c,Unwind@0092ba8c,11,0,1,70
0092ba97,Unwind@0092ba97,11,0,1,70
0092baa2,Unwind@0092baa2,11,0,1,70
0092bae0,Unwind@0092bae0,11,0,1,70
0092baeb,Unwind@0092baeb,11,0,1,70
0092baf6,Unwind@0092baf6,11,0,1,70
0092bb01,Unwind@0092bb01,11,0,1,70
0092bb0c,Unwind@0092bb0c,11,0,1,70
0092bb50,Unwind@0092bb50,8,0,1,70
0092bb58,Unwind@0092bb58,14,0,1,216
0092bb66,Unwind@0092bb66,14,0,1,217
0092bb74,Unwind@0092bb74,14,0,1,217
0092bb82,Unwind@0092bb82,14,0,1,217
0092bb90,Unwind@0092bb90,14,0,1,217
0092bb9e,Unwind@0092bb9e,14,0,1,217
0092bbac,Unwind@0092bbac,14,0,1,216
0092bbba,Unwind@0092bbba,14,0,1,217
0092bbc8,Unwind@0092bbc8,14,0,1,70
0092bbd6,Unwind@0092bbd6,14,0,1,217
0092bbe4,Unwind@0092bbe4,14,0,1,217
0092bbf2,Unwind@0092bbf2,14,0,1,70
0092bc00,Unwind@0092bc00,14,0,1,217
0092bc0e,Unwind@0092bc0e,14,0,1,217
0092bc1c,Unwind@0092bc1c,14,0,1,70
0092bc2a,Unwind@0092bc2a,14,0,1,217
0092bc38,Unwind@0092bc38,14,0,1,217
0092bc46,Unwind@0092bc46,14,0,1,217
0092bc54,Unwind@0092bc54,14,0,1,70
0092bc62,Unwind@0092bc62,14,0,1,70
0092bc70,Unwind@0092bc70,14,0,1,70
0092bc7e,Unwind@0092bc7e,14,0,1,70
0092bc8c,Unwind@0092bc8c,14,0,1,217
0092bc9a,Unwind@0092bc9a,14,0,1,217
0092bca8,Unwind@0092bca8,14,0,1,217
0092bcb6,Unwind@0092bcb6,14,0,1,217
0092bcf0,Unwind@0092bcf0,11,0,1,70
0092bcfb,Unwind@0092bcfb,11,0,1,70
0092bd06,Unwind@0092bd06,11,0,1,70
0092bd40,Unwind@0092bd40,8,0,1,70
0092bd70,Unwind@0092bd70,8,0,1,70
0092bda0,Unwind@0092bda0,11,0,1,70
0092bde0,Unwind@0092bde0,8,0,1,70
0092bde8,Unwind@0092bde8,14,0,1,70
0092bdf6,Unwind@0092bdf6,14,0,1,70
0092be04,Unwind@0092be04,14,0,1,70
0092be12,Unwind@0092be12,14,0,1,217
0092be20,Unwind@0092be20,14,0,1,217
0092be50,Unwind@0092be50,8,0,1,70
0092be80,Unwind@0092be80,8,0,1,70
0092be88,Unwind@0092be88,14,0,1,216
0092be96,Unwind@0092be96,14,0,1,217
0092bea4,Unwind@0092bea4,14,0,1,217
0092beb2,Unwind@0092beb2,14,0,1,217
0092bec0,Unwind@0092bec0,14,0,1,217
0092bece,Unwind@0092bece,14,0,1,217
0092bedc,Unwind@0092bedc,14,0,1,217
0092beea,Unwind@0092beea,14,0,1,217
0092bef8,Unwind@0092bef8,14,0,1,217
0092bf06,Unwind@0092bf06,14,0,1,217
0092bf14,Unwind@0092bf14,14,0,1,217
0092bf50,Unwind@0092bf50,8,0,1,70
0092bf58,Unwind@0092bf58,14,0,1,70
0092bf66,Unwind@0092bf66,14,0,1,217
0092bf74,Unwind@0092bf74,14,0,1,217
0092bfb0,Unwind@0092bfb0,8,0,1,70
0092bfe0,Unwind@0092bfe0,8,0,1,70
0092bfe8,Unwind@0092bfe8,8,0,1,70
0092bff0,Unwind@0092bff0,8,0,1,70
0092c020,Unwind@0092c020,8,0,1,70
0092c028,Unwind@0092c028,8,0,1,70
0092c060,Unwind@0092c060,28,0,1,241
0092c07c,Unwind@0092c07c,11,0,1,271
0092c0b0,Unwind@0092c0b0,28,0,1,241
0092c0f0,Unwind@0092c0f0,28,0,1,241
0092c130,Unwind@0092c130,8,0,1,262
0092c160,Unwind@0092c160,28,0,1,241
0092c17c,Unwind@0092c17c,11,0,1,274
0092c1b0,Unwind@0092c1b0,8,0,1,70
0092c1e0,Unwind@0092c1e0,8,0,1,70
0092c210,Unwind@0092c210,8,0,1,70
0092c218,Unwind@0092c218,14,0,1,374
0092c226,Unwind@0092c226,10,0,1,126
0092c230,Unwind@0092c230,10,0,1,126
0092c23a,Unwind@0092c23a,10,0,1,126
0092c244,Unwind@0092c244,10,0,1,126
0092c270,Unwind@0092c270,8,0,1,70
0092c278,Unwind@0092c278,11,0,1,70
0092c283,Unwind@0092c283,11,0,1,70
0092c28e,Unwind@0092c28e,11,0,1,70
0092c299,Unwind@0092c299,11,0,1,70
0092c2a4,Unwind@0092c2a4,11,0,1,70
0092c2af,Unwind@0092c2af,11,0,1,70
0092c2e0,Unwind@0092c2e0,8,0,1,70
0092c320,Unwind@0092c320,8,0,1,70
0092c360,Unwind@0092c360,8,0,1,70
0092c390,Unwind@0092c390,8,0,1,70
0092c398,Unwind@0092c398,8,0,1,70
0092c3d0,Unwind@0092c3d0,8,0,1,70
0092c400,Unwind@0092c400,11,0,1,70
0092c40b,Unwind@0092c40b,8,0,1,70
0092c450,Unwind@0092c450,8,0,1,70
0092c458,Unwind@0092c458,8,0,1,70
0092c460,Unwind@0092c460,8,0,1,70
0092c468,Unwind@0092c468,8,0,1,70
0092c470,Unwind@0092c470,8,0,1,70
0092c4a0,Unwind@0092c4a0,8,0,1,70
0092c4d0,Unwind@0092c4d0,8,0,1,70
0092c4d8,Unwind@0092c4d8,8,0,1,135
0092c510,Unwind@0092c510,11,0,1,70
0092c51b,Unwind@0092c51b,8,0,1,73
0092c523,Unwind@0092c523,11,0,1,70
0092c52e,Unwind@0092c52e,8,0,1,70
0092c590,Unwind@0092c590,15,0,1,131
0092c59f,Unwind@0092c59f,25,0,1,284
0092c5e0,Unwind@0092c5e0,15,0,1,128
0092c5ef,Unwind@0092c5ef,25,0,1,284
0092c630,Unwind@0092c630,15,0,1,131
0092c63f,Unwind@0092c63f,25,0,1,284
0092c680,Unwind@0092c680,8,0,1,72
0092c6c0,Unwind@0092c6c0,8,0,1,70
0092c6c8,Unwind@0092c6c8,8,0,1,73
0092c6d0,Unwind@0092c6d0,11,0,1,70
0092c6db,Unwind@0092c6db,8,0,1,70
0092c720,Unwind@0092c720,8,0,1,70
0092c728,Unwind@0092c728,8,0,1,70
0092c780,Unwind@0092c780,8,0,1,70
0092c7c0,Unwind@0092c7c0,11,0,1,70
0092c7cb,Unwind@0092c7cb,8,0,1,73
0092c810,Unwind@0092c810,8,0,1,70
0092c840,Unwind@0092c840,8,0,1,70
0092c870,Unwind@0092c870,8,0,1,70
0092c8a0,Unwind@0092c8a0,8,0,1,73
0092c8e0,Unwind@0092c8e0,11,0,1,296
0092c8eb,Unwind@0092c8eb,8,0,1,70
0092c8f3,Unwind@0092c8f3,8,0,1,73
0092c8fb,Unwind@0092c8fb,8,0,1,70
0092c940,Unwind@0092c940,8,0,1,70
0092c970,Unwind@0092c970,11,0,1,70
0092c97b,Unwind@0092c97b,11,0,1,70
0092c986,Unwind@0092c986,11,0,1,70
0092c991,Unwind@0092c991,11,0,1,70
0092c99c,Unwind@0092c99c,11,0,1,70
0092c9a7,Unwind@0092c9a7,11,0,1,70
0092c9b2,Unwind@0092c9b2,11,0,1,70
0092c9bd,Unwind@0092c9bd,11,0,1,70
0092c9c8,Unwind@0092c9c8,11,0,1,70
0092c9d3,Unwind@0092c9d3,11,0,1,70
0092c9de,Unwind@0092c9de,11,0,1,70
0092c9e9,Unwind@0092c9e9,11,0,1,70
0092c9f4,Unwind@0092c9f4,11,0,1,70
0092c9ff,Unwind@0092c9ff,11,0,1,70
0092ca0a,Unwind@0092ca0a,11,0,1,70
0092ca15,Unwind@0092ca15,11,0,1,70
0092ca20,Unwind@0092ca20,11,0,1,70
0092ca2b,Unwind@0092ca2b,11,0,1,70
0092ca70,Unwind@0092ca70,8,0,1,70
0092ca78,Unwind@0092ca78,14,0,1,70
0092ca86,Unwind@0092ca86,14,0,1,217
0092ca94,Unwind@0092ca94,14,0,1,217
0092caa2,Unwind@0092caa2,14,0,1,217
0092cab0,Unwind@0092cab0,14,0,1,70
0092cabe,Unwind@0092cabe,14,0,1,70
0092cacc,Unwind@0092cacc,14,0,1,70
0092cada,Unwind@0092cada,14,0,1,70
0092cae8,Unwind@0092cae8,14,0,1,70
0092caf6,Unwind@0092caf6,14,0,1,70
0092cb04,Unwind@0092cb04,14,0,1,70
0092cb12,Unwind@0092cb12,14,0,1,70
0092cb20,Unwind@0092cb20,14,0,1,70
0092cb2e,Unwind@0092cb2e,14,0,1,70
0092cb3c,Unwind@0092cb3c,14,0,1,70
0092cb4a,Unwind@0092cb4a,14,0,1,70
0092cb58,Unwind@0092cb58,14,0,1,70
0092cb66,Unwind@0092cb66,14,0,1,70
0092cb74,Unwind@0092cb74,14,0,1,70
0092cb82,Unwind@0092cb82,14,0,1,70
0092cb90,Unwind@0092cb90,14,0,1,70
0092cb9e,Unwind@0092cb9e,14,0,1,70
0092cbac,Unwind@0092cbac,14,0,1,70
0092cbba,Unwind@0092cbba,14,0,1,218
0092cbc8,Unwind@0092cbc8,14,0,1,218
0092cbd6,Unwind@0092cbd6,14,0,1,218
0092cbe4,Unwind@0092cbe4,14,0,1,218
0092cbf2,Unwind@0092cbf2,14,0,1,218
0092cc00,Unwind@0092cc00,14,0,1,218
0092cc0e,Unwind@0092cc0e,14,0,1,218
0092cc1c,Unwind@0092cc1c,14,0,1,218
0092cc2a,Unwind@0092cc2a,14,0,1,218
0092cc38,Unwind@0092cc38,14,0,1,218
0092cc46,Unwind@0092cc46,14,0,1,218
0092cc54,Unwind@0092cc54,14,0,1,218
0092cc62,Unwind@0092cc62,14,0,1,218
0092cc70,Unwind@0092cc70,14,0,1,218
0092cc7e,Unwind@0092cc7e,14,0,1,218
0092cc8c,Unwind@0092cc8c,14,0,1,218
0092cc9a,Unwind@0092cc9a,14,0,1,218
0092cca8,Unwind@0092cca8,14,0,1,218
0092ccb6,Unwind@0092ccb6,14,0,1,218
0092ccc4,Unwind@0092ccc4,14,0,1,70
0092ccd2,Unwind@0092ccd2,14,0,1,70
0092cd10,Unwind@0092cd10,11,0,1,70
0092cd40,Unwind@0092cd40,8,0,1,70
0092cd70,Unwind@0092cd70,14,0,1,70
0092cd7e,Unwind@0092cd7e,11,0,1,70
0092cd89,Unwind@0092cd89,11,0,1,70
0092cdd0,Unwind@0092cdd0,11,0,1,70
0092cddb,Unwind@0092cddb,11,0,1,70
0092ce20,Unwind@0092ce20,11,0,1,70
0092ce2b,Unwind@0092ce2b,11,0,1,70
0092ce70,Unwind@0092ce70,11,0,1,70
0092ce7b,Unwind@0092ce7b,11,0,1,70
0092ce86,Unwind@0092ce86,11,0,1,70
0092ce91,Unwind@0092ce91,11,0,1,70
0092ced0,Unwind@0092ced0,11,0,1,70
0092cedb,Unwind@0092cedb,11,0,1,70
0092cf20,Unwind@0092cf20,11,0,1,70
0092cf2b,Unwind@0092cf2b,11,0,1,70
0092cf70,Unwind@0092cf70,11,0,1,70
0092cf7b,Unwind@0092cf7b,11,0,1,70
0092cfc0,Unwind@0092cfc0,8,0,1,70
0092cfc8,Unwind@0092cfc8,8,0,1,70
0092cfd0,Unwind@0092cfd0,8,0,1,70
0092cfd8,Unwind@0092cfd8,8,0,1,70
0092cfe0,Unwind@0092cfe0,8,0,1,70
0092cfe8,Unwind@0092cfe8,8,0,1,70
0092cff0,Unwind@0092cff0,8,0,1,70
0092cff8,Unwind@0092cff8,8,0,1,70
0092d030,Unwind@0092d030,8,0,1,70
0092d038,Unwind@0092d038,8,0,1,70
0092d070,Unwind@0092d070,11,0,1,70
0092d07b,Unwind@0092d07b,11,0,1,70
0092d086,Unwind@0092d086,11,0,1,70
0092d0c0,Unwind@0092d0c0,8,0,1,70
0092d0c8,Unwind@0092d0c8,14,0,1,70
0092d0d6,Unwind@0092d0d6,14,0,1,172
0092d0e4,Unwind@0092d0e4,14,0,1,70
0092d0f2,Unwind@0092d0f2,14,0,1,70
0092d100,Unwind@0092d100,14,0,1,70
0092d10e,Unwind@0092d10e,14,0,1,70
0092d11c,Unwind@0092d11c,14,0,1,70
0092d12a,Unwind@0092d12a,14,0,1,70
0092d138,Unwind@0092d138,14,0,1,70
0092d146,Unwind@0092d146,14,0,1,70
0092d154,Unwind@0092d154,14,0,1,70
0092d162,Unwind@0092d162,14,0,1,70
0092d170,Unwind@0092d170,14,0,1,70
0092d17e,Unwind@0092d17e,14,0,1,70
0092d18c,Unwind@0092d18c,14,0,1,70
0092d19a,Unwind@0092d19a,14,0,1,70
0092d1a8,Unwind@0092d1a8,14,0,1,70
0092d1b6,Unwind@0092d1b6,14,0,1,70
0092d1c4,Unwind@0092d1c4,14,0,1,70
0092d1d2,Unwind@0092d1d2,14,0,1,70
0092d1e0,Unwind@0092d1e0,14,0,1,70
0092d1ee,Unwind@0092d1ee,14,0,1,70
0092d1fc,Unwind@0092d1fc,14,0,1,70
0092d20a,Unwind@0092d20a,10,0,1,126
0092d214,Unwind@0092d214,10,0,1,126
0092d21e,Unwind@0092d21e,10,0,1,126
0092d228,Unwind@0092d228,10,0,1,126
0092d260,Unwind@0092d260,8,0,1,70
0092d268,Unwind@0092d268,8,0,1,70
0092d2a0,Unwind@0092d2a0,8,0,1,70
0092d2a8,Unwind@0092d2a8,8,0,1,70
0092d2b0,Unwind@0092d2b0,8,0,1,70
0092d2b8,Unwind@0092d2b8,8,0,1,70
0092d2c0,Unwind@0092d2c0,8,0,1,70
0092d2c8,Unwind@0092d2c8,8,0,1,70
0092d2d0,Unwind@0092d2d0,11,0,1,70
0092d310,Unwind@0092d310,8,0,1,70
0092d318,Unwind@0092d318,11,0,1,70
0092d323,Unwind@0092d323,11,0,1,70
0092d32e,Unwind@0092d32e,11,0,1,70
0092d339,Unwind@0092d339,11,0,1,70
0092d344,Unwind@0092d344,11,0,1,70
0092d34f,Unwind@0092d34f,11,0,1,70
0092d35a,Unwind@0092d35a,11,0,1,70
0092d365,Unwind@0092d365,11,0,1,70
0092d370,Unwind@0092d370,11,0,1,70
0092d37b,Unwind@0092d37b,11,0,1,70
0092d386,Unwind@0092d386,11,0,1,70
0092d391,Unwind@0092d391,11,0,1,70
0092d39c,Unwind@0092d39c,11,0,1,70
0092d3a7,Unwind@0092d3a7,11,0,1,70
0092d3b2,Unwind@0092d3b2,11,0,1,70
0092d3bd,Unwind@0092d3bd,11,0,1,70
0092d3c8,Unwind@0092d3c8,11,0,1,70
0092d3d3,Unwind@0092d3d3,11,0,1,70
0092d3de,Unwind@0092d3de,11,0,1,70
0092d3e9,Unwind@0092d3e9,11,0,1,70
0092d3f4,Unwind@0092d3f4,11,0,1,70
0092d3ff,Unwind@0092d3ff,11,0,1,70
0092d40a,Unwind@0092d40a,11,0,1,70
0092d415,Unwind@0092d415,11,0,1,70
0092d420,Unwind@0092d420,11,0,1,70
0092d42b,Unwind@0092d42b,11,0,1,70
0092d436,Unwind@0092d436,11,0,1,70
0092d441,Unwind@0092d441,11,0,1,70
0092d44c,Unwind@0092d44c,11,0,1,70
0092d457,Unwind@0092d457,11,0,1,70
0092d462,Unwind@0092d462,11,0,1,70
0092d46d,Unwind@0092d46d,8,0,1,70
0092d475,Unwind@0092d475,8,0,1,70
0092d4b0,Unwind@0092d4b0,11,0,1,70
0092d4bb,Unwind@0092d4bb,11,0,1,70
0092d4c6,Unwind@0092d4c6,11,0,1,70
0092d4d1,Unwind@0092d4d1,11,0,1,70
0092d4dc,Unwind@0092d4dc,11,0,1,70
0092d4e7,Unwind@0092d4e7,11,0,1,70
0092d4f2,Unwind@0092d4f2,11,0,1,70
0092d530,Unwind@0092d530,11,0,1,70
0092d570,Unwind@0092d570,8,0,1,70
0092d5b0,Unwind@0092d5b0,8,0,1,70
0092d5b8,Unwind@0092d5b8,8,0,1,70
0092d5c0,Unwind@0092d5c0,8,0,1,70
0092d5c8,Unwind@0092d5c8,11,0,1,70
0092d5d3,Unwind@0092d5d3,8,0,1,70
0092d5db,Unwind@0092d5db,8,0,1,70
0092d5e3,Unwind@0092d5e3,8,0,1,70
0092d5eb,Unwind@0092d5eb,8,0,1,70
0092d5f3,Unwind@0092d5f3,8,0,1,70
0092d5fb,Unwind@0092d5fb,8,0,1,70
0092d603,Unwind@0092d603,8,0,1,70
0092d60b,Unwind@0092d60b,11,0,1,70
0092d616,Unwind@0092d616,11,0,1,70
0092d621,Unwind@0092d621,11,0,1,70
0092d62c,Unwind@0092d62c,11,0,1,70
0092d660,Unwind@0092d660,11,0,1,70
0092d66b,Unwind@0092d66b,11,0,1,70
0092d676,Unwind@0092d676,11,0,1,70
0092d681,Unwind@0092d681,11,0,1,70
0092d68c,Unwind@0092d68c,11,0,1,70
0092d697,Unwind@0092d697,11,0,1,70
0092d6e0,Unwind@0092d6e0,8,0,1,70
0092d6e8,Unwind@0092d6e8,14,0,1,70
0092d6f6,Unwind@0092d6f6,14,0,1,70
0092d704,Unwind@0092d704,14,0,1,70
0092d740,Unwind@0092d740,8,0,1,70
0092d748,Unwind@0092d748,14,0,1,70
0092d756,Unwind@0092d756,14,0,1,70
0092d764,Unwind@0092d764,14,0,1,70
0092d772,Unwind@0092d772,14,0,1,70
0092d780,Unwind@0092d780,14,0,1,70
0092d78e,Unwind@0092d78e,14,0,1,70
0092d79c,Unwind@0092d79c,14,0,1,70
0092d7aa,Unwind@0092d7aa,14,0,1,70
0092d7b8,Unwind@0092d7b8,14,0,1,70
0092d7c6,Unwind@0092d7c6,14,0,1,70
0092d7d4,Unwind@0092d7d4,14,0,1,70
0092d7e2,Unwind@0092d7e2,14,0,1,70
0092d7f0,Unwind@0092d7f0,14,0,1,70
0092d7fe,Unwind@0092d7fe,14,0,1,70
0092d80c,Unwind@0092d80c,14,0,1,70
0092d81a,Unwind@0092d81a,14,0,1,70
0092d828,Unwind@0092d828,14,0,1,70
0092d836,Unwind@0092d836,14,0,1,70
0092d844,Unwind@0092d844,14,0,1,70
0092d852,Unwind@0092d852,14,0,1,70
0092d860,Unwind@0092d860,14,0,1,70
0092d86e,Unwind@0092d86e,14,0,1,70
0092d8c0,Unwind@0092d8c0,8,0,1,133
0092d8f0,Unwind@0092d8f0,11,0,1,70
0092d8fb,Unwind@0092d8fb,11,0,1,70
0092d906,Unwind@0092d906,11,0,1,70
0092d940,Unwind@0092d940,11,0,1,70
0092d94b,Unwind@0092d94b,11,0,1,70
0092d956,Unwind@0092d956,11,0,1,70
0092d961,Unwind@0092d961,11,0,1,70
0092d96c,Unwind@0092d96c,11,0,1,70
0092d977,Unwind@0092d977,11,0,1,70
0092d982,Unwind@0092d982,11,0,1,70
0092d9c0,Unwind@0092d9c0,8,0,1,70
0092d9c8,Unwind@0092d9c8,8,0,1,70
0092d9d0,Unwind@0092d9d0,8,0,1,70
0092d9d8,Unwind@0092d9d8,8,0,1,70
0092da10,Unwind@0092da10,8,0,1,70
0092da40,Unwind@0092da40,11,0,1,70
0092da4b,Unwind@0092da4b,11,0,1,70
0092da56,Unwind@0092da56,11,0,1,70
0092da90,Unwind@0092da90,8,0,1,70
0092da98,Unwind@0092da98,8,0,1,70
0092dad0,Unwind@0092dad0,8,0,1,70
0092dad8,Unwind@0092dad8,8,0,1,70
0092dae0,Unwind@0092dae0,8,0,1,70
0092db10,Unwind@0092db10,8,0,1,70
0092db18,Unwind@0092db18,8,0,1,70
0092db20,Unwind@0092db20,8,0,1,70
0092db28,Unwind@0092db28,8,0,1,70
0092db30,Unwind@0092db30,11,0,1,70
0092db3b,Unwind@0092db3b,8,0,1,70
0092db43,Unwind@0092db43,8,0,1,70
0092db4b,Unwind@0092db4b,8,0,1,70
0092db53,Unwind@0092db53,8,0,1,70
0092db5b,Unwind@0092db5b,8,0,1,70
0092db63,Unwind@0092db63,11,0,1,70
0092db6e,Unwind@0092db6e,11,0,1,70
0092dba0,Unwind@0092dba0,8,0,1,70
0092dba8,Unwind@0092dba8,8,0,1,70
0092dbe0,Unwind@0092dbe0,11,0,1,70
0092dbeb,Unwind@0092dbeb,11,0,1,70
0092dbf6,Unwind@0092dbf6,11,0,1,70
0092dc01,Unwind@0092dc01,11,0,1,70
0092dc0c,Unwind@0092dc0c,11,0,1,70
0092dc17,Unwind@0092dc17,11,0,1,70
0092dc22,Unwind@0092dc22,11,0,1,70
0092dc2d,Unwind@0092dc2d,11,0,1,70
0092dc38,Unwind@0092dc38,11,0,1,70
0092dc43,Unwind@0092dc43,11,0,1,70
0092dc4e,Unwind@0092dc4e,11,0,1,70
0092dc59,Unwind@0092dc59,11,0,1,70
0092dc64,Unwind@0092dc64,11,0,1,70
0092dc6f,Unwind@0092dc6f,11,0,1,70
0092dc7a,Unwind@0092dc7a,11,0,1,70
0092dc85,Unwind@0092dc85,11,0,1,70
0092dc90,Unwind@0092dc90,11,0,1,70
0092dc9b,Unwind@0092dc9b,11,0,1,70
0092dca6,Unwind@0092dca6,11,0,1,70
0092dcb1,Unwind@0092dcb1,11,0,1,70
0092dcbc,Unwind@0092dcbc,11,0,1,70
0092dcc7,Unwind@0092dcc7,11,0,1,70
0092dd10,Unwind@0092dd10,11,0,1,70
0092dd1b,Unwind@0092dd1b,11,0,1,70
0092dd26,Unwind@0092dd26,11,0,1,70
0092dd31,Unwind@0092dd31,11,0,1,70
0092dd3c,Unwind@0092dd3c,11,0,1,70
0092dd47,Unwind@0092dd47,11,0,1,70
0092dd52,Unwind@0092dd52,11,0,1,70
0092dd5d,Unwind@0092dd5d,11,0,1,70
0092dd68,Unwind@0092dd68,11,0,1,70
0092dd73,Unwind@0092dd73,11,0,1,70
0092dd7e,Unwind@0092dd7e,11,0,1,70
0092dd89,Unwind@0092dd89,11,0,1,70
0092dd94,Unwind@0092dd94,11,0,1,70
0092dd9f,Unwind@0092dd9f,11,0,1,70
0092ddaa,Unwind@0092ddaa,11,0,1,70
0092ddb5,Unwind@0092ddb5,11,0,1,70
0092ddc0,Unwind@0092ddc0,11,0,1,70
0092ddcb,Unwind@0092ddcb,25,0,1,161
0092dde4,Unwind@0092dde4,11,0,1,70
0092ddef,Unwind@0092ddef,11,0,1,70
0092ddfa,Unwind@0092ddfa,11,0,1,70
0092de05,Unwind@0092de05,11,0,1,70
0092de10,Unwind@0092de10,11,0,1,70
0092de1b,Unwind@0092de1b,11,0,1,70
0092de26,Unwind@0092de26,11,0,1,70
0092de31,Unwind@0092de31,11,0,1,70
0092de3c,Unwind@0092de3c,11,0,1,70
0092de47,Unwind@0092de47,11,0,1,70
0092de52,Unwind@0092de52,11,0,1,70
0092de5d,Unwind@0092de5d,11,0,1,70
0092de68,Unwind@0092de68,11,0,1,70
0092de73,Unwind@0092de73,11,0,1,70
0092de7e,Unwind@0092de7e,11,0,1,70
0092de89,Unwind@0092de89,11,0,1,70
0092ded0,Unwind@0092ded0,11,0,1,70
0092dedb,Unwind@0092dedb,13,0,1,128
0092df20,Unwind@0092df20,8,0,1,70
0092df28,Unwind@0092df28,14,0,1,70
0092df36,Unwind@0092df36,14,0,1,217
0092df44,Unwind@0092df44,14,0,1,217
0092df52,Unwind@0092df52,14,0,1,215
0092df60,Unwind@0092df60,14,0,1,217
0092df6e,Unwind@0092df6e,14,0,1,70
0092df7c,Unwind@0092df7c,14,0,1,217
0092df8a,Unwind@0092df8a,14,0,1,217
0092df98,Unwind@0092df98,14,0,1,217
0092dfa6,Unwind@0092dfa6,14,0,1,217
0092dfb4,Unwind@0092dfb4,14,0,1,217
0092dfc2,Unwind@0092dfc2,14,0,1,217
0092dfd0,Unwind@0092dfd0,14,0,1,217
0092dfde,Unwind@0092dfde,14,0,1,217
0092dfec,Unwind@0092dfec,14,0,1,217
0092dffa,Unwind@0092dffa,14,0,1,217
0092e008,Unwind@0092e008,14,0,1,217
0092e016,Unwind@0092e016,14,0,1,217
0092e024,Unwind@0092e024,14,0,1,217
0092e032,Unwind@0092e032,14,0,1,217
0092e040,Unwind@0092e040,14,0,1,217
0092e04e,Unwind@0092e04e,14,0,1,217
0092e05c,Unwind@0092e05c,14,0,1,217
0092e06a,Unwind@0092e06a,14,0,1,217
0092e078,Unwind@0092e078,14,0,1,217
0092e086,Unwind@0092e086,14,0,1,217
0092e094,Unwind@0092e094,14,0,1,217
0092e0a2,Unwind@0092e0a2,14,0,1,217
0092e0b0,Unwind@0092e0b0,14,0,1,217
0092e0be,Unwind@0092e0be,14,0,1,70
0092e0cc,Unwind@0092e0cc,14,0,1,70
0092e100,Unwind@0092e100,8,0,1,70
0092e108,Unwind@0092e108,8,0,1,70
0092e110,Unwind@0092e110,8,0,1,70
0092e118,Unwind@0092e118,8,0,1,70
0092e120,Unwind@0092e120,8,0,1,70
0092e128,Unwind@0092e128,8,0,1,70
0092e130,Unwind@0092e130,8,0,1,70
0092e138,Unwind@0092e138,8,0,1,70
0092e140,Unwind@0092e140,8,0,1,70
0092e148,Unwind@0092e148,11,0,1,70
0092e180,Unwind@0092e180,10,0,1,126
0092e1c0,Unwind@0092e1c0,8,0,1,70
0092e1c8,Unwind@0092e1c8,14,0,1,216
0092e1d6,Unwind@0092e1d6,14,0,1,217
0092e1e4,Unwind@0092e1e4,14,0,1,217
0092e1f2,Unwind@0092e1f2,14,0,1,217
0092e200,Unwind@0092e200,14,0,1,70
0092e20e,Unwind@0092e20e,14,0,1,70
0092e21c,Unwind@0092e21c,14,0,1,217
0092e22a,Unwind@0092e22a,14,0,1,217
0092e238,Unwind@0092e238,14,0,1,217
0092e270,Unwind@0092e270,8,0,1,70
0092e278,Unwind@0092e278,14,0,1,216
0092e286,Unwind@0092e286,14,0,1,217
0092e294,Unwind@0092e294,14,0,1,217
0092e2a2,Unwind@0092e2a2,14,0,1,217
0092e2b0,Unwind@0092e2b0,14,0,1,217
0092e2be,Unwind@0092e2be,14,0,1,70
0092e2cc,Unwind@0092e2cc,14,0,1,217
0092e2da,Unwind@0092e2da,14,0,1,70
0092e2e8,Unwind@0092e2e8,14,0,1,217
0092e320,Unwind@0092e320,8,0,1,70
0092e328,Unwind@0092e328,8,0,1,70
0092e330,Unwind@0092e330,8,0,1,70
0092e338,Unwind@0092e338,8,0,1,70
0092e370,Unwind@0092e370,10,0,1,126
0092e3b0,Unwind@0092e3b0,11,0,1,70
0092e3bb,Unwind@0092e3bb,11,0,1,70
0092e3c6,Unwind@0092e3c6,11,0,1,70
0092e3d1,Unwind@0092e3d1,11,0,1,70
0092e3dc,Unwind@0092e3dc,11,0,1,70
0092e3e7,Unwind@0092e3e7,11,0,1,70
0092e430,Unwind@0092e430,11,0,1,70
0092e470,Unwind@0092e470,8,0,1,70
0092e478,Unwind@0092e478,8,0,1,70
0092e480,Unwind@0092e480,8,0,1,70
0092e488,Unwind@0092e488,8,0,1,70
0092e490,Unwind@0092e490,8,0,1,70
0092e498,Unwind@0092e498,8,0,1,70
0092e4a0,Unwind@0092e4a0,8,0,1,70
0092e4d0,Unwind@0092e4d0,11,0,1,70
0092e4db,Unwind@0092e4db,17,0,1,70
0092e4ec,Unwind@0092e4ec,17,0,1,70
0092e4fd,Unwind@0092e4fd,17,0,1,70
0092e50e,Unwind@0092e50e,17,0,1,70
0092e51f,Unwind@0092e51f,17,0,1,70
0092e530,Unwind@0092e530,17,0,1,218
0092e541,Unwind@0092e541,17,0,1,218
0092e552,Unwind@0092e552,17,0,1,218
0092e563,Unwind@0092e563,17,0,1,218
0092e574,Unwind@0092e574,17,0,1,218
0092e585,Unwind@0092e585,17,0,1,218
0092e596,Unwind@0092e596,17,0,1,70
0092e5a7,Unwind@0092e5a7,17,0,1,218
0092e5b8,Unwind@0092e5b8,17,0,1,218
0092e5c9,Unwind@0092e5c9,17,0,1,218
0092e5da,Unwind@0092e5da,17,0,1,218
0092e5eb,Unwind@0092e5eb,17,0,1,218
0092e5fc,Unwind@0092e5fc,17,0,1,70
0092e60d,Unwind@0092e60d,11,0,1,70
0092e618,Unwind@0092e618,11,0,1,70
0092e623,Unwind@0092e623,11,0,1,70
0092e690,Unwind@0092e690,11,0,1,70
0092e69b,Unwind@0092e69b,11,0,1,70
0092e6a6,Unwind@0092e6a6,11,0,1,70
0092e6b1,Unwind@0092e6b1,11,0,1,70
0092e6f0,Unwind@0092e6f0,8,0,1,70
0092e6f8,Unwind@0092e6f8,8,0,1,70
0092e730,Unwind@0092e730,8,0,1,70
0092e738,Unwind@0092e738,8,0,1,70
0092e740,Unwind@0092e740,8,0,1,70
0092e748,Unwind@0092e748,8,0,1,70
0092e750,Unwind@0092e750,8,0,1,70
0092e758,Unwind@0092e758,8,0,1,70
0092e760,Unwind@0092e760,8,0,1,70
0092e768,Unwind@0092e768,8,0,1,70
0092e770,Unwind@0092e770,8,0,1,70
0092e778,Unwind@0092e778,11,0,1,70
0092e7b0,Unwind@0092e7b0,8,0,1,70
0092e7b8,Unwind@0092e7b8,8,0,1,70
0092e7c0,Unwind@0092e7c0,11,0,1,70
0092e7cb,Unwind@0092e7cb,8,0,1,70
0092e7d3,Unwind@0092e7d3,8,0,1,70
0092e7db,Unwind@0092e7db,8,0,1,70
0092e7e3,Unwind@0092e7e3,8,0,1,70
0092e7eb,Unwind@0092e7eb,8,0,1,70
0092e7f3,Unwind@0092e7f3,8,0,1,70
0092e7fb,Unwind@0092e7fb,8,0,1,70
0092e803,Unwind@0092e803,8,0,1,70
0092e80b,Unwind@0092e80b,11,0,1,70
0092e816,Unwind@0092e816,11,0,1,70
0092e821,Unwind@0092e821,11,0,1,70
0092e82c,Unwind@0092e82c,11,0,1,70
0092e837,Unwind@0092e837,11,0,1,70
0092e842,Unwind@0092e842,11,0,1,70
0092e84d,Unwind@0092e84d,11,0,1,70
0092e880,Unwind@0092e880,8,0,1,70
0092e888,Unwind@0092e888,8,0,1,70
0092e890,Unwind@0092e890,8,0,1,70
0092e898,Unwind@0092e898,8,0,1,70
0092e8a0,Unwind@0092e8a0,11,0,1,70
0092e8d0,Unwind@0092e8d0,11,0,1,70
0092e8db,Unwind@0092e8db,11,0,1,70
0092e8e6,Unwind@0092e8e6,11,0,1,70
0092e920,Unwind@0092e920,11,0,1,70
0092e92b,Unwind@0092e92b,11,0,1,70
0092e936,Unwind@0092e936,11,0,1,70
0092e941,Unwind@0092e941,11,0,1,70
0092e94c,Unwind@0092e94c,11,0,1,70
0092e957,Unwind@0092e957,11,0,1,70
0092e9a0,Unwind@0092e9a0,8,0,1,70
0092e9a8,Unwind@0092e9a8,8,0,1,70
0092e9e0,Unwind@0092e9e0,8,0,1,70
0092e9e8,Unwind@0092e9e8,8,0,1,70
0092ea20,Unwind@0092ea20,8,0,1,70
0092ea28,Unwind@0092ea28,14,0,1,70
0092ea36,Unwind@0092ea36,14,0,1,217
0092ea44,Unwind@0092ea44,14,0,1,217
0092ea52,Unwind@0092ea52,14,0,1,217
0092ea60,Unwind@0092ea60,14,0,1,217
0092ea6e,Unwind@0092ea6e,14,0,1,217
0092ea7c,Unwind@0092ea7c,14,0,1,217
0092ea8a,Unwind@0092ea8a,14,0,1,217
0092ea98,Unwind@0092ea98,14,0,1,217
0092eaa6,Unwind@0092eaa6,14,0,1,217
0092eab4,Unwind@0092eab4,14,0,1,217
0092eac2,Unwind@0092eac2,14,0,1,217
0092ead0,Unwind@0092ead0,14,0,1,217
0092eade,Unwind@0092eade,14,0,1,218
0092eaec,Unwind@0092eaec,14,0,1,218
0092eafa,Unwind@0092eafa,14,0,1,218
0092eb08,Unwind@0092eb08,14,0,1,218
0092eb16,Unwind@0092eb16,14,0,1,218
0092eb24,Unwind@0092eb24,14,0,1,218
0092eb32,Unwind@0092eb32,14,0,1,218
0092eb40,Unwind@0092eb40,14,0,1,218
0092eb4e,Unwind@0092eb4e,14,0,1,218
0092eb5c,Unwind@0092eb5c,14,0,1,218
0092eb6a,Unwind@0092eb6a,14,0,1,218
0092eb78,Unwind@0092eb78,14,0,1,218
0092eb86,Unwind@0092eb86,14,0,1,218
0092eb94,Unwind@0092eb94,14,0,1,218
0092eba2,Unwind@0092eba2,14,0,1,218
0092ebb0,Unwind@0092ebb0,14,0,1,218
0092ebbe,Unwind@0092ebbe,14,0,1,218
0092ebcc,Unwind@0092ebcc,14,0,1,70
0092ebda,Unwind@0092ebda,14,0,1,70
0092ebe8,Unwind@0092ebe8,14,0,1,70
0092ec20,Unwind@0092ec20,8,0,1,70
0092ec28,Unwind@0092ec28,14,0,1,70
0092ec36,Unwind@0092ec36,14,0,1,217
0092ec44,Unwind@0092ec44,14,0,1,217
0092ec52,Unwind@0092ec52,14,0,1,217
0092ec60,Unwind@0092ec60,14,0,1,217
0092ec6e,Unwind@0092ec6e,14,0,1,217
0092ec7c,Unwind@0092ec7c,14,0,1,217
0092ec8a,Unwind@0092ec8a,14,0,1,217
0092ec98,Unwind@0092ec98,14,0,1,217
0092eca6,Unwind@0092eca6,14,0,1,217
0092ecb4,Unwind@0092ecb4,14,0,1,217
0092ecc2,Unwind@0092ecc2,14,0,1,217
0092ecd0,Unwind@0092ecd0,14,0,1,217
0092ecde,Unwind@0092ecde,14,0,1,218
0092ecec,Unwind@0092ecec,14,0,1,218
0092ecfa,Unwind@0092ecfa,14,0,1,218
0092ed08,Unwind@0092ed08,14,0,1,218
0092ed16,Unwind@0092ed16,14,0,1,218
0092ed24,Unwind@0092ed24,14,0,1,218
0092ed32,Unwind@0092ed32,14,0,1,218
0092ed40,Unwind@0092ed40,14,0,1,218
0092ed4e,Unwind@0092ed4e,14,0,1,218
0092ed5c,Unwind@0092ed5c,14,0,1,218
0092ed6a,Unwind@0092ed6a,14,0,1,218
0092ed78,Unwind@0092ed78,14,0,1,218
0092ed86,Unwind@0092ed86,14,0,1,218
0092ed94,Unwind@0092ed94,14,0,1,218
0092eda2,Unwind@0092eda2,14,0,1,218
0092edb0,Unwind@0092edb0,14,0,1,218
0092edbe,Unwind@0092edbe,14,0,1,218
0092edcc,Unwind@0092edcc,14,0,1,70
0092edda,Unwind@0092edda,14,0,1,70
0092ede8,Unwind@0092ede8,14,0,1,70
0092ee20,Unwind@0092ee20,8,0,1,70
0092ee28,Unwind@0092ee28,8,0,1,70
0092ee30,Unwind@0092ee30,8,0,1,70
0092ee38,Unwind@0092ee38,8,0,1,70
0092ee40,Unwind@0092ee40,8,0,1,70
0092ee48,Unwind@0092ee48,8,0,1,70
0092ee50,Unwind@0092ee50,8,0,1,70
0092ee58,Unwind@0092ee58,8,0,1,70
0092ee60,Unwind@0092ee60,11,0,1,70
0092ee6b,Unwind@0092ee6b,11,0,1,70
0092ee76,Unwind@0092ee76,11,0,1,70
0092eeb0,Unwind@0092eeb0,8,0,1,70
0092eee0,Unwind@0092eee0,8,0,1,70
0092eee8,Unwind@0092eee8,8,0,1,70
0092eef0,Unwind@0092eef0,8,0,1,70
0092ef20,Unwind@0092ef20,8,0,1,70
0092ef28,Unwind@0092ef28,14,0,1,70
0092ef36,Unwind@0092ef36,14,0,1,215
0092ef44,Unwind@0092ef44,14,0,1,70
0092ef52,Unwind@0092ef52,14,0,1,70
0092ef60,Unwind@0092ef60,14,0,1,70
0092ef6e,Unwind@0092ef6e,14,0,1,70
0092ef7c,Unwind@0092ef7c,14,0,1,217
0092ef8a,Unwind@0092ef8a,14,0,1,217
0092ef98,Unwind@0092ef98,14,0,1,217
0092efa6,Unwind@0092efa6,14,0,1,217
0092efb4,Unwind@0092efb4,14,0,1,217
0092efc2,Unwind@0092efc2,14,0,1,217
0092efd0,Unwind@0092efd0,14,0,1,217
0092efde,Unwind@0092efde,14,0,1,217
0092efec,Unwind@0092efec,14,0,1,217
0092effa,Unwind@0092effa,14,0,1,217
0092f008,Unwind@0092f008,14,0,1,217
0092f016,Unwind@0092f016,14,0,1,70
0092f050,Unwind@0092f050,10,0,1,126
0092f05a,Unwind@0092f05a,8,0,1,70
0092f062,Unwind@0092f062,8,0,1,70
0092f06a,Unwind@0092f06a,8,0,1,70
0092f072,Unwind@0092f072,8,0,1,70
0092f07a,Unwind@0092f07a,8,0,1,70
0092f082,Unwind@0092f082,8,0,1,70
0092f08a,Unwind@0092f08a,11,0,1,70
0092f095,Unwind@0092f095,11,0,1,70
0092f0a0,Unwind@0092f0a0,11,0,1,70
0092f0ab,Unwind@0092f0ab,11,0,1,70
0092f0b6,Unwind@0092f0b6,11,0,1,70
0092f0f0,Unwind@0092f0f0,11,0,1,70
0092f130,Unwind@0092f130,8,0,1,70
0092f138,Unwind@0092f138,11,0,1,70
0092f170,Unwind@0092f170,8,0,1,70
0092f178,Unwind@0092f178,8,0,1,70
0092f180,Unwind@0092f180,11,0,1,70
0092f18b,Unwind@0092f18b,11,0,1,70
0092f1c0,Unwind@0092f1c0,8,0,1,70
0092f1c8,Unwind@0092f1c8,8,0,1,70
0092f200,Unwind@0092f200,8,0,1,70
0092f230,Unwind@0092f230,8,0,1,70
0092f260,Unwind@0092f260,8,0,1,70
0092f290,Unwind@0092f290,11,0,1,70
0092f2d0,Unwind@0092f2d0,8,0,1,70
0092f2d8,Unwind@0092f2d8,8,0,1,70
0092f310,Unwind@0092f310,8,0,1,70
0092f318,Unwind@0092f318,8,0,1,70
0092f350,Unwind@0092f350,8,0,1,70
0092f380,Unwind@0092f380,8,0,1,70
0092f3b0,Unwind@0092f3b0,11,0,1,70
0092f3bb,Unwind@0092f3bb,17,0,1,70
0092f3cc,Unwind@0092f3cc,17,0,1,70
0092f3dd,Unwind@0092f3dd,17,0,1,70
0092f3ee,Unwind@0092f3ee,17,0,1,219
0092f3ff,Unwind@0092f3ff,17,0,1,219
0092f410,Unwind@0092f410,17,0,1,219
0092f421,Unwind@0092f421,17,0,1,219
0092f432,Unwind@0092f432,17,0,1,219
0092f443,Unwind@0092f443,17,0,1,219
0092f454,Unwind@0092f454,17,0,1,219
0092f465,Unwind@0092f465,17,0,1,219
0092f476,Unwind@0092f476,17,0,1,219
0092f487,Unwind@0092f487,17,0,1,219
0092f498,Unwind@0092f498,17,0,1,206
0092f4a9,Unwind@0092f4a9,17,0,1,219
0092f4ba,Unwind@0092f4ba,17,0,1,219
0092f4cb,Unwind@0092f4cb,17,0,1,219
0092f4dc,Unwind@0092f4dc,17,0,1,70
0092f4ed,Unwind@0092f4ed,17,0,1,70
0092f4fe,Unwind@0092f4fe,17,0,1,70
0092f50f,Unwind@0092f50f,17,0,1,70
0092f520,Unwind@0092f520,17,0,1,70
0092f531,Unwind@0092f531,11,0,1,70
0092f53c,Unwind@0092f53c,11,0,1,70
0092f580,Unwind@0092f580,8,0,1,70
0092f5c0,Unwind@0092f5c0,11,0,1,70
0092f5cb,Unwind@0092f5cb,11,0,1,70
0092f5d6,Unwind@0092f5d6,11,0,1,70
0092f610,Unwind@0092f610,8,0,1,70
0092f618,Unwind@0092f618,8,0,1,70
0092f620,Unwind@0092f620,8,0,1,70
0092f628,Unwind@0092f628,11,0,1,70
0092f633,Unwind@0092f633,11,0,1,70
0092f63e,Unwind@0092f63e,11,0,1,70
0092f649,Unwind@0092f649,11,0,1,70
0092f654,Unwind@0092f654,11,0,1,70
0092f690,Unwind@0092f690,11,0,1,70
0092f6d0,Unwind@0092f6d0,11,0,1,70
0092f6db,Unwind@0092f6db,11,0,1,70
0092f6e6,Unwind@0092f6e6,11,0,1,70
0092f6f1,Unwind@0092f6f1,11,0,1,70
0092f6fc,Unwind@0092f6fc,11,0,1,70
0092f707,Unwind@0092f707,11,0,1,70
0092f712,Unwind@0092f712,11,0,1,70
0092f71d,Unwind@0092f71d,11,0,1,70
0092f728,Unwind@0092f728,11,0,1,70
0092f733,Unwind@0092f733,11,0,1,70
0092f73e,Unwind@0092f73e,11,0,1,70
0092f749,Unwind@0092f749,11,0,1,70
0092f754,Unwind@0092f754,11,0,1,70
0092f75f,Unwind@0092f75f,11,0,1,70
0092f76a,Unwind@0092f76a,11,0,1,70
0092f775,Unwind@0092f775,11,0,1,70
0092f7b0,Unwind@0092f7b0,11,0,1,70
0092f7bb,Unwind@0092f7bb,13,0,1,129
0092f7c8,Unwind@0092f7c8,11,0,1,70
0092f7d3,Unwind@0092f7d3,11,0,1,70
0092f7de,Unwind@0092f7de,11,0,1,70
0092f7e9,Unwind@0092f7e9,11,0,1,70
0092f7f4,Unwind@0092f7f4,11,0,1,70
0092f7ff,Unwind@0092f7ff,11,0,1,70
0092f80a,Unwind@0092f80a,11,0,1,70
0092f815,Unwind@0092f815,11,0,1,70
0092f820,Unwind@0092f820,11,0,1,70
0092f82b,Unwind@0092f82b,11,0,1,70
0092f836,Unwind@0092f836,11,0,1,70
0092f841,Unwind@0092f841,11,0,1,70
0092f84c,Unwind@0092f84c,11,0,1,70
0092f857,Unwind@0092f857,11,0,1,70
0092f862,Unwind@0092f862,11,0,1,70
0092f86d,Unwind@0092f86d,11,0,1,70
0092f878,Unwind@0092f878,11,0,1,70
0092f883,Unwind@0092f883,11,0,1,70
0092f88e,Unwind@0092f88e,11,0,1,70
0092f899,Unwind@0092f899,11,0,1,70
0092f8a4,Unwind@0092f8a4,11,0,1,70
0092f8af,Unwind@0092f8af,11,0,1,70
0092f8ba,Unwind@0092f8ba,11,0,1,70
0092f8c5,Unwind@0092f8c5,11,0,1,70
0092f8d0,Unwind@0092f8d0,11,0,1,70
0092f8db,Unwind@0092f8db,11,0,1,70
0092f8e6,Unwind@0092f8e6,13,0,1,129
0092f8f3,Unwind@0092f8f3,13,0,1,129
0092f900,Unwind@0092f900,11,0,1,70
0092f90b,Unwind@0092f90b,11,0,1,70
0092f916,Unwind@0092f916,11,0,1,70
0092f921,Unwind@0092f921,11,0,1,70
0092f92c,Unwind@0092f92c,11,0,1,70
0092f937,Unwind@0092f937,11,0,1,70
0092f942,Unwind@0092f942,11,0,1,70
0092f94d,Unwind@0092f94d,11,0,1,70
0092f958,Unwind@0092f958,11,0,1,70
0092f963,Unwind@0092f963,11,0,1,70
0092f96e,Unwind@0092f96e,13,0,1,129
0092f9b0,Unwind@0092f9b0,11,0,1,70
0092f9bb,Unwind@0092f9bb,11,0,1,70
0092f9c6,Unwind@0092f9c6,11,0,1,70
0092f9d1,Unwind@0092f9d1,11,0,1,70
0092f9dc,Unwind@0092f9dc,11,0,1,70
0092f9e7,Unwind@0092f9e7,11,0,1,70
0092f9f2,Unwind@0092f9f2,11,0,1,70
0092f9fd,Unwind@0092f9fd,11,0,1,70
0092fa08,Unwind@0092fa08,11,0,1,70
0092fa13,Unwind@0092fa13,11,0,1,70
0092fa1e,Unwind@0092fa1e,11,0,1,70
0092fa60,Unwind@0092fa60,11,0,1,70
0092fa6b,Unwind@0092fa6b,11,0,1,70
0092fa76,Unwind@0092fa76,8,0,1,70
0092fa7e,Unwind@0092fa7e,10,0,1,126
0092fa88,Unwind@0092fa88,11,0,1,70
0092fad0,Unwind@0092fad0,8,0,1,70
0092fad8,Unwind@0092fad8,8,0,1,70
0092fb10,Unwind@0092fb10,8,0,1,70
0092fb18,Unwind@0092fb18,8,0,1,70
0092fb20,Unwind@0092fb20,8,0,1,70
0092fb28,Unwind@0092fb28,8,0,1,70
0092fb60,Unwind@0092fb60,11,0,1,70
0092fb6b,Unwind@0092fb6b,8,0,1,70
0092fb73,Unwind@0092fb73,8,0,1,70
0092fb7b,Unwind@0092fb7b,11,0,1,70
0092fb86,Unwind@0092fb86,11,0,1,70
0092fb91,Unwind@0092fb91,8,0,1,70
0092fb99,Unwind@0092fb99,11,0,1,70
0092fba4,Unwind@0092fba4,11,0,1,70
0092fbaf,Unwind@0092fbaf,8,0,1,70
0092fbb7,Unwind@0092fbb7,8,0,1,70
0092fbbf,Unwind@0092fbbf,11,0,1,70
0092fbca,Unwind@0092fbca,10,0,1,126
0092fbd4,Unwind@0092fbd4,11,0,1,70
0092fbdf,Unwind@0092fbdf,11,0,1,70
0092fbea,Unwind@0092fbea,11,0,1,70
0092fbf5,Unwind@0092fbf5,11,0,1,70
0092fc00,Unwind@0092fc00,11,0,1,70
0092fc0b,Unwind@0092fc0b,11,0,1,70
0092fc16,Unwind@0092fc16,8,0,1,70
0092fc1e,Unwind@0092fc1e,11,0,1,70
0092fc29,Unwind@0092fc29,11,0,1,70
0092fc34,Unwind@0092fc34,11,0,1,70
0092fc70,Unwind@0092fc70,11,0,1,70
0092fcb0,Unwind@0092fcb0,11,0,1,70
0092fcbb,Unwind@0092fcbb,8,0,1,70
0092fcc3,Unwind@0092fcc3,8,0,1,70
0092fccb,Unwind@0092fccb,8,0,1,70
0092fcd3,Unwind@0092fcd3,8,0,1,70
0092fcdb,Unwind@0092fcdb,8,0,1,70
0092fce3,Unwind@0092fce3,8,0,1,70
0092fceb,Unwind@0092fceb,11,0,1,70
0092fcf6,Unwind@0092fcf6,11,0,1,70
0092fd01,Unwind@0092fd01,11,0,1,70
0092fd0c,Unwind@0092fd0c,11,0,1,70
0092fd17,Unwind@0092fd17,11,0,1,70
0092fd22,Unwind@0092fd22,11,0,1,70
0092fd60,Unwind@0092fd60,8,0,1,70
0092fd68,Unwind@0092fd68,8,0,1,70
0092fda0,Unwind@0092fda0,8,0,1,70
0092fda8,Unwind@0092fda8,8,0,1,70
0092fdb0,Unwind@0092fdb0,8,0,1,70
0092fdb8,Unwind@0092fdb8,11,0,1,70
0092fdc3,Unwind@0092fdc3,11,0,1,70
0092fdce,Unwind@0092fdce,11,0,1,70
0092fdd9,Unwind@0092fdd9,11,0,1,70
0092fe20,Unwind@0092fe20,8,0,1,70
0092fe50,Unwind@0092fe50,8,0,1,70
0092fe58,Unwind@0092fe58,11,0,1,70
0092fe63,Unwind@0092fe63,11,0,1,70
0092fe6e,Unwind@0092fe6e,11,0,1,70
0092fe79,Unwind@0092fe79,11,0,1,70
0092fe84,Unwind@0092fe84,11,0,1,70
0092fe8f,Unwind@0092fe8f,11,0,1,70
0092fe9a,Unwind@0092fe9a,11,0,1,70
0092fea5,Unwind@0092fea5,11,0,1,70
0092fee0,Unwind@0092fee0,8,0,1,70
0092ff20,Unwind@0092ff20,8,0,1,70
0092ff50,Unwind@0092ff50,8,0,1,75
0092ff58,Unwind@0092ff58,8,0,1,72
0092ff90,Unwind@0092ff90,8,0,1,70
0092ff98,Unwind@0092ff98,8,0,1,70
0092ffa0,Unwind@0092ffa0,8,0,1,70
0092ffa8,Unwind@0092ffa8,8,0,1,70
0092ffe0,Unwind@0092ffe0,11,0,1,70
0092ffeb,Unwind@0092ffeb,11,0,1,70
0092fff6,Unwind@0092fff6,11,0,1,70
00930001,Unwind@00930001,11,0,1,70
0093000c,Unwind@0093000c,11,0,1,70
00930017,Unwind@00930017,11,0,1,70
00930022,Unwind@00930022,11,0,1,70
0093002d,Unwind@0093002d,11,0,1,70
00930038,Unwind@00930038,11,0,1,70
00930043,Unwind@00930043,11,0,1,70
0093004e,Unwind@0093004e,11,0,1,70
00930059,Unwind@00930059,11,0,1,70
00930064,Unwind@00930064,11,0,1,70
0093006f,Unwind@0093006f,11,0,1,70
0093007a,Unwind@0093007a,11,0,1,70
00930085,Unwind@00930085,11,0,1,70
00930090,Unwind@00930090,11,0,1,70
0093009b,Unwind@0093009b,11,0,1,70
009300a6,Unwind@009300a6,13,0,1,129
009300b3,Unwind@009300b3,11,0,1,70
009300be,Unwind@009300be,11,0,1,70
009300c9,Unwind@009300c9,34,0,1,250
00930120,Unwind@00930120,8,0,1,70
00930150,Unwind@00930150,8,0,1,70
00930158,Unwind@00930158,8,0,1,70
00930190,Unwind@00930190,8,0,1,70
00930198,Unwind@00930198,8,0,1,70
009301a0,Unwind@009301a0,8,0,1,70
009301d0,Unwind@009301d0,8,0,1,70
009301d8,Unwind@009301d8,8,0,1,70
009301e0,Unwind@009301e0,8,0,1,70
009301e8,Unwind@009301e8,8,0,1,70
009301f0,Unwind@009301f0,8,0,1,70
009301f8,Unwind@009301f8,8,0,1,70
00930200,Unwind@00930200,8,0,1,70
00930208,Unwind@00930208,8,0,1,70
00930240,Unwind@00930240,8,0,1,201
00930248,Unwind@00930248,14,0,1,70
00930256,Unwind@00930256,14,0,1,70
00930290,Unwind@00930290,8,0,1,70
00930298,Unwind@00930298,8,0,1,70
009302a0,Unwind@009302a0,8,0,1,70
009302a8,Unwind@009302a8,8,0,1,70
009302e0,Unwind@009302e0,8,0,1,70
009302e8,Unwind@009302e8,8,0,1,70
009302f0,Unwind@009302f0,8,0,1,70
009302f8,Unwind@009302f8,8,0,1,70
00930300,Unwind@00930300,8,0,1,70
00930308,Unwind@00930308,8,0,1,70
00930310,Unwind@00930310,8,0,1,70
00930340,Unwind@00930340,8,0,1,70
00930348,Unwind@00930348,8,0,1,70
00930380,Unwind@00930380,8,0,1,70
009303b0,Unwind@009303b0,11,0,1,70
009303bb,Unwind@009303bb,11,0,1,70
009303c6,Unwind@009303c6,11,0,1,70
00930400,Unwind@00930400,8,0,1,70
00930408,Unwind@00930408,8,0,1,70
00930410,Unwind@00930410,8,0,1,70
00930418,Unwind@00930418,8,0,1,70
00930420,Unwind@00930420,8,0,1,70
00930450,Unwind@00930450,11,0,1,70
0093045b,Unwind@0093045b,11,0,1,70
00930466,Unwind@00930466,11,0,1,70
00930471,Unwind@00930471,11,0,1,70
0093047c,Unwind@0093047c,11,0,1,70
00930487,Unwind@00930487,11,0,1,70
00930492,Unwind@00930492,11,0,1,70
009304d0,Unwind@009304d0,8,0,1,70
009304d8,Unwind@009304d8,8,0,1,70
00930510,Unwind@00930510,8,0,1,70
00930518,Unwind@00930518,8,0,1,70
00930520,Unwind@00930520,8,0,1,70
00930550,Unwind@00930550,8,0,1,70
00930580,Unwind@00930580,8,0,1,70
00930588,Unwind@00930588,8,0,1,70
009305c0,Unwind@009305c0,8,0,1,70
009305c8,Unwind@009305c8,14,0,1,70
009305d6,Unwind@009305d6,10,0,1,126
00930610,Unwind@00930610,11,0,1,70
0093061b,Unwind@0093061b,11,0,1,70
00930660,Unwind@00930660,10,0,1,126
00930690,Unwind@00930690,8,0,1,70
009306c0,Unwind@009306c0,8,0,1,70
009306f0,Unwind@009306f0,11,0,1,70
009306fb,Unwind@009306fb,11,0,1,70
00930706,Unwind@00930706,11,0,1,70
00930711,Unwind@00930711,11,0,1,70
0093071c,Unwind@0093071c,11,0,1,70
00930727,Unwind@00930727,11,0,1,70
00930770,Unwind@00930770,8,0,1,70
00930778,Unwind@00930778,14,0,1,70
00930786,Unwind@00930786,14,0,1,70
00930794,Unwind@00930794,14,0,1,70
009307a2,Unwind@009307a2,14,0,1,216
009307b0,Unwind@009307b0,14,0,1,217
009307be,Unwind@009307be,14,0,1,70
009307f0,Unwind@009307f0,8,0,1,70
00930830,Unwind@00930830,8,0,1,70
00930838,Unwind@00930838,14,0,1,216
00930846,Unwind@00930846,14,0,1,217
00930854,Unwind@00930854,14,0,1,217
00930862,Unwind@00930862,14,0,1,217
00930870,Unwind@00930870,14,0,1,217
0093087e,Unwind@0093087e,14,0,1,217
0093088c,Unwind@0093088c,14,0,1,217
0093089a,Unwind@0093089a,14,0,1,217
009308a8,Unwind@009308a8,14,0,1,217
009308b6,Unwind@009308b6,14,0,1,217
009308c4,Unwind@009308c4,14,0,1,217
009308d2,Unwind@009308d2,14,0,1,217
009308e0,Unwind@009308e0,14,0,1,217
009308ee,Unwind@009308ee,14,0,1,217
009308fc,Unwind@009308fc,14,0,1,70
0093090a,Unwind@0093090a,14,0,1,70
00930940,Unwind@00930940,11,0,1,70
0093094b,Unwind@0093094b,11,0,1,70
00930956,Unwind@00930956,11,0,1,70
00930990,Unwind@00930990,11,0,1,70
009309d0,Unwind@009309d0,11,0,1,70
00930a10,Unwind@00930a10,8,0,1,70
00930a18,Unwind@00930a18,14,0,1,216
00930a26,Unwind@00930a26,14,0,1,70
00930a34,Unwind@00930a34,14,0,1,215
00930a70,Unwind@00930a70,17,0,1,70
00930a81,Unwind@00930a81,17,0,1,70
00930a92,Unwind@00930a92,27,0,1,194
00930aad,Unwind@00930aad,27,0,1,194
00930ac8,Unwind@00930ac8,11,0,1,70
00930b10,Unwind@00930b10,11,0,1,70
00930b50,Unwind@00930b50,11,0,1,70
00930b90,Unwind@00930b90,11,0,1,70
00930bd0,Unwind@00930bd0,8,0,1,70
00930c00,Unwind@00930c00,8,0,1,70
00930c40,Unwind@00930c40,8,0,1,70
00930c80,Unwind@00930c80,11,0,1,70
00930cc0,Unwind@00930cc0,11,0,1,70
00930d00,Unwind@00930d00,11,0,1,70
00930d40,Unwind@00930d40,11,0,1,70
00930d4b,Unwind@00930d4b,11,0,1,70
00930d90,Unwind@00930d90,8,0,1,70
00930d98,Unwind@00930d98,8,0,1,70
00930dd0,Unwind@00930dd0,11,0,1,70
00930ddb,Unwind@00930ddb,11,0,1,70
00930e20,Unwind@00930e20,11,0,1,70
00930e2b,Unwind@00930e2b,11,0,1,70
00930e70,Unwind@00930e70,11,0,1,70
00930e7b,Unwind@00930e7b,11,0,1,70
00930e86,Unwind@00930e86,11,0,1,70
00930ec0,Unwind@00930ec0,11,0,1,70
00930f00,Unwind@00930f00,11,0,1,70
00930f0b,Unwind@00930f0b,11,0,1,70
00930f16,Unwind@00930f16,11,0,1,70
00930f50,Unwind@00930f50,11,0,1,70
00930f90,Unwind@00930f90,11,0,1,70
00930fd0,Unwind@00930fd0,8,0,1,70
00930fd8,Unwind@00930fd8,14,0,1,216
00930fe6,Unwind@00930fe6,14,0,1,217
00930ff4,Unwind@00930ff4,14,0,1,70
00931002,Unwind@00931002,14,0,1,217
00931010,Unwind@00931010,14,0,1,70
0093101e,Unwind@0093101e,14,0,1,70
0093102c,Unwind@0093102c,14,0,1,217
0093103a,Unwind@0093103a,14,0,1,217
00931048,Unwind@00931048,14,0,1,217
00931056,Unwind@00931056,14,0,1,217
00931064,Unwind@00931064,14,0,1,217
00931072,Unwind@00931072,14,0,1,217
00931080,Unwind@00931080,14,0,1,217
0093108e,Unwind@0093108e,14,0,1,217
0093109c,Unwind@0093109c,14,0,1,217
009310aa,Unwind@009310aa,14,0,1,217
009310b8,Unwind@009310b8,14,0,1,217
009310f0,Unwind@009310f0,11,0,1,70
00931130,Unwind@00931130,8,0,1,70
00931138,Unwind@00931138,14,0,1,216
00931146,Unwind@00931146,14,0,1,217
00931154,Unwind@00931154,14,0,1,217
00931162,Unwind@00931162,14,0,1,70
00931170,Unwind@00931170,14,0,1,217
0093117e,Unwind@0093117e,14,0,1,217
009311b0,Unwind@009311b0,8,0,1,70
009311b8,Unwind@009311b8,8,0,1,70
009311c0,Unwind@009311c0,8,0,1,70
009311f0,Unwind@009311f0,8,0,1,70
009311f8,Unwind@009311f8,8,0,1,70
00931200,Unwind@00931200,8,0,1,70
00931208,Unwind@00931208,8,0,1,70
00931210,Unwind@00931210,8,0,1,70
00931218,Unwind@00931218,8,0,1,70
00931220,Unwind@00931220,8,0,1,70
00931228,Unwind@00931228,8,0,1,70
00931230,Unwind@00931230,8,0,1,70
00931260,Unwind@00931260,8,0,1,70
00931268,Unwind@00931268,8,0,1,70
00931270,Unwind@00931270,8,0,1,70
00931278,Unwind@00931278,8,0,1,70
00931280,Unwind@00931280,8,0,1,70
00931288,Unwind@00931288,8,0,1,70
00931290,Unwind@00931290,8,0,1,70
00931298,Unwind@00931298,8,0,1,70
009312d0,Unwind@009312d0,11,0,1,70
009312db,Unwind@009312db,11,0,1,70
009312e6,Unwind@009312e6,11,0,1,70
009312f1,Unwind@009312f1,11,0,1,70
009312fc,Unwind@009312fc,11,0,1,70
00931307,Unwind@00931307,11,0,1,70
00931312,Unwind@00931312,11,0,1,70
0093131d,Unwind@0093131d,11,0,1,70
00931328,Unwind@00931328,11,0,1,70
00931370,Unwind@00931370,11,0,1,70
0093137b,Unwind@0093137b,8,0,1,70
00931383,Unwind@00931383,8,0,1,70
0093138b,Unwind@0093138b,8,0,1,70
009313c0,Unwind@009313c0,8,0,1,70
009313c8,Unwind@009313c8,14,0,1,216
009313d6,Unwind@009313d6,14,0,1,217
009313e4,Unwind@009313e4,14,0,1,217
009313f2,Unwind@009313f2,14,0,1,217
00931400,Unwind@00931400,14,0,1,217
0093140e,Unwind@0093140e,14,0,1,217
0093141c,Unwind@0093141c,14,0,1,216
0093142a,Unwind@0093142a,14,0,1,217
00931438,Unwind@00931438,14,0,1,217
00931470,Unwind@00931470,8,0,1,70
00931478,Unwind@00931478,8,0,1,70
00931480,Unwind@00931480,8,0,1,70
00931488,Unwind@00931488,8,0,1,70
00931490,Unwind@00931490,8,0,1,70
00931498,Unwind@00931498,8,0,1,70
009314a0,Unwind@009314a0,8,0,1,70
009314a8,Unwind@009314a8,8,0,1,70
009314b0,Unwind@009314b0,8,0,1,70
009314e0,Unwind@009314e0,8,0,1,70
009314e8,Unwind@009314e8,14,0,1,70
009314f6,Unwind@009314f6,14,0,1,70
00931504,Unwind@00931504,14,0,1,70
00931512,Unwind@00931512,14,0,1,70
00931520,Unwind@00931520,14,0,1,70
0093152e,Unwind@0093152e,14,0,1,217
0093153c,Unwind@0093153c,14,0,1,217
0093154a,Unwind@0093154a,14,0,1,217
00931558,Unwind@00931558,14,0,1,217
00931566,Unwind@00931566,14,0,1,204
00931574,Unwind@00931574,14,0,1,70
00931582,Unwind@00931582,27,0,1,191
0093159d,Unwind@0093159d,14,0,1,70
009315ab,Unwind@009315ab,14,0,1,70
009315e0,Unwind@009315e0,11,0,1,70
009315eb,Unwind@009315eb,11,0,1,70
009315f6,Unwind@009315f6,11,0,1,70
00931630,Unwind@00931630,8,0,1,70
00931670,Unwind@00931670,11,0,1,70
0093167b,Unwind@0093167b,11,0,1,70
00931686,Unwind@00931686,13,0,1,127
00931693,Unwind@00931693,11,0,1,70
0093169e,Unwind@0093169e,25,0,1,160
009316b7,Unwind@009316b7,11,0,1,70
009316c2,Unwind@009316c2,11,0,1,70
009316cd,Unwind@009316cd,11,0,1,70
009316d8,Unwind@009316d8,11,0,1,70
009316e3,Unwind@009316e3,11,0,1,70
009316ee,Unwind@009316ee,11,0,1,70
009316f9,Unwind@009316f9,11,0,1,70
00931704,Unwind@00931704,11,0,1,70
0093170f,Unwind@0093170f,11,0,1,70
0093171a,Unwind@0093171a,11,0,1,70
00931725,Unwind@00931725,11,0,1,70
00931730,Unwind@00931730,11,0,1,70
0093173b,Unwind@0093173b,11,0,1,70
00931746,Unwind@00931746,11,0,1,70
00931751,Unwind@00931751,11,0,1,70
0093175c,Unwind@0093175c,11,0,1,70
00931767,Unwind@00931767,11,0,1,70
00931772,Unwind@00931772,11,0,1,70
0093177d,Unwind@0093177d,11,0,1,70
00931788,Unwind@00931788,11,0,1,70
00931793,Unwind@00931793,11,0,1,70
0093179e,Unwind@0093179e,11,0,1,70
009317e0,Unwind@009317e0,11,0,1,70
009317eb,Unwind@009317eb,11,0,1,70
009317f6,Unwind@009317f6,11,0,1,70
00931801,Unwind@00931801,11,0,1,70
0093180c,Unwind@0093180c,11,0,1,70
00931817,Unwind@00931817,11,0,1,70
00931822,Unwind@00931822,10,0,1,126
0093182c,Unwind@0093182c,11,0,1,70
00931870,Unwind@00931870,8,0,1,70
00931878,Unwind@00931878,8,0,1,70
009318b0,Unwind@009318b0,8,0,1,70
009318b8,Unwind@009318b8,11,0,1,70
009318f0,Unwind@009318f0,8,0,1,70
009318f8,Unwind@009318f8,11,0,1,70
00931903,Unwind@00931903,11,0,1,70
0093190e,Unwind@0093190e,11,0,1,70
00931919,Unwind@00931919,11,0,1,70
00931924,Unwind@00931924,11,0,1,70
0093192f,Unwind@0093192f,11,0,1,70
0093193a,Unwind@0093193a,11,0,1,70
00931945,Unwind@00931945,34,0,1,244
00931967,Unwind@00931967,34,0,1,244
00931989,Unwind@00931989,34,0,1,247
009319ab,Unwind@009319ab,34,0,1,247
009319cd,Unwind@009319cd,39,0,1,248
009319f4,Unwind@009319f4,39,0,1,248
00931a1b,Unwind@00931a1b,11,0,1,70
00931a26,Unwind@00931a26,11,0,1,70
00931a31,Unwind@00931a31,11,0,1,70
00931a3c,Unwind@00931a3c,11,0,1,70
00931a47,Unwind@00931a47,13,0,1,127
00931a54,Unwind@00931a54,11,0,1,70
00931a5f,Unwind@00931a5f,11,0,1,70
00931a6a,Unwind@00931a6a,11,0,1,70
00931a75,Unwind@00931a75,11,0,1,70
00931a80,Unwind@00931a80,11,0,1,70
00931a8b,Unwind@00931a8b,11,0,1,70
00931a96,Unwind@00931a96,11,0,1,70
00931aa1,Unwind@00931aa1,11,0,1,70
00931aac,Unwind@00931aac,11,0,1,70
00931ab7,Unwind@00931ab7,11,0,1,70
00931ac2,Unwind@00931ac2,11,0,1,70
00931acd,Unwind@00931acd,11,0,1,70
00931ad8,Unwind@00931ad8,11,0,1,70
00931ae3,Unwind@00931ae3,11,0,1,70
00931aee,Unwind@00931aee,11,0,1,70
00931af9,Unwind@00931af9,11,0,1,70
00931b04,Unwind@00931b04,11,0,1,70
00931b0f,Unwind@00931b0f,11,0,1,70
00931b1a,Unwind@00931b1a,11,0,1,70
00931b25,Unwind@00931b25,11,0,1,70
00931b60,Unwind@00931b60,11,0,1,70
00931b6b,Unwind@00931b6b,11,0,1,70
00931b76,Unwind@00931b76,11,0,1,70
00931b81,Unwind@00931b81,11,0,1,70
00931b8c,Unwind@00931b8c,11,0,1,70
00931b97,Unwind@00931b97,11,0,1,70
00931ba2,Unwind@00931ba2,11,0,1,70
00931bad,Unwind@00931bad,11,0,1,70
00931bb8,Unwind@00931bb8,11,0,1,70
00931bc3,Unwind@00931bc3,11,0,1,70
00931bce,Unwind@00931bce,11,0,1,70
00931bd9,Unwind@00931bd9,11,0,1,70
00931be4,Unwind@00931be4,11,0,1,70
00931bef,Unwind@00931bef,11,0,1,70
00931bfa,Unwind@00931bfa,11,0,1,70
00931c05,Unwind@00931c05,11,0,1,70
00931c40,Unwind@00931c40,8,0,1,70
00931c48,Unwind@00931c48,8,0,1,70
00931c50,Unwind@00931c50,8,0,1,70
00931c58,Unwind@00931c58,8,0,1,70
00931c60,Unwind@00931c60,8,0,1,70
00931c68,Unwind@00931c68,11,0,1,70
00931c73,Unwind@00931c73,8,0,1,70
00931c7b,Unwind@00931c7b,8,0,1,70
00931c83,Unwind@00931c83,11,0,1,70
00931c8e,Unwind@00931c8e,11,0,1,70
00931c99,Unwind@00931c99,8,0,1,70
00931cd0,Unwind@00931cd0,8,0,1,70
00931cd8,Unwind@00931cd8,8,0,1,70
00931ce0,Unwind@00931ce0,14,0,1,70
00931cee,Unwind@00931cee,14,0,1,70
00931d20,Unwind@00931d20,8,0,1,70
00931d60,Unwind@00931d60,8,0,1,70
00931da0,Unwind@00931da0,8,0,1,70
00931da8,Unwind@00931da8,14,0,1,216
00931db6,Unwind@00931db6,14,0,1,217
00931dc4,Unwind@00931dc4,14,0,1,217
00931dd2,Unwind@00931dd2,14,0,1,217
00931de0,Unwind@00931de0,14,0,1,217
00931dee,Unwind@00931dee,14,0,1,217
00931dfc,Unwind@00931dfc,14,0,1,70
00931e0a,Unwind@00931e0a,14,0,1,217
00931e18,Unwind@00931e18,14,0,1,70
00931e26,Unwind@00931e26,14,0,1,217
00931e34,Unwind@00931e34,14,0,1,217
00931e70,Unwind@00931e70,8,0,1,70
00931e78,Unwind@00931e78,14,0,1,70
00931e86,Unwind@00931e86,14,0,1,70
00931e94,Unwind@00931e94,14,0,1,216
00931ea2,Unwind@00931ea2,14,0,1,217
00931eb0,Unwind@00931eb0,14,0,1,217
00931ebe,Unwind@00931ebe,14,0,1,217
00931ecc,Unwind@00931ecc,14,0,1,217
00931eda,Unwind@00931eda,14,0,1,217
00931f10,Unwind@00931f10,8,0,1,70
00931f18,Unwind@00931f18,8,0,1,70
00931f20,Unwind@00931f20,8,0,1,70
00931f28,Unwind@00931f28,8,0,1,70
00931f30,Unwind@00931f30,8,0,1,70
00931f38,Unwind@00931f38,8,0,1,70
00931f40,Unwind@00931f40,8,0,1,70
00931f48,Unwind@00931f48,8,0,1,70
00931f50,Unwind@00931f50,8,0,1,70
00931f58,Unwind@00931f58,8,0,1,70
00931f60,Unwind@00931f60,11,0,1,70
00931f6b,Unwind@00931f6b,11,0,1,70
00931f76,Unwind@00931f76,11,0,1,70
00931f81,Unwind@00931f81,11,0,1,70
00931f8c,Unwind@00931f8c,11,0,1,70
00931f97,Unwind@00931f97,11,0,1,70
00931fa2,Unwind@00931fa2,11,0,1,70
00931fad,Unwind@00931fad,11,0,1,70
00931fb8,Unwind@00931fb8,11,0,1,70
00931fc3,Unwind@00931fc3,11,0,1,70
00931fce,Unwind@00931fce,11,0,1,70
00931fd9,Unwind@00931fd9,11,0,1,70
00931fe4,Unwind@00931fe4,11,0,1,70
00932020,Unwind@00932020,8,0,1,70
00932028,Unwind@00932028,14,0,1,216
00932036,Unwind@00932036,14,0,1,217
00932044,Unwind@00932044,14,0,1,217
00932052,Unwind@00932052,14,0,1,217
00932060,Unwind@00932060,14,0,1,217
0093206e,Unwind@0093206e,14,0,1,217
0093207c,Unwind@0093207c,14,0,1,217
0093208a,Unwind@0093208a,14,0,1,217
00932098,Unwind@00932098,14,0,1,217
009320a6,Unwind@009320a6,14,0,1,217
009320b4,Unwind@009320b4,14,0,1,217
009320c2,Unwind@009320c2,14,0,1,217
009320d0,Unwind@009320d0,14,0,1,217
009320de,Unwind@009320de,14,0,1,217
009320ec,Unwind@009320ec,14,0,1,216
009320fa,Unwind@009320fa,14,0,1,217
00932108,Unwind@00932108,14,0,1,217
00932116,Unwind@00932116,14,0,1,217
00932150,Unwind@00932150,8,0,1,70
00932158,Unwind@00932158,8,0,1,70
00932160,Unwind@00932160,8,0,1,70
00932168,Unwind@00932168,8,0,1,70
00932170,Unwind@00932170,8,0,1,70
00932178,Unwind@00932178,8,0,1,70
00932180,Unwind@00932180,8,0,1,70
00932188,Unwind@00932188,11,0,1,70
00932193,Unwind@00932193,11,0,1,70
0093219e,Unwind@0093219e,11,0,1,70
009321a9,Unwind@009321a9,11,0,1,70
009321b4,Unwind@009321b4,11,0,1,70
009321bf,Unwind@009321bf,11,0,1,70
009321ca,Unwind@009321ca,11,0,1,70
009321d5,Unwind@009321d5,11,0,1,70
009321e0,Unwind@009321e0,11,0,1,70
00932220,Unwind@00932220,11,0,1,70
0093222b,Unwind@0093222b,11,0,1,70
00932270,Unwind@00932270,8,0,1,70
00932278,Unwind@00932278,8,0,1,70
00932280,Unwind@00932280,8,0,1,70
009322b0,Unwind@009322b0,8,0,1,70
009322b8,Unwind@009322b8,14,0,1,70
009322c6,Unwind@009322c6,14,0,1,70
00932300,Unwind@00932300,8,0,1,70
00932308,Unwind@00932308,10,0,1,126
00932340,Unwind@00932340,11,0,1,70
0093234b,Unwind@0093234b,17,0,1,218
0093235c,Unwind@0093235c,17,0,1,70
0093236d,Unwind@0093236d,17,0,1,218
0093237e,Unwind@0093237e,17,0,1,218
0093238f,Unwind@0093238f,17,0,1,70
009323a0,Unwind@009323a0,17,0,1,70
009323b1,Unwind@009323b1,17,0,1,70
009323c2,Unwind@009323c2,17,0,1,218
009323d3,Unwind@009323d3,17,0,1,218
009323e4,Unwind@009323e4,17,0,1,218
009323f5,Unwind@009323f5,17,0,1,218
00932406,Unwind@00932406,17,0,1,218
00932417,Unwind@00932417,17,0,1,219
00932428,Unwind@00932428,17,0,1,219
00932439,Unwind@00932439,17,0,1,219
0093244a,Unwind@0093244a,17,0,1,70
0093245b,Unwind@0093245b,11,0,1,70
00932466,Unwind@00932466,11,0,1,70
00932471,Unwind@00932471,11,0,1,70
0093247c,Unwind@0093247c,11,0,1,70
00932487,Unwind@00932487,11,0,1,70
009324d0,Unwind@009324d0,11,0,1,70
00932510,Unwind@00932510,8,0,1,70
00932518,Unwind@00932518,8,0,1,70
00932520,Unwind@00932520,8,0,1,70
00932528,Unwind@00932528,8,0,1,70
00932530,Unwind@00932530,8,0,1,70
00932538,Unwind@00932538,8,0,1,70
00932540,Unwind@00932540,8,0,1,70
00932570,Unwind@00932570,8,0,1,70
00932578,Unwind@00932578,14,0,1,217
00932586,Unwind@00932586,14,0,1,217
00932594,Unwind@00932594,14,0,1,217
009325a2,Unwind@009325a2,14,0,1,217
009325b0,Unwind@009325b0,14,0,1,217
009325be,Unwind@009325be,14,0,1,217
009325cc,Unwind@009325cc,14,0,1,217
009325da,Unwind@009325da,14,0,1,217
009325e8,Unwind@009325e8,14,0,1,217
009325f6,Unwind@009325f6,14,0,1,217
00932604,Unwind@00932604,14,0,1,217
00932612,Unwind@00932612,14,0,1,217
00932620,Unwind@00932620,14,0,1,217
0093262e,Unwind@0093262e,14,0,1,217
0093263c,Unwind@0093263c,14,0,1,217
0093264a,Unwind@0093264a,14,0,1,217
00932680,Unwind@00932680,8,0,1,70
00932688,Unwind@00932688,14,0,1,217
00932696,Unwind@00932696,14,0,1,217
009326a4,Unwind@009326a4,14,0,1,217
009326b2,Unwind@009326b2,14,0,1,217
009326c0,Unwind@009326c0,14,0,1,217
009326ce,Unwind@009326ce,14,0,1,217
009326dc,Unwind@009326dc,14,0,1,217
009326ea,Unwind@009326ea,14,0,1,217
009326f8,Unwind@009326f8,14,0,1,217
00932706,Unwind@00932706,14,0,1,217
00932714,Unwind@00932714,14,0,1,217
00932722,Unwind@00932722,14,0,1,217
00932730,Unwind@00932730,14,0,1,217
0093273e,Unwind@0093273e,14,0,1,217
0093274c,Unwind@0093274c,14,0,1,217
0093275a,Unwind@0093275a,14,0,1,217
00932790,Unwind@00932790,10,0,1,126
009327c0,Unwind@009327c0,11,0,1,70
009327cb,Unwind@009327cb,11,0,1,70
009327d6,Unwind@009327d6,8,0,1,70
009327de,Unwind@009327de,8,0,1,70
00932810,Unwind@00932810,8,0,1,70
00932818,Unwind@00932818,14,0,1,70
00932826,Unwind@00932826,14,0,1,70
00932834,Unwind@00932834,14,0,1,70
00932842,Unwind@00932842,14,0,1,70
00932850,Unwind@00932850,14,0,1,70
0093285e,Unwind@0093285e,14,0,1,70
0093286c,Unwind@0093286c,14,0,1,70
0093287a,Unwind@0093287a,14,0,1,70
00932888,Unwind@00932888,14,0,1,70
00932896,Unwind@00932896,14,0,1,70
009328a4,Unwind@009328a4,14,0,1,70
009328b2,Unwind@009328b2,14,0,1,70
009328c0,Unwind@009328c0,14,0,1,70
009328ce,Unwind@009328ce,14,0,1,70
009328dc,Unwind@009328dc,14,0,1,70
009328ea,Unwind@009328ea,14,0,1,70
009328f8,Unwind@009328f8,14,0,1,70
00932906,Unwind@00932906,14,0,1,217
00932914,Unwind@00932914,14,0,1,217
00932922,Unwind@00932922,14,0,1,70
00932930,Unwind@00932930,14,0,1,70
0093293e,Unwind@0093293e,14,0,1,70
0093294c,Unwind@0093294c,14,0,1,70
0093295a,Unwind@0093295a,14,0,1,70
00932968,Unwind@00932968,14,0,1,70
00932976,Unwind@00932976,14,0,1,70
00932984,Unwind@00932984,14,0,1,70
00932992,Unwind@00932992,14,0,1,70
009329a0,Unwind@009329a0,14,0,1,70
009329ae,Unwind@009329ae,14,0,1,70
009329bc,Unwind@009329bc,14,0,1,70
009329ca,Unwind@009329ca,14,0,1,70
009329d8,Unwind@009329d8,14,0,1,70
009329e6,Unwind@009329e6,14,0,1,70
009329f4,Unwind@009329f4,14,0,1,70
00932a02,Unwind@00932a02,14,0,1,70
00932a10,Unwind@00932a10,14,0,1,70
00932a1e,Unwind@00932a1e,14,0,1,70
00932a2c,Unwind@00932a2c,14,0,1,218
00932a3a,Unwind@00932a3a,14,0,1,70
00932a48,Unwind@00932a48,14,0,1,70
00932a80,Unwind@00932a80,8,0,1,70
00932a88,Unwind@00932a88,14,0,1,215
00932a96,Unwind@00932a96,14,0,1,217
00932aa4,Unwind@00932aa4,14,0,1,70
00932ab2,Unwind@00932ab2,14,0,1,70
00932ac0,Unwind@00932ac0,14,0,1,70
00932ace,Unwind@00932ace,14,0,1,70
00932adc,Unwind@00932adc,14,0,1,70
00932aea,Unwind@00932aea,14,0,1,70
00932af8,Unwind@00932af8,14,0,1,70
00932b06,Unwind@00932b06,14,0,1,70
00932b14,Unwind@00932b14,14,0,1,70
00932b22,Unwind@00932b22,14,0,1,70
00932b30,Unwind@00932b30,14,0,1,70
00932b3e,Unwind@00932b3e,14,0,1,70
00932b4c,Unwind@00932b4c,14,0,1,70
00932b5a,Unwind@00932b5a,14,0,1,70
00932b68,Unwind@00932b68,14,0,1,70
00932b76,Unwind@00932b76,14,0,1,70
00932b84,Unwind@00932b84,14,0,1,70
00932b92,Unwind@00932b92,14,0,1,70
00932ba0,Unwind@00932ba0,14,0,1,70
00932bae,Unwind@00932bae,14,0,1,217
00932bbc,Unwind@00932bbc,14,0,1,217
00932bca,Unwind@00932bca,14,0,1,218
00932bd8,Unwind@00932bd8,14,0,1,218
00932be6,Unwind@00932be6,14,0,1,218
00932bf4,Unwind@00932bf4,14,0,1,218
00932c02,Unwind@00932c02,14,0,1,218
00932c10,Unwind@00932c10,14,0,1,218
00932c1e,Unwind@00932c1e,14,0,1,218
00932c2c,Unwind@00932c2c,14,0,1,218
00932c3a,Unwind@00932c3a,14,0,1,218
00932c48,Unwind@00932c48,14,0,1,218
00932c56,Unwind@00932c56,14,0,1,218
00932c64,Unwind@00932c64,14,0,1,218
00932c72,Unwind@00932c72,14,0,1,218
00932c80,Unwind@00932c80,14,0,1,218
00932c8e,Unwind@00932c8e,14,0,1,218
00932c9c,Unwind@00932c9c,14,0,1,218
00932caa,Unwind@00932caa,14,0,1,218
00932cb8,Unwind@00932cb8,14,0,1,218
00932cc6,Unwind@00932cc6,14,0,1,218
00932cd4,Unwind@00932cd4,14,0,1,218
00932d10,Unwind@00932d10,8,0,1,70
00932d18,Unwind@00932d18,11,0,1,70
00932d23,Unwind@00932d23,11,0,1,70
00932d2e,Unwind@00932d2e,11,0,1,70
00932d39,Unwind@00932d39,11,0,1,70
00932d80,Unwind@00932d80,8,0,1,70
00932dc0,Unwind@00932dc0,8,0,1,70
00932dc8,Unwind@00932dc8,11,0,1,70
00932dd3,Unwind@00932dd3,11,0,1,70
00932dde,Unwind@00932dde,11,0,1,70
00932de9,Unwind@00932de9,11,0,1,70
00932e30,Unwind@00932e30,8,0,1,70
00932e38,Unwind@00932e38,14,0,1,70
00932e46,Unwind@00932e46,14,0,1,216
00932e54,Unwind@00932e54,14,0,1,217
00932e62,Unwind@00932e62,14,0,1,70
00932e70,Unwind@00932e70,14,0,1,217
00932e7e,Unwind@00932e7e,14,0,1,217
00932e8c,Unwind@00932e8c,14,0,1,70
00932e9a,Unwind@00932e9a,14,0,1,217
00932ea8,Unwind@00932ea8,14,0,1,217
00932eb6,Unwind@00932eb6,14,0,1,70
00932ec4,Unwind@00932ec4,14,0,1,70
00932ed2,Unwind@00932ed2,14,0,1,217
00932ee0,Unwind@00932ee0,14,0,1,217
00932eee,Unwind@00932eee,14,0,1,70
00932efc,Unwind@00932efc,14,0,1,70
00932f0a,Unwind@00932f0a,14,0,1,217
00932f40,Unwind@00932f40,8,0,1,70
00932f48,Unwind@00932f48,8,0,1,70
00932f50,Unwind@00932f50,8,0,1,70
00932f58,Unwind@00932f58,8,0,1,70
00932f90,Unwind@00932f90,8,0,1,70
00932f98,Unwind@00932f98,8,0,1,70
00932fa0,Unwind@00932fa0,8,0,1,70
00932fd0,Unwind@00932fd0,11,0,1,70
00933000,Unwind@00933000,11,0,1,70
0093300b,Unwind@0093300b,11,0,1,70
00933016,Unwind@00933016,11,0,1,70
00933021,Unwind@00933021,11,0,1,70
0093302c,Unwind@0093302c,11,0,1,70
00933037,Unwind@00933037,11,0,1,70
00933042,Unwind@00933042,11,0,1,70
0093304d,Unwind@0093304d,11,0,1,70
00933090,Unwind@00933090,11,0,1,70
0093309b,Unwind@0093309b,11,0,1,70
009330a6,Unwind@009330a6,11,0,1,70
009330b1,Unwind@009330b1,11,0,1,70
009330bc,Unwind@009330bc,11,0,1,70
00933100,Unwind@00933100,8,0,1,70
00933108,Unwind@00933108,8,0,1,70
00933110,Unwind@00933110,8,0,1,70
00933150,Unwind@00933150,8,0,1,70
00933158,Unwind@00933158,14,0,1,70
00933166,Unwind@00933166,14,0,1,70
00933174,Unwind@00933174,14,0,1,217
009331b0,Unwind@009331b0,8,0,1,70
009331b8,Unwind@009331b8,14,0,1,70
009331c6,Unwind@009331c6,14,0,1,217
009331d4,Unwind@009331d4,14,0,1,217
009331e2,Unwind@009331e2,14,0,1,217
009331f0,Unwind@009331f0,14,0,1,217
009331fe,Unwind@009331fe,14,0,1,70
0093320c,Unwind@0093320c,14,0,1,70
0093321a,Unwind@0093321a,14,0,1,217
00933250,Unwind@00933250,8,0,1,70
00933258,Unwind@00933258,14,0,1,70
00933266,Unwind@00933266,14,0,1,216
00933274,Unwind@00933274,14,0,1,217
00933282,Unwind@00933282,14,0,1,217
00933290,Unwind@00933290,14,0,1,217
0093329e,Unwind@0093329e,14,0,1,217
009332ac,Unwind@009332ac,14,0,1,217
009332ba,Unwind@009332ba,14,0,1,217
009332c8,Unwind@009332c8,14,0,1,217
009332d6,Unwind@009332d6,14,0,1,217
009332e4,Unwind@009332e4,14,0,1,217
009332f2,Unwind@009332f2,14,0,1,217
00933300,Unwind@00933300,14,0,1,217
0093330e,Unwind@0093330e,14,0,1,217
0093331c,Unwind@0093331c,14,0,1,217
0093332a,Unwind@0093332a,14,0,1,217
00933338,Unwind@00933338,14,0,1,217
00933346,Unwind@00933346,14,0,1,217
00933354,Unwind@00933354,14,0,1,217
00933362,Unwind@00933362,14,0,1,217
00933370,Unwind@00933370,14,0,1,217
0093337e,Unwind@0093337e,14,0,1,70
0093338c,Unwind@0093338c,14,0,1,217
0093339a,Unwind@0093339a,14,0,1,217
009333a8,Unwind@009333a8,14,0,1,217
009333b6,Unwind@009333b6,14,0,1,217
009333c4,Unwind@009333c4,14,0,1,217
009333d2,Unwind@009333d2,14,0,1,217
00933410,Unwind@00933410,8,0,1,70
00933418,Unwind@00933418,14,0,1,70
00933426,Unwind@00933426,14,0,1,216
00933434,Unwind@00933434,14,0,1,217
00933442,Unwind@00933442,14,0,1,217
00933450,Unwind@00933450,14,0,1,217
0093345e,Unwind@0093345e,14,0,1,217
0093346c,Unwind@0093346c,14,0,1,217
0093347a,Unwind@0093347a,14,0,1,217
00933488,Unwind@00933488,14,0,1,217
00933496,Unwind@00933496,14,0,1,217
009334a4,Unwind@009334a4,14,0,1,217
009334b2,Unwind@009334b2,14,0,1,217
009334c0,Unwind@009334c0,14,0,1,217
009334ce,Unwind@009334ce,14,0,1,217
009334dc,Unwind@009334dc,14,0,1,217
009334ea,Unwind@009334ea,14,0,1,217
009334f8,Unwind@009334f8,14,0,1,217
00933506,Unwind@00933506,14,0,1,217
00933514,Unwind@00933514,14,0,1,217
00933522,Unwind@00933522,14,0,1,217
00933530,Unwind@00933530,14,0,1,217
0093353e,Unwind@0093353e,14,0,1,70
0093354c,Unwind@0093354c,14,0,1,217
0093355a,Unwind@0093355a,14,0,1,217
00933568,Unwind@00933568,14,0,1,217
00933576,Unwind@00933576,14,0,1,217
00933584,Unwind@00933584,14,0,1,217
00933592,Unwind@00933592,14,0,1,217
009335d0,Unwind@009335d0,8,0,1,70
009335d8,Unwind@009335d8,8,0,1,70
009335e0,Unwind@009335e0,8,0,1,70
009335e8,Unwind@009335e8,8,0,1,70
009335f0,Unwind@009335f0,8,0,1,70
009335f8,Unwind@009335f8,8,0,1,70
00933600,Unwind@00933600,8,0,1,70
00933608,Unwind@00933608,8,0,1,70
00933640,Unwind@00933640,11,0,1,70
0093364b,Unwind@0093364b,11,0,1,70
00933690,Unwind@00933690,11,0,1,70
0093369b,Unwind@0093369b,11,0,1,70
009336a6,Unwind@009336a6,11,0,1,70
009336b1,Unwind@009336b1,11,0,1,70
009336bc,Unwind@009336bc,11,0,1,70
009336c7,Unwind@009336c7,11,0,1,70
00933710,Unwind@00933710,8,0,1,70
00933718,Unwind@00933718,14,0,1,216
00933726,Unwind@00933726,14,0,1,217
00933734,Unwind@00933734,14,0,1,217
00933742,Unwind@00933742,14,0,1,217
00933750,Unwind@00933750,14,0,1,217
0093375e,Unwind@0093375e,14,0,1,217
0093376c,Unwind@0093376c,14,0,1,217
0093377a,Unwind@0093377a,14,0,1,217
00933788,Unwind@00933788,14,0,1,217
00933796,Unwind@00933796,14,0,1,70
009337a4,Unwind@009337a4,14,0,1,217
009337b2,Unwind@009337b2,14,0,1,217
009337c0,Unwind@009337c0,14,0,1,217
009337ce,Unwind@009337ce,14,0,1,217
009337dc,Unwind@009337dc,14,0,1,217
009337ea,Unwind@009337ea,14,0,1,217
009337f8,Unwind@009337f8,14,0,1,217
00933806,Unwind@00933806,14,0,1,217
00933814,Unwind@00933814,14,0,1,217
00933822,Unwind@00933822,14,0,1,217
00933830,Unwind@00933830,14,0,1,217
00933860,Unwind@00933860,8,0,1,70
00933868,Unwind@00933868,14,0,1,216
00933876,Unwind@00933876,14,0,1,217
00933884,Unwind@00933884,14,0,1,217
00933892,Unwind@00933892,14,0,1,217
009338a0,Unwind@009338a0,14,0,1,217
009338ae,Unwind@009338ae,14,0,1,217
009338bc,Unwind@009338bc,14,0,1,217
009338ca,Unwind@009338ca,14,0,1,217
009338d8,Unwind@009338d8,14,0,1,217
009338e6,Unwind@009338e6,14,0,1,70
009338f4,Unwind@009338f4,14,0,1,217
00933902,Unwind@00933902,14,0,1,217
00933910,Unwind@00933910,14,0,1,217
0093391e,Unwind@0093391e,14,0,1,217
0093392c,Unwind@0093392c,14,0,1,217
0093393a,Unwind@0093393a,14,0,1,217
00933948,Unwind@00933948,14,0,1,217
00933956,Unwind@00933956,14,0,1,217
00933964,Unwind@00933964,14,0,1,217
00933972,Unwind@00933972,14,0,1,217
00933980,Unwind@00933980,14,0,1,217
009339e0,Unwind@009339e0,11,0,1,70
00933a10,Unwind@00933a10,11,0,1,70
00933a1b,Unwind@00933a1b,11,0,1,70
00933a60,Unwind@00933a60,8,0,1,70
00933a68,Unwind@00933a68,8,0,1,70
00933aa0,Unwind@00933aa0,11,0,1,70
00933aab,Unwind@00933aab,11,0,1,70
00933ab6,Unwind@00933ab6,11,0,1,70
00933ac1,Unwind@00933ac1,11,0,1,70
00933acc,Unwind@00933acc,11,0,1,70
00933ad7,Unwind@00933ad7,11,0,1,70
00933ae2,Unwind@00933ae2,11,0,1,70
00933aed,Unwind@00933aed,11,0,1,70
00933af8,Unwind@00933af8,11,0,1,70
00933b40,Unwind@00933b40,8,0,1,70
00933b48,Unwind@00933b48,14,0,1,70
00933b56,Unwind@00933b56,14,0,1,70
00933b64,Unwind@00933b64,14,0,1,217
00933b72,Unwind@00933b72,14,0,1,217
00933b80,Unwind@00933b80,14,0,1,217
00933b8e,Unwind@00933b8e,14,0,1,217
00933b9c,Unwind@00933b9c,14,0,1,217
00933baa,Unwind@00933baa,14,0,1,217
00933bb8,Unwind@00933bb8,14,0,1,217
00933bc6,Unwind@00933bc6,14,0,1,217
00933bd4,Unwind@00933bd4,14,0,1,217
00933be2,Unwind@00933be2,14,0,1,217
00933bf0,Unwind@00933bf0,14,0,1,217
00933bfe,Unwind@00933bfe,14,0,1,217
00933c0c,Unwind@00933c0c,14,0,1,217
00933c1a,Unwind@00933c1a,14,0,1,217
00933c28,Unwind@00933c28,14,0,1,217
00933c60,Unwind@00933c60,8,0,1,70
00933c68,Unwind@00933c68,14,0,1,70
00933c76,Unwind@00933c76,14,0,1,216
00933c84,Unwind@00933c84,14,0,1,217
00933c92,Unwind@00933c92,14,0,1,217
00933ca0,Unwind@00933ca0,14,0,1,217
00933cae,Unwind@00933cae,14,0,1,217
00933cbc,Unwind@00933cbc,14,0,1,217
00933cca,Unwind@00933cca,14,0,1,217
00933cd8,Unwind@00933cd8,14,0,1,70
00933ce6,Unwind@00933ce6,14,0,1,70
00933cf4,Unwind@00933cf4,14,0,1,70
00933d02,Unwind@00933d02,14,0,1,217
00933d10,Unwind@00933d10,14,0,1,70
00933d1e,Unwind@00933d1e,14,0,1,217
00933d2c,Unwind@00933d2c,14,0,1,70
00933d3a,Unwind@00933d3a,14,0,1,217
00933d48,Unwind@00933d48,14,0,1,70
00933d56,Unwind@00933d56,14,0,1,218
00933d64,Unwind@00933d64,14,0,1,218
00933d72,Unwind@00933d72,14,0,1,218
00933d80,Unwind@00933d80,14,0,1,218
00933d8e,Unwind@00933d8e,14,0,1,70
00933d9c,Unwind@00933d9c,14,0,1,70
00933daa,Unwind@00933daa,14,0,1,70
00933db8,Unwind@00933db8,14,0,1,70
00933dc6,Unwind@00933dc6,14,0,1,70
00933dd4,Unwind@00933dd4,14,0,1,70
00933de2,Unwind@00933de2,14,0,1,70
00933df0,Unwind@00933df0,14,0,1,70
00933dfe,Unwind@00933dfe,14,0,1,70
00933e0c,Unwind@00933e0c,14,0,1,70
00933e1a,Unwind@00933e1a,14,0,1,70
00933e28,Unwind@00933e28,14,0,1,70
00933e36,Unwind@00933e36,14,0,1,70
00933e44,Unwind@00933e44,14,0,1,70
00933e52,Unwind@00933e52,14,0,1,70
00933e60,Unwind@00933e60,14,0,1,70
00933e6e,Unwind@00933e6e,14,0,1,70
00933e7c,Unwind@00933e7c,14,0,1,70
00933e8a,Unwind@00933e8a,14,0,1,70
00933e98,Unwind@00933e98,14,0,1,70
00933ea6,Unwind@00933ea6,14,0,1,70
00933eb4,Unwind@00933eb4,14,0,1,70
00933ec2,Unwind@00933ec2,14,0,1,70
00933ed0,Unwind@00933ed0,14,0,1,70
00933ede,Unwind@00933ede,14,0,1,70
00933eec,Unwind@00933eec,14,0,1,70
00933efa,Unwind@00933efa,14,0,1,70
00933f08,Unwind@00933f08,14,0,1,70
00933f16,Unwind@00933f16,14,0,1,70
00933f24,Unwind@00933f24,14,0,1,70
00933f32,Unwind@00933f32,14,0,1,70
00933f40,Unwind@00933f40,14,0,1,70
00933f4e,Unwind@00933f4e,14,0,1,70
00933f5c,Unwind@00933f5c,14,0,1,70
00933f6a,Unwind@00933f6a,14,0,1,70
00933f78,Unwind@00933f78,14,0,1,70
00933f86,Unwind@00933f86,14,0,1,70
00933f94,Unwind@00933f94,14,0,1,70
00933fa2,Unwind@00933fa2,14,0,1,70
00933fb0,Unwind@00933fb0,14,0,1,70
00933fbe,Unwind@00933fbe,14,0,1,70
00933fcc,Unwind@00933fcc,14,0,1,70
00933fda,Unwind@00933fda,14,0,1,70
00933fe8,Unwind@00933fe8,14,0,1,70
00933ff6,Unwind@00933ff6,14,0,1,70
00934004,Unwind@00934004,14,0,1,70
00934012,Unwind@00934012,14,0,1,70
00934020,Unwind@00934020,14,0,1,70
0093402e,Unwind@0093402e,14,0,1,70
0093403c,Unwind@0093403c,14,0,1,70
0093404a,Unwind@0093404a,14,0,1,70
00934058,Unwind@00934058,14,0,1,70
00934066,Unwind@00934066,14,0,1,70
00934074,Unwind@00934074,14,0,1,70
00934082,Unwind@00934082,14,0,1,70
00934090,Unwind@00934090,14,0,1,70
0093409e,Unwind@0093409e,14,0,1,70
009340ac,Unwind@009340ac,14,0,1,70
009340ba,Unwind@009340ba,14,0,1,70
009340c8,Unwind@009340c8,14,0,1,70
009340d6,Unwind@009340d6,14,0,1,70
009340e4,Unwind@009340e4,14,0,1,70
009340f2,Unwind@009340f2,14,0,1,70
00934100,Unwind@00934100,14,0,1,70
0093410e,Unwind@0093410e,14,0,1,70
0093411c,Unwind@0093411c,14,0,1,70
0093412a,Unwind@0093412a,14,0,1,70
00934138,Unwind@00934138,14,0,1,70
00934146,Unwind@00934146,14,0,1,70
00934154,Unwind@00934154,14,0,1,70
00934162,Unwind@00934162,14,0,1,70
009341a0,Unwind@009341a0,8,0,1,70
009341a8,Unwind@009341a8,8,0,1,70
009341b0,Unwind@009341b0,8,0,1,70
009341b8,Unwind@009341b8,8,0,1,70
009341c0,Unwind@009341c0,8,0,1,70
009341c8,Unwind@009341c8,8,0,1,70
00934200,Unwind@00934200,11,0,1,70
0093420b,Unwind@0093420b,17,0,1,218
0093421c,Unwind@0093421c,17,0,1,70
0093422d,Unwind@0093422d,17,0,1,218
0093423e,Unwind@0093423e,17,0,1,70
0093424f,Unwind@0093424f,17,0,1,218
00934260,Unwind@00934260,17,0,1,218
00934271,Unwind@00934271,17,0,1,218
00934282,Unwind@00934282,17,0,1,218
00934293,Unwind@00934293,17,0,1,218
009342a4,Unwind@009342a4,17,0,1,218
009342b5,Unwind@009342b5,17,0,1,218
009342c6,Unwind@009342c6,17,0,1,70
009342d7,Unwind@009342d7,17,0,1,70
009342e8,Unwind@009342e8,17,0,1,218
009342f9,Unwind@009342f9,17,0,1,218
0093430a,Unwind@0093430a,17,0,1,218
0093431b,Unwind@0093431b,11,0,1,70
00934326,Unwind@00934326,11,0,1,70
00934360,Unwind@00934360,8,0,1,70
00934368,Unwind@00934368,8,0,1,70
009343a0,Unwind@009343a0,8,0,1,70
009343a8,Unwind@009343a8,8,0,1,70
009343b0,Unwind@009343b0,8,0,1,70
009343e0,Unwind@009343e0,8,0,1,70
009343e8,Unwind@009343e8,8,0,1,70
009343f0,Unwind@009343f0,8,0,1,70
00934420,Unwind@00934420,14,0,1,70
0093442e,Unwind@0093442e,14,0,1,70
0093443c,Unwind@0093443c,13,0,1,127
00934449,Unwind@00934449,11,0,1,70
00934490,Unwind@00934490,11,0,1,70
009344c0,Unwind@009344c0,8,0,1,70
009344f0,Unwind@009344f0,8,0,1,70
009344f8,Unwind@009344f8,8,0,1,70
00934530,Unwind@00934530,8,0,1,70
00934560,Unwind@00934560,8,0,1,70
00934590,Unwind@00934590,11,0,1,70
0093459b,Unwind@0093459b,11,0,1,70
009345a6,Unwind@009345a6,11,0,1,70
009345b1,Unwind@009345b1,11,0,1,70
009345f0,Unwind@009345f0,13,0,1,127
009345fd,Unwind@009345fd,11,0,1,70
00934608,Unwind@00934608,8,0,1,70
00934610,Unwind@00934610,11,0,1,70
0093461b,Unwind@0093461b,11,0,1,70
00934626,Unwind@00934626,11,0,1,70
00934631,Unwind@00934631,13,0,1,127
00934670,Unwind@00934670,13,0,1,127
0093467d,Unwind@0093467d,11,0,1,70
00934688,Unwind@00934688,8,0,1,70
00934690,Unwind@00934690,11,0,1,70
0093469b,Unwind@0093469b,11,0,1,70
009346a6,Unwind@009346a6,11,0,1,70
009346b1,Unwind@009346b1,13,0,1,127
009346f0,Unwind@009346f0,10,0,1,126
009346fa,Unwind@009346fa,8,0,1,70
00934702,Unwind@00934702,10,0,1,126
00934740,Unwind@00934740,11,0,1,70
00934780,Unwind@00934780,13,0,1,127
0093478d,Unwind@0093478d,11,0,1,70
00934798,Unwind@00934798,11,0,1,70
009347a3,Unwind@009347a3,11,0,1,70
009347ae,Unwind@009347ae,11,0,1,70
009347b9,Unwind@009347b9,13,0,1,127
00934800,Unwind@00934800,8,0,1,70
00934808,Unwind@00934808,10,0,1,126
00934812,Unwind@00934812,8,0,1,70
0093481a,Unwind@0093481a,10,0,1,126
00934824,Unwind@00934824,10,0,1,126
0093482e,Unwind@0093482e,11,0,1,70
00934839,Unwind@00934839,10,0,1,126
00934870,Unwind@00934870,10,0,1,126
0093487a,Unwind@0093487a,8,0,1,70
00934882,Unwind@00934882,10,0,1,126
009348b0,Unwind@009348b0,13,0,1,128
009348bd,Unwind@009348bd,11,0,1,70
009348c8,Unwind@009348c8,11,0,1,70
009348d3,Unwind@009348d3,13,0,1,128
009348e0,Unwind@009348e0,11,0,1,70
009348eb,Unwind@009348eb,13,0,1,128
009348f8,Unwind@009348f8,13,0,1,128
00934905,Unwind@00934905,11,0,1,70
00934910,Unwind@00934910,13,0,1,128
0093491d,Unwind@0093491d,13,0,1,128
00934960,Unwind@00934960,13,0,1,128
0093496d,Unwind@0093496d,11,0,1,70
00934978,Unwind@00934978,11,0,1,70
00934983,Unwind@00934983,13,0,1,128
00934990,Unwind@00934990,11,0,1,70
0093499b,Unwind@0093499b,13,0,1,128
009349a8,Unwind@009349a8,13,0,1,128
009349b5,Unwind@009349b5,11,0,1,70
009349c0,Unwind@009349c0,13,0,1,128
009349cd,Unwind@009349cd,13,0,1,128
00934a10,Unwind@00934a10,13,0,1,128
00934a1d,Unwind@00934a1d,11,0,1,70
00934a28,Unwind@00934a28,11,0,1,70
00934a33,Unwind@00934a33,13,0,1,128
00934a40,Unwind@00934a40,11,0,1,70
00934a4b,Unwind@00934a4b,13,0,1,128
00934a58,Unwind@00934a58,13,0,1,128
00934a65,Unwind@00934a65,11,0,1,70
00934a70,Unwind@00934a70,13,0,1,128
00934a7d,Unwind@00934a7d,13,0,1,128
00934ac0,Unwind@00934ac0,13,0,1,127
00934acd,Unwind@00934acd,11,0,1,70
00934ad8,Unwind@00934ad8,8,0,1,70
00934ae0,Unwind@00934ae0,11,0,1,70
00934aeb,Unwind@00934aeb,11,0,1,70
00934af6,Unwind@00934af6,13,0,1,127
00934b40,Unwind@00934b40,8,0,1,70
00934b80,Unwind@00934b80,11,0,1,70
00934b8b,Unwind@00934b8b,8,0,1,70
00934b93,Unwind@00934b93,11,0,1,70
00934b9e,Unwind@00934b9e,11,0,1,70
00934be0,Unwind@00934be0,11,0,1,70
00934c20,Unwind@00934c20,8,0,1,70
00934c60,Unwind@00934c60,13,0,1,127
00934c6d,Unwind@00934c6d,11,0,1,70
00934c78,Unwind@00934c78,8,0,1,70
00934c80,Unwind@00934c80,11,0,1,70
00934c8b,Unwind@00934c8b,11,0,1,70
00934c96,Unwind@00934c96,13,0,1,127
00934ce0,Unwind@00934ce0,11,0,1,70
00934d20,Unwind@00934d20,8,0,1,70
00934d60,Unwind@00934d60,10,0,1,125
00934da0,Unwind@00934da0,11,0,1,70
00934de0,Unwind@00934de0,11,0,1,70
00934deb,Unwind@00934deb,11,0,1,70
00934df6,Unwind@00934df6,11,0,1,70
00934e01,Unwind@00934e01,18,0,1,133
00934e13,Unwind@00934e13,18,0,1,133
00934e25,Unwind@00934e25,21,0,1,134
00934e3a,Unwind@00934e3a,21,0,1,134
00934e4f,Unwind@00934e4f,21,0,1,134
00934e64,Unwind@00934e64,18,0,1,133
00934e76,Unwind@00934e76,21,0,1,133
00934e8b,Unwind@00934e8b,21,0,1,134
00934ea0,Unwind@00934ea0,25,0,1,160
00934eb9,Unwind@00934eb9,11,0,1,70
00934ec4,Unwind@00934ec4,11,0,1,70
00934ecf,Unwind@00934ecf,11,0,1,70
00934eda,Unwind@00934eda,11,0,1,70
00934ee5,Unwind@00934ee5,11,0,1,70
00934ef0,Unwind@00934ef0,11,0,1,70
00934efb,Unwind@00934efb,11,0,1,70
00934f06,Unwind@00934f06,11,0,1,70
00934f11,Unwind@00934f11,11,0,1,70
00934f1c,Unwind@00934f1c,11,0,1,70
00934f27,Unwind@00934f27,11,0,1,70
00934f32,Unwind@00934f32,11,0,1,70
00934f3d,Unwind@00934f3d,11,0,1,70
00934f48,Unwind@00934f48,11,0,1,70
00934f53,Unwind@00934f53,11,0,1,70
00934f5e,Unwind@00934f5e,11,0,1,70
00934fa0,Unwind@00934fa0,8,0,1,70
00934fa8,Unwind@00934fa8,14,0,1,217
00934fb6,Unwind@00934fb6,14,0,1,217
00934fc4,Unwind@00934fc4,14,0,1,217
00934fd2,Unwind@00934fd2,14,0,1,217
00934fe0,Unwind@00934fe0,14,0,1,217
00934fee,Unwind@00934fee,14,0,1,70
00934ffc,Unwind@00934ffc,14,0,1,70
0093500a,Unwind@0093500a,14,0,1,217
00935018,Unwind@00935018,14,0,1,70
00935026,Unwind@00935026,14,0,1,217
00935034,Unwind@00935034,14,0,1,70
00935042,Unwind@00935042,14,0,1,217
00935050,Unwind@00935050,14,0,1,217
0093505e,Unwind@0093505e,14,0,1,217
0093506c,Unwind@0093506c,14,0,1,217
0093507a,Unwind@0093507a,14,0,1,70
00935088,Unwind@00935088,14,0,1,217
00935096,Unwind@00935096,14,0,1,217
009350a4,Unwind@009350a4,14,0,1,217
009350b2,Unwind@009350b2,14,0,1,217
009350c0,Unwind@009350c0,14,0,1,217
009350ce,Unwind@009350ce,14,0,1,217
009350dc,Unwind@009350dc,14,0,1,70
00935110,Unwind@00935110,8,0,1,70
00935118,Unwind@00935118,8,0,1,70
00935120,Unwind@00935120,8,0,1,70
00935128,Unwind@00935128,8,0,1,70
00935160,Unwind@00935160,8,0,1,70
00935168,Unwind@00935168,24,0,1,172
00935180,Unwind@00935180,14,0,1,216
0093518e,Unwind@0093518e,14,0,1,217
0093519c,Unwind@0093519c,14,0,1,217
009351aa,Unwind@009351aa,14,0,1,217
009351b8,Unwind@009351b8,14,0,1,217
009351c6,Unwind@009351c6,14,0,1,217
009351d4,Unwind@009351d4,14,0,1,217
009351e2,Unwind@009351e2,14,0,1,70
009351f0,Unwind@009351f0,14,0,1,217
009351fe,Unwind@009351fe,14,0,1,217
0093520c,Unwind@0093520c,14,0,1,217
0093521a,Unwind@0093521a,14,0,1,70
00935228,Unwind@00935228,14,0,1,70
00935236,Unwind@00935236,14,0,1,217
00935244,Unwind@00935244,14,0,1,217
00935252,Unwind@00935252,14,0,1,70
00935260,Unwind@00935260,14,0,1,217
0093526e,Unwind@0093526e,14,0,1,217
0093527c,Unwind@0093527c,14,0,1,70
0093528a,Unwind@0093528a,14,0,1,217
00935298,Unwind@00935298,14,0,1,217
009352a6,Unwind@009352a6,14,0,1,217
009352b4,Unwind@009352b4,14,0,1,70
009352c2,Unwind@009352c2,14,0,1,217
009352d0,Unwind@009352d0,14,0,1,217
009352de,Unwind@009352de,14,0,1,217
009352ec,Unwind@009352ec,14,0,1,217
009352fa,Unwind@009352fa,14,0,1,216
00935308,Unwind@00935308,14,0,1,217
00935316,Unwind@00935316,14,0,1,217
00935324,Unwind@00935324,14,0,1,217
00935332,Unwind@00935332,14,0,1,217
00935340,Unwind@00935340,14,0,1,217
0093534e,Unwind@0093534e,14,0,1,217
0093535c,Unwind@0093535c,14,0,1,217
0093536a,Unwind@0093536a,14,0,1,70
00935378,Unwind@00935378,14,0,1,217
00935386,Unwind@00935386,14,0,1,218
00935394,Unwind@00935394,14,0,1,70
009353a2,Unwind@009353a2,14,0,1,70
009353b0,Unwind@009353b0,14,0,1,70
009353be,Unwind@009353be,14,0,1,70
009353cc,Unwind@009353cc,14,0,1,218
009353da,Unwind@009353da,14,0,1,218
00935410,Unwind@00935410,8,0,1,70
00935418,Unwind@00935418,8,0,1,70
00935420,Unwind@00935420,8,0,1,70
00935428,Unwind@00935428,8,0,1,70
00935430,Unwind@00935430,8,0,1,70
00935438,Unwind@00935438,8,0,1,70
00935440,Unwind@00935440,8,0,1,70
00935448,Unwind@00935448,8,0,1,70
00935450,Unwind@00935450,8,0,1,70
00935458,Unwind@00935458,8,0,1,70
00935460,Unwind@00935460,11,0,1,70
0093546b,Unwind@0093546b,11,0,1,70
009354a0,Unwind@009354a0,8,0,1,70
009354d0,Unwind@009354d0,11,0,1,70
00935510,Unwind@00935510,11,0,1,70
00935550,Unwind@00935550,8,0,1,70
00935558,Unwind@00935558,14,0,1,70
00935566,Unwind@00935566,14,0,1,70
00935574,Unwind@00935574,14,0,1,70
00935582,Unwind@00935582,14,0,1,70
00935590,Unwind@00935590,14,0,1,70
0093559e,Unwind@0093559e,14,0,1,70
009355ac,Unwind@009355ac,14,0,1,217
009355e0,Unwind@009355e0,11,0,1,70
00935610,Unwind@00935610,8,0,1,70
00935618,Unwind@00935618,14,0,1,216
00935626,Unwind@00935626,14,0,1,217
00935634,Unwind@00935634,14,0,1,217
00935642,Unwind@00935642,14,0,1,70
00935650,Unwind@00935650,14,0,1,70
0093565e,Unwind@0093565e,14,0,1,70
0093566c,Unwind@0093566c,14,0,1,217
0093567a,Unwind@0093567a,14,0,1,70
009356b0,Unwind@009356b0,8,0,1,70
009356b8,Unwind@009356b8,14,0,1,216
009356c6,Unwind@009356c6,14,0,1,217
009356d4,Unwind@009356d4,14,0,1,217
009356e2,Unwind@009356e2,14,0,1,217
009356f0,Unwind@009356f0,14,0,1,217
009356fe,Unwind@009356fe,14,0,1,217
0093570c,Unwind@0093570c,14,0,1,216
0093571a,Unwind@0093571a,14,0,1,217
00935728,Unwind@00935728,14,0,1,217
00935736,Unwind@00935736,14,0,1,217
00935744,Unwind@00935744,14,0,1,217
00935752,Unwind@00935752,14,0,1,70
00935760,Unwind@00935760,14,0,1,70
0093576e,Unwind@0093576e,14,0,1,70
0093577c,Unwind@0093577c,14,0,1,70
0093578a,Unwind@0093578a,14,0,1,70
00935798,Unwind@00935798,14,0,1,70
009357a6,Unwind@009357a6,14,0,1,217
009357b4,Unwind@009357b4,14,0,1,217
009357f0,Unwind@009357f0,11,0,1,70
00935820,Unwind@00935820,8,0,1,70
00935828,Unwind@00935828,14,0,1,217
00935836,Unwind@00935836,14,0,1,215
00935844,Unwind@00935844,14,0,1,217
00935852,Unwind@00935852,14,0,1,217
00935860,Unwind@00935860,14,0,1,217
0093586e,Unwind@0093586e,14,0,1,217
0093587c,Unwind@0093587c,14,0,1,217
0093588a,Unwind@0093588a,14,0,1,217
00935898,Unwind@00935898,14,0,1,70
009358d0,Unwind@009358d0,11,0,1,70
009358db,Unwind@009358db,11,0,1,70
009358e6,Unwind@009358e6,11,0,1,70
009358f1,Unwind@009358f1,11,0,1,70
00935930,Unwind@00935930,8,0,1,70
00935938,Unwind@00935938,14,0,1,70
00935946,Unwind@00935946,14,0,1,70
00935954,Unwind@00935954,14,0,1,70
00935962,Unwind@00935962,14,0,1,70
00935970,Unwind@00935970,14,0,1,70
0093597e,Unwind@0093597e,14,0,1,70
009359b0,Unwind@009359b0,8,0,1,70
009359b8,Unwind@009359b8,11,0,1,70
009359c3,Unwind@009359c3,14,0,1,70
009359d1,Unwind@009359d1,14,0,1,70
009359df,Unwind@009359df,14,0,1,70
009359ed,Unwind@009359ed,14,0,1,70
009359fb,Unwind@009359fb,14,0,1,70
00935a30,Unwind@00935a30,11,0,1,70
00935a3b,Unwind@00935a3b,11,0,1,70
00935a46,Unwind@00935a46,11,0,1,70
00935a51,Unwind@00935a51,11,0,1,70
00935a5c,Unwind@00935a5c,11,0,1,70
00935a67,Unwind@00935a67,11,0,1,70
00935a72,Unwind@00935a72,11,0,1,70
00935a7d,Unwind@00935a7d,11,0,1,70
00935a88,Unwind@00935a88,11,0,1,70
00935a93,Unwind@00935a93,11,0,1,70
00935a9e,Unwind@00935a9e,11,0,1,70
00935ae0,Unwind@00935ae0,8,0,1,70
00935ae8,Unwind@00935ae8,11,0,1,70
00935af3,Unwind@00935af3,11,0,1,70
00935afe,Unwind@00935afe,11,0,1,70
00935b09,Unwind@00935b09,11,0,1,70
00935b14,Unwind@00935b14,11,0,1,70
00935b1f,Unwind@00935b1f,11,0,1,70
00935b2a,Unwind@00935b2a,11,0,1,70
00935b35,Unwind@00935b35,11,0,1,70
00935b40,Unwind@00935b40,11,0,1,70
00935b4b,Unwind@00935b4b,11,0,1,70
00935b56,Unwind@00935b56,11,0,1,70
00935b61,Unwind@00935b61,11,0,1,70
00935b6c,Unwind@00935b6c,11,0,1,70
00935b77,Unwind@00935b77,11,0,1,70
00935b82,Unwind@00935b82,11,0,1,70
00935b8d,Unwind@00935b8d,11,0,1,70
00935bd0,Unwind@00935bd0,11,0,1,70
00935bdb,Unwind@00935bdb,11,0,1,70
00935be6,Unwind@00935be6,11,0,1,70
00935c20,Unwind@00935c20,11,0,1,70
00935c2b,Unwind@00935c2b,11,0,1,70
00935c36,Unwind@00935c36,11,0,1,70
00935c41,Unwind@00935c41,11,0,1,70
00935c4c,Unwind@00935c4c,11,0,1,70
00935c90,Unwind@00935c90,11,0,1,70
00935c9b,Unwind@00935c9b,11,0,1,70
00935ca6,Unwind@00935ca6,11,0,1,70
00935cb1,Unwind@00935cb1,11,0,1,70
00935cbc,Unwind@00935cbc,11,0,1,70
00935cc7,Unwind@00935cc7,11,0,1,70
00935cd2,Unwind@00935cd2,11,0,1,70
00935cdd,Unwind@00935cdd,11,0,1,70
00935d20,Unwind@00935d20,11,0,1,70
00935d2b,Unwind@00935d2b,11,0,1,70
00935d36,Unwind@00935d36,11,0,1,70
00935d41,Unwind@00935d41,11,0,1,70
00935d4c,Unwind@00935d4c,11,0,1,70
00935d90,Unwind@00935d90,8,0,1,70
00935d98,Unwind@00935d98,8,0,1,70
00935dd0,Unwind@00935dd0,11,0,1,70
00935ddb,Unwind@00935ddb,8,0,1,70
00935e20,Unwind@00935e20,8,0,1,70
00935e50,Unwind@00935e50,11,0,1,70
00935e5b,Unwind@00935e5b,11,0,1,70
00935ea0,Unwind@00935ea0,11,0,1,70
00935eab,Unwind@00935eab,11,0,1,70
00935ef0,Unwind@00935ef0,8,0,1,70
00935ef8,Unwind@00935ef8,14,0,1,70
00935f06,Unwind@00935f06,14,0,1,70
00935f14,Unwind@00935f14,14,0,1,216
00935f22,Unwind@00935f22,14,0,1,217
00935f30,Unwind@00935f30,14,0,1,217
00935f3e,Unwind@00935f3e,14,0,1,217
00935f4c,Unwind@00935f4c,14,0,1,217
00935f5a,Unwind@00935f5a,14,0,1,217
00935f68,Unwind@00935f68,14,0,1,216
00935f76,Unwind@00935f76,14,0,1,217
00935f84,Unwind@00935f84,14,0,1,217
00935f92,Unwind@00935f92,14,0,1,217
00935fa0,Unwind@00935fa0,14,0,1,217
00935fae,Unwind@00935fae,14,0,1,217
00935fbc,Unwind@00935fbc,14,0,1,217
00935fca,Unwind@00935fca,14,0,1,217
00935fd8,Unwind@00935fd8,14,0,1,217
00935fe6,Unwind@00935fe6,14,0,1,217
00935ff4,Unwind@00935ff4,14,0,1,217
00936002,Unwind@00936002,14,0,1,217
00936010,Unwind@00936010,14,0,1,217
0093601e,Unwind@0093601e,14,0,1,217
0093602c,Unwind@0093602c,14,0,1,217
0093603a,Unwind@0093603a,14,0,1,217
00936048,Unwind@00936048,14,0,1,217
00936056,Unwind@00936056,14,0,1,217
00936064,Unwind@00936064,14,0,1,217
00936072,Unwind@00936072,14,0,1,217
00936080,Unwind@00936080,14,0,1,217
0093608e,Unwind@0093608e,14,0,1,217
0093609c,Unwind@0093609c,14,0,1,217
009360aa,Unwind@009360aa,14,0,1,217
009360b8,Unwind@009360b8,14,0,1,217
009360c6,Unwind@009360c6,14,0,1,218
009360d4,Unwind@009360d4,14,0,1,218
009360e2,Unwind@009360e2,14,0,1,218
009360f0,Unwind@009360f0,14,0,1,218
009360fe,Unwind@009360fe,14,0,1,218
0093610c,Unwind@0093610c,14,0,1,218
0093611a,Unwind@0093611a,14,0,1,218
00936128,Unwind@00936128,14,0,1,218
00936136,Unwind@00936136,14,0,1,218
00936144,Unwind@00936144,14,0,1,218
00936152,Unwind@00936152,14,0,1,218
00936160,Unwind@00936160,14,0,1,218
0093616e,Unwind@0093616e,14,0,1,218
0093617c,Unwind@0093617c,10,0,1,126
009361b0,Unwind@009361b0,11,0,1,70
009361e0,Unwind@009361e0,11,0,1,70
00936210,Unwind@00936210,11,0,1,70
00936240,Unwind@00936240,11,0,1,70
0093624b,Unwind@0093624b,11,0,1,70
00936290,Unwind@00936290,8,0,1,70
00936298,Unwind@00936298,11,0,1,70
00936300,Unwind@00936300,8,0,1,70
00936330,Unwind@00936330,11,0,1,70
00936370,Unwind@00936370,11,0,1,70
0093637b,Unwind@0093637b,11,0,1,70
00936386,Unwind@00936386,11,0,1,70
00936391,Unwind@00936391,11,0,1,70
0093639c,Unwind@0093639c,11,0,1,70
009363a7,Unwind@009363a7,11,0,1,70
009363b2,Unwind@009363b2,11,0,1,70
009363bd,Unwind@009363bd,11,0,1,70
009363c8,Unwind@009363c8,11,0,1,70
00936410,Unwind@00936410,11,0,1,70
0093641b,Unwind@0093641b,17,0,1,70
0093642c,Unwind@0093642c,11,0,1,70
00936437,Unwind@00936437,11,0,1,70
00936480,Unwind@00936480,11,0,1,70
0093648b,Unwind@0093648b,11,0,1,70
00936496,Unwind@00936496,11,0,1,70
009364a1,Unwind@009364a1,11,0,1,70
009364ac,Unwind@009364ac,11,0,1,70
009364b7,Unwind@009364b7,11,0,1,70
00936500,Unwind@00936500,11,0,1,70
0093650b,Unwind@0093650b,11,0,1,70
00936516,Unwind@00936516,11,0,1,70
00936521,Unwind@00936521,11,0,1,70
0093652c,Unwind@0093652c,25,0,1,159
00936545,Unwind@00936545,11,0,1,70
00936550,Unwind@00936550,11,0,1,70
0093655b,Unwind@0093655b,11,0,1,70
00936566,Unwind@00936566,11,0,1,70
00936571,Unwind@00936571,13,0,1,128
009365b0,Unwind@009365b0,11,0,1,70
009365bb,Unwind@009365bb,11,0,1,70
009365c6,Unwind@009365c6,11,0,1,70
00936600,Unwind@00936600,11,0,1,70
0093660b,Unwind@0093660b,11,0,1,70
00936616,Unwind@00936616,11,0,1,70
00936621,Unwind@00936621,11,0,1,70
0093662c,Unwind@0093662c,11,0,1,70
00936637,Unwind@00936637,11,0,1,70
00936642,Unwind@00936642,8,0,1,70
0093664a,Unwind@0093664a,13,0,1,128
00936657,Unwind@00936657,11,0,1,70
00936662,Unwind@00936662,11,0,1,70
0093666d,Unwind@0093666d,11,0,1,70
009366b0,Unwind@009366b0,8,0,1,70
009366e0,Unwind@009366e0,11,0,1,70
009366eb,Unwind@009366eb,11,0,1,70
00936730,Unwind@00936730,11,0,1,70
0093673b,Unwind@0093673b,11,0,1,70
00936746,Unwind@00936746,11,0,1,70
00936751,Unwind@00936751,13,0,1,128
0093675e,Unwind@0093675e,13,0,1,128
0093676b,Unwind@0093676b,13,0,1,128
00936778,Unwind@00936778,13,0,1,128
009367c0,Unwind@009367c0,11,0,1,70
00936800,Unwind@00936800,11,0,1,70
0093680b,Unwind@0093680b,11,0,1,70
00936850,Unwind@00936850,11,0,1,70
0093685b,Unwind@0093685b,11,0,1,70
00936866,Unwind@00936866,11,0,1,70
009368a0,Unwind@009368a0,11,0,1,70
009368ab,Unwind@009368ab,11,0,1,70
009368b6,Unwind@009368b6,11,0,1,70
009368c1,Unwind@009368c1,11,0,1,70
009368cc,Unwind@009368cc,11,0,1,70
009368d7,Unwind@009368d7,11,0,1,70
009368e2,Unwind@009368e2,11,0,1,70
009368ed,Unwind@009368ed,11,0,1,70
009368f8,Unwind@009368f8,13,0,1,128
00936940,Unwind@00936940,11,0,1,70
0093694b,Unwind@0093694b,11,0,1,70
00936956,Unwind@00936956,11,0,1,70
00936961,Unwind@00936961,11,0,1,70
0093696c,Unwind@0093696c,11,0,1,70
00936977,Unwind@00936977,11,0,1,70
00936982,Unwind@00936982,11,0,1,70
0093698d,Unwind@0093698d,11,0,1,70
00936998,Unwind@00936998,11,0,1,70
009369e0,Unwind@009369e0,11,0,1,70
009369eb,Unwind@009369eb,11,0,1,70
009369f6,Unwind@009369f6,8,0,1,70
00936a30,Unwind@00936a30,11,0,1,70
00936a3b,Unwind@00936a3b,11,0,1,70
00936a46,Unwind@00936a46,11,0,1,70
00936a51,Unwind@00936a51,11,0,1,70
00936a5c,Unwind@00936a5c,11,0,1,70
00936aa0,Unwind@00936aa0,11,0,1,70
00936aab,Unwind@00936aab,11,0,1,70
00936ab6,Unwind@00936ab6,11,0,1,70
00936ac1,Unwind@00936ac1,11,0,1,70
00936acc,Unwind@00936acc,11,0,1,70
00936ad7,Unwind@00936ad7,11,0,1,70
00936ae2,Unwind@00936ae2,13,0,1,128
00936b20,Unwind@00936b20,11,0,1,70
00936b2b,Unwind@00936b2b,11,0,1,70
00936b36,Unwind@00936b36,11,0,1,70
00936b41,Unwind@00936b41,11,0,1,70
00936b4c,Unwind@00936b4c,13,0,1,128
00936b90,Unwind@00936b90,11,0,1,70
00936b9b,Unwind@00936b9b,13,0,1,126
00936ba8,Unwind@00936ba8,13,0,1,126
00936bf0,Unwind@00936bf0,11,0,1,70
00936bfb,Unwind@00936bfb,8,0,1,70
00936c40,Unwind@00936c40,11,0,1,70
00936c4b,Unwind@00936c4b,11,0,1,70
00936c56,Unwind@00936c56,11,0,1,70
00936c90,Unwind@00936c90,11,0,1,70
00936c9b,Unwind@00936c9b,11,0,1,70
00936ca6,Unwind@00936ca6,11,0,1,70
00936cb1,Unwind@00936cb1,11,0,1,70
00936cf0,Unwind@00936cf0,11,0,1,70
00936cfb,Unwind@00936cfb,13,0,1,126
00936d08,Unwind@00936d08,13,0,1,126
00936d15,Unwind@00936d15,13,0,1,126
00936d22,Unwind@00936d22,13,0,1,126
00936d60,Unwind@00936d60,10,0,1,126
00936d90,Unwind@00936d90,11,0,1,70
00936d9b,Unwind@00936d9b,11,0,1,70
00936da6,Unwind@00936da6,11,0,1,70
00936db1,Unwind@00936db1,11,0,1,70
00936df0,Unwind@00936df0,11,0,1,70
00936dfb,Unwind@00936dfb,30,0,1,198
00936e19,Unwind@00936e19,30,0,1,198
00936e37,Unwind@00936e37,17,0,1,70
00936e48,Unwind@00936e48,17,0,1,70
00936e59,Unwind@00936e59,17,0,1,70
00936e6a,Unwind@00936e6a,17,0,1,70
00936e7b,Unwind@00936e7b,17,0,1,70
00936e8c,Unwind@00936e8c,17,0,1,70
00936e9d,Unwind@00936e9d,11,0,1,70
00936ea8,Unwind@00936ea8,11,0,1,70
00936eb3,Unwind@00936eb3,11,0,1,70
00936ef0,Unwind@00936ef0,11,0,1,70
00936efb,Unwind@00936efb,11,0,1,70
00936f40,Unwind@00936f40,11,0,1,70
00936f4b,Unwind@00936f4b,11,0,1,70
00936f90,Unwind@00936f90,8,0,1,70
00936fc0,Unwind@00936fc0,11,0,1,70
00936fcb,Unwind@00936fcb,11,0,1,70
00937010,Unwind@00937010,11,0,1,70
0093701b,Unwind@0093701b,11,0,1,70
00937060,Unwind@00937060,11,0,1,70
0093706b,Unwind@0093706b,11,0,1,70
009370b0,Unwind@009370b0,11,0,1,70
009370bb,Unwind@009370bb,11,0,1,70
00937100,Unwind@00937100,11,0,1,70
0093710b,Unwind@0093710b,11,0,1,70
00937150,Unwind@00937150,11,0,1,70
0093715b,Unwind@0093715b,11,0,1,70
00937166,Unwind@00937166,11,0,1,70
00937171,Unwind@00937171,11,0,1,70
009371b0,Unwind@009371b0,11,0,1,70
009371f0,Unwind@009371f0,11,0,1,70
009371fb,Unwind@009371fb,11,0,1,70
00937206,Unwind@00937206,11,0,1,70
00937240,Unwind@00937240,11,0,1,70
0093724b,Unwind@0093724b,11,0,1,70
00937256,Unwind@00937256,11,0,1,70
00937261,Unwind@00937261,13,0,1,128
0093726e,Unwind@0093726e,13,0,1,128
0093727b,Unwind@0093727b,13,0,1,128
00937288,Unwind@00937288,13,0,1,128
00937295,Unwind@00937295,13,0,1,128
009372a2,Unwind@009372a2,13,0,1,128
009372af,Unwind@009372af,13,0,1,128
009372bc,Unwind@009372bc,13,0,1,128
009372c9,Unwind@009372c9,13,0,1,128
009372d6,Unwind@009372d6,13,0,1,128
009372e3,Unwind@009372e3,13,0,1,128
009372f0,Unwind@009372f0,13,0,1,128
009372fd,Unwind@009372fd,13,0,1,128
0093730a,Unwind@0093730a,13,0,1,128
00937317,Unwind@00937317,13,0,1,128
00937324,Unwind@00937324,13,0,1,128
00937331,Unwind@00937331,13,0,1,128
0093733e,Unwind@0093733e,13,0,1,128
0093734b,Unwind@0093734b,13,0,1,128
00937358,Unwind@00937358,13,0,1,128
00937365,Unwind@00937365,13,0,1,128
00937372,Unwind@00937372,13,0,1,128
0093737f,Unwind@0093737f,13,0,1,128
0093738c,Unwind@0093738c,13,0,1,128
00937399,Unwind@00937399,13,0,1,128
009373a6,Unwind@009373a6,13,0,1,128
009373b3,Unwind@009373b3,13,0,1,128
009373c0,Unwind@009373c0,13,0,1,128
009373cd,Unwind@009373cd,13,0,1,128
009373da,Unwind@009373da,13,0,1,128
009373e7,Unwind@009373e7,13,0,1,128
009373f4,Unwind@009373f4,13,0,1,128
00937401,Unwind@00937401,13,0,1,128
0093740e,Unwind@0093740e,13,0,1,127
0093741b,Unwind@0093741b,13,0,1,128
00937428,Unwind@00937428,13,0,1,128
00937435,Unwind@00937435,11,0,1,70
00937440,Unwind@00937440,13,0,1,128
0093744d,Unwind@0093744d,13,0,1,128
0093745a,Unwind@0093745a,13,0,1,128
00937467,Unwind@00937467,13,0,1,128
00937474,Unwind@00937474,13,0,1,128
00937481,Unwind@00937481,13,0,1,128
0093748e,Unwind@0093748e,13,0,1,128
0093749b,Unwind@0093749b,13,0,1,128
009374a8,Unwind@009374a8,13,0,1,128
009374b5,Unwind@009374b5,13,0,1,128
009374c2,Unwind@009374c2,13,0,1,128
009374cf,Unwind@009374cf,13,0,1,128
009374dc,Unwind@009374dc,13,0,1,128
009374e9,Unwind@009374e9,13,0,1,128
009374f6,Unwind@009374f6,13,0,1,128
00937503,Unwind@00937503,13,0,1,128
00937510,Unwind@00937510,13,0,1,128
0093751d,Unwind@0093751d,13,0,1,128
0093752a,Unwind@0093752a,13,0,1,128
00937537,Unwind@00937537,13,0,1,128
00937580,Unwind@00937580,8,0,1,70
00937588,Unwind@00937588,8,0,1,70
009375c0,Unwind@009375c0,11,0,1,70
009375cb,Unwind@009375cb,11,0,1,70
009375d6,Unwind@009375d6,11,0,1,70
00937610,Unwind@00937610,8,0,1,70
00937640,Unwind@00937640,10,0,1,126
0093764a,Unwind@0093764a,10,0,1,126
00937654,Unwind@00937654,10,0,1,126
0093765e,Unwind@0093765e,10,0,1,126
00937690,Unwind@00937690,11,0,1,70
0093769b,Unwind@0093769b,11,0,1,70
009376e0,Unwind@009376e0,11,0,1,70
009376eb,Unwind@009376eb,11,0,1,70
00937730,Unwind@00937730,11,0,1,70
0093773b,Unwind@0093773b,11,0,1,70
00937780,Unwind@00937780,11,0,1,70
0093778b,Unwind@0093778b,11,0,1,70
00937796,Unwind@00937796,11,0,1,70
009377a1,Unwind@009377a1,11,0,1,70
009377ac,Unwind@009377ac,11,0,1,70
009377b7,Unwind@009377b7,11,0,1,70
009377c2,Unwind@009377c2,11,0,1,70
00937800,Unwind@00937800,11,0,1,70
0093780b,Unwind@0093780b,17,0,1,70
0093781c,Unwind@0093781c,11,0,1,70
00937827,Unwind@00937827,11,0,1,70
009378a0,Unwind@009378a0,11,0,1,70
009378ab,Unwind@009378ab,11,0,1,70
009378f0,Unwind@009378f0,11,0,1,70
009378fb,Unwind@009378fb,11,0,1,70
00937940,Unwind@00937940,11,0,1,70
0093794b,Unwind@0093794b,11,0,1,70
00937956,Unwind@00937956,11,0,1,70
00937961,Unwind@00937961,11,0,1,70
0093796c,Unwind@0093796c,11,0,1,70
009379b0,Unwind@009379b0,11,0,1,70
009379bb,Unwind@009379bb,11,0,1,70
00937a00,Unwind@00937a00,11,0,1,70
00937a0b,Unwind@00937a0b,11,0,1,70
00937a50,Unwind@00937a50,8,0,1,70
00937a80,Unwind@00937a80,11,0,1,70
00937a8b,Unwind@00937a8b,11,0,1,70
00937ad0,Unwind@00937ad0,11,0,1,70
00937adb,Unwind@00937adb,11,0,1,70
00937ae6,Unwind@00937ae6,11,0,1,70
00937b20,Unwind@00937b20,11,0,1,70
00937b2b,Unwind@00937b2b,11,0,1,70
00937b36,Unwind@00937b36,11,0,1,70
00937b41,Unwind@00937b41,11,0,1,70
00937b80,Unwind@00937b80,11,0,1,70
00937b8b,Unwind@00937b8b,11,0,1,70
00937b96,Unwind@00937b96,11,0,1,70
00937ba1,Unwind@00937ba1,11,0,1,70
00937bac,Unwind@00937bac,11,0,1,70
00937bb7,Unwind@00937bb7,11,0,1,70
00937bc2,Unwind@00937bc2,11,0,1,70
00937bcd,Unwind@00937bcd,11,0,1,70
00937bd8,Unwind@00937bd8,11,0,1,70
00937be3,Unwind@00937be3,11,0,1,70
00937c20,Unwind@00937c20,11,0,1,70
00937c2b,Unwind@00937c2b,11,0,1,70
00937c36,Unwind@00937c36,11,0,1,70
00937c41,Unwind@00937c41,11,0,1,70
00937c4c,Unwind@00937c4c,11,0,1,70
00937c90,Unwind@00937c90,11,0,1,70
00937c9b,Unwind@00937c9b,17,0,1,70
00937cac,Unwind@00937cac,18,0,1,133
00937cbe,Unwind@00937cbe,11,0,1,70
00937cc9,Unwind@00937cc9,11,0,1,70
00937d10,Unwind@00937d10,11,0,1,70
00937d1b,Unwind@00937d1b,11,0,1,70
00937d26,Unwind@00937d26,8,0,1,70
00937d60,Unwind@00937d60,11,0,1,70
00937d6b,Unwind@00937d6b,11,0,1,70
00937db0,Unwind@00937db0,11,0,1,70
00937dbb,Unwind@00937dbb,11,0,1,70
00937e00,Unwind@00937e00,11,0,1,70
00937e0b,Unwind@00937e0b,11,0,1,70
00937e50,Unwind@00937e50,11,0,1,70
00937e5b,Unwind@00937e5b,11,0,1,70
00937e66,Unwind@00937e66,11,0,1,70
00937e71,Unwind@00937e71,11,0,1,70
00937eb0,Unwind@00937eb0,11,0,1,70
00937ebb,Unwind@00937ebb,11,0,1,70
00937f00,Unwind@00937f00,11,0,1,70
00937f0b,Unwind@00937f0b,11,0,1,70
00937f50,Unwind@00937f50,11,0,1,70
00937f5b,Unwind@00937f5b,17,0,1,70
00937f6c,Unwind@00937f6c,17,0,1,70
00937f7d,Unwind@00937f7d,17,0,1,70
00937f8e,Unwind@00937f8e,17,0,1,70
00937f9f,Unwind@00937f9f,17,0,1,70
00937fb0,Unwind@00937fb0,11,0,1,70
00937fbb,Unwind@00937fbb,11,0,1,70
00938000,Unwind@00938000,11,0,1,70
0093800b,Unwind@0093800b,11,0,1,70
00938016,Unwind@00938016,11,0,1,70
00938050,Unwind@00938050,11,0,1,70
0093805b,Unwind@0093805b,11,0,1,70
00938066,Unwind@00938066,11,0,1,70
009380a0,Unwind@009380a0,11,0,1,70
009380ab,Unwind@009380ab,11,0,1,70
009380f0,Unwind@009380f0,11,0,1,70
009380fb,Unwind@009380fb,11,0,1,70
00938140,Unwind@00938140,11,0,1,70
00938180,Unwind@00938180,11,0,1,70
0093818b,Unwind@0093818b,11,0,1,70
00938196,Unwind@00938196,11,0,1,70
009381d0,Unwind@009381d0,11,0,1,70
009381db,Unwind@009381db,11,0,1,70
00938220,Unwind@00938220,11,0,1,70
0093822b,Unwind@0093822b,11,0,1,70
00938236,Unwind@00938236,11,0,1,70
00938241,Unwind@00938241,11,0,1,70
00938280,Unwind@00938280,11,0,1,70
0093828b,Unwind@0093828b,11,0,1,70
00938296,Unwind@00938296,11,0,1,70
009382d0,Unwind@009382d0,11,0,1,70
009382db,Unwind@009382db,17,0,1,70
009382ec,Unwind@009382ec,17,0,1,70
009382fd,Unwind@009382fd,11,0,1,70
00938308,Unwind@00938308,11,0,1,70
00938350,Unwind@00938350,11,0,1,70
0093835b,Unwind@0093835b,11,0,1,70
00938366,Unwind@00938366,11,0,1,70
009383a0,Unwind@009383a0,11,0,1,70
009383ab,Unwind@009383ab,11,0,1,70
009383f0,Unwind@009383f0,11,0,1,70
00938430,Unwind@00938430,11,0,1,70
00938470,Unwind@00938470,8,0,1,70
009384a0,Unwind@009384a0,11,0,1,70
009384ab,Unwind@009384ab,11,0,1,70
009384f0,Unwind@009384f0,11,0,1,70
00938530,Unwind@00938530,11,0,1,70
00938570,Unwind@00938570,11,0,1,70
0093857b,Unwind@0093857b,11,0,1,70
00938586,Unwind@00938586,11,0,1,70
009385c0,Unwind@009385c0,11,0,1,70
00938600,Unwind@00938600,11,0,1,70
0093860b,Unwind@0093860b,11,0,1,70
00938650,Unwind@00938650,11,0,1,70
0093865b,Unwind@0093865b,11,0,1,70
00938666,Unwind@00938666,11,0,1,70
009386a0,Unwind@009386a0,11,0,1,70
009386ab,Unwind@009386ab,11,0,1,70
009386f0,Unwind@009386f0,11,0,1,70
009386fb,Unwind@009386fb,11,0,1,70
00938706,Unwind@00938706,8,0,1,70
0093870e,Unwind@0093870e,11,0,1,70
00938719,Unwind@00938719,11,0,1,70
00938724,Unwind@00938724,11,0,1,70
0093872f,Unwind@0093872f,11,0,1,70
0093873a,Unwind@0093873a,11,0,1,70
00938780,Unwind@00938780,11,0,1,70
0093878b,Unwind@0093878b,11,0,1,70
009387d0,Unwind@009387d0,11,0,1,70
009387db,Unwind@009387db,11,0,1,70
00938820,Unwind@00938820,8,0,1,70
00938828,Unwind@00938828,8,0,1,70
00938830,Unwind@00938830,8,0,1,70
00938838,Unwind@00938838,8,0,1,70
00938840,Unwind@00938840,8,0,1,70
00938870,Unwind@00938870,11,0,1,70
009388b0,Unwind@009388b0,11,0,1,70
009388bb,Unwind@009388bb,11,0,1,70
00938900,Unwind@00938900,11,0,1,70
00938930,Unwind@00938930,11,0,1,70
0093893b,Unwind@0093893b,11,0,1,70
00938980,Unwind@00938980,11,0,1,70
0093898b,Unwind@0093898b,11,0,1,70
009389d0,Unwind@009389d0,11,0,1,70
00938a10,Unwind@00938a10,11,0,1,70
00938a50,Unwind@00938a50,8,0,1,70
00938a80,Unwind@00938a80,11,0,1,70
00938a8b,Unwind@00938a8b,13,0,1,129
00938a98,Unwind@00938a98,11,0,1,70
00938aa3,Unwind@00938aa3,11,0,1,70
00938aae,Unwind@00938aae,11,0,1,70
00938af0,Unwind@00938af0,11,0,1,70
00938afb,Unwind@00938afb,11,0,1,70
00938b06,Unwind@00938b06,11,0,1,70
00938b11,Unwind@00938b11,11,0,1,70
00938b1c,Unwind@00938b1c,11,0,1,70
00938b60,Unwind@00938b60,11,0,1,70
00938b6b,Unwind@00938b6b,11,0,1,70
00938bb0,Unwind@00938bb0,11,0,1,70
00938bbb,Unwind@00938bbb,11,0,1,70
00938bc6,Unwind@00938bc6,11,0,1,70
00938bd1,Unwind@00938bd1,11,0,1,70
00938c10,Unwind@00938c10,11,0,1,70
00938c50,Unwind@00938c50,11,0,1,70
00938c90,Unwind@00938c90,11,0,1,70
00938c9b,Unwind@00938c9b,11,0,1,70
00938ce0,Unwind@00938ce0,11,0,1,70
00938d20,Unwind@00938d20,11,0,1,70
00938d60,Unwind@00938d60,11,0,1,70
00938d6b,Unwind@00938d6b,11,0,1,70
00938db0,Unwind@00938db0,11,0,1,70
00938df0,Unwind@00938df0,11,0,1,70
00938dfb,Unwind@00938dfb,11,0,1,70
00938e06,Unwind@00938e06,11,0,1,70
00938e40,Unwind@00938e40,11,0,1,70
00938e4b,Unwind@00938e4b,11,0,1,70
00938e90,Unwind@00938e90,11,0,1,70
00938e9b,Unwind@00938e9b,11,0,1,70
00938ea6,Unwind@00938ea6,11,0,1,70
00938ee0,Unwind@00938ee0,11,0,1,70
00938eeb,Unwind@00938eeb,11,0,1,70
00938ef6,Unwind@00938ef6,11,0,1,70
00938f30,Unwind@00938f30,11,0,1,70
00938f3b,Unwind@00938f3b,11,0,1,70
00938f80,Unwind@00938f80,11,0,1,70
00938f8b,Unwind@00938f8b,11,0,1,70
00938fd0,Unwind@00938fd0,11,0,1,70
00938fdb,Unwind@00938fdb,11,0,1,70
00939020,Unwind@00939020,11,0,1,70
0093902b,Unwind@0093902b,11,0,1,70
00939036,Unwind@00939036,11,0,1,70
00939070,Unwind@00939070,11,0,1,70
0093907b,Unwind@0093907b,11,0,1,70
00939086,Unwind@00939086,11,0,1,70
009390c0,Unwind@009390c0,11,0,1,70
009390cb,Unwind@009390cb,11,0,1,70
009390d6,Unwind@009390d6,11,0,1,70
009390e1,Unwind@009390e1,25,0,1,164
009390fa,Unwind@009390fa,11,0,1,70
00939105,Unwind@00939105,11,0,1,70
00939110,Unwind@00939110,11,0,1,70
0093911b,Unwind@0093911b,11,0,1,70
00939160,Unwind@00939160,11,0,1,70
009391a0,Unwind@009391a0,11,0,1,70
009391e0,Unwind@009391e0,11,0,1,70
009391eb,Unwind@009391eb,17,0,1,70
009391fc,Unwind@009391fc,17,0,1,70
0093920d,Unwind@0093920d,17,0,1,70
0093921e,Unwind@0093921e,17,0,1,70
0093922f,Unwind@0093922f,17,0,1,70
00939240,Unwind@00939240,27,0,1,192
0093925b,Unwind@0093925b,17,0,1,70
0093926c,Unwind@0093926c,17,0,1,70
0093927d,Unwind@0093927d,30,0,1,192
0093929b,Unwind@0093929b,30,0,1,193
009392b9,Unwind@009392b9,30,0,1,193
009392d7,Unwind@009392d7,17,0,1,70
009392e8,Unwind@009392e8,11,0,1,70
009392f3,Unwind@009392f3,11,0,1,70
009392fe,Unwind@009392fe,11,0,1,70
00939340,Unwind@00939340,11,0,1,70
0093934b,Unwind@0093934b,11,0,1,70
00939356,Unwind@00939356,11,0,1,70
00939361,Unwind@00939361,11,0,1,70
0093936c,Unwind@0093936c,11,0,1,70
009393b0,Unwind@009393b0,11,0,1,70
009393bb,Unwind@009393bb,11,0,1,70
009393c6,Unwind@009393c6,11,0,1,70
00939400,Unwind@00939400,11,0,1,70
0093940b,Unwind@0093940b,11,0,1,70
00939416,Unwind@00939416,11,0,1,70
00939450,Unwind@00939450,11,0,1,70
0093945b,Unwind@0093945b,11,0,1,70
009394a0,Unwind@009394a0,11,0,1,70
009394ab,Unwind@009394ab,11,0,1,70
009394b6,Unwind@009394b6,11,0,1,70
009394c1,Unwind@009394c1,11,0,1,70
00939500,Unwind@00939500,8,0,1,70
00939530,Unwind@00939530,11,0,1,70
0093953b,Unwind@0093953b,11,0,1,70
00939580,Unwind@00939580,11,0,1,70
0093958b,Unwind@0093958b,11,0,1,70
00939596,Unwind@00939596,11,0,1,70
009395d0,Unwind@009395d0,11,0,1,70
00939610,Unwind@00939610,11,0,1,70
00939650,Unwind@00939650,11,0,1,70
0093965b,Unwind@0093965b,11,0,1,70
00939666,Unwind@00939666,11,0,1,70
009396a0,Unwind@009396a0,11,0,1,70
009396ab,Unwind@009396ab,11,0,1,70
009396f0,Unwind@009396f0,11,0,1,70
009396fb,Unwind@009396fb,11,0,1,70
00939740,Unwind@00939740,11,0,1,70
0093974b,Unwind@0093974b,11,0,1,70
00939756,Unwind@00939756,11,0,1,70
00939761,Unwind@00939761,11,0,1,70
0093976c,Unwind@0093976c,11,0,1,70
00939777,Unwind@00939777,11,0,1,70
009397c0,Unwind@009397c0,11,0,1,70
00939800,Unwind@00939800,11,0,1,70
0093980b,Unwind@0093980b,11,0,1,70
00939816,Unwind@00939816,11,0,1,70
00939821,Unwind@00939821,11,0,1,70
0093982c,Unwind@0093982c,11,0,1,70
00939870,Unwind@00939870,11,0,1,70
0093987b,Unwind@0093987b,11,0,1,70
00939886,Unwind@00939886,11,0,1,70
00939891,Unwind@00939891,11,0,1,70
0093989c,Unwind@0093989c,11,0,1,70
009398e0,Unwind@009398e0,11,0,1,70
009398eb,Unwind@009398eb,17,0,1,70
009398fc,Unwind@009398fc,17,0,1,70
0093990d,Unwind@0093990d,11,0,1,70
00939918,Unwind@00939918,11,0,1,70
00939960,Unwind@00939960,11,0,1,70
0093996b,Unwind@0093996b,11,0,1,70
00939976,Unwind@00939976,11,0,1,70
009399b0,Unwind@009399b0,11,0,1,70
009399bb,Unwind@009399bb,11,0,1,70
009399c6,Unwind@009399c6,11,0,1,70
009399d1,Unwind@009399d1,11,0,1,70
009399dc,Unwind@009399dc,11,0,1,70
009399e7,Unwind@009399e7,11,0,1,70
009399f2,Unwind@009399f2,11,0,1,70
009399fd,Unwind@009399fd,11,0,1,70
00939a08,Unwind@00939a08,11,0,1,70
00939a13,Unwind@00939a13,11,0,1,70
00939a1e,Unwind@00939a1e,11,0,1,70
00939a29,Unwind@00939a29,11,0,1,70
00939a34,Unwind@00939a34,11,0,1,70
00939a3f,Unwind@00939a3f,11,0,1,70
00939a4a,Unwind@00939a4a,11,0,1,70
00939a90,Unwind@00939a90,11,0,1,70
00939ad0,Unwind@00939ad0,11,0,1,70
00939adb,Unwind@00939adb,11,0,1,70
00939ae6,Unwind@00939ae6,11,0,1,70
00939af1,Unwind@00939af1,11,0,1,70
00939afc,Unwind@00939afc,11,0,1,70
00939b07,Unwind@00939b07,11,0,1,70
00939b12,Unwind@00939b12,11,0,1,70
00939b1d,Unwind@00939b1d,11,0,1,70
00939b28,Unwind@00939b28,11,0,1,70
00939b70,Unwind@00939b70,11,0,1,70
00939b7b,Unwind@00939b7b,11,0,1,70
00939b86,Unwind@00939b86,11,0,1,70
00939b91,Unwind@00939b91,11,0,1,70
00939b9c,Unwind@00939b9c,11,0,1,70
00939ba7,Unwind@00939ba7,11,0,1,70
00939bf0,Unwind@00939bf0,11,0,1,70
00939bfb,Unwind@00939bfb,11,0,1,70
00939c06,Unwind@00939c06,11,0,1,70
00939c11,Unwind@00939c11,11,0,1,70
00939c1c,Unwind@00939c1c,11,0,1,70
00939c27,Unwind@00939c27,11,0,1,70
00939c70,Unwind@00939c70,11,0,1,70
00939c7b,Unwind@00939c7b,11,0,1,70
00939c86,Unwind@00939c86,11,0,1,70
00939c91,Unwind@00939c91,11,0,1,70
00939c9c,Unwind@00939c9c,11,0,1,70
00939ca7,Unwind@00939ca7,11,0,1,70
00939cb2,Unwind@00939cb2,11,0,1,70
00939cbd,Unwind@00939cbd,11,0,1,70
00939cc8,Unwind@00939cc8,11,0,1,70
00939cd3,Unwind@00939cd3,11,0,1,70
00939d10,Unwind@00939d10,11,0,1,70
00939d1b,Unwind@00939d1b,11,0,1,70
00939d60,Unwind@00939d60,11,0,1,70
00939d6b,Unwind@00939d6b,11,0,1,70
00939d76,Unwind@00939d76,11,0,1,70
00939d81,Unwind@00939d81,11,0,1,70
00939d8c,Unwind@00939d8c,11,0,1,70
00939d97,Unwind@00939d97,11,0,1,70
00939da2,Unwind@00939da2,11,0,1,70
00939dad,Unwind@00939dad,11,0,1,70
00939db8,Unwind@00939db8,11,0,1,70
00939dc3,Unwind@00939dc3,11,0,1,70
00939dce,Unwind@00939dce,11,0,1,70
00939dd9,Unwind@00939dd9,11,0,1,70
00939de4,Unwind@00939de4,11,0,1,70
00939def,Unwind@00939def,11,0,1,70
00939dfa,Unwind@00939dfa,11,0,1,70
00939e40,Unwind@00939e40,8,0,1,70
00939e80,Unwind@00939e80,11,0,1,70
00939e8b,Unwind@00939e8b,11,0,1,70
00939e96,Unwind@00939e96,11,0,1,70
00939ea1,Unwind@00939ea1,11,0,1,70
00939eac,Unwind@00939eac,11,0,1,70
00939eb7,Unwind@00939eb7,11,0,1,70
00939ec2,Unwind@00939ec2,11,0,1,70
00939ecd,Unwind@00939ecd,11,0,1,70
00939ed8,Unwind@00939ed8,11,0,1,70
00939ee3,Unwind@00939ee3,11,0,1,70
00939eee,Unwind@00939eee,11,0,1,70
00939ef9,Unwind@00939ef9,11,0,1,70
00939f40,Unwind@00939f40,11,0,1,70
00939f4b,Unwind@00939f4b,11,0,1,70
00939f56,Unwind@00939f56,11,0,1,70
00939f61,Unwind@00939f61,11,0,1,70
00939f6c,Unwind@00939f6c,11,0,1,70
00939f77,Unwind@00939f77,11,0,1,70
00939fc0,Unwind@00939fc0,11,0,1,70
0093a000,Unwind@0093a000,11,0,1,70
0093a00b,Unwind@0093a00b,17,0,1,70
0093a01c,Unwind@0093a01c,11,0,1,70
0093a027,Unwind@0093a027,11,0,1,70
0093a032,Unwind@0093a032,11,0,1,70
0093a070,Unwind@0093a070,11,0,1,70
0093a07b,Unwind@0093a07b,11,0,1,70
0093a0c0,Unwind@0093a0c0,11,0,1,70
0093a0cb,Unwind@0093a0cb,11,0,1,70
0093a0d6,Unwind@0093a0d6,11,0,1,70
0093a0e1,Unwind@0093a0e1,11,0,1,70
0093a120,Unwind@0093a120,11,0,1,70
0093a12b,Unwind@0093a12b,11,0,1,70
0093a170,Unwind@0093a170,11,0,1,70
0093a17b,Unwind@0093a17b,11,0,1,70
0093a186,Unwind@0093a186,11,0,1,70
0093a1c0,Unwind@0093a1c0,11,0,1,70
0093a1cb,Unwind@0093a1cb,11,0,1,70
0093a1d6,Unwind@0093a1d6,8,0,1,70
0093a1de,Unwind@0093a1de,11,0,1,70
0093a220,Unwind@0093a220,8,0,1,70
0093a250,Unwind@0093a250,11,0,1,70
0093a25b,Unwind@0093a25b,11,0,1,70
0093a266,Unwind@0093a266,8,0,1,70
0093a26e,Unwind@0093a26e,11,0,1,70
0093a2b0,Unwind@0093a2b0,11,0,1,70
0093a2bb,Unwind@0093a2bb,11,0,1,70
0093a2c6,Unwind@0093a2c6,11,0,1,70
0093a300,Unwind@0093a300,11,0,1,70
0093a30b,Unwind@0093a30b,11,0,1,70
0093a350,Unwind@0093a350,11,0,1,70
0093a35b,Unwind@0093a35b,11,0,1,70
0093a366,Unwind@0093a366,11,0,1,70
0093a371,Unwind@0093a371,11,0,1,70
0093a37c,Unwind@0093a37c,11,0,1,70
0093a387,Unwind@0093a387,11,0,1,70
0093a392,Unwind@0093a392,11,0,1,70
0093a3d0,Unwind@0093a3d0,8,0,1,70
0093a410,Unwind@0093a410,11,0,1,70
0093a450,Unwind@0093a450,8,0,1,70
0093a490,Unwind@0093a490,11,0,1,70
0093a49b,Unwind@0093a49b,11,0,1,70
0093a4a6,Unwind@0093a4a6,11,0,1,70
0093a4e0,Unwind@0093a4e0,11,0,1,70
0093a520,Unwind@0093a520,11,0,1,70
0093a52b,Unwind@0093a52b,11,0,1,70
0093a570,Unwind@0093a570,8,0,1,70
0093a578,Unwind@0093a578,8,0,1,70
0093a5b0,Unwind@0093a5b0,11,0,1,70
0093a5bb,Unwind@0093a5bb,11,0,1,70
0093a5c6,Unwind@0093a5c6,11,0,1,70
0093a5d1,Unwind@0093a5d1,11,0,1,70
0093a5dc,Unwind@0093a5dc,11,0,1,70
0093a5e7,Unwind@0093a5e7,11,0,1,70
0093a630,Unwind@0093a630,11,0,1,70
0093a63b,Unwind@0093a63b,11,0,1,70
0093a646,Unwind@0093a646,11,0,1,70
0093a651,Unwind@0093a651,11,0,1,70
0093a690,Unwind@0093a690,11,0,1,70
0093a69b,Unwind@0093a69b,11,0,1,70
0093a6a6,Unwind@0093a6a6,11,0,1,70
0093a6e0,Unwind@0093a6e0,8,0,1,70
0093a6e8,Unwind@0093a6e8,8,0,1,70
0093a720,Unwind@0093a720,11,0,1,70
0093a72b,Unwind@0093a72b,11,0,1,70
0093a736,Unwind@0093a736,11,0,1,70
0093a741,Unwind@0093a741,11,0,1,70
0093a74c,Unwind@0093a74c,11,0,1,70
0093a757,Unwind@0093a757,11,0,1,70
0093a762,Unwind@0093a762,11,0,1,70
0093a76d,Unwind@0093a76d,11,0,1,70
0093a778,Unwind@0093a778,11,0,1,70
0093a783,Unwind@0093a783,11,0,1,70
0093a78e,Unwind@0093a78e,11,0,1,70
0093a799,Unwind@0093a799,11,0,1,70
0093a7a4,Unwind@0093a7a4,11,0,1,70
0093a7af,Unwind@0093a7af,11,0,1,70
0093a7ba,Unwind@0093a7ba,11,0,1,70
0093a7c5,Unwind@0093a7c5,11,0,1,70
0093a7d0,Unwind@0093a7d0,11,0,1,70
0093a810,Unwind@0093a810,11,0,1,70
0093a850,Unwind@0093a850,11,0,1,70
0093a85b,Unwind@0093a85b,11,0,1,70
0093a866,Unwind@0093a866,11,0,1,70
0093a8a0,Unwind@0093a8a0,11,0,1,70
0093a8ab,Unwind@0093a8ab,17,0,1,70
0093a8bc,Unwind@0093a8bc,17,0,1,70
0093a8cd,Unwind@0093a8cd,17,0,1,70
0093a8de,Unwind@0093a8de,17,0,1,70
0093a8ef,Unwind@0093a8ef,11,0,1,70
0093a8fa,Unwind@0093a8fa,11,0,1,70
0093a940,Unwind@0093a940,11,0,1,70
0093a94b,Unwind@0093a94b,11,0,1,70
0093a990,Unwind@0093a990,11,0,1,70
0093a99b,Unwind@0093a99b,11,0,1,70
0093a9a6,Unwind@0093a9a6,11,0,1,70
0093a9b1,Unwind@0093a9b1,22,0,1,163
0093a9c7,Unwind@0093a9c7,22,0,1,163
0093a9dd,Unwind@0093a9dd,11,0,1,70
0093a9e8,Unwind@0093a9e8,11,0,1,70
0093aa30,Unwind@0093aa30,11,0,1,70
0093aa3b,Unwind@0093aa3b,17,0,1,70
0093aa4c,Unwind@0093aa4c,17,0,1,70
0093aa5d,Unwind@0093aa5d,17,0,1,70
0093aa6e,Unwind@0093aa6e,17,0,1,70
0093aa7f,Unwind@0093aa7f,17,0,1,70
0093aa90,Unwind@0093aa90,11,0,1,70
0093aa9b,Unwind@0093aa9b,11,0,1,70
0093aae0,Unwind@0093aae0,11,0,1,70
0093aaeb,Unwind@0093aaeb,11,0,1,70
0093aaf6,Unwind@0093aaf6,11,0,1,70
0093ab01,Unwind@0093ab01,11,0,1,70
0093ab0c,Unwind@0093ab0c,11,0,1,70
0093ab17,Unwind@0093ab17,11,0,1,70
0093ab22,Unwind@0093ab22,11,0,1,70
0093ab2d,Unwind@0093ab2d,11,0,1,70
0093ab70,Unwind@0093ab70,11,0,1,70
0093ab7b,Unwind@0093ab7b,11,0,1,70
0093abc0,Unwind@0093abc0,11,0,1,70
0093ac00,Unwind@0093ac00,11,0,1,70
0093ac0b,Unwind@0093ac0b,11,0,1,70
0093ac16,Unwind@0093ac16,11,0,1,70
0093ac21,Unwind@0093ac21,11,0,1,70
0093ac2c,Unwind@0093ac2c,11,0,1,70
0093ac70,Unwind@0093ac70,11,0,1,70
0093ac7b,Unwind@0093ac7b,11,0,1,70
0093ac86,Unwind@0093ac86,11,0,1,70
0093acc0,Unwind@0093acc0,8,0,1,70
0093acf0,Unwind@0093acf0,8,0,1,70
0093acf8,Unwind@0093acf8,18,0,1,131
0093ad30,Unwind@0093ad30,11,0,1,70
0093ad3b,Unwind@0093ad3b,11,0,1,70
0093ad46,Unwind@0093ad46,22,0,1,160
0093ad5c,Unwind@0093ad5c,11,0,1,70
0093ad67,Unwind@0093ad67,11,0,1,70
0093ad72,Unwind@0093ad72,11,0,1,70
0093ad7d,Unwind@0093ad7d,11,0,1,70
0093ad88,Unwind@0093ad88,11,0,1,70
0093ad93,Unwind@0093ad93,11,0,1,70
0093ad9e,Unwind@0093ad9e,11,0,1,70
0093ade0,Unwind@0093ade0,11,0,1,70
0093ae20,Unwind@0093ae20,8,0,1,70
0093ae28,Unwind@0093ae28,8,0,1,70
0093ae30,Unwind@0093ae30,11,0,1,70
0093ae3b,Unwind@0093ae3b,11,0,1,70
0093ae46,Unwind@0093ae46,11,0,1,70
0093ae80,Unwind@0093ae80,11,0,1,70
0093aec0,Unwind@0093aec0,11,0,1,70
0093aecb,Unwind@0093aecb,17,0,1,70
0093aedc,Unwind@0093aedc,11,0,1,70
0093aee7,Unwind@0093aee7,11,0,1,70
0093aef2,Unwind@0093aef2,21,0,1,136
0093af40,Unwind@0093af40,11,0,1,70
0093af4b,Unwind@0093af4b,11,0,1,70
0093af56,Unwind@0093af56,11,0,1,70
0093af90,Unwind@0093af90,11,0,1,70
0093af9b,Unwind@0093af9b,11,0,1,70
0093afa6,Unwind@0093afa6,11,0,1,70
0093afb1,Unwind@0093afb1,11,0,1,70
0093afbc,Unwind@0093afbc,11,0,1,70
0093afc7,Unwind@0093afc7,11,0,1,70
0093afd2,Unwind@0093afd2,11,0,1,70
0093afdd,Unwind@0093afdd,11,0,1,70
0093afe8,Unwind@0093afe8,11,0,1,70
0093aff3,Unwind@0093aff3,11,0,1,70
0093affe,Unwind@0093affe,11,0,1,70
0093b009,Unwind@0093b009,11,0,1,70
0093b014,Unwind@0093b014,11,0,1,70
0093b01f,Unwind@0093b01f,11,0,1,70
0093b02a,Unwind@0093b02a,11,0,1,70
0093b035,Unwind@0093b035,11,0,1,70
0093b070,Unwind@0093b070,11,0,1,70
0093b07b,Unwind@0093b07b,11,0,1,70
0093b086,Unwind@0093b086,13,0,1,128
0093b0d0,Unwind@0093b0d0,11,0,1,70
0093b0db,Unwind@0093b0db,11,0,1,70
0093b0e6,Unwind@0093b0e6,11,0,1,70
0093b120,Unwind@0093b120,11,0,1,70
0093b12b,Unwind@0093b12b,11,0,1,70
0093b136,Unwind@0093b136,11,0,1,70
0093b141,Unwind@0093b141,13,0,1,128
0093b14e,Unwind@0093b14e,13,0,1,128
0093b15b,Unwind@0093b15b,13,0,1,128
0093b168,Unwind@0093b168,13,0,1,128
0093b1b0,Unwind@0093b1b0,11,0,1,70
0093b1bb,Unwind@0093b1bb,11,0,1,70
0093b200,Unwind@0093b200,11,0,1,70
0093b20b,Unwind@0093b20b,11,0,1,70
0093b216,Unwind@0093b216,11,0,1,70
0093b250,Unwind@0093b250,11,0,1,70
0093b25b,Unwind@0093b25b,11,0,1,70
0093b266,Unwind@0093b266,11,0,1,70
0093b271,Unwind@0093b271,11,0,1,70
0093b27c,Unwind@0093b27c,11,0,1,70
0093b287,Unwind@0093b287,11,0,1,70
0093b2d0,Unwind@0093b2d0,11,0,1,70
0093b2db,Unwind@0093b2db,11,0,1,70
0093b2e6,Unwind@0093b2e6,11,0,1,70
0093b2f1,Unwind@0093b2f1,11,0,1,70
0093b2fc,Unwind@0093b2fc,11,0,1,70
0093b340,Unwind@0093b340,11,0,1,70
0093b34b,Unwind@0093b34b,11,0,1,70
0093b356,Unwind@0093b356,11,0,1,70
0093b361,Unwind@0093b361,11,0,1,70
0093b36c,Unwind@0093b36c,11,0,1,70
0093b3b0,Unwind@0093b3b0,11,0,1,70
0093b3bb,Unwind@0093b3bb,17,0,1,70
0093b3cc,Unwind@0093b3cc,17,0,1,70
0093b3dd,Unwind@0093b3dd,17,0,1,70
0093b3ee,Unwind@0093b3ee,17,0,1,70
0093b3ff,Unwind@0093b3ff,17,0,1,70
0093b410,Unwind@0093b410,17,0,1,70
0093b421,Unwind@0093b421,17,0,1,70
0093b432,Unwind@0093b432,17,0,1,70
0093b443,Unwind@0093b443,17,0,1,70
0093b454,Unwind@0093b454,17,0,1,70
0093b465,Unwind@0093b465,17,0,1,70
0093b476,Unwind@0093b476,17,0,1,70
0093b487,Unwind@0093b487,17,0,1,70
0093b498,Unwind@0093b498,17,0,1,70
0093b4a9,Unwind@0093b4a9,17,0,1,70
0093b4ba,Unwind@0093b4ba,17,0,1,70
0093b4cb,Unwind@0093b4cb,17,0,1,70
0093b4dc,Unwind@0093b4dc,17,0,1,70
0093b4ed,Unwind@0093b4ed,11,0,1,70
0093b4f8,Unwind@0093b4f8,11,0,1,70
0093b503,Unwind@0093b503,11,0,1,70
0093b50e,Unwind@0093b50e,11,0,1,70
0093b519,Unwind@0093b519,11,0,1,70
0093b524,Unwind@0093b524,11,0,1,70
0093b52f,Unwind@0093b52f,11,0,1,70
0093b53a,Unwind@0093b53a,11,0,1,70
0093b545,Unwind@0093b545,11,0,1,70
0093b550,Unwind@0093b550,11,0,1,70
0093b55b,Unwind@0093b55b,11,0,1,70
0093b566,Unwind@0093b566,11,0,1,70
0093b571,Unwind@0093b571,11,0,1,70
0093b57c,Unwind@0093b57c,11,0,1,70
0093b587,Unwind@0093b587,11,0,1,70
0093b592,Unwind@0093b592,11,0,1,70
0093b59d,Unwind@0093b59d,11,0,1,70
0093b5a8,Unwind@0093b5a8,11,0,1,70
0093b5b3,Unwind@0093b5b3,11,0,1,70
0093b5be,Unwind@0093b5be,11,0,1,70
0093b5c9,Unwind@0093b5c9,11,0,1,70
0093b610,Unwind@0093b610,11,0,1,70
0093b61b,Unwind@0093b61b,11,0,1,70
0093b626,Unwind@0093b626,11,0,1,70
0093b631,Unwind@0093b631,11,0,1,70
0093b63c,Unwind@0093b63c,11,0,1,70
0093b647,Unwind@0093b647,11,0,1,70
0093b652,Unwind@0093b652,11,0,1,70
0093b690,Unwind@0093b690,11,0,1,70
0093b69b,Unwind@0093b69b,11,0,1,70
0093b6a6,Unwind@0093b6a6,11,0,1,70
0093b6b1,Unwind@0093b6b1,11,0,1,70
0093b6bc,Unwind@0093b6bc,11,0,1,70
0093b6c7,Unwind@0093b6c7,11,0,1,70
0093b6d2,Unwind@0093b6d2,11,0,1,70
0093b6dd,Unwind@0093b6dd,25,0,1,161
0093b6f6,Unwind@0093b6f6,11,0,1,70
0093b701,Unwind@0093b701,11,0,1,70
0093b70c,Unwind@0093b70c,11,0,1,70
0093b717,Unwind@0093b717,11,0,1,70
0093b722,Unwind@0093b722,11,0,1,70
0093b72d,Unwind@0093b72d,11,0,1,70
0093b738,Unwind@0093b738,11,0,1,70
0093b743,Unwind@0093b743,11,0,1,70
0093b74e,Unwind@0093b74e,11,0,1,70
0093b759,Unwind@0093b759,11,0,1,70
0093b764,Unwind@0093b764,11,0,1,70
0093b76f,Unwind@0093b76f,11,0,1,70
0093b77a,Unwind@0093b77a,11,0,1,70
0093b785,Unwind@0093b785,11,0,1,70
0093b790,Unwind@0093b790,11,0,1,70
0093b79b,Unwind@0093b79b,11,0,1,70
0093b7a6,Unwind@0093b7a6,11,0,1,70
0093b7b1,Unwind@0093b7b1,11,0,1,70
0093b7bc,Unwind@0093b7bc,11,0,1,70
0093b7c7,Unwind@0093b7c7,11,0,1,70
0093b7d2,Unwind@0093b7d2,11,0,1,70
0093b7dd,Unwind@0093b7dd,11,0,1,70
0093b820,Unwind@0093b820,11,0,1,70
0093b82b,Unwind@0093b82b,11,0,1,70
0093b870,Unwind@0093b870,11,0,1,70
0093b8b0,Unwind@0093b8b0,11,0,1,70
0093b8bb,Unwind@0093b8bb,11,0,1,70
0093b8c6,Unwind@0093b8c6,11,0,1,70
0093b8d1,Unwind@0093b8d1,11,0,1,70
0093b910,Unwind@0093b910,11,0,1,70
0093b91b,Unwind@0093b91b,17,0,1,70
0093b92c,Unwind@0093b92c,17,0,1,70
0093b93d,Unwind@0093b93d,17,0,1,70
0093b94e,Unwind@0093b94e,17,0,1,70
0093b95f,Unwind@0093b95f,17,0,1,70
0093b970,Unwind@0093b970,11,0,1,70
0093b97b,Unwind@0093b97b,11,0,1,70
0093b986,Unwind@0093b986,11,0,1,70
0093b991,Unwind@0093b991,11,0,1,70
0093b99c,Unwind@0093b99c,11,0,1,70
0093b9a7,Unwind@0093b9a7,11,0,1,70
0093b9f0,Unwind@0093b9f0,11,0,1,70
0093b9fb,Unwind@0093b9fb,11,0,1,70
0093ba06,Unwind@0093ba06,11,0,1,70
0093ba11,Unwind@0093ba11,11,0,1,70
0093ba1c,Unwind@0093ba1c,11,0,1,70
0093ba27,Unwind@0093ba27,11,0,1,70
0093ba32,Unwind@0093ba32,11,0,1,70
0093ba3d,Unwind@0093ba3d,11,0,1,70
0093ba48,Unwind@0093ba48,11,0,1,70
0093ba53,Unwind@0093ba53,11,0,1,70
0093ba5e,Unwind@0093ba5e,11,0,1,70
0093ba69,Unwind@0093ba69,11,0,1,70
0093ba74,Unwind@0093ba74,11,0,1,70
0093ba7f,Unwind@0093ba7f,11,0,1,70
0093bac0,Unwind@0093bac0,11,0,1,70
0093bacb,Unwind@0093bacb,11,0,1,70
0093bb10,Unwind@0093bb10,11,0,1,70
0093bb1b,Unwind@0093bb1b,11,0,1,70
0093bb26,Unwind@0093bb26,11,0,1,70
0093bb60,Unwind@0093bb60,11,0,1,70
0093bb6b,Unwind@0093bb6b,11,0,1,70
0093bbb0,Unwind@0093bbb0,11,0,1,70
0093bbbb,Unwind@0093bbbb,11,0,1,70
0093bc00,Unwind@0093bc00,11,0,1,70
0093bc0b,Unwind@0093bc0b,17,0,1,70
0093bc1c,Unwind@0093bc1c,27,0,1,192
0093bc37,Unwind@0093bc37,11,0,1,70
0093bc42,Unwind@0093bc42,11,0,1,70
0093bc4d,Unwind@0093bc4d,11,0,1,70
0093bc58,Unwind@0093bc58,11,0,1,70
0093bc63,Unwind@0093bc63,11,0,1,70
0093bc6e,Unwind@0093bc6e,11,0,1,70
0093bcb0,Unwind@0093bcb0,11,0,1,70
0093bcbb,Unwind@0093bcbb,11,0,1,70
0093bcc6,Unwind@0093bcc6,11,0,1,70
0093bd00,Unwind@0093bd00,11,0,1,70
0093bd0b,Unwind@0093bd0b,11,0,1,70
0093bd50,Unwind@0093bd50,11,0,1,70
0093bd5b,Unwind@0093bd5b,11,0,1,70
0093bd66,Unwind@0093bd66,11,0,1,70
0093bd71,Unwind@0093bd71,11,0,1,70
0093bdb0,Unwind@0093bdb0,11,0,1,70
0093bdbb,Unwind@0093bdbb,11,0,1,70
0093be00,Unwind@0093be00,8,0,1,70
0093be08,Unwind@0093be08,11,0,1,70
0093be50,Unwind@0093be50,11,0,1,70
0093be5b,Unwind@0093be5b,11,0,1,70
0093bea0,Unwind@0093bea0,11,0,1,70
0093beab,Unwind@0093beab,11,0,1,70
0093beb6,Unwind@0093beb6,11,0,1,70
0093bef0,Unwind@0093bef0,8,0,1,70
0093bef8,Unwind@0093bef8,8,0,1,70
0093bf00,Unwind@0093bf00,8,0,1,70
0093bf08,Unwind@0093bf08,8,0,1,70
0093bf40,Unwind@0093bf40,8,0,1,70
0093bf48,Unwind@0093bf48,8,0,1,70
0093bf50,Unwind@0093bf50,8,0,1,70
0093bf58,Unwind@0093bf58,8,0,1,70
0093bf90,Unwind@0093bf90,11,0,1,70
0093bf9b,Unwind@0093bf9b,11,0,1,70
0093bfe0,Unwind@0093bfe0,8,0,1,70
0093bfe8,Unwind@0093bfe8,8,0,1,70
0093bff0,Unwind@0093bff0,8,0,1,70
0093c020,Unwind@0093c020,8,0,1,70
0093c028,Unwind@0093c028,8,0,1,70
0093c060,Unwind@0093c060,8,0,1,70
0093c068,Unwind@0093c068,8,0,1,70
0093c0a0,Unwind@0093c0a0,11,0,1,70
0093c0ab,Unwind@0093c0ab,11,0,1,70
0093c0b6,Unwind@0093c0b6,11,0,1,70
0093c0c1,Unwind@0093c0c1,11,0,1,70
0093c0cc,Unwind@0093c0cc,11,0,1,70
0093c110,Unwind@0093c110,11,0,1,70
0093c11b,Unwind@0093c11b,11,0,1,70
0093c160,Unwind@0093c160,11,0,1,70
0093c16b,Unwind@0093c16b,11,0,1,70
0093c1b0,Unwind@0093c1b0,11,0,1,70
0093c1bb,Unwind@0093c1bb,17,0,1,70
0093c1cc,Unwind@0093c1cc,17,0,1,70
0093c1dd,Unwind@0093c1dd,17,0,1,70
0093c1ee,Unwind@0093c1ee,17,0,1,70
0093c1ff,Unwind@0093c1ff,17,0,1,70
0093c210,Unwind@0093c210,17,0,1,70
0093c221,Unwind@0093c221,21,0,1,136
0093c236,Unwind@0093c236,11,0,1,70
0093c241,Unwind@0093c241,11,0,1,70
0093c24c,Unwind@0093c24c,11,0,1,70
0093c290,Unwind@0093c290,10,0,1,126
0093c29a,Unwind@0093c29a,10,0,1,126
0093c2d0,Unwind@0093c2d0,11,0,1,70
0093c2db,Unwind@0093c2db,11,0,1,70
0093c2e6,Unwind@0093c2e6,11,0,1,70
0093c2f1,Unwind@0093c2f1,11,0,1,70
0093c2fc,Unwind@0093c2fc,11,0,1,70
0093c340,Unwind@0093c340,11,0,1,70
0093c34b,Unwind@0093c34b,11,0,1,70
0093c356,Unwind@0093c356,11,0,1,70
0093c361,Unwind@0093c361,11,0,1,70
0093c3a0,Unwind@0093c3a0,8,0,1,70
0093c3a8,Unwind@0093c3a8,8,0,1,70
0093c3b0,Unwind@0093c3b0,8,0,1,70
0093c3b8,Unwind@0093c3b8,8,0,1,70
0093c3c0,Unwind@0093c3c0,8,0,1,70
0093c3c8,Unwind@0093c3c8,8,0,1,70
0093c3d0,Unwind@0093c3d0,8,0,1,70
0093c3d8,Unwind@0093c3d8,8,0,1,70
0093c410,Unwind@0093c410,11,0,1,70
0093c41b,Unwind@0093c41b,11,0,1,70
0093c460,Unwind@0093c460,11,0,1,70
0093c46b,Unwind@0093c46b,11,0,1,70
0093c476,Unwind@0093c476,11,0,1,70
0093c481,Unwind@0093c481,11,0,1,70
0093c48c,Unwind@0093c48c,11,0,1,70
0093c497,Unwind@0093c497,11,0,1,70
0093c4a2,Unwind@0093c4a2,11,0,1,70
0093c4ad,Unwind@0093c4ad,11,0,1,70
0093c4b8,Unwind@0093c4b8,11,0,1,70
0093c500,Unwind@0093c500,11,0,1,70
0093c50b,Unwind@0093c50b,11,0,1,70
0093c516,Unwind@0093c516,11,0,1,70
0093c521,Unwind@0093c521,11,0,1,70
0093c560,Unwind@0093c560,11,0,1,70
0093c56b,Unwind@0093c56b,11,0,1,70
0093c576,Unwind@0093c576,11,0,1,70
0093c5b0,Unwind@0093c5b0,11,0,1,70
0093c5bb,Unwind@0093c5bb,11,0,1,70
0093c5c6,Unwind@0093c5c6,11,0,1,70
0093c5d1,Unwind@0093c5d1,11,0,1,70
0093c5dc,Unwind@0093c5dc,11,0,1,70
0093c5e7,Unwind@0093c5e7,11,0,1,70
0093c630,Unwind@0093c630,11,0,1,70
0093c63b,Unwind@0093c63b,11,0,1,70
0093c680,Unwind@0093c680,11,0,1,70
0093c68b,Unwind@0093c68b,11,0,1,70
0093c6d0,Unwind@0093c6d0,11,0,1,70
0093c6db,Unwind@0093c6db,11,0,1,70
0093c6e6,Unwind@0093c6e6,13,0,1,128
0093c730,Unwind@0093c730,11,0,1,70
0093c770,Unwind@0093c770,11,0,1,70
0093c7b0,Unwind@0093c7b0,11,0,1,70
0093c7f0,Unwind@0093c7f0,11,0,1,70
0093c7fb,Unwind@0093c7fb,11,0,1,70
0093c806,Unwind@0093c806,11,0,1,70
0093c840,Unwind@0093c840,11,0,1,70
0093c84b,Unwind@0093c84b,11,0,1,70
0093c856,Unwind@0093c856,11,0,1,70
0093c890,Unwind@0093c890,11,0,1,70
0093c89b,Unwind@0093c89b,11,0,1,70
0093c8a6,Unwind@0093c8a6,11,0,1,70
0093c8b1,Unwind@0093c8b1,11,0,1,70
0093c8f0,Unwind@0093c8f0,11,0,1,70
0093c8fb,Unwind@0093c8fb,11,0,1,70
0093c906,Unwind@0093c906,11,0,1,70
0093c940,Unwind@0093c940,11,0,1,70
0093c94b,Unwind@0093c94b,11,0,1,70
0093c990,Unwind@0093c990,11,0,1,70
0093c99b,Unwind@0093c99b,11,0,1,70
0093c9a6,Unwind@0093c9a6,8,0,1,70
0093c9e0,Unwind@0093c9e0,11,0,1,70
0093c9eb,Unwind@0093c9eb,11,0,1,70
0093c9f6,Unwind@0093c9f6,11,0,1,70
0093ca30,Unwind@0093ca30,11,0,1,70
0093ca3b,Unwind@0093ca3b,11,0,1,70
0093ca80,Unwind@0093ca80,11,0,1,70
0093ca8b,Unwind@0093ca8b,11,0,1,70
0093ca96,Unwind@0093ca96,11,0,1,70
0093caa1,Unwind@0093caa1,11,0,1,70
0093cae0,Unwind@0093cae0,11,0,1,70
0093caeb,Unwind@0093caeb,11,0,1,70
0093cb30,Unwind@0093cb30,11,0,1,70
0093cb3b,Unwind@0093cb3b,11,0,1,70
0093cb46,Unwind@0093cb46,11,0,1,70
0093cb51,Unwind@0093cb51,11,0,1,70
0093cb90,Unwind@0093cb90,11,0,1,70
0093cb9b,Unwind@0093cb9b,11,0,1,70
0093cba6,Unwind@0093cba6,11,0,1,70
0093cbb1,Unwind@0093cbb1,11,0,1,70
0093cbf0,Unwind@0093cbf0,11,0,1,70
0093cbfb,Unwind@0093cbfb,11,0,1,70
0093cc06,Unwind@0093cc06,11,0,1,70
0093cc40,Unwind@0093cc40,11,0,1,70
0093cc4b,Unwind@0093cc4b,11,0,1,70
0093cc56,Unwind@0093cc56,11,0,1,70
0093cc90,Unwind@0093cc90,8,0,1,70
0093ccd0,Unwind@0093ccd0,11,0,1,70
0093ccdb,Unwind@0093ccdb,11,0,1,70
0093cd20,Unwind@0093cd20,8,0,1,70
0093cd50,Unwind@0093cd50,11,0,1,70
0093cd5b,Unwind@0093cd5b,11,0,1,70
0093cda0,Unwind@0093cda0,11,0,1,70
0093cde0,Unwind@0093cde0,11,0,1,70
0093ce20,Unwind@0093ce20,11,0,1,70
0093ce2b,Unwind@0093ce2b,17,0,1,70
0093ce3c,Unwind@0093ce3c,17,0,1,70
0093ce4d,Unwind@0093ce4d,17,0,1,70
0093ce5e,Unwind@0093ce5e,17,0,1,70
0093ce6f,Unwind@0093ce6f,11,0,1,70
0093ce7a,Unwind@0093ce7a,11,0,1,70
0093cec0,Unwind@0093cec0,11,0,1,70
0093cecb,Unwind@0093cecb,11,0,1,70
0093ced6,Unwind@0093ced6,11,0,1,70
0093cf10,Unwind@0093cf10,11,0,1,70
0093cf1b,Unwind@0093cf1b,11,0,1,70
0093cf26,Unwind@0093cf26,11,0,1,70
0093cf31,Unwind@0093cf31,11,0,1,70
0093cf3c,Unwind@0093cf3c,11,0,1,70
0093cf47,Unwind@0093cf47,11,0,1,70
0093cf90,Unwind@0093cf90,8,0,1,70
0093cf98,Unwind@0093cf98,8,0,1,70
0093cfa0,Unwind@0093cfa0,8,0,1,70
0093cfa8,Unwind@0093cfa8,8,0,1,70
0093cfe0,Unwind@0093cfe0,11,0,1,70
0093cfeb,Unwind@0093cfeb,11,0,1,70
0093d030,Unwind@0093d030,11,0,1,70
0093d03b,Unwind@0093d03b,11,0,1,70
0093d046,Unwind@0093d046,11,0,1,70
0093d051,Unwind@0093d051,11,0,1,70
0093d05c,Unwind@0093d05c,11,0,1,70
0093d067,Unwind@0093d067,11,0,1,70
0093d072,Unwind@0093d072,11,0,1,70
0093d07d,Unwind@0093d07d,11,0,1,70
0093d088,Unwind@0093d088,11,0,1,70
0093d093,Unwind@0093d093,11,0,1,70
0093d09e,Unwind@0093d09e,11,0,1,70
0093d0e0,Unwind@0093d0e0,11,0,1,70
0093d0eb,Unwind@0093d0eb,11,0,1,70
0093d130,Unwind@0093d130,11,0,1,70
0093d13b,Unwind@0093d13b,11,0,1,70
0093d146,Unwind@0093d146,11,0,1,70
0093d151,Unwind@0093d151,11,0,1,70
0093d15c,Unwind@0093d15c,11,0,1,70
0093d167,Unwind@0093d167,11,0,1,70
0093d172,Unwind@0093d172,11,0,1,70
0093d1b0,Unwind@0093d1b0,11,0,1,70
0093d1bb,Unwind@0093d1bb,11,0,1,70
0093d1c6,Unwind@0093d1c6,11,0,1,70
0093d1d1,Unwind@0093d1d1,11,0,1,70
0093d210,Unwind@0093d210,11,0,1,70
0093d21b,Unwind@0093d21b,11,0,1,70
0093d260,Unwind@0093d260,11,0,1,70
0093d26b,Unwind@0093d26b,11,0,1,70
0093d276,Unwind@0093d276,11,0,1,70
0093d2b0,Unwind@0093d2b0,11,0,1,70
0093d2bb,Unwind@0093d2bb,11,0,1,70
0093d2c6,Unwind@0093d2c6,11,0,1,70
0093d2d1,Unwind@0093d2d1,13,0,1,128
0093d310,Unwind@0093d310,11,0,1,70
0093d31b,Unwind@0093d31b,11,0,1,70
0093d360,Unwind@0093d360,11,0,1,70
0093d36b,Unwind@0093d36b,11,0,1,70
0093d376,Unwind@0093d376,11,0,1,70
0093d381,Unwind@0093d381,11,0,1,70
0093d3c0,Unwind@0093d3c0,11,0,1,70
0093d3cb,Unwind@0093d3cb,25,0,1,161
0093d3e4,Unwind@0093d3e4,11,0,1,70
0093d3ef,Unwind@0093d3ef,11,0,1,70
0093d430,Unwind@0093d430,11,0,1,70
0093d43b,Unwind@0093d43b,11,0,1,70
0093d446,Unwind@0093d446,11,0,1,70
0093d480,Unwind@0093d480,11,0,1,70
0093d48b,Unwind@0093d48b,11,0,1,70
0093d496,Unwind@0093d496,11,0,1,70
0093d4a1,Unwind@0093d4a1,11,0,1,70
0093d4ac,Unwind@0093d4ac,11,0,1,70
0093d4b7,Unwind@0093d4b7,11,0,1,70
0093d4c2,Unwind@0093d4c2,11,0,1,70
0093d4cd,Unwind@0093d4cd,11,0,1,70
0093d4d8,Unwind@0093d4d8,11,0,1,70
0093d4e3,Unwind@0093d4e3,11,0,1,70
0093d4ee,Unwind@0093d4ee,11,0,1,70
0093d4f9,Unwind@0093d4f9,11,0,1,70
0093d540,Unwind@0093d540,11,0,1,70
0093d54b,Unwind@0093d54b,11,0,1,70
0093d556,Unwind@0093d556,11,0,1,70
0093d590,Unwind@0093d590,8,0,1,70
0093d598,Unwind@0093d598,8,0,1,70
0093d5a0,Unwind@0093d5a0,8,0,1,70
0093d5a8,Unwind@0093d5a8,8,0,1,70
0093d5e0,Unwind@0093d5e0,8,0,1,70
0093d5e8,Unwind@0093d5e8,8,0,1,70
0093d5f0,Unwind@0093d5f0,8,0,1,70
0093d5f8,Unwind@0093d5f8,8,0,1,70
0093d630,Unwind@0093d630,11,0,1,70
0093d63b,Unwind@0093d63b,11,0,1,70
0093d646,Unwind@0093d646,11,0,1,70
0093d651,Unwind@0093d651,11,0,1,70
0093d65c,Unwind@0093d65c,13,0,1,128
0093d669,Unwind@0093d669,13,0,1,128
0093d6b0,Unwind@0093d6b0,11,0,1,70
0093d6bb,Unwind@0093d6bb,11,0,1,70
0093d6c6,Unwind@0093d6c6,11,0,1,70
0093d6d1,Unwind@0093d6d1,11,0,1,70
0093d6dc,Unwind@0093d6dc,11,0,1,70
0093d720,Unwind@0093d720,8,0,1,70
0093d728,Unwind@0093d728,8,0,1,70
0093d730,Unwind@0093d730,11,0,1,70
0093d73b,Unwind@0093d73b,8,0,1,70
0093d743,Unwind@0093d743,8,0,1,70
0093d74b,Unwind@0093d74b,11,0,1,70
0093d756,Unwind@0093d756,8,0,1,70
0093d75e,Unwind@0093d75e,8,0,1,70
0093d766,Unwind@0093d766,8,0,1,70
0093d76e,Unwind@0093d76e,8,0,1,70
0093d776,Unwind@0093d776,8,0,1,70
0093d77e,Unwind@0093d77e,8,0,1,70
0093d786,Unwind@0093d786,8,0,1,70
0093d78e,Unwind@0093d78e,8,0,1,70
0093d796,Unwind@0093d796,8,0,1,70
0093d7d0,Unwind@0093d7d0,11,0,1,70
0093d7db,Unwind@0093d7db,11,0,1,70
0093d820,Unwind@0093d820,8,0,1,70
0093d860,Unwind@0093d860,8,0,1,70
0093d868,Unwind@0093d868,8,0,1,70
0093d870,Unwind@0093d870,8,0,1,70
0093d878,Unwind@0093d878,8,0,1,70
0093d880,Unwind@0093d880,8,0,1,70
0093d8c0,Unwind@0093d8c0,11,0,1,70
0093d8cb,Unwind@0093d8cb,11,0,1,70
0093d8d6,Unwind@0093d8d6,11,0,1,70
0093d910,Unwind@0093d910,11,0,1,70
0093d91b,Unwind@0093d91b,11,0,1,70
0093d926,Unwind@0093d926,11,0,1,70
0093d960,Unwind@0093d960,11,0,1,70
0093d96b,Unwind@0093d96b,11,0,1,70
0093d976,Unwind@0093d976,11,0,1,70
0093d981,Unwind@0093d981,11,0,1,70
0093d9c0,Unwind@0093d9c0,11,0,1,70
0093d9cb,Unwind@0093d9cb,11,0,1,70
0093d9d6,Unwind@0093d9d6,11,0,1,70
0093d9e1,Unwind@0093d9e1,11,0,1,70
0093d9ec,Unwind@0093d9ec,11,0,1,70
0093d9f7,Unwind@0093d9f7,11,0,1,70
0093da02,Unwind@0093da02,11,0,1,70
0093da0d,Unwind@0093da0d,11,0,1,70
0093da18,Unwind@0093da18,11,0,1,70
0093da23,Unwind@0093da23,11,0,1,70
0093da2e,Unwind@0093da2e,11,0,1,70
0093da39,Unwind@0093da39,11,0,1,70
0093da44,Unwind@0093da44,11,0,1,70
0093da4f,Unwind@0093da4f,11,0,1,70
0093da90,Unwind@0093da90,11,0,1,70
0093da9b,Unwind@0093da9b,11,0,1,70
0093daa6,Unwind@0093daa6,11,0,1,70
0093dab1,Unwind@0093dab1,11,0,1,70
0093dabc,Unwind@0093dabc,11,0,1,70
0093db00,Unwind@0093db00,11,0,1,70
0093db0b,Unwind@0093db0b,11,0,1,70
0093db50,Unwind@0093db50,11,0,1,70
0093db5b,Unwind@0093db5b,11,0,1,70
0093db66,Unwind@0093db66,11,0,1,70
0093db71,Unwind@0093db71,11,0,1,70
0093db7c,Unwind@0093db7c,11,0,1,70
0093db87,Unwind@0093db87,11,0,1,70
0093db92,Unwind@0093db92,11,0,1,70
0093db9d,Unwind@0093db9d,11,0,1,70
0093dbe0,Unwind@0093dbe0,11,0,1,70
0093dbeb,Unwind@0093dbeb,11,0,1,70
0093dbf6,Unwind@0093dbf6,11,0,1,70
0093dc30,Unwind@0093dc30,8,0,1,70
0093dc60,Unwind@0093dc60,11,0,1,70
0093dca0,Unwind@0093dca0,11,0,1,70
0093dcab,Unwind@0093dcab,11,0,1,70
0093dcb6,Unwind@0093dcb6,11,0,1,70
0093dcf0,Unwind@0093dcf0,11,0,1,70
0093dcfb,Unwind@0093dcfb,11,0,1,70
0093dd40,Unwind@0093dd40,11,0,1,70
0093dd4b,Unwind@0093dd4b,11,0,1,70
0093dd90,Unwind@0093dd90,11,0,1,70
0093dd9b,Unwind@0093dd9b,11,0,1,70
0093dde0,Unwind@0093dde0,11,0,1,70
0093ddeb,Unwind@0093ddeb,11,0,1,70
0093de30,Unwind@0093de30,11,0,1,70
0093de3b,Unwind@0093de3b,13,0,1,128
0093de48,Unwind@0093de48,11,0,1,70
0093de53,Unwind@0093de53,11,0,1,70
0093de5e,Unwind@0093de5e,11,0,1,70
0093de69,Unwind@0093de69,11,0,1,70
0093de74,Unwind@0093de74,11,0,1,70
0093de7f,Unwind@0093de7f,11,0,1,70
0093dec0,Unwind@0093dec0,11,0,1,70
0093decb,Unwind@0093decb,30,0,1,192
0093dee9,Unwind@0093dee9,27,0,1,192
0093df04,Unwind@0093df04,11,0,1,70
0093df0f,Unwind@0093df0f,11,0,1,70
0093df1a,Unwind@0093df1a,11,0,1,70
0093df60,Unwind@0093df60,11,0,1,70
0093df6b,Unwind@0093df6b,11,0,1,70
0093dfb0,Unwind@0093dfb0,11,0,1,70
0093dfbb,Unwind@0093dfbb,11,0,1,70
0093dfc6,Unwind@0093dfc6,11,0,1,70
0093dfd1,Unwind@0093dfd1,11,0,1,70
0093dfdc,Unwind@0093dfdc,11,0,1,70
0093dfe7,Unwind@0093dfe7,11,0,1,70
0093dff2,Unwind@0093dff2,11,0,1,70
0093e030,Unwind@0093e030,11,0,1,70
0093e03b,Unwind@0093e03b,11,0,1,70
0093e046,Unwind@0093e046,11,0,1,70
0093e080,Unwind@0093e080,11,0,1,70
0093e0c0,Unwind@0093e0c0,11,0,1,70
0093e100,Unwind@0093e100,11,0,1,70
0093e10b,Unwind@0093e10b,11,0,1,70
0093e116,Unwind@0093e116,11,0,1,70
0093e121,Unwind@0093e121,11,0,1,70
0093e12c,Unwind@0093e12c,11,0,1,70
0093e137,Unwind@0093e137,11,0,1,70
0093e180,Unwind@0093e180,11,0,1,70
0093e18b,Unwind@0093e18b,11,0,1,70
0093e196,Unwind@0093e196,11,0,1,70
0093e1a1,Unwind@0093e1a1,11,0,1,70
0093e1e0,Unwind@0093e1e0,11,0,1,70
0093e1eb,Unwind@0093e1eb,13,0,1,128
0093e1f8,Unwind@0093e1f8,11,0,1,70
0093e240,Unwind@0093e240,11,0,1,70
0093e24b,Unwind@0093e24b,17,0,1,70
0093e25c,Unwind@0093e25c,17,0,1,70
0093e26d,Unwind@0093e26d,17,0,1,70
0093e27e,Unwind@0093e27e,17,0,1,70
0093e28f,Unwind@0093e28f,17,0,1,70
0093e2a0,Unwind@0093e2a0,17,0,1,70
0093e2b1,Unwind@0093e2b1,11,0,1,70
0093e2bc,Unwind@0093e2bc,11,0,1,70
0093e2c7,Unwind@0093e2c7,11,0,1,70
0093e310,Unwind@0093e310,11,0,1,70
0093e31b,Unwind@0093e31b,11,0,1,70
0093e360,Unwind@0093e360,11,0,1,70
0093e36b,Unwind@0093e36b,11,0,1,70
0093e3b0,Unwind@0093e3b0,8,0,1,70
0093e3b8,Unwind@0093e3b8,8,0,1,70
0093e3c0,Unwind@0093e3c0,8,0,1,70
0093e3c8,Unwind@0093e3c8,8,0,1,70
0093e3d0,Unwind@0093e3d0,8,0,1,70
0093e3d8,Unwind@0093e3d8,8,0,1,70
0093e3e0,Unwind@0093e3e0,8,0,1,70
0093e410,Unwind@0093e410,11,0,1,70
0093e450,Unwind@0093e450,11,0,1,70
0093e490,Unwind@0093e490,11,0,1,70
0093e49b,Unwind@0093e49b,11,0,1,70
0093e4e0,Unwind@0093e4e0,11,0,1,70
0093e4eb,Unwind@0093e4eb,11,0,1,70
0093e4f6,Unwind@0093e4f6,11,0,1,70
0093e501,Unwind@0093e501,11,0,1,70
0093e50c,Unwind@0093e50c,11,0,1,70
0093e550,Unwind@0093e550,11,0,1,70
0093e55b,Unwind@0093e55b,11,0,1,70
0093e566,Unwind@0093e566,11,0,1,70
0093e571,Unwind@0093e571,11,0,1,70
0093e5b0,Unwind@0093e5b0,11,0,1,70
0093e5bb,Unwind@0093e5bb,11,0,1,70
0093e5c6,Unwind@0093e5c6,11,0,1,70
0093e5d1,Unwind@0093e5d1,11,0,1,70
0093e5dc,Unwind@0093e5dc,11,0,1,70
0093e620,Unwind@0093e620,11,0,1,70
0093e62b,Unwind@0093e62b,11,0,1,70
0093e636,Unwind@0093e636,11,0,1,70
0093e670,Unwind@0093e670,11,0,1,70
0093e67b,Unwind@0093e67b,11,0,1,70
0093e686,Unwind@0093e686,11,0,1,70
0093e691,Unwind@0093e691,11,0,1,70
0093e6d0,Unwind@0093e6d0,11,0,1,70
0093e6db,Unwind@0093e6db,11,0,1,70
0093e6e6,Unwind@0093e6e6,11,0,1,70
0093e720,Unwind@0093e720,11,0,1,70
0093e72b,Unwind@0093e72b,17,0,1,70
0093e73c,Unwind@0093e73c,17,0,1,70
0093e74d,Unwind@0093e74d,21,0,1,136
0093e762,Unwind@0093e762,11,0,1,70
0093e76d,Unwind@0093e76d,11,0,1,70
0093e778,Unwind@0093e778,11,0,1,70
0093e7c0,Unwind@0093e7c0,11,0,1,70
0093e7cb,Unwind@0093e7cb,11,0,1,70
0093e810,Unwind@0093e810,11,0,1,70
0093e81b,Unwind@0093e81b,11,0,1,70
0093e826,Unwind@0093e826,11,0,1,70
0093e860,Unwind@0093e860,11,0,1,70
0093e86b,Unwind@0093e86b,11,0,1,70
0093e8b0,Unwind@0093e8b0,11,0,1,70
0093e8bb,Unwind@0093e8bb,11,0,1,70
0093e8c6,Unwind@0093e8c6,11,0,1,70
0093e8d1,Unwind@0093e8d1,11,0,1,70
0093e910,Unwind@0093e910,11,0,1,70
0093e91b,Unwind@0093e91b,11,0,1,70
0093e960,Unwind@0093e960,11,0,1,70
0093e9a0,Unwind@0093e9a0,11,0,1,70
0093e9e0,Unwind@0093e9e0,11,0,1,70
0093ea20,Unwind@0093ea20,11,0,1,70
0093ea60,Unwind@0093ea60,8,0,1,70
0093eaa0,Unwind@0093eaa0,8,0,1,70
0093eaa8,Unwind@0093eaa8,8,0,1,70
0093eae0,Unwind@0093eae0,11,0,1,70
0093eaeb,Unwind@0093eaeb,11,0,1,70
0093eaf6,Unwind@0093eaf6,11,0,1,70
0093eb30,Unwind@0093eb30,11,0,1,70
0093eb3b,Unwind@0093eb3b,11,0,1,70
0093eb46,Unwind@0093eb46,11,0,1,70
0093eb51,Unwind@0093eb51,11,0,1,70
0093eb5c,Unwind@0093eb5c,11,0,1,70
0093eb67,Unwind@0093eb67,11,0,1,70
0093ebb0,Unwind@0093ebb0,11,0,1,70
0093ebbb,Unwind@0093ebbb,11,0,1,70
0093ebc6,Unwind@0093ebc6,11,0,1,70
0093ec00,Unwind@0093ec00,11,0,1,70
0093ec0b,Unwind@0093ec0b,11,0,1,70
0093ec16,Unwind@0093ec16,11,0,1,70
0093ec50,Unwind@0093ec50,11,0,1,70
0093ec5b,Unwind@0093ec5b,11,0,1,70
0093ec66,Unwind@0093ec66,11,0,1,70
0093eca0,Unwind@0093eca0,11,0,1,70
0093ecab,Unwind@0093ecab,27,0,1,191
0093ecc6,Unwind@0093ecc6,11,0,1,70
0093ecd1,Unwind@0093ecd1,11,0,1,70
0093ed40,Unwind@0093ed40,11,0,1,70
0093ed4b,Unwind@0093ed4b,11,0,1,70
0093ed90,Unwind@0093ed90,11,0,1,70
0093ed9b,Unwind@0093ed9b,11,0,1,70
0093ede0,Unwind@0093ede0,11,0,1,70
0093edeb,Unwind@0093edeb,11,0,1,70
0093ee30,Unwind@0093ee30,11,0,1,70
0093ee70,Unwind@0093ee70,8,0,1,70
0093ee78,Unwind@0093ee78,8,0,1,70
0093ee80,Unwind@0093ee80,8,0,1,70
0093ee88,Unwind@0093ee88,8,0,1,70
0093ee90,Unwind@0093ee90,8,0,1,70
0093eec0,Unwind@0093eec0,11,0,1,70
0093eecb,Unwind@0093eecb,11,0,1,70
0093ef10,Unwind@0093ef10,11,0,1,70
0093ef50,Unwind@0093ef50,11,0,1,70
0093ef90,Unwind@0093ef90,11,0,1,70
0093ef9b,Unwind@0093ef9b,11,0,1,70
0093efa6,Unwind@0093efa6,11,0,1,70
0093efe0,Unwind@0093efe0,11,0,1,70
0093efeb,Unwind@0093efeb,11,0,1,70
0093eff6,Unwind@0093eff6,11,0,1,70
0093f030,Unwind@0093f030,11,0,1,70
0093f03b,Unwind@0093f03b,11,0,1,70
0093f080,Unwind@0093f080,11,0,1,70
0093f08b,Unwind@0093f08b,11,0,1,70
0093f096,Unwind@0093f096,11,0,1,70
0093f0d0,Unwind@0093f0d0,11,0,1,70
0093f0db,Unwind@0093f0db,11,0,1,70
0093f0e6,Unwind@0093f0e6,11,0,1,70
0093f0f1,Unwind@0093f0f1,11,0,1,70
0093f130,Unwind@0093f130,11,0,1,70
0093f13b,Unwind@0093f13b,11,0,1,70
0093f180,Unwind@0093f180,11,0,1,70
0093f18b,Unwind@0093f18b,11,0,1,70
0093f196,Unwind@0093f196,11,0,1,70
0093f1a1,Unwind@0093f1a1,11,0,1,70
0093f1e0,Unwind@0093f1e0,8,0,1,70
0093f1e8,Unwind@0093f1e8,14,0,1,70
0093f1f6,Unwind@0093f1f6,14,0,1,70
0093f230,Unwind@0093f230,11,0,1,70
0093f23b,Unwind@0093f23b,11,0,1,70
0093f280,Unwind@0093f280,11,0,1,70
0093f28b,Unwind@0093f28b,11,0,1,70
0093f2d0,Unwind@0093f2d0,11,0,1,70
0093f2db,Unwind@0093f2db,11,0,1,70
0093f2e6,Unwind@0093f2e6,11,0,1,70
0093f2f1,Unwind@0093f2f1,11,0,1,70
0093f2fc,Unwind@0093f2fc,11,0,1,70
0093f307,Unwind@0093f307,11,0,1,70
0093f312,Unwind@0093f312,11,0,1,70
0093f31d,Unwind@0093f31d,11,0,1,70
0093f328,Unwind@0093f328,11,0,1,70
0093f333,Unwind@0093f333,11,0,1,70
0093f33e,Unwind@0093f33e,11,0,1,70
0093f349,Unwind@0093f349,11,0,1,70
0093f354,Unwind@0093f354,11,0,1,70
0093f35f,Unwind@0093f35f,11,0,1,70
0093f36a,Unwind@0093f36a,11,0,1,70
0093f3b0,Unwind@0093f3b0,11,0,1,70
0093f3bb,Unwind@0093f3bb,11,0,1,70
0093f400,Unwind@0093f400,11,0,1,70
0093f40b,Unwind@0093f40b,11,0,1,70
0093f416,Unwind@0093f416,11,0,1,70
0093f450,Unwind@0093f450,11,0,1,70
0093f45b,Unwind@0093f45b,11,0,1,70
0093f466,Unwind@0093f466,11,0,1,70
0093f471,Unwind@0093f471,11,0,1,70
0093f47c,Unwind@0093f47c,11,0,1,70
0093f487,Unwind@0093f487,11,0,1,70
0093f4d0,Unwind@0093f4d0,11,0,1,70
0093f4db,Unwind@0093f4db,11,0,1,70
0093f520,Unwind@0093f520,11,0,1,70
0093f52b,Unwind@0093f52b,11,0,1,70
0093f570,Unwind@0093f570,11,0,1,70
0093f57b,Unwind@0093f57b,11,0,1,70
0093f5c0,Unwind@0093f5c0,11,0,1,70
0093f5cb,Unwind@0093f5cb,8,0,1,70
0093f600,Unwind@0093f600,11,0,1,70
0093f60b,Unwind@0093f60b,11,0,1,70
0093f616,Unwind@0093f616,11,0,1,70
0093f650,Unwind@0093f650,11,0,1,70
0093f65b,Unwind@0093f65b,11,0,1,70
0093f666,Unwind@0093f666,11,0,1,70
0093f671,Unwind@0093f671,11,0,1,70
0093f67c,Unwind@0093f67c,11,0,1,70
0093f687,Unwind@0093f687,11,0,1,70
0093f692,Unwind@0093f692,11,0,1,70
0093f69d,Unwind@0093f69d,11,0,1,70
0093f6e0,Unwind@0093f6e0,11,0,1,70
0093f6eb,Unwind@0093f6eb,11,0,1,70
0093f6f6,Unwind@0093f6f6,11,0,1,70
0093f701,Unwind@0093f701,11,0,1,70
0093f70c,Unwind@0093f70c,11,0,1,70
0093f717,Unwind@0093f717,11,0,1,70
0093f722,Unwind@0093f722,11,0,1,70
0093f72d,Unwind@0093f72d,11,0,1,70
0093f770,Unwind@0093f770,11,0,1,70
0093f77b,Unwind@0093f77b,11,0,1,70
0093f7c0,Unwind@0093f7c0,11,0,1,70
0093f7cb,Unwind@0093f7cb,11,0,1,70
0093f810,Unwind@0093f810,11,0,1,70
0093f81b,Unwind@0093f81b,17,0,1,70
0093f82c,Unwind@0093f82c,11,0,1,70
0093f837,Unwind@0093f837,11,0,1,70
0093f880,Unwind@0093f880,11,0,1,70
0093f8c0,Unwind@0093f8c0,11,0,1,70
0093f8cb,Unwind@0093f8cb,11,0,1,70
0093f910,Unwind@0093f910,11,0,1,70
0093f91b,Unwind@0093f91b,11,0,1,70
0093f960,Unwind@0093f960,11,0,1,70
0093f96b,Unwind@0093f96b,11,0,1,70
0093f9b0,Unwind@0093f9b0,11,0,1,70
0093f9bb,Unwind@0093f9bb,11,0,1,70
0093fa00,Unwind@0093fa00,11,0,1,70
0093fa0b,Unwind@0093fa0b,17,0,1,70
0093fa1c,Unwind@0093fa1c,18,0,1,133
0093fa2e,Unwind@0093fa2e,11,0,1,70
0093fa39,Unwind@0093fa39,11,0,1,70
0093fa80,Unwind@0093fa80,11,0,1,70
0093fa8b,Unwind@0093fa8b,11,0,1,70
0093fa96,Unwind@0093fa96,11,0,1,70
0093fad0,Unwind@0093fad0,11,0,1,70
0093fb10,Unwind@0093fb10,11,0,1,70
0093fb1b,Unwind@0093fb1b,11,0,1,70
0093fb26,Unwind@0093fb26,11,0,1,70
0093fb60,Unwind@0093fb60,11,0,1,70
0093fba0,Unwind@0093fba0,11,0,1,70
0093fbab,Unwind@0093fbab,11,0,1,70
0093fbf0,Unwind@0093fbf0,11,0,1,70
0093fc30,Unwind@0093fc30,11,0,1,70
0093fc3b,Unwind@0093fc3b,11,0,1,70
0093fc80,Unwind@0093fc80,11,0,1,70
0093fc8b,Unwind@0093fc8b,21,0,1,134
0093fca0,Unwind@0093fca0,11,0,1,70
0093fcab,Unwind@0093fcab,11,0,1,70
0093fcf0,Unwind@0093fcf0,8,0,1,70
0093fd20,Unwind@0093fd20,11,0,1,70
0093fd2b,Unwind@0093fd2b,11,0,1,70
0093fd36,Unwind@0093fd36,11,0,1,70
0093fd70,Unwind@0093fd70,11,0,1,70
0093fd7b,Unwind@0093fd7b,11,0,1,70
0093fdc0,Unwind@0093fdc0,11,0,1,70
0093fdcb,Unwind@0093fdcb,11,0,1,70
0093fe10,Unwind@0093fe10,11,0,1,70
0093fe1b,Unwind@0093fe1b,13,0,1,128
0093fe28,Unwind@0093fe28,11,0,1,70
0093fe33,Unwind@0093fe33,11,0,1,70
0093fe3e,Unwind@0093fe3e,11,0,1,70
0093fe80,Unwind@0093fe80,11,0,1,70
0093fe8b,Unwind@0093fe8b,11,0,1,70
0093fe96,Unwind@0093fe96,11,0,1,70
0093fed0,Unwind@0093fed0,11,0,1,70
0093fedb,Unwind@0093fedb,11,0,1,70
0093fee6,Unwind@0093fee6,11,0,1,70
0093ff20,Unwind@0093ff20,11,0,1,70
0093ff2b,Unwind@0093ff2b,11,0,1,70
0093ff70,Unwind@0093ff70,11,0,1,70
0093ff7b,Unwind@0093ff7b,21,0,1,134
0093ff90,Unwind@0093ff90,11,0,1,70
0093ff9b,Unwind@0093ff9b,11,0,1,70
0093ffe0,Unwind@0093ffe0,11,0,1,70
0093ffeb,Unwind@0093ffeb,11,0,1,70
0093fff6,Unwind@0093fff6,11,0,1,70
00940030,Unwind@00940030,11,0,1,70
0094003b,Unwind@0094003b,11,0,1,70
00940080,Unwind@00940080,11,0,1,70
0094008b,Unwind@0094008b,11,0,1,70
00940096,Unwind@00940096,11,0,1,70
009400a1,Unwind@009400a1,11,0,1,70
009400e0,Unwind@009400e0,11,0,1,70
009400eb,Unwind@009400eb,11,0,1,70
00940130,Unwind@00940130,11,0,1,70
0094013b,Unwind@0094013b,11,0,1,70
00940180,Unwind@00940180,11,0,1,70
0094018b,Unwind@0094018b,11,0,1,70
009401d0,Unwind@009401d0,11,0,1,70
009401db,Unwind@009401db,11,0,1,70
009401e6,Unwind@009401e6,11,0,1,70
009401f1,Unwind@009401f1,11,0,1,70
009401fc,Unwind@009401fc,11,0,1,70
00940207,Unwind@00940207,11,0,1,70
00940250,Unwind@00940250,11,0,1,70
0094025b,Unwind@0094025b,17,0,1,70
0094026c,Unwind@0094026c,17,0,1,70
0094027d,Unwind@0094027d,11,0,1,70
00940288,Unwind@00940288,11,0,1,70
009402d0,Unwind@009402d0,11,0,1,70
009402db,Unwind@009402db,11,0,1,70
009402e6,Unwind@009402e6,11,0,1,70
00940320,Unwind@00940320,11,0,1,70
0094032b,Unwind@0094032b,11,0,1,70
00940370,Unwind@00940370,11,0,1,70
0094037b,Unwind@0094037b,11,0,1,70
00940386,Unwind@00940386,11,0,1,70
00940391,Unwind@00940391,11,0,1,70
0094039c,Unwind@0094039c,11,0,1,70
009403a7,Unwind@009403a7,11,0,1,70
009403b2,Unwind@009403b2,11,0,1,70
009403f0,Unwind@009403f0,8,0,1,70
009403f8,Unwind@009403f8,8,0,1,70
00940430,Unwind@00940430,11,0,1,70
0094043b,Unwind@0094043b,11,0,1,70
00940480,Unwind@00940480,11,0,1,70
0094048b,Unwind@0094048b,11,0,1,70
00940496,Unwind@00940496,11,0,1,70
009404a1,Unwind@009404a1,11,0,1,70
009404e0,Unwind@009404e0,11,0,1,70
00940520,Unwind@00940520,11,0,1,70
0094052b,Unwind@0094052b,11,0,1,70
00940570,Unwind@00940570,11,0,1,70
0094057b,Unwind@0094057b,11,0,1,70
009405c0,Unwind@009405c0,11,0,1,70
009405cb,Unwind@009405cb,11,0,1,70
009405d6,Unwind@009405d6,11,0,1,70
00940610,Unwind@00940610,11,0,1,70
00940650,Unwind@00940650,11,0,1,70
0094065b,Unwind@0094065b,11,0,1,70
00940666,Unwind@00940666,11,0,1,70
009406a0,Unwind@009406a0,11,0,1,70
009406e0,Unwind@009406e0,8,0,1,70
009406e8,Unwind@009406e8,8,0,1,70
00940720,Unwind@00940720,11,0,1,70
0094072b,Unwind@0094072b,11,0,1,70
00940770,Unwind@00940770,11,0,1,70
0094077b,Unwind@0094077b,11,0,1,70
009407c0,Unwind@009407c0,25,0,1,159
009407d9,Unwind@009407d9,11,0,1,70
009407e4,Unwind@009407e4,11,0,1,70
009407ef,Unwind@009407ef,11,0,1,70
00940830,Unwind@00940830,11,0,1,70
00940870,Unwind@00940870,11,0,1,70
0094087b,Unwind@0094087b,11,0,1,70
00940886,Unwind@00940886,11,0,1,70
00940891,Unwind@00940891,11,0,1,70
009408d0,Unwind@009408d0,11,0,1,70
009408db,Unwind@009408db,28,0,1,164
009408f7,Unwind@009408f7,11,0,1,70
00940902,Unwind@00940902,11,0,1,70
0094090d,Unwind@0094090d,11,0,1,70
00940950,Unwind@00940950,11,0,1,70
0094095b,Unwind@0094095b,11,0,1,70
00940966,Unwind@00940966,11,0,1,70
00940971,Unwind@00940971,11,0,1,70
009409b0,Unwind@009409b0,11,0,1,70
009409bb,Unwind@009409bb,11,0,1,70
009409c6,Unwind@009409c6,11,0,1,70
009409d1,Unwind@009409d1,11,0,1,70
00940a10,Unwind@00940a10,11,0,1,70
00940a1b,Unwind@00940a1b,11,0,1,70
00940a26,Unwind@00940a26,11,0,1,70
00940a31,Unwind@00940a31,11,0,1,70
00940a3c,Unwind@00940a3c,11,0,1,70
00940a47,Unwind@00940a47,11,0,1,70
00940a90,Unwind@00940a90,11,0,1,70
00940a9b,Unwind@00940a9b,17,0,1,70
00940aac,Unwind@00940aac,17,0,1,70
00940abd,Unwind@00940abd,11,0,1,70
00940ac8,Unwind@00940ac8,11,0,1,70
00940ad3,Unwind@00940ad3,21,0,1,136
00940ae8,Unwind@00940ae8,11,0,1,70
00940af3,Unwind@00940af3,11,0,1,70
00940b30,Unwind@00940b30,11,0,1,70
00940b3b,Unwind@00940b3b,11,0,1,70
00940b46,Unwind@00940b46,11,0,1,70
00940b51,Unwind@00940b51,11,0,1,70
00940b90,Unwind@00940b90,11,0,1,70
00940b9b,Unwind@00940b9b,11,0,1,70
00940ba6,Unwind@00940ba6,11,0,1,70
00940be0,Unwind@00940be0,11,0,1,70
00940beb,Unwind@00940beb,11,0,1,70
00940c30,Unwind@00940c30,11,0,1,70
00940c3b,Unwind@00940c3b,11,0,1,70
00940c80,Unwind@00940c80,11,0,1,70
00940c8b,Unwind@00940c8b,11,0,1,70
00940c96,Unwind@00940c96,13,0,1,128
00940ca3,Unwind@00940ca3,11,0,1,70
00940cae,Unwind@00940cae,11,0,1,70
00940cb9,Unwind@00940cb9,11,0,1,70
00940cc4,Unwind@00940cc4,11,0,1,70
00940d00,Unwind@00940d00,11,0,1,70
00940d40,Unwind@00940d40,11,0,1,70
00940d80,Unwind@00940d80,11,0,1,70
00940d8b,Unwind@00940d8b,17,0,1,70
00940d9c,Unwind@00940d9c,11,0,1,70
00940da7,Unwind@00940da7,11,0,1,70
00940df0,Unwind@00940df0,11,0,1,70
00940dfb,Unwind@00940dfb,11,0,1,70
00940e40,Unwind@00940e40,11,0,1,70
00940e4b,Unwind@00940e4b,11,0,1,70
00940e56,Unwind@00940e56,11,0,1,70
00940e90,Unwind@00940e90,11,0,1,70
00940e9b,Unwind@00940e9b,11,0,1,70
00940ea6,Unwind@00940ea6,11,0,1,70
00940ee0,Unwind@00940ee0,11,0,1,70
00940f20,Unwind@00940f20,11,0,1,70
00940f2b,Unwind@00940f2b,11,0,1,70
00940f70,Unwind@00940f70,11,0,1,70
00940f7b,Unwind@00940f7b,17,0,1,70
00940f8c,Unwind@00940f8c,11,0,1,70
00940f97,Unwind@00940f97,11,0,1,70
00940fe0,Unwind@00940fe0,11,0,1,70
00941020,Unwind@00941020,11,0,1,70
0094102b,Unwind@0094102b,11,0,1,70
00941070,Unwind@00941070,11,0,1,70
009410b0,Unwind@009410b0,11,0,1,70
009410bb,Unwind@009410bb,11,0,1,70
009410c6,Unwind@009410c6,11,0,1,70
009410d1,Unwind@009410d1,11,0,1,70
009410dc,Unwind@009410dc,11,0,1,70
009410e7,Unwind@009410e7,11,0,1,70
009410f2,Unwind@009410f2,11,0,1,70
009410fd,Unwind@009410fd,11,0,1,70
00941140,Unwind@00941140,11,0,1,70
0094114b,Unwind@0094114b,11,0,1,70
00941156,Unwind@00941156,11,0,1,70
00941161,Unwind@00941161,8,0,1,70
009411a0,Unwind@009411a0,11,0,1,70
009411ab,Unwind@009411ab,8,0,1,70
009411f0,Unwind@009411f0,11,0,1,70
009411fb,Unwind@009411fb,11,0,1,70
00941206,Unwind@00941206,11,0,1,70
00941240,Unwind@00941240,11,0,1,70
0094124b,Unwind@0094124b,11,0,1,70
00941290,Unwind@00941290,11,0,1,70
0094129b,Unwind@0094129b,11,0,1,70
009412a6,Unwind@009412a6,11,0,1,70
009412e0,Unwind@009412e0,11,0,1,70
009412eb,Unwind@009412eb,11,0,1,70
009412f6,Unwind@009412f6,11,0,1,70
00941301,Unwind@00941301,11,0,1,70
0094130c,Unwind@0094130c,11,0,1,70
00941317,Unwind@00941317,11,0,1,70
00941360,Unwind@00941360,11,0,1,70
0094136b,Unwind@0094136b,11,0,1,70
00941376,Unwind@00941376,11,0,1,70
00941381,Unwind@00941381,11,0,1,70
0094138c,Unwind@0094138c,11,0,1,70
009413d0,Unwind@009413d0,11,0,1,70
009413db,Unwind@009413db,11,0,1,70
009413e6,Unwind@009413e6,11,0,1,70
009413f1,Unwind@009413f1,11,0,1,70
009413fc,Unwind@009413fc,11,0,1,70
00941440,Unwind@00941440,11,0,1,70
00941480,Unwind@00941480,10,0,1,126
009414b0,Unwind@009414b0,8,0,1,70
009414f0,Unwind@009414f0,8,0,1,70
00941530,Unwind@00941530,11,0,1,70
0094153b,Unwind@0094153b,11,0,1,70
00941546,Unwind@00941546,11,0,1,70
00941551,Unwind@00941551,11,0,1,70
00941590,Unwind@00941590,11,0,1,70
009415d0,Unwind@009415d0,11,0,1,70
009415db,Unwind@009415db,11,0,1,70
009415e6,Unwind@009415e6,11,0,1,70
009415f1,Unwind@009415f1,11,0,1,70
009415fc,Unwind@009415fc,11,0,1,70
00941607,Unwind@00941607,11,0,1,70
00941612,Unwind@00941612,11,0,1,70
0094161d,Unwind@0094161d,11,0,1,70
00941628,Unwind@00941628,11,0,1,70
00941633,Unwind@00941633,11,0,1,70
0094163e,Unwind@0094163e,11,0,1,70
00941649,Unwind@00941649,11,0,1,70
00941654,Unwind@00941654,11,0,1,70
0094165f,Unwind@0094165f,11,0,1,70
0094166a,Unwind@0094166a,11,0,1,70
00941675,Unwind@00941675,11,0,1,70
009416b0,Unwind@009416b0,11,0,1,70
009416bb,Unwind@009416bb,11,0,1,70
009416c6,Unwind@009416c6,11,0,1,70
009416d1,Unwind@009416d1,11,0,1,70
009416dc,Unwind@009416dc,11,0,1,70
009416e7,Unwind@009416e7,11,0,1,70
009416f2,Unwind@009416f2,11,0,1,70
009416fd,Unwind@009416fd,11,0,1,70
00941708,Unwind@00941708,11,0,1,70
00941713,Unwind@00941713,11,0,1,70
0094171e,Unwind@0094171e,11,0,1,70
00941729,Unwind@00941729,11,0,1,70
00941734,Unwind@00941734,11,0,1,70
0094173f,Unwind@0094173f,11,0,1,70
0094174a,Unwind@0094174a,11,0,1,70
00941790,Unwind@00941790,8,0,1,70
00941798,Unwind@00941798,8,0,1,70
009417a0,Unwind@009417a0,11,0,1,70
009417ab,Unwind@009417ab,11,0,1,70
009417b6,Unwind@009417b6,8,0,1,70
009417be,Unwind@009417be,11,0,1,70
00941800,Unwind@00941800,11,0,1,70
0094180b,Unwind@0094180b,11,0,1,70
00941816,Unwind@00941816,11,0,1,70
00941850,Unwind@00941850,8,0,1,70
00941890,Unwind@00941890,8,0,1,70
00941898,Unwind@00941898,11,0,1,70
009418a3,Unwind@009418a3,11,0,1,70
009418ae,Unwind@009418ae,11,0,1,70
009418b9,Unwind@009418b9,11,0,1,70
009418c4,Unwind@009418c4,11,0,1,70
009418cf,Unwind@009418cf,11,0,1,70
009418da,Unwind@009418da,11,0,1,70
009418e5,Unwind@009418e5,11,0,1,70
009418f0,Unwind@009418f0,11,0,1,70
009418fb,Unwind@009418fb,11,0,1,70
00941906,Unwind@00941906,11,0,1,70
00941911,Unwind@00941911,11,0,1,70
0094191c,Unwind@0094191c,11,0,1,70
00941927,Unwind@00941927,11,0,1,70
00941970,Unwind@00941970,8,0,1,70
00941978,Unwind@00941978,11,0,1,70
00941983,Unwind@00941983,11,0,1,70
0094198e,Unwind@0094198e,11,0,1,70
00941999,Unwind@00941999,11,0,1,70
009419a4,Unwind@009419a4,11,0,1,70
009419af,Unwind@009419af,11,0,1,70
009419ba,Unwind@009419ba,11,0,1,70
00941a00,Unwind@00941a00,11,0,1,70
00941a0b,Unwind@00941a0b,11,0,1,70
00941a50,Unwind@00941a50,11,0,1,70
00941a5b,Unwind@00941a5b,11,0,1,70
00941a66,Unwind@00941a66,11,0,1,70
00941a71,Unwind@00941a71,11,0,1,70
00941a7c,Unwind@00941a7c,11,0,1,70
00941a87,Unwind@00941a87,11,0,1,70
00941a92,Unwind@00941a92,11,0,1,70
00941a9d,Unwind@00941a9d,11,0,1,70
00941aa8,Unwind@00941aa8,11,0,1,70
00941af0,Unwind@00941af0,11,0,1,70
00941afb,Unwind@00941afb,11,0,1,70
00941b40,Unwind@00941b40,11,0,1,70
00941b80,Unwind@00941b80,11,0,1,70
00941b8b,Unwind@00941b8b,17,0,1,70
00941b9c,Unwind@00941b9c,11,0,1,70
00941ba7,Unwind@00941ba7,11,0,1,70
00941bb2,Unwind@00941bb2,11,0,1,70
00941bbd,Unwind@00941bbd,11,0,1,70
00941c00,Unwind@00941c00,11,0,1,70
00941c0b,Unwind@00941c0b,11,0,1,70
00941c50,Unwind@00941c50,11,0,1,70
00941c5b,Unwind@00941c5b,11,0,1,70
00941c66,Unwind@00941c66,11,0,1,70
00941c71,Unwind@00941c71,11,0,1,70
00941cb0,Unwind@00941cb0,11,0,1,70
00941cbb,Unwind@00941cbb,11,0,1,70
00941cc6,Unwind@00941cc6,11,0,1,70
00941d00,Unwind@00941d00,11,0,1,70
00941d0b,Unwind@00941d0b,13,0,1,127
00941d50,Unwind@00941d50,11,0,1,70
00941d5b,Unwind@00941d5b,8,0,1,70
00941d90,Unwind@00941d90,11,0,1,70
00941dd0,Unwind@00941dd0,11,0,1,70
00941e10,Unwind@00941e10,8,0,1,70
00941e18,Unwind@00941e18,8,0,1,70
00941e20,Unwind@00941e20,8,0,1,70
00941e50,Unwind@00941e50,11,0,1,70
00941e5b,Unwind@00941e5b,11,0,1,70
00941e66,Unwind@00941e66,11,0,1,70
00941e71,Unwind@00941e71,11,0,1,70
00941eb0,Unwind@00941eb0,8,0,1,70
00941eb8,Unwind@00941eb8,8,0,1,70
00941ec0,Unwind@00941ec0,8,0,1,70
00941ef0,Unwind@00941ef0,11,0,1,70
00941efb,Unwind@00941efb,11,0,1,70
00941f06,Unwind@00941f06,11,0,1,70
00941f11,Unwind@00941f11,11,0,1,70
00941f50,Unwind@00941f50,11,0,1,70
00941f5b,Unwind@00941f5b,11,0,1,70
00941f66,Unwind@00941f66,11,0,1,70
00941f71,Unwind@00941f71,11,0,1,70
00941f7c,Unwind@00941f7c,11,0,1,70
00941f87,Unwind@00941f87,11,0,1,70
00941f92,Unwind@00941f92,11,0,1,70
00941f9d,Unwind@00941f9d,11,0,1,70
00941fe0,Unwind@00941fe0,11,0,1,70
00941feb,Unwind@00941feb,11,0,1,70
00942030,Unwind@00942030,8,0,1,70
00942038,Unwind@00942038,8,0,1,70
00942040,Unwind@00942040,8,0,1,70
00942048,Unwind@00942048,8,0,1,70
00942050,Unwind@00942050,8,0,1,70
00942058,Unwind@00942058,8,0,1,70
00942060,Unwind@00942060,8,0,1,70
00942068,Unwind@00942068,8,0,1,70
00942070,Unwind@00942070,8,0,1,70
00942078,Unwind@00942078,8,0,1,70
009420b0,Unwind@009420b0,11,0,1,70
009420e0,Unwind@009420e0,11,0,1,70
009420eb,Unwind@009420eb,11,0,1,70
009420f6,Unwind@009420f6,11,0,1,70
00942130,Unwind@00942130,11,0,1,70
0094213b,Unwind@0094213b,11,0,1,70
00942146,Unwind@00942146,11,0,1,70
00942151,Unwind@00942151,11,0,1,70
0094215c,Unwind@0094215c,13,0,1,129
00942169,Unwind@00942169,11,0,1,70
009421b0,Unwind@009421b0,11,0,1,70
009421bb,Unwind@009421bb,11,0,1,70
009421c6,Unwind@009421c6,11,0,1,70
009421d1,Unwind@009421d1,11,0,1,70
009421dc,Unwind@009421dc,11,0,1,70
009421e7,Unwind@009421e7,11,0,1,70
009421f2,Unwind@009421f2,11,0,1,70
009421fd,Unwind@009421fd,11,0,1,70
00942208,Unwind@00942208,11,0,1,70
00942250,Unwind@00942250,11,0,1,70
0094225b,Unwind@0094225b,17,0,1,70
0094226c,Unwind@0094226c,30,0,1,197
0094228a,Unwind@0094228a,11,0,1,70
00942295,Unwind@00942295,11,0,1,70
009422d0,Unwind@009422d0,11,0,1,70
009422db,Unwind@009422db,11,0,1,70
009422e6,Unwind@009422e6,11,0,1,70
009422f1,Unwind@009422f1,11,0,1,70
009422fc,Unwind@009422fc,11,0,1,70
00942307,Unwind@00942307,11,0,1,70
00942312,Unwind@00942312,11,0,1,70
0094231d,Unwind@0094231d,11,0,1,70
00942328,Unwind@00942328,11,0,1,70
00942333,Unwind@00942333,11,0,1,70
0094233e,Unwind@0094233e,11,0,1,70
00942380,Unwind@00942380,11,0,1,70
0094238b,Unwind@0094238b,11,0,1,70
00942396,Unwind@00942396,11,0,1,70
009423a1,Unwind@009423a1,11,0,1,70
009423ac,Unwind@009423ac,11,0,1,70
009423b7,Unwind@009423b7,11,0,1,70
009423c2,Unwind@009423c2,11,0,1,70
009423cd,Unwind@009423cd,11,0,1,70
009423d8,Unwind@009423d8,11,0,1,70
00942420,Unwind@00942420,11,0,1,70
0094242b,Unwind@0094242b,11,0,1,70
00942436,Unwind@00942436,11,0,1,70
00942441,Unwind@00942441,11,0,1,70
00942480,Unwind@00942480,11,0,1,70
0094248b,Unwind@0094248b,11,0,1,70
00942496,Unwind@00942496,11,0,1,70
009424a1,Unwind@009424a1,11,0,1,70
009424ac,Unwind@009424ac,11,0,1,70
009424b7,Unwind@009424b7,11,0,1,70
009424c2,Unwind@009424c2,11,0,1,70
009424cd,Unwind@009424cd,11,0,1,70
009424d8,Unwind@009424d8,11,0,1,70
009424e3,Unwind@009424e3,11,0,1,70
009424ee,Unwind@009424ee,11,0,1,70
009424f9,Unwind@009424f9,11,0,1,70
00942504,Unwind@00942504,11,0,1,70
00942540,Unwind@00942540,8,0,1,70
00942570,Unwind@00942570,11,0,1,70
0094257b,Unwind@0094257b,11,0,1,70
00942586,Unwind@00942586,8,0,1,70
009425c0,Unwind@009425c0,11,0,1,70
009425cb,Unwind@009425cb,11,0,1,70
009425d6,Unwind@009425d6,11,0,1,70
009425e1,Unwind@009425e1,11,0,1,70
009425ec,Unwind@009425ec,11,0,1,70
009425f7,Unwind@009425f7,11,0,1,70
00942640,Unwind@00942640,11,0,1,70
0094264b,Unwind@0094264b,11,0,1,70
00942656,Unwind@00942656,11,0,1,70
00942661,Unwind@00942661,11,0,1,70
0094266c,Unwind@0094266c,11,0,1,70
00942677,Unwind@00942677,11,0,1,70
00942682,Unwind@00942682,11,0,1,70
0094268d,Unwind@0094268d,11,0,1,70
00942698,Unwind@00942698,11,0,1,70
009426e0,Unwind@009426e0,11,0,1,70
009426eb,Unwind@009426eb,8,0,1,70
009426f3,Unwind@009426f3,8,0,1,70
00942720,Unwind@00942720,8,0,1,70
00942728,Unwind@00942728,8,0,1,70
00942730,Unwind@00942730,8,0,1,70
00942738,Unwind@00942738,8,0,1,70
00942740,Unwind@00942740,8,0,1,70
00942770,Unwind@00942770,8,0,1,70
009427a0,Unwind@009427a0,11,0,1,70
009427ab,Unwind@009427ab,11,0,1,70
009427f0,Unwind@009427f0,11,0,1,70
009427fb,Unwind@009427fb,11,0,1,70
00942840,Unwind@00942840,11,0,1,70
0094284b,Unwind@0094284b,11,0,1,70
00942856,Unwind@00942856,11,0,1,70
00942890,Unwind@00942890,11,0,1,70
0094289b,Unwind@0094289b,11,0,1,70
009428e0,Unwind@009428e0,11,0,1,70
00942920,Unwind@00942920,11,0,1,70
0094292b,Unwind@0094292b,11,0,1,70
00942936,Unwind@00942936,11,0,1,70
00942941,Unwind@00942941,11,0,1,70
0094294c,Unwind@0094294c,11,0,1,70
00942957,Unwind@00942957,11,0,1,70
00942962,Unwind@00942962,11,0,1,70
0094296d,Unwind@0094296d,11,0,1,70
009429b0,Unwind@009429b0,8,0,1,70
009429b8,Unwind@009429b8,14,0,1,70
009429c6,Unwind@009429c6,18,0,1,132
00942a10,Unwind@00942a10,11,0,1,70
00942a1b,Unwind@00942a1b,11,0,1,70
00942a26,Unwind@00942a26,11,0,1,70
00942a60,Unwind@00942a60,11,0,1,70
00942a6b,Unwind@00942a6b,11,0,1,70
00942ab0,Unwind@00942ab0,11,0,1,70
00942abb,Unwind@00942abb,11,0,1,70
00942ac6,Unwind@00942ac6,11,0,1,70
00942ad1,Unwind@00942ad1,11,0,1,70
00942adc,Unwind@00942adc,11,0,1,70
00942ae7,Unwind@00942ae7,11,0,1,70
00942b30,Unwind@00942b30,11,0,1,70
00942b3b,Unwind@00942b3b,11,0,1,70
00942b46,Unwind@00942b46,11,0,1,70
00942b80,Unwind@00942b80,11,0,1,70
00942b8b,Unwind@00942b8b,11,0,1,70
00942bd0,Unwind@00942bd0,11,0,1,70
00942bdb,Unwind@00942bdb,11,0,1,70
00942c20,Unwind@00942c20,11,0,1,70
00942c2b,Unwind@00942c2b,11,0,1,70
00942c36,Unwind@00942c36,11,0,1,70
00942c41,Unwind@00942c41,11,0,1,70
00942c80,Unwind@00942c80,11,0,1,70
00942c8b,Unwind@00942c8b,11,0,1,70
00942c96,Unwind@00942c96,11,0,1,70
00942cd0,Unwind@00942cd0,11,0,1,70
00942cdb,Unwind@00942cdb,11,0,1,70
00942ce6,Unwind@00942ce6,11,0,1,70
00942d20,Unwind@00942d20,11,0,1,70
00942d2b,Unwind@00942d2b,11,0,1,70
00942d36,Unwind@00942d36,11,0,1,70
00942d70,Unwind@00942d70,11,0,1,70
00942d7b,Unwind@00942d7b,11,0,1,70
00942d86,Unwind@00942d86,11,0,1,70
00942dc0,Unwind@00942dc0,11,0,1,70
00942dcb,Unwind@00942dcb,11,0,1,70
00942dd6,Unwind@00942dd6,11,0,1,70
00942e10,Unwind@00942e10,11,0,1,70
00942e1b,Unwind@00942e1b,11,0,1,70
00942e60,Unwind@00942e60,11,0,1,70
00942e6b,Unwind@00942e6b,11,0,1,70
00942e76,Unwind@00942e76,11,0,1,70
00942e81,Unwind@00942e81,11,0,1,70
00942e8c,Unwind@00942e8c,11,0,1,70
00942e97,Unwind@00942e97,11,0,1,70
00942ea2,Unwind@00942ea2,11,0,1,70
00942ead,Unwind@00942ead,11,0,1,70
00942eb8,Unwind@00942eb8,11,0,1,70
00942ec3,Unwind@00942ec3,11,0,1,70
00942ece,Unwind@00942ece,11,0,1,70
00942ed9,Unwind@00942ed9,11,0,1,70
00942ee4,Unwind@00942ee4,11,0,1,70
00942eef,Unwind@00942eef,11,0,1,70
00942efa,Unwind@00942efa,11,0,1,70
00942f05,Unwind@00942f05,11,0,1,70
00942f10,Unwind@00942f10,11,0,1,70
00942f1b,Unwind@00942f1b,11,0,1,70
00942f26,Unwind@00942f26,11,0,1,70
00942f31,Unwind@00942f31,11,0,1,70
00942f3c,Unwind@00942f3c,11,0,1,70
00942f47,Unwind@00942f47,11,0,1,70
00942f52,Unwind@00942f52,11,0,1,70
00942f5d,Unwind@00942f5d,11,0,1,70
00942f68,Unwind@00942f68,11,0,1,70
00942f73,Unwind@00942f73,11,0,1,70
00942f7e,Unwind@00942f7e,11,0,1,70
00942f89,Unwind@00942f89,11,0,1,70
00942f94,Unwind@00942f94,11,0,1,70
00942fd0,Unwind@00942fd0,8,0,1,70
00942fd8,Unwind@00942fd8,11,0,1,70
00942fe3,Unwind@00942fe3,8,0,1,70
00942feb,Unwind@00942feb,11,0,1,70
00942ff6,Unwind@00942ff6,11,0,1,70
00943001,Unwind@00943001,11,0,1,70
0094300c,Unwind@0094300c,11,0,1,70
00943017,Unwind@00943017,11,0,1,70
00943022,Unwind@00943022,11,0,1,70
00943060,Unwind@00943060,8,0,1,70
00943068,Unwind@00943068,8,0,1,70
00943070,Unwind@00943070,8,0,1,70
00943078,Unwind@00943078,8,0,1,70
00943080,Unwind@00943080,8,0,1,70
00943088,Unwind@00943088,8,0,1,70
00943090,Unwind@00943090,11,0,1,70
0094309b,Unwind@0094309b,11,0,1,70
009430a6,Unwind@009430a6,11,0,1,70
009430b1,Unwind@009430b1,11,0,1,70
009430bc,Unwind@009430bc,11,0,1,70
009430c7,Unwind@009430c7,11,0,1,70
009430d2,Unwind@009430d2,11,0,1,70
009430dd,Unwind@009430dd,11,0,1,70
009430e8,Unwind@009430e8,11,0,1,70
009430f3,Unwind@009430f3,11,0,1,70
009430fe,Unwind@009430fe,11,0,1,70
00943109,Unwind@00943109,11,0,1,70
00943114,Unwind@00943114,11,0,1,70
0094311f,Unwind@0094311f,11,0,1,70
0094312a,Unwind@0094312a,11,0,1,70
00943135,Unwind@00943135,11,0,1,70
00943140,Unwind@00943140,11,0,1,70
0094314b,Unwind@0094314b,11,0,1,70
00943156,Unwind@00943156,11,0,1,70
00943161,Unwind@00943161,11,0,1,70
0094316c,Unwind@0094316c,11,0,1,70
009431a0,Unwind@009431a0,8,0,1,70
009431d0,Unwind@009431d0,11,0,1,70
009431db,Unwind@009431db,17,0,1,70
009431ec,Unwind@009431ec,17,0,1,70
009431fd,Unwind@009431fd,17,0,1,70
0094320e,Unwind@0094320e,17,0,1,70
0094321f,Unwind@0094321f,17,0,1,70
00943230,Unwind@00943230,17,0,1,70
00943241,Unwind@00943241,17,0,1,70
00943252,Unwind@00943252,17,0,1,70
00943263,Unwind@00943263,17,0,1,70
00943274,Unwind@00943274,21,0,1,134
00943289,Unwind@00943289,11,0,1,70
00943294,Unwind@00943294,11,0,1,70
009432d0,Unwind@009432d0,11,0,1,70
009432db,Unwind@009432db,11,0,1,70
00943320,Unwind@00943320,11,0,1,70
0094332b,Unwind@0094332b,11,0,1,70
00943336,Unwind@00943336,11,0,1,70
00943370,Unwind@00943370,11,0,1,70
0094337b,Unwind@0094337b,11,0,1,70
009433c0,Unwind@009433c0,11,0,1,70
00943400,Unwind@00943400,11,0,1,70
0094340b,Unwind@0094340b,11,0,1,70
00943416,Unwind@00943416,11,0,1,70
00943421,Unwind@00943421,11,0,1,70
00943460,Unwind@00943460,11,0,1,70
0094346b,Unwind@0094346b,11,0,1,70
00943476,Unwind@00943476,11,0,1,70
009434b0,Unwind@009434b0,11,0,1,70
009434bb,Unwind@009434bb,11,0,1,70
00943500,Unwind@00943500,11,0,1,70
0094350b,Unwind@0094350b,11,0,1,70
00943550,Unwind@00943550,11,0,1,70
0094355b,Unwind@0094355b,11,0,1,70
009435a0,Unwind@009435a0,11,0,1,70
009435ab,Unwind@009435ab,11,0,1,70
009435b6,Unwind@009435b6,11,0,1,70
009435f0,Unwind@009435f0,11,0,1,70
009435fb,Unwind@009435fb,11,0,1,70
00943640,Unwind@00943640,11,0,1,70
0094364b,Unwind@0094364b,11,0,1,70
00943690,Unwind@00943690,11,0,1,70
0094369b,Unwind@0094369b,11,0,1,70
009436a6,Unwind@009436a6,11,0,1,70
009436b1,Unwind@009436b1,11,0,1,70
009436bc,Unwind@009436bc,11,0,1,70
009436c7,Unwind@009436c7,11,0,1,70
00943710,Unwind@00943710,11,0,1,70
0094371b,Unwind@0094371b,11,0,1,70
00943726,Unwind@00943726,11,0,1,70
00943760,Unwind@00943760,11,0,1,70
0094376b,Unwind@0094376b,11,0,1,70
00943776,Unwind@00943776,11,0,1,70
00943781,Unwind@00943781,11,0,1,70
0094378c,Unwind@0094378c,11,0,1,70
00943797,Unwind@00943797,11,0,1,70
009437a2,Unwind@009437a2,11,0,1,70
009437ad,Unwind@009437ad,11,0,1,70
009437b8,Unwind@009437b8,11,0,1,70
009437c3,Unwind@009437c3,11,0,1,70
009437ce,Unwind@009437ce,11,0,1,70
009437d9,Unwind@009437d9,11,0,1,70
009437e4,Unwind@009437e4,11,0,1,70
009437ef,Unwind@009437ef,11,0,1,70
009437fa,Unwind@009437fa,11,0,1,70
00943805,Unwind@00943805,11,0,1,70
00943810,Unwind@00943810,11,0,1,70
0094381b,Unwind@0094381b,11,0,1,70
00943826,Unwind@00943826,11,0,1,70
00943831,Unwind@00943831,11,0,1,70
0094383c,Unwind@0094383c,11,0,1,70
00943880,Unwind@00943880,11,0,1,70
0094388b,Unwind@0094388b,11,0,1,70
009438d0,Unwind@009438d0,8,0,1,70
00943910,Unwind@00943910,11,0,1,70
0094391b,Unwind@0094391b,11,0,1,70
00943926,Unwind@00943926,11,0,1,70
00943931,Unwind@00943931,11,0,1,70
0094393c,Unwind@0094393c,11,0,1,70
00943947,Unwind@00943947,11,0,1,70
00943952,Unwind@00943952,11,0,1,70
0094395d,Unwind@0094395d,11,0,1,70
00943968,Unwind@00943968,11,0,1,70
00943973,Unwind@00943973,11,0,1,70
0094397e,Unwind@0094397e,11,0,1,70
00943989,Unwind@00943989,11,0,1,70
00943994,Unwind@00943994,11,0,1,70
009439d0,Unwind@009439d0,11,0,1,70
009439db,Unwind@009439db,11,0,1,70
009439e6,Unwind@009439e6,11,0,1,70
009439f1,Unwind@009439f1,11,0,1,70
009439fc,Unwind@009439fc,11,0,1,70
00943a07,Unwind@00943a07,11,0,1,70
00943a12,Unwind@00943a12,11,0,1,70
00943a1d,Unwind@00943a1d,11,0,1,70
00943a28,Unwind@00943a28,11,0,1,70
00943a33,Unwind@00943a33,11,0,1,70
00943a3e,Unwind@00943a3e,11,0,1,70
00943a49,Unwind@00943a49,11,0,1,70
00943a54,Unwind@00943a54,11,0,1,70
00943a5f,Unwind@00943a5f,11,0,1,70
00943aa0,Unwind@00943aa0,11,0,1,70
00943aab,Unwind@00943aab,11,0,1,70
00943ab6,Unwind@00943ab6,11,0,1,70
00943ac1,Unwind@00943ac1,11,0,1,70
00943acc,Unwind@00943acc,11,0,1,70
00943ad7,Unwind@00943ad7,11,0,1,70
00943ae2,Unwind@00943ae2,11,0,1,70
00943aed,Unwind@00943aed,11,0,1,70
00943af8,Unwind@00943af8,11,0,1,70
00943b03,Unwind@00943b03,11,0,1,70
00943b0e,Unwind@00943b0e,11,0,1,70
00943b19,Unwind@00943b19,11,0,1,70
00943b24,Unwind@00943b24,11,0,1,70
00943b2f,Unwind@00943b2f,11,0,1,70
00943b3a,Unwind@00943b3a,11,0,1,70
00943b45,Unwind@00943b45,11,0,1,70
00943b50,Unwind@00943b50,11,0,1,70
00943b5b,Unwind@00943b5b,11,0,1,70
00943b66,Unwind@00943b66,11,0,1,70
00943b71,Unwind@00943b71,11,0,1,70
00943b7c,Unwind@00943b7c,11,0,1,70
00943bc0,Unwind@00943bc0,11,0,1,70
00943bcb,Unwind@00943bcb,11,0,1,70
00943bd6,Unwind@00943bd6,11,0,1,70
00943be1,Unwind@00943be1,11,0,1,70
00943c20,Unwind@00943c20,11,0,1,70
00943c2b,Unwind@00943c2b,11,0,1,70
00943c36,Unwind@00943c36,11,0,1,70
00943c41,Unwind@00943c41,11,0,1,70
00943c7b,Unwind@00943c7b,9,0,1,140
00943ca6,Unwind@00943ca6,11,0,1,70
00943ce0,Unwind@00943ce0,9,0,1,126
00943d0b,Unwind@00943d0b,8,0,1,70
00943d3f,Unwind@00943d3f,8,0,1,70
00943d73,Unwind@00943d73,11,0,1,70
00943dad,Unwind@00943dad,9,0,1,126
00943df5,Unwind@00943df5,8,0,1,75
00943e63,Unwind@00943e63,12,0,1,157
00943e91,Unwind@00943e91,8,0,1,68
00943ebb,Unwind@00943ebb,11,0,1,70
00943ef5,Unwind@00943ef5,8,0,1,70
00943f1f,Unwind@00943f1f,8,0,1,70
00943f53,Unwind@00943f53,8,0,1,326
00943f5b,Unwind@00943f5b,8,0,1,70
00943f63,Unwind@00943f63,11,0,1,70
00943f6e,Unwind@00943f6e,8,0,1,70
00943f9b,Unwind@00943f9b,11,0,1,70
00943fe8,Unwind@00943fe8,11,0,1,70
0094403f,Unwind@0094403f,11,0,1,75
00944079,Unwind@00944079,8,0,1,75
009440a3,Unwind@009440a3,13,0,1,131
009440d2,Unwind@009440d2,8,0,1,70
009440da,Unwind@009440da,8,0,1,70
00944121,Unwind@00944121,8,0,1,70
00944129,Unwind@00944129,14,0,1,70
00944137,Unwind@00944137,14,0,1,70
00944184,Unwind@00944184,11,0,1,70
0094418f,Unwind@0094418f,17,0,1,70
009441a0,Unwind@009441a0,17,0,1,70
009441b1,Unwind@009441b1,11,0,1,70
009441eb,Unwind@009441eb,8,0,1,67
00944215,Unwind@00944215,8,0,1,70
0094421d,Unwind@0094421d,8,0,1,70
00944247,Unwind@00944247,8,0,1,70
0094424f,Unwind@0094424f,8,0,1,70
00944279,Unwind@00944279,11,0,1,70
00944284,Unwind@00944284,11,0,1,70
0094428f,Unwind@0094428f,11,0,1,70
0094429a,Unwind@0094429a,11,0,1,70
009442a5,Unwind@009442a5,11,0,1,70
009442b0,Unwind@009442b0,11,0,1,70
009442bb,Unwind@009442bb,11,0,1,131
009442f5,Unwind@009442f5,8,0,1,70
0094431f,Unwind@0094431f,8,0,1,70
00944349,Unwind@00944349,8,0,1,70
00944373,Unwind@00944373,11,0,1,70
009443ad,Unwind@009443ad,11,0,1,70
009443e7,Unwind@009443e7,8,0,1,70
0094442e,Unwind@0094442e,11,0,1,70
00944439,Unwind@00944439,11,0,1,76
00944466,Unwind@00944466,8,0,1,70
00944490,Unwind@00944490,8,0,1,70
009444ba,Unwind@009444ba,8,0,1,70
009444c2,Unwind@009444c2,8,0,1,70
009444ca,Unwind@009444ca,8,0,1,70
009444d2,Unwind@009444d2,8,0,1,70
009444da,Unwind@009444da,8,0,1,70
00944511,Unwind@00944511,8,0,1,70
00944519,Unwind@00944519,8,0,1,70
00944521,Unwind@00944521,8,0,1,70
00944529,Unwind@00944529,8,0,1,70
00944531,Unwind@00944531,8,0,1,70
0094455b,Unwind@0094455b,8,0,1,70
00944563,Unwind@00944563,14,0,1,70
00944571,Unwind@00944571,14,0,1,70
0094457f,Unwind@0094457f,14,0,1,70
009445af,Unwind@009445af,8,0,1,70
009445b7,Unwind@009445b7,14,0,1,150
009445c5,Unwind@009445c5,14,0,1,70
00944612,Unwind@00944612,8,0,1,70
0094461a,Unwind@0094461a,8,0,1,70
00944622,Unwind@00944622,8,0,1,70
0094464c,Unwind@0094464c,8,0,1,75
00944654,Unwind@00944654,8,0,1,70
00944688,Unwind@00944688,8,0,1,75
009446b5,Unwind@009446b5,8,0,1,70
009446df,Unwind@009446df,8,0,1,75
00944709,Unwind@00944709,8,0,1,129
00944711,Unwind@00944711,8,0,1,70
0094473b,Unwind@0094473b,11,0,1,70
00944775,Unwind@00944775,11,0,1,70
009447af,Unwind@009447af,25,0,1,241
009447ea,Unwind@009447ea,25,0,1,241
00944825,Unwind@00944825,8,0,1,70
0094482d,Unwind@0094482d,8,0,1,70
00944835,Unwind@00944835,8,0,1,70
0094483d,Unwind@0094483d,8,0,1,70
00944845,Unwind@00944845,8,0,1,70
00944879,Unwind@00944879,8,0,1,70
009448a3,Unwind@009448a3,8,0,1,70
009448d7,Unwind@009448d7,11,0,1,70
00944904,Unwind@00944904,9,0,1,126
0094492f,Unwind@0094492f,8,0,1,70
00944937,Unwind@00944937,8,0,1,70
00944961,Unwind@00944961,9,0,1,126
0094498c,Unwind@0094498c,9,0,1,126
00944995,Unwind@00944995,9,0,1,126
009449dd,Unwind@009449dd,11,0,1,70
009449e8,Unwind@009449e8,8,0,1,70
00944a12,Unwind@00944a12,8,0,1,70
00944a1a,Unwind@00944a1a,8,0,1,70
00944a44,Unwind@00944a44,14,0,1,70
00944a52,Unwind@00944a52,11,0,1,70
00944a8c,Unwind@00944a8c,11,0,1,70
00944ac6,Unwind@00944ac6,8,0,1,70
00944af0,Unwind@00944af0,8,0,1,70
00944af8,Unwind@00944af8,8,0,1,70
00944b22,Unwind@00944b22,11,0,1,70
00944b5c,Unwind@00944b5c,25,0,1,241
00944b97,Unwind@00944b97,25,0,1,241
00944bb0,Unwind@00944bb0,8,0,1,70
00944bda,Unwind@00944bda,8,0,1,70
00944be2,Unwind@00944be2,25,0,1,241
00944c1d,Unwind@00944c1d,8,0,1,70
00944c25,Unwind@00944c25,11,0,1,70
00944c30,Unwind@00944c30,11,0,1,70
00944c3b,Unwind@00944c3b,11,0,1,70
00944c46,Unwind@00944c46,11,0,1,68
00944c90,Unwind@00944c90,8,0,1,75
00944cba,Unwind@00944cba,8,0,1,70
00944cc2,Unwind@00944cc2,8,0,1,70
00944cca,Unwind@00944cca,8,0,1,70
00944cd2,Unwind@00944cd2,8,0,1,70
00944cda,Unwind@00944cda,8,0,1,70
00944d04,Unwind@00944d04,8,0,1,70
00944d0c,Unwind@00944d0c,8,0,1,70
00944d40,Unwind@00944d40,8,0,1,70
00944d48,Unwind@00944d48,8,0,1,70
00944d72,Unwind@00944d72,9,0,1,126
00944d7b,Unwind@00944d7b,8,0,1,70
00944d83,Unwind@00944d83,8,0,1,70
00944dad,Unwind@00944dad,9,0,1,126
00944db6,Unwind@00944db6,8,0,1,70
00944dbe,Unwind@00944dbe,8,0,1,70
00944de8,Unwind@00944de8,11,0,1,70
00944e22,Unwind@00944e22,11,0,1,70
00944e5c,Unwind@00944e5c,8,0,1,70
00944e64,Unwind@00944e64,8,0,1,70
00944e6c,Unwind@00944e6c,8,0,1,70
00944eb3,Unwind@00944eb3,34,0,1,244
00944f04,Unwind@00944f04,8,0,1,70
00944f38,Unwind@00944f38,8,0,1,70
00944f40,Unwind@00944f40,8,0,1,70
00944f48,Unwind@00944f48,8,0,1,70
00944f72,Unwind@00944f72,8,0,1,70
00944f9c,Unwind@00944f9c,12,0,1,126
00944fd7,Unwind@00944fd7,11,0,1,70
00944fe2,Unwind@00944fe2,11,0,1,70
0094501c,Unwind@0094501c,11,0,1,70
00945056,Unwind@00945056,11,0,1,70
00945061,Unwind@00945061,11,0,1,70
0094509b,Unwind@0094509b,11,0,1,70
009450a6,Unwind@009450a6,11,0,1,70
009450e0,Unwind@009450e0,13,0,1,131
0094510f,Unwind@0094510f,8,0,1,70
00945117,Unwind@00945117,8,0,1,70
0094511f,Unwind@0094511f,8,0,1,70
00945127,Unwind@00945127,8,0,1,70
0094512f,Unwind@0094512f,8,0,1,70
00945137,Unwind@00945137,8,0,1,70
0094516b,Unwind@0094516b,11,0,1,70
00945176,Unwind@00945176,11,0,1,70
00945181,Unwind@00945181,11,0,1,70
009451bb,Unwind@009451bb,9,0,1,126
009451c4,Unwind@009451c4,9,0,1,126
009451ef,Unwind@009451ef,11,0,1,70
009451fa,Unwind@009451fa,11,0,1,70
00945205,Unwind@00945205,11,0,1,70
0094523f,Unwind@0094523f,11,0,1,70
0094526f,Unwind@0094526f,11,0,1,70
0094527a,Unwind@0094527a,25,0,1,241
00945293,Unwind@00945293,25,0,1,241
009452ac,Unwind@009452ac,11,0,1,70
009452dc,Unwind@009452dc,11,0,1,70
009452e7,Unwind@009452e7,17,0,1,70
00945327,Unwind@00945327,8,0,1,70
0094532f,Unwind@0094532f,8,0,1,70
00945337,Unwind@00945337,8,0,1,70
0094533f,Unwind@0094533f,8,0,1,70
00945369,Unwind@00945369,8,0,1,70
00945371,Unwind@00945371,8,0,1,70
0094539b,Unwind@0094539b,8,0,1,70
009453a3,Unwind@009453a3,8,0,1,70
009453cd,Unwind@009453cd,8,0,1,70
009453d5,Unwind@009453d5,8,0,1,70
009453dd,Unwind@009453dd,8,0,1,70
009453e5,Unwind@009453e5,8,0,1,70
009453ed,Unwind@009453ed,8,0,1,70
00945417,Unwind@00945417,8,0,1,70
00945441,Unwind@00945441,11,0,1,70
0094544c,Unwind@0094544c,14,0,1,70
00945489,Unwind@00945489,8,0,1,70
00945491,Unwind@00945491,11,0,1,70
0094549c,Unwind@0094549c,8,0,1,70
009454a4,Unwind@009454a4,8,0,1,70
009454db,Unwind@009454db,8,0,1,70
009454e3,Unwind@009454e3,8,0,1,70
0094550d,Unwind@0094550d,11,0,1,70
00945518,Unwind@00945518,11,0,1,70
00945552,Unwind@00945552,8,0,1,70
0094557c,Unwind@0094557c,11,0,1,70
00945587,Unwind@00945587,9,0,1,126
009455b2,Unwind@009455b2,8,0,1,70
009455dc,Unwind@009455dc,11,0,1,70
009455e7,Unwind@009455e7,11,0,1,70
009455f2,Unwind@009455f2,11,0,1,70
009455fd,Unwind@009455fd,11,0,1,70
00945608,Unwind@00945608,11,0,1,70
00945613,Unwind@00945613,11,0,1,70
0094561e,Unwind@0094561e,11,0,1,70
00945629,Unwind@00945629,11,0,1,70
00945634,Unwind@00945634,11,0,1,70
0094563f,Unwind@0094563f,11,0,1,70
0094564a,Unwind@0094564a,11,0,1,70
00945655,Unwind@00945655,11,0,1,70
00945660,Unwind@00945660,11,0,1,70
0094566b,Unwind@0094566b,11,0,1,70
00945676,Unwind@00945676,11,0,1,70
00945681,Unwind@00945681,11,0,1,70
009456bb,Unwind@009456bb,8,0,1,70
009456c3,Unwind@009456c3,14,0,1,70
009456f3,Unwind@009456f3,9,0,1,126
009456fc,Unwind@009456fc,8,0,1,68
00945730,Unwind@00945730,11,0,1,70
0094576a,Unwind@0094576a,8,0,1,70
00945772,Unwind@00945772,8,0,1,70
009457a9,Unwind@009457a9,8,0,1,70
009457fa,Unwind@009457fa,13,0,1,131
00945807,Unwind@00945807,9,0,1,126
0094583c,Unwind@0094583c,8,0,1,70
00945844,Unwind@00945844,9,0,1,126
0094584d,Unwind@0094584d,9,0,1,126
00945856,Unwind@00945856,9,0,1,126
00945881,Unwind@00945881,9,0,1,126
009458ac,Unwind@009458ac,8,0,1,75
009458d6,Unwind@009458d6,8,0,1,75
00945900,Unwind@00945900,8,0,1,70
00945908,Unwind@00945908,8,0,1,70
00945932,Unwind@00945932,8,0,1,75
0094595c,Unwind@0094595c,13,0,1,131
0094598b,Unwind@0094598b,8,0,1,70
009459bf,Unwind@009459bf,16,0,1,132
009459fe,Unwind@009459fe,13,0,1,131
00945a2d,Unwind@00945a2d,8,0,1,70
00945a35,Unwind@00945a35,14,0,1,150
00945a65,Unwind@00945a65,8,0,1,70
00945a8f,Unwind@00945a8f,16,0,1,131
00945ac1,Unwind@00945ac1,8,0,1,70
00945b08,Unwind@00945b08,8,0,1,67
00945b3c,Unwind@00945b3c,11,0,1,70
00945b76,Unwind@00945b76,11,0,1,70
00945b81,Unwind@00945b81,11,0,1,70
00945bd8,Unwind@00945bd8,16,0,1,145
00945c27,Unwind@00945c27,8,0,1,70
00945c2f,Unwind@00945c2f,8,0,1,70
00945c59,Unwind@00945c59,11,0,1,70
00945c93,Unwind@00945c93,8,0,1,70
00945c9b,Unwind@00945c9b,8,0,1,70
00945ca3,Unwind@00945ca3,8,0,1,70
00945cab,Unwind@00945cab,8,0,1,70
00945cd5,Unwind@00945cd5,11,0,1,144
00945d02,Unwind@00945d02,8,0,1,70
00945d0a,Unwind@00945d0a,9,0,1,126
00945d13,Unwind@00945d13,9,0,1,126
00945d1c,Unwind@00945d1c,9,0,1,126
00945d25,Unwind@00945d25,9,0,1,126
00945d2e,Unwind@00945d2e,9,0,1,126
00945d37,Unwind@00945d37,9,0,1,126
00945d40,Unwind@00945d40,9,0,1,126
00945d49,Unwind@00945d49,9,0,1,126
00945d52,Unwind@00945d52,9,0,1,126
00945d5b,Unwind@00945d5b,9,0,1,126
00945d64,Unwind@00945d64,9,0,1,126
00945d8f,Unwind@00945d8f,8,0,1,70
00945df3,Unwind@00945df3,8,0,1,70
00945e1d,Unwind@00945e1d,11,0,1,355
00945e28,Unwind@00945e28,11,0,1,70
00945e33,Unwind@00945e33,11,0,1,70
00945e7d,Unwind@00945e7d,11,0,1,75
00945eb7,Unwind@00945eb7,8,0,1,70
00945ebf,Unwind@00945ebf,11,0,1,70
00945eca,Unwind@00945eca,14,0,1,70
00945ed8,Unwind@00945ed8,9,0,1,126
00945ee1,Unwind@00945ee1,9,0,1,126
00945f0c,Unwind@00945f0c,11,0,1,70
00945f17,Unwind@00945f17,14,0,1,70
00945f25,Unwind@00945f25,11,0,1,70
00945f5f,Unwind@00945f5f,11,0,1,70
00945f6a,Unwind@00945f6a,14,0,1,70
00945f78,Unwind@00945f78,11,0,1,70
00945fb2,Unwind@00945fb2,9,0,1,126
00945fdd,Unwind@00945fdd,11,0,1,70
00945fe8,Unwind@00945fe8,11,0,1,70
00945ff3,Unwind@00945ff3,11,0,1,70
00946020,Unwind@00946020,8,0,1,70
00946028,Unwind@00946028,8,0,1,68
00946052,Unwind@00946052,8,0,1,70
0094607c,Unwind@0094607c,11,0,1,70
00946087,Unwind@00946087,11,0,1,70
00946092,Unwind@00946092,11,0,1,70
009460cc,Unwind@009460cc,11,0,1,70
009460d7,Unwind@009460d7,11,0,1,70
009460e2,Unwind@009460e2,11,0,1,70
009460ed,Unwind@009460ed,11,0,1,70
009460f8,Unwind@009460f8,11,0,1,70
00946142,Unwind@00946142,8,0,1,70
0094614a,Unwind@0094614a,8,0,1,70
00946152,Unwind@00946152,8,0,1,70
0094615a,Unwind@0094615a,8,0,1,70
00946162,Unwind@00946162,8,0,1,70
0094618c,Unwind@0094618c,8,0,1,70
00946194,Unwind@00946194,8,0,1,70
0094619c,Unwind@0094619c,8,0,1,70
009461c6,Unwind@009461c6,8,0,1,70
009461ce,Unwind@009461ce,8,0,1,70
009461f8,Unwind@009461f8,8,0,1,70
00946200,Unwind@00946200,8,0,1,70
00946208,Unwind@00946208,25,0,1,241
00946221,Unwind@00946221,8,0,1,70
00946255,Unwind@00946255,25,0,1,241
0094626e,Unwind@0094626e,8,0,1,70
00946276,Unwind@00946276,8,0,1,70
009462a0,Unwind@009462a0,8,0,1,70
009462a8,Unwind@009462a8,8,0,1,70
009462b0,Unwind@009462b0,8,0,1,70
009462b8,Unwind@009462b8,8,0,1,70
009462c0,Unwind@009462c0,8,0,1,70
009462c8,Unwind@009462c8,8,0,1,70
009462d0,Unwind@009462d0,8,0,1,70
009462d8,Unwind@009462d8,8,0,1,70
009462e0,Unwind@009462e0,8,0,1,70
0094630a,Unwind@0094630a,11,0,1,130
00946315,Unwind@00946315,11,0,1,130
0094634f,Unwind@0094634f,8,0,1,70
00946357,Unwind@00946357,8,0,1,70
0094635f,Unwind@0094635f,8,0,1,70
00946367,Unwind@00946367,8,0,1,70
00946391,Unwind@00946391,11,0,1,70
0094639c,Unwind@0094639c,11,0,1,70
009463a7,Unwind@009463a7,11,0,1,70
009463b2,Unwind@009463b2,11,0,1,70
009463bd,Unwind@009463bd,11,0,1,70
009463c8,Unwind@009463c8,11,0,1,70
009463d3,Unwind@009463d3,11,0,1,70
009463de,Unwind@009463de,11,0,1,70
00946418,Unwind@00946418,8,0,1,129
00946420,Unwind@00946420,8,0,1,70
00946428,Unwind@00946428,8,0,1,70
00946430,Unwind@00946430,8,0,1,70
0094645a,Unwind@0094645a,19,0,1,155
0094648f,Unwind@0094648f,19,0,1,155
009464a2,Unwind@009464a2,19,0,1,155
009464d7,Unwind@009464d7,19,0,1,155
0094650c,Unwind@0094650c,11,0,1,70
00946517,Unwind@00946517,11,0,1,70
00946522,Unwind@00946522,11,0,1,70
0094652d,Unwind@0094652d,11,0,1,70
00946538,Unwind@00946538,11,0,1,70
00946572,Unwind@00946572,8,0,1,70
0094657a,Unwind@0094657a,8,0,1,154
00946582,Unwind@00946582,8,0,1,70
0094658a,Unwind@0094658a,8,0,1,70
00946592,Unwind@00946592,8,0,1,70
0094659a,Unwind@0094659a,8,0,1,70
009465a2,Unwind@009465a2,8,0,1,70
009465aa,Unwind@009465aa,8,0,1,70
009465b2,Unwind@009465b2,8,0,1,70
009465ba,Unwind@009465ba,8,0,1,70
009465c2,Unwind@009465c2,8,0,1,70
009465ca,Unwind@009465ca,8,0,1,70
009465d2,Unwind@009465d2,8,0,1,70
009465da,Unwind@009465da,8,0,1,70
009465e2,Unwind@009465e2,8,0,1,70
009465ea,Unwind@009465ea,8,0,1,70
00946614,Unwind@00946614,11,0,1,70
00946644,Unwind@00946644,8,0,1,70
0094664c,Unwind@0094664c,8,0,1,70
00946654,Unwind@00946654,8,0,1,70
0094665c,Unwind@0094665c,8,0,1,70
00946664,Unwind@00946664,8,0,1,70
0094666c,Unwind@0094666c,8,0,1,70
00946674,Unwind@00946674,8,0,1,70
0094667c,Unwind@0094667c,8,0,1,70
00946684,Unwind@00946684,8,0,1,70
0094668c,Unwind@0094668c,8,0,1,70
00946694,Unwind@00946694,8,0,1,70
0094669c,Unwind@0094669c,8,0,1,70
009466a4,Unwind@009466a4,8,0,1,70
009466ac,Unwind@009466ac,8,0,1,70
009466d6,Unwind@009466d6,8,0,1,70
009466de,Unwind@009466de,8,0,1,70
009466e6,Unwind@009466e6,8,0,1,70
009466ee,Unwind@009466ee,8,0,1,70
00946718,Unwind@00946718,11,0,1,70
00946748,Unwind@00946748,11,0,1,70
00946778,Unwind@00946778,8,0,1,70
009467a2,Unwind@009467a2,9,0,1,126
009467cd,Unwind@009467cd,8,0,1,70
009467d5,Unwind@009467d5,8,0,1,129
00946809,Unwind@00946809,8,0,1,70
0094686d,Unwind@0094686d,8,0,1,70
00946875,Unwind@00946875,8,0,1,70
0094689f,Unwind@0094689f,8,0,1,70
009468a7,Unwind@009468a7,8,0,1,70
009468d1,Unwind@009468d1,8,0,1,70
009468fb,Unwind@009468fb,11,0,1,70
00946906,Unwind@00946906,11,0,1,70
00946940,Unwind@00946940,8,0,1,70
0094696a,Unwind@0094696a,8,0,1,75
00946994,Unwind@00946994,8,0,1,75
009469be,Unwind@009469be,8,0,1,75
009469e8,Unwind@009469e8,8,0,1,76
00946a1c,Unwind@00946a1c,11,0,1,70
00946a56,Unwind@00946a56,11,0,1,70
00946a61,Unwind@00946a61,11,0,1,70
00946a6c,Unwind@00946a6c,11,0,1,130
00946aa6,Unwind@00946aa6,8,0,1,163
00946ad0,Unwind@00946ad0,8,0,1,70
00946ad8,Unwind@00946ad8,8,0,1,129
00946ae0,Unwind@00946ae0,8,0,1,70
00946b0a,Unwind@00946b0a,8,0,1,70
00946b12,Unwind@00946b12,8,0,1,70
00946b1a,Unwind@00946b1a,8,0,1,70
00946b22,Unwind@00946b22,8,0,1,70
00946b2a,Unwind@00946b2a,8,0,1,70
00946b32,Unwind@00946b32,8,0,1,70
00946b3a,Unwind@00946b3a,8,0,1,70
00946b64,Unwind@00946b64,8,0,1,201
00946b6c,Unwind@00946b6c,14,0,1,70
00946b7a,Unwind@00946b7a,14,0,1,70
00946b88,Unwind@00946b88,14,0,1,70
00946b96,Unwind@00946b96,14,0,1,70
00946ba4,Unwind@00946ba4,14,0,1,70
00946bd4,Unwind@00946bd4,8,0,1,70
00946bfe,Unwind@00946bfe,8,0,1,70
00946c32,Unwind@00946c32,8,0,1,70
00946c66,Unwind@00946c66,8,0,1,70
00946c90,Unwind@00946c90,8,0,1,70
00946c98,Unwind@00946c98,8,0,1,139
00946ca0,Unwind@00946ca0,8,0,1,70
00946ca8,Unwind@00946ca8,8,0,1,70
00946cb0,Unwind@00946cb0,8,0,1,70
00946cb8,Unwind@00946cb8,8,0,1,70
00946cc0,Unwind@00946cc0,8,0,1,70
00946cc8,Unwind@00946cc8,8,0,1,70
00946cf2,Unwind@00946cf2,8,0,1,70
00946d26,Unwind@00946d26,8,0,1,70
00946d2e,Unwind@00946d2e,8,0,1,70
00946d62,Unwind@00946d62,8,0,1,70
00946da9,Unwind@00946da9,8,0,1,70
00946db1,Unwind@00946db1,8,0,1,139
00946db9,Unwind@00946db9,8,0,1,70
00946de3,Unwind@00946de3,9,0,1,126
00946e18,Unwind@00946e18,8,0,1,70
00946e42,Unwind@00946e42,8,0,1,201
00946e4a,Unwind@00946e4a,14,0,1,70
00946e58,Unwind@00946e58,14,0,1,70
00946e66,Unwind@00946e66,14,0,1,70
00946e96,Unwind@00946e96,11,0,1,70
00946ea1,Unwind@00946ea1,11,0,1,70
00946eac,Unwind@00946eac,11,0,1,70
00946eb7,Unwind@00946eb7,11,0,1,70
00946ec2,Unwind@00946ec2,11,0,1,70
00946ecd,Unwind@00946ecd,11,0,1,70
00946ed8,Unwind@00946ed8,11,0,1,70
00946f12,Unwind@00946f12,8,0,1,70
00946f46,Unwind@00946f46,8,0,1,70
00946f4e,Unwind@00946f4e,8,0,1,139
00946f56,Unwind@00946f56,8,0,1,70
00946f80,Unwind@00946f80,8,0,1,70
00946f88,Unwind@00946f88,8,0,1,70
00946fbc,Unwind@00946fbc,8,0,1,201
00946fe6,Unwind@00946fe6,11,0,1,70
00947013,Unwind@00947013,11,0,1,70
0094701e,Unwind@0094701e,11,0,1,70
00947029,Unwind@00947029,8,0,1,70
00947060,Unwind@00947060,8,0,1,70
00947068,Unwind@00947068,8,0,1,139
00947092,Unwind@00947092,11,0,1,70
0094709d,Unwind@0094709d,11,0,1,70
009470a8,Unwind@009470a8,12,0,1,127
009470e3,Unwind@009470e3,8,0,1,70
009470eb,Unwind@009470eb,14,0,1,70
009470f9,Unwind@009470f9,14,0,1,70
00947129,Unwind@00947129,8,0,1,70
00947131,Unwind@00947131,8,0,1,70
0094715b,Unwind@0094715b,8,0,1,70
0094718f,Unwind@0094718f,8,0,1,70
00947197,Unwind@00947197,8,0,1,139
0094719f,Unwind@0094719f,8,0,1,70
009471a7,Unwind@009471a7,8,0,1,70
009471af,Unwind@009471af,8,0,1,70
009471b7,Unwind@009471b7,8,0,1,70
009471e1,Unwind@009471e1,8,0,1,70
009471e9,Unwind@009471e9,8,0,1,70
0094721d,Unwind@0094721d,8,0,1,70
00947225,Unwind@00947225,8,0,1,70
0094722d,Unwind@0094722d,8,0,1,70
00947235,Unwind@00947235,8,0,1,70
0094723d,Unwind@0094723d,8,0,1,70
00947267,Unwind@00947267,8,0,1,70
0094726f,Unwind@0094726f,8,0,1,70
00947277,Unwind@00947277,8,0,1,70
0094727f,Unwind@0094727f,8,0,1,70
00947287,Unwind@00947287,8,0,1,70
009472b1,Unwind@009472b1,8,0,1,70
009472b9,Unwind@009472b9,8,0,1,70
009472c1,Unwind@009472c1,8,0,1,70
009472eb,Unwind@009472eb,8,0,1,70
009472f3,Unwind@009472f3,8,0,1,139
009472fb,Unwind@009472fb,8,0,1,70
00947303,Unwind@00947303,8,0,1,70
0094730b,Unwind@0094730b,8,0,1,70
00947313,Unwind@00947313,8,0,1,70
0094733d,Unwind@0094733d,8,0,1,70
00947345,Unwind@00947345,8,0,1,70
0094734d,Unwind@0094734d,8,0,1,70
00947355,Unwind@00947355,8,0,1,70
0094735d,Unwind@0094735d,8,0,1,70
00947365,Unwind@00947365,8,0,1,70
0094736d,Unwind@0094736d,8,0,1,70
00947375,Unwind@00947375,8,0,1,70
0094739f,Unwind@0094739f,8,0,1,70
009473a7,Unwind@009473a7,8,0,1,70
009473d1,Unwind@009473d1,8,0,1,70
009473d9,Unwind@009473d9,8,0,1,139
00947403,Unwind@00947403,8,0,1,70
0094740b,Unwind@0094740b,14,0,1,373
00947419,Unwind@00947419,14,0,1,70
00947427,Unwind@00947427,14,0,1,219
00947435,Unwind@00947435,14,0,1,217
00947443,Unwind@00947443,14,0,1,70
00947451,Unwind@00947451,14,0,1,70
0094745f,Unwind@0094745f,14,0,1,70
0094746d,Unwind@0094746d,14,0,1,70
0094747b,Unwind@0094747b,14,0,1,70
00947489,Unwind@00947489,14,0,1,70
009474d6,Unwind@009474d6,8,0,1,70
0094750d,Unwind@0094750d,11,0,1,199
00947547,Unwind@00947547,8,0,1,70
0094754f,Unwind@0094754f,8,0,1,70
00947579,Unwind@00947579,8,0,1,70
009475ad,Unwind@009475ad,8,0,1,70
009475d7,Unwind@009475d7,8,0,1,70
009475df,Unwind@009475df,8,0,1,70
009475e7,Unwind@009475e7,11,0,1,70
00947621,Unwind@00947621,8,0,1,70
00947629,Unwind@00947629,8,0,1,139
00947631,Unwind@00947631,8,0,1,70
0094765b,Unwind@0094765b,8,0,1,70
00947663,Unwind@00947663,8,0,1,70
0094766b,Unwind@0094766b,8,0,1,70
00947673,Unwind@00947673,8,0,1,70
0094769d,Unwind@0094769d,8,0,1,70
009476d1,Unwind@009476d1,8,0,1,70
009476d9,Unwind@009476d9,8,0,1,70
00947703,Unwind@00947703,8,0,1,70
0094770b,Unwind@0094770b,8,0,1,70
00947713,Unwind@00947713,8,0,1,70
0094771b,Unwind@0094771b,8,0,1,70
00947723,Unwind@00947723,8,0,1,70
0094772b,Unwind@0094772b,8,0,1,70
0094775f,Unwind@0094775f,8,0,1,70
00947793,Unwind@00947793,8,0,1,70
009477c7,Unwind@009477c7,8,0,1,70
009477cf,Unwind@009477cf,25,0,1,241
009477e8,Unwind@009477e8,25,0,1,241
00947801,Unwind@00947801,8,0,1,70
00947852,Unwind@00947852,8,0,1,70
009478a3,Unwind@009478a3,8,0,1,70
009478cd,Unwind@009478cd,11,0,1,70
00947907,Unwind@00947907,8,0,1,70
00947934,Unwind@00947934,8,0,1,70
0094795e,Unwind@0094795e,8,0,1,70
0094798b,Unwind@0094798b,8,0,1,70
009479bf,Unwind@009479bf,11,0,1,70
009479f9,Unwind@009479f9,8,0,1,70
00947a40,Unwind@00947a40,9,0,1,126
00947a49,Unwind@00947a49,8,0,1,70
00947a51,Unwind@00947a51,8,0,1,70
00947a59,Unwind@00947a59,8,0,1,70
00947a8d,Unwind@00947a8d,8,0,1,70
00947ac1,Unwind@00947ac1,8,0,1,70
00947aeb,Unwind@00947aeb,9,0,1,126
00947b20,Unwind@00947b20,8,0,1,70
00947b28,Unwind@00947b28,8,0,1,139
00947b52,Unwind@00947b52,8,0,1,70
00947b5a,Unwind@00947b5a,8,0,1,70
00947b8e,Unwind@00947b8e,14,0,1,70
00947b9c,Unwind@00947b9c,14,0,1,70
00947baa,Unwind@00947baa,14,0,1,70
00947bb8,Unwind@00947bb8,14,0,1,70
00947bc6,Unwind@00947bc6,14,0,1,70
00947bd4,Unwind@00947bd4,14,0,1,70
00947be2,Unwind@00947be2,14,0,1,70
00947bf0,Unwind@00947bf0,14,0,1,70
00947bfe,Unwind@00947bfe,14,0,1,70
00947c0c,Unwind@00947c0c,14,0,1,70
00947c1a,Unwind@00947c1a,14,0,1,70
00947c28,Unwind@00947c28,14,0,1,70
00947c36,Unwind@00947c36,14,0,1,70
00947c44,Unwind@00947c44,14,0,1,70
00947c52,Unwind@00947c52,14,0,1,70
00947c60,Unwind@00947c60,14,0,1,70
00947c6e,Unwind@00947c6e,14,0,1,70
00947c7c,Unwind@00947c7c,14,0,1,70
00947c8a,Unwind@00947c8a,14,0,1,70
00947c98,Unwind@00947c98,14,0,1,70
00947ca6,Unwind@00947ca6,14,0,1,70
00947cd6,Unwind@00947cd6,11,0,1,70
00947ce1,Unwind@00947ce1,11,0,1,70
00947d0e,Unwind@00947d0e,8,0,1,70
00947d38,Unwind@00947d38,8,0,1,70
00947d40,Unwind@00947d40,8,0,1,70
00947d6a,Unwind@00947d6a,11,0,1,70
00947d75,Unwind@00947d75,11,0,1,70
00947daf,Unwind@00947daf,8,0,1,70
00947db7,Unwind@00947db7,8,0,1,70
00947de1,Unwind@00947de1,8,0,1,70
00947e15,Unwind@00947e15,8,0,1,141
00947e3f,Unwind@00947e3f,11,0,1,70
00947e4a,Unwind@00947e4a,14,0,1,70
00947e58,Unwind@00947e58,14,0,1,70
00947e66,Unwind@00947e66,14,0,1,70
00947e74,Unwind@00947e74,14,0,1,70
00947e82,Unwind@00947e82,14,0,1,70
00947eb2,Unwind@00947eb2,11,0,1,70
00947ebd,Unwind@00947ebd,11,0,1,70
00947ef7,Unwind@00947ef7,11,0,1,70
00947f02,Unwind@00947f02,8,0,1,70
00947f0a,Unwind@00947f0a,8,0,1,70
00947f41,Unwind@00947f41,11,0,1,70
00947f4c,Unwind@00947f4c,11,0,1,70
00947f57,Unwind@00947f57,11,0,1,70
00947f91,Unwind@00947f91,8,0,1,70
00947f99,Unwind@00947f99,8,0,1,70
00947fa1,Unwind@00947fa1,8,0,1,70
00947fd5,Unwind@00947fd5,11,0,1,70
00947fe0,Unwind@00947fe0,11,0,1,70
00948044,Unwind@00948044,8,0,1,70
0094804c,Unwind@0094804c,8,0,1,70
00948054,Unwind@00948054,8,0,1,70
0094807e,Unwind@0094807e,11,0,1,70
00948089,Unwind@00948089,11,0,1,70
00948094,Unwind@00948094,8,0,1,70
009480cb,Unwind@009480cb,8,0,1,70
009480f5,Unwind@009480f5,11,0,1,70
00948100,Unwind@00948100,11,0,1,70
0094810b,Unwind@0094810b,11,0,1,70
00948145,Unwind@00948145,11,0,1,70
00948150,Unwind@00948150,11,0,1,70
0094815b,Unwind@0094815b,11,0,1,70
00948195,Unwind@00948195,8,0,1,70
009481bf,Unwind@009481bf,8,0,1,70
009481c7,Unwind@009481c7,8,0,1,70
009481f1,Unwind@009481f1,11,0,1,70
0094822b,Unwind@0094822b,11,0,1,70
00948265,Unwind@00948265,8,0,1,70
0094828f,Unwind@0094828f,11,0,1,136
0094829a,Unwind@0094829a,11,0,1,137
009482a5,Unwind@009482a5,11,0,1,70
009482b0,Unwind@009482b0,11,0,1,70
009482e0,Unwind@009482e0,8,0,1,70
009482e8,Unwind@009482e8,8,0,1,70
009482f0,Unwind@009482f0,8,0,1,70
009482f8,Unwind@009482f8,8,0,1,70
00948300,Unwind@00948300,8,0,1,70
0094832a,Unwind@0094832a,8,0,1,70
00948332,Unwind@00948332,8,0,1,70
0094833a,Unwind@0094833a,8,0,1,70
00948342,Unwind@00948342,8,0,1,70
0094836c,Unwind@0094836c,8,0,1,70
00948374,Unwind@00948374,8,0,1,70
0094837c,Unwind@0094837c,8,0,1,70
009483a6,Unwind@009483a6,8,0,1,70
009483ae,Unwind@009483ae,8,0,1,70
009483b6,Unwind@009483b6,8,0,1,70
009483e0,Unwind@009483e0,8,0,1,135
009483e8,Unwind@009483e8,14,0,1,70
00948418,Unwind@00948418,8,0,1,70
00948420,Unwind@00948420,8,0,1,70
00948454,Unwind@00948454,8,0,1,70
0094845c,Unwind@0094845c,8,0,1,70
00948486,Unwind@00948486,8,0,1,70
0094848e,Unwind@0094848e,8,0,1,70
00948496,Unwind@00948496,8,0,1,70
009484c0,Unwind@009484c0,8,0,1,70
009484ea,Unwind@009484ea,8,0,1,70
009484f2,Unwind@009484f2,8,0,1,70
0094851c,Unwind@0094851c,8,0,1,70
00948550,Unwind@00948550,11,0,1,70
0094855b,Unwind@0094855b,11,0,1,70
00948566,Unwind@00948566,11,0,1,70
009485a0,Unwind@009485a0,8,0,1,70
009485ca,Unwind@009485ca,8,0,1,70
009485d2,Unwind@009485d2,8,0,1,70
009485fc,Unwind@009485fc,8,0,1,70
00948626,Unwind@00948626,8,0,1,70
0094865a,Unwind@0094865a,8,0,1,70
00948662,Unwind@00948662,8,0,1,70
00948696,Unwind@00948696,8,0,1,70
009486c0,Unwind@009486c0,8,0,1,70
009486f4,Unwind@009486f4,8,0,1,70
009486fc,Unwind@009486fc,8,0,1,70
00948730,Unwind@00948730,8,0,1,70
00948738,Unwind@00948738,8,0,1,70
00948762,Unwind@00948762,8,0,1,70
00948796,Unwind@00948796,11,0,1,70
009487a1,Unwind@009487a1,11,0,1,70
009487ac,Unwind@009487ac,8,0,1,70
009487e3,Unwind@009487e3,8,0,1,70
00948817,Unwind@00948817,8,0,1,70
0094884b,Unwind@0094884b,8,0,1,70
00948875,Unwind@00948875,8,0,1,70
0094887d,Unwind@0094887d,8,0,1,70
009488a7,Unwind@009488a7,8,0,1,70
009488af,Unwind@009488af,8,0,1,70
009488b7,Unwind@009488b7,8,0,1,70
009488eb,Unwind@009488eb,8,0,1,70
009488f3,Unwind@009488f3,8,0,1,70
00948927,Unwind@00948927,8,0,1,70
00948951,Unwind@00948951,8,0,1,70
00948985,Unwind@00948985,8,0,1,70
0094898d,Unwind@0094898d,8,0,1,70
009489c1,Unwind@009489c1,8,0,1,70
009489c9,Unwind@009489c9,8,0,1,70
009489d1,Unwind@009489d1,8,0,1,70
00948a05,Unwind@00948a05,11,0,1,70
00948a10,Unwind@00948a10,8,0,1,70
00948a18,Unwind@00948a18,11,0,1,70
00948a23,Unwind@00948a23,11,0,1,70
00948a2e,Unwind@00948a2e,11,0,1,70
00948a39,Unwind@00948a39,11,0,1,70
00948a44,Unwind@00948a44,11,0,1,70
00948a4f,Unwind@00948a4f,11,0,1,70
00948a5a,Unwind@00948a5a,11,0,1,70
00948a65,Unwind@00948a65,11,0,1,70
00948a70,Unwind@00948a70,11,0,1,70
00948a7b,Unwind@00948a7b,11,0,1,70
00948ab5,Unwind@00948ab5,8,0,1,70
00948ae9,Unwind@00948ae9,8,0,1,70
00948b1d,Unwind@00948b1d,8,0,1,70
00948b51,Unwind@00948b51,8,0,1,70
00948b7b,Unwind@00948b7b,8,0,1,70
00948b83,Unwind@00948b83,8,0,1,70
00948b8b,Unwind@00948b8b,8,0,1,70
00948bbf,Unwind@00948bbf,8,0,1,70
00948bc7,Unwind@00948bc7,8,0,1,70
00948bf1,Unwind@00948bf1,8,0,1,70
00948bf9,Unwind@00948bf9,8,0,1,70
00948c23,Unwind@00948c23,8,0,1,70
00948c2b,Unwind@00948c2b,14,0,1,70
00948c39,Unwind@00948c39,14,0,1,70
00948c47,Unwind@00948c47,14,0,1,70
00948c55,Unwind@00948c55,14,0,1,70
00948c63,Unwind@00948c63,14,0,1,70
00948c71,Unwind@00948c71,14,0,1,70
00948c7f,Unwind@00948c7f,14,0,1,70
00948c8d,Unwind@00948c8d,14,0,1,70
00948c9b,Unwind@00948c9b,14,0,1,70
00948ca9,Unwind@00948ca9,14,0,1,70
00948cb7,Unwind@00948cb7,14,0,1,70
00948cc5,Unwind@00948cc5,14,0,1,70
00948cd3,Unwind@00948cd3,14,0,1,70
00948ce1,Unwind@00948ce1,14,0,1,70
00948cef,Unwind@00948cef,14,0,1,70
00948d3c,Unwind@00948d3c,11,0,1,70
00948d76,Unwind@00948d76,8,0,1,70
00948da0,Unwind@00948da0,8,0,1,70
00948dd4,Unwind@00948dd4,11,0,1,70
00948ddf,Unwind@00948ddf,11,0,1,70
00948e19,Unwind@00948e19,11,0,1,70
00948e53,Unwind@00948e53,11,0,1,164
00948e8d,Unwind@00948e8d,8,0,1,70
00948eb7,Unwind@00948eb7,8,0,1,70
00948ee1,Unwind@00948ee1,8,0,1,70
00948ee9,Unwind@00948ee9,8,0,1,70
00948ef1,Unwind@00948ef1,8,0,1,70
00948ef9,Unwind@00948ef9,8,0,1,70
00948f01,Unwind@00948f01,11,0,1,70
00948f31,Unwind@00948f31,8,0,1,70
00948f65,Unwind@00948f65,8,0,1,70
00948f9c,Unwind@00948f9c,8,0,1,70
00948fd0,Unwind@00948fd0,11,0,1,70
00948fdb,Unwind@00948fdb,11,0,1,70
00948fe6,Unwind@00948fe6,11,0,1,70
00949020,Unwind@00949020,11,0,1,70
0094905a,Unwind@0094905a,11,0,1,70
00949094,Unwind@00949094,12,0,1,127
009490a0,Unwind@009490a0,11,0,1,70
009490da,Unwind@009490da,8,0,1,70
009490e2,Unwind@009490e2,8,0,1,70
009490ea,Unwind@009490ea,8,0,1,70
00949114,Unwind@00949114,8,0,1,70
0094911c,Unwind@0094911c,8,0,1,70
00949124,Unwind@00949124,8,0,1,70
0094912c,Unwind@0094912c,11,0,1,70
00949137,Unwind@00949137,8,0,1,70
0094913f,Unwind@0094913f,8,0,1,70
0094916c,Unwind@0094916c,8,0,1,70
00949174,Unwind@00949174,8,0,1,70
0094919e,Unwind@0094919e,12,0,1,126
009491aa,Unwind@009491aa,31,0,1,306
009491c9,Unwind@009491c9,8,0,1,157
00949200,Unwind@00949200,8,0,1,70
00949234,Unwind@00949234,8,0,1,70
0094925e,Unwind@0094925e,8,0,1,157
00949266,Unwind@00949266,11,0,1,157
009492a0,Unwind@009492a0,11,0,1,70
009492da,Unwind@009492da,9,0,1,126
0094930f,Unwind@0094930f,8,0,1,70
00949317,Unwind@00949317,14,0,1,150
00949325,Unwind@00949325,14,0,1,70
00949333,Unwind@00949333,14,0,1,70
00949341,Unwind@00949341,14,0,1,70
0094934f,Unwind@0094934f,14,0,1,70
0094935d,Unwind@0094935d,14,0,1,70
0094938d,Unwind@0094938d,14,0,1,70
009493e7,Unwind@009493e7,8,0,1,70
00949411,Unwind@00949411,8,0,1,70
00949419,Unwind@00949419,8,0,1,70
00949443,Unwind@00949443,9,0,1,126
00949478,Unwind@00949478,9,0,1,126
00949481,Unwind@00949481,25,0,1,241
009494c6,Unwind@009494c6,19,0,1,158
009494fb,Unwind@009494fb,8,0,1,70
00949525,Unwind@00949525,8,0,1,70
0094954f,Unwind@0094954f,8,0,1,133
00949579,Unwind@00949579,9,0,1,126
009495ae,Unwind@009495ae,8,0,1,153
009495d8,Unwind@009495d8,8,0,1,70
009495e0,Unwind@009495e0,8,0,1,70
009495e8,Unwind@009495e8,8,0,1,70
009495f0,Unwind@009495f0,11,0,1,70
009495fb,Unwind@009495fb,11,0,1,70
00949606,Unwind@00949606,8,0,1,70
0094960e,Unwind@0094960e,9,0,1,126
0094963c,Unwind@0094963c,11,0,1,70
00949647,Unwind@00949647,8,0,1,70
0094967e,Unwind@0094967e,8,0,1,70
00949686,Unwind@00949686,8,0,1,70
0094968e,Unwind@0094968e,8,0,1,70
00949696,Unwind@00949696,11,0,1,70
009496a1,Unwind@009496a1,8,0,1,70
009496a9,Unwind@009496a9,8,0,1,70
009496d6,Unwind@009496d6,8,0,1,70
009496de,Unwind@009496de,14,0,1,70
009496ec,Unwind@009496ec,14,0,1,70
009496fa,Unwind@009496fa,14,0,1,70
0094972a,Unwind@0094972a,8,0,1,70
0094975e,Unwind@0094975e,11,0,1,70
00949798,Unwind@00949798,8,0,1,70
009497a0,Unwind@009497a0,14,0,1,217
009497ae,Unwind@009497ae,14,0,1,76
009497bc,Unwind@009497bc,14,0,1,76
009497ca,Unwind@009497ca,14,0,1,76
009497d8,Unwind@009497d8,14,0,1,76
00949808,Unwind@00949808,11,0,1,70
00949842,Unwind@00949842,8,0,1,70
0094986c,Unwind@0094986c,11,0,1,70
00949877,Unwind@00949877,11,0,1,70
00949882,Unwind@00949882,11,0,1,70
0094988d,Unwind@0094988d,8,0,1,70
00949895,Unwind@00949895,8,0,1,70
009498cc,Unwind@009498cc,11,0,1,70
009498d7,Unwind@009498d7,8,0,1,70
0094990e,Unwind@0094990e,8,0,1,70
00949916,Unwind@00949916,8,0,1,70
0094991e,Unwind@0094991e,8,0,1,70
00949948,Unwind@00949948,8,0,1,70
0094997c,Unwind@0094997c,11,0,1,70
00949987,Unwind@00949987,11,0,1,70
00949992,Unwind@00949992,11,0,1,70
0094999d,Unwind@0094999d,11,0,1,70
009499a8,Unwind@009499a8,11,0,1,70
009499b3,Unwind@009499b3,11,0,1,70
009499be,Unwind@009499be,11,0,1,70
009499c9,Unwind@009499c9,11,0,1,70
009499d4,Unwind@009499d4,11,0,1,70
009499df,Unwind@009499df,11,0,1,70
00949a0c,Unwind@00949a0c,8,0,1,70
00949a36,Unwind@00949a36,8,0,1,70
00949a3e,Unwind@00949a3e,8,0,1,70
00949a46,Unwind@00949a46,8,0,1,70
00949a70,Unwind@00949a70,11,0,1,139
00949aa0,Unwind@00949aa0,11,0,1,70
00949ada,Unwind@00949ada,8,0,1,70
00949ae2,Unwind@00949ae2,8,0,1,70
00949b0c,Unwind@00949b0c,11,0,1,70
00949b17,Unwind@00949b17,11,0,1,70
00949b51,Unwind@00949b51,8,0,1,70
00949b59,Unwind@00949b59,8,0,1,70
00949b61,Unwind@00949b61,11,0,1,70
00949b91,Unwind@00949b91,8,0,1,70
00949b99,Unwind@00949b99,8,0,1,70
00949bcd,Unwind@00949bcd,8,0,1,70
00949bd5,Unwind@00949bd5,8,0,1,70
00949c09,Unwind@00949c09,8,0,1,70
00949c11,Unwind@00949c11,8,0,1,70
00949c3e,Unwind@00949c3e,8,0,1,70
00949c68,Unwind@00949c68,8,0,1,70
00949c70,Unwind@00949c70,8,0,1,70
00949c78,Unwind@00949c78,8,0,1,70
00949caf,Unwind@00949caf,8,0,1,70
00949cb7,Unwind@00949cb7,8,0,1,70
00949cbf,Unwind@00949cbf,8,0,1,70
00949cf3,Unwind@00949cf3,8,0,1,70
00949cfb,Unwind@00949cfb,8,0,1,70
00949d25,Unwind@00949d25,8,0,1,70
00949d2d,Unwind@00949d2d,8,0,1,70
00949d57,Unwind@00949d57,11,0,1,70
00949d62,Unwind@00949d62,8,0,1,70
00949d99,Unwind@00949d99,8,0,1,70
00949da1,Unwind@00949da1,8,0,1,70
00949da9,Unwind@00949da9,8,0,1,70
00949dd3,Unwind@00949dd3,8,0,1,70
00949ddb,Unwind@00949ddb,8,0,1,70
00949de3,Unwind@00949de3,8,0,1,70
00949deb,Unwind@00949deb,8,0,1,70
00949e15,Unwind@00949e15,8,0,1,139
00949e1d,Unwind@00949e1d,8,0,1,70
00949e25,Unwind@00949e25,8,0,1,70
00949e2d,Unwind@00949e2d,8,0,1,70
00949e35,Unwind@00949e35,8,0,1,70
00949e3d,Unwind@00949e3d,8,0,1,70
00949e45,Unwind@00949e45,8,0,1,70
00949e6f,Unwind@00949e6f,11,0,1,70
00949ea9,Unwind@00949ea9,8,0,1,139
00949eb1,Unwind@00949eb1,8,0,1,70
00949eb9,Unwind@00949eb9,8,0,1,70
00949ec1,Unwind@00949ec1,8,0,1,70
00949ec9,Unwind@00949ec9,8,0,1,70
00949ed1,Unwind@00949ed1,8,0,1,70
00949ed9,Unwind@00949ed9,8,0,1,70
00949ee1,Unwind@00949ee1,8,0,1,70
00949ee9,Unwind@00949ee9,8,0,1,70
00949f20,Unwind@00949f20,11,0,1,139
00949f2b,Unwind@00949f2b,11,0,1,70
00949f36,Unwind@00949f36,11,0,1,70
00949f41,Unwind@00949f41,11,0,1,70
00949f7b,Unwind@00949f7b,8,0,1,139
00949f83,Unwind@00949f83,8,0,1,70
00949f8b,Unwind@00949f8b,8,0,1,70
00949f93,Unwind@00949f93,8,0,1,70
00949f9b,Unwind@00949f9b,8,0,1,70
00949fa3,Unwind@00949fa3,8,0,1,70
00949fcd,Unwind@00949fcd,8,0,1,139
00949fd5,Unwind@00949fd5,8,0,1,70
00949fdd,Unwind@00949fdd,8,0,1,70
00949fe5,Unwind@00949fe5,8,0,1,70
00949fed,Unwind@00949fed,8,0,1,70
00949ff5,Unwind@00949ff5,8,0,1,70
00949ffd,Unwind@00949ffd,8,0,1,70
0094a005,Unwind@0094a005,8,0,1,70
0094a00d,Unwind@0094a00d,8,0,1,70
0094a015,Unwind@0094a015,8,0,1,70
0094a03f,Unwind@0094a03f,8,0,1,70
0094a047,Unwind@0094a047,8,0,1,70
0094a04f,Unwind@0094a04f,8,0,1,70
0094a079,Unwind@0094a079,8,0,1,139
0094a081,Unwind@0094a081,8,0,1,70
0094a089,Unwind@0094a089,8,0,1,70
0094a091,Unwind@0094a091,8,0,1,70
0094a0bb,Unwind@0094a0bb,8,0,1,139
0094a0c3,Unwind@0094a0c3,8,0,1,70
0094a0cb,Unwind@0094a0cb,8,0,1,70
0094a0d3,Unwind@0094a0d3,8,0,1,70
0094a0db,Unwind@0094a0db,8,0,1,70
0094a0e3,Unwind@0094a0e3,8,0,1,70
0094a0eb,Unwind@0094a0eb,8,0,1,70
0094a0f3,Unwind@0094a0f3,8,0,1,70
0094a0fb,Unwind@0094a0fb,8,0,1,70
0094a103,Unwind@0094a103,8,0,1,70
0094a10b,Unwind@0094a10b,8,0,1,70
0094a113,Unwind@0094a113,8,0,1,70
0094a11b,Unwind@0094a11b,8,0,1,70
0094a145,Unwind@0094a145,8,0,1,70
0094a14d,Unwind@0094a14d,14,0,1,70
0094a15b,Unwind@0094a15b,14,0,1,70
0094a169,Unwind@0094a169,14,0,1,217
0094a177,Unwind@0094a177,14,0,1,70
0094a185,Unwind@0094a185,14,0,1,70
0094a193,Unwind@0094a193,14,0,1,70
0094a1a1,Unwind@0094a1a1,14,0,1,70
0094a1af,Unwind@0094a1af,14,0,1,70
0094a1bd,Unwind@0094a1bd,14,0,1,375
0094a1ed,Unwind@0094a1ed,11,0,1,70
0094a227,Unwind@0094a227,8,0,1,70
0094a25b,Unwind@0094a25b,12,0,1,127
0094a267,Unwind@0094a267,11,0,1,70
0094a272,Unwind@0094a272,8,0,1,157
0094a27a,Unwind@0094a27a,11,0,1,70
0094a285,Unwind@0094a285,11,0,1,70
0094a2bf,Unwind@0094a2bf,8,0,1,70
0094a2c7,Unwind@0094a2c7,8,0,1,70
0094a2fb,Unwind@0094a2fb,8,0,1,70
0094a332,Unwind@0094a332,11,0,1,70
0094a33d,Unwind@0094a33d,11,0,1,70
0094a348,Unwind@0094a348,11,0,1,70
0094a353,Unwind@0094a353,11,0,1,70
0094a38d,Unwind@0094a38d,8,0,1,70
0094a395,Unwind@0094a395,8,0,1,70
0094a39d,Unwind@0094a39d,8,0,1,70
0094a3c7,Unwind@0094a3c7,8,0,1,70
0094a3fb,Unwind@0094a3fb,8,0,1,70
0094a403,Unwind@0094a403,14,0,1,243
0094a411,Unwind@0094a411,14,0,1,70
0094a41f,Unwind@0094a41f,14,0,1,70
0094a42d,Unwind@0094a42d,14,0,1,70
0094a43b,Unwind@0094a43b,14,0,1,70
0094a449,Unwind@0094a449,14,0,1,70
0094a479,Unwind@0094a479,8,0,1,159
0094a4a3,Unwind@0094a4a3,8,0,1,70
0094a4ab,Unwind@0094a4ab,8,0,1,70
0094a4b3,Unwind@0094a4b3,8,0,1,70
0094a4e7,Unwind@0094a4e7,8,0,1,70
0094a511,Unwind@0094a511,11,0,1,70
0094a51c,Unwind@0094a51c,11,0,1,70
0094a556,Unwind@0094a556,9,0,1,126
0094a55f,Unwind@0094a55f,9,0,1,126
0094a568,Unwind@0094a568,9,0,1,126
0094a571,Unwind@0094a571,9,0,1,126
0094a57a,Unwind@0094a57a,9,0,1,126
0094a583,Unwind@0094a583,9,0,1,126
0094a5ae,Unwind@0094a5ae,8,0,1,159
0094a5b6,Unwind@0094a5b6,14,0,1,70
0094a5e6,Unwind@0094a5e6,8,0,1,70
0094a5ee,Unwind@0094a5ee,8,0,1,70
0094a5f6,Unwind@0094a5f6,8,0,1,70
0094a5fe,Unwind@0094a5fe,8,0,1,70
0094a628,Unwind@0094a628,8,0,1,70
0094a65c,Unwind@0094a65c,8,0,1,70
0094a664,Unwind@0094a664,31,0,1,241
0094a683,Unwind@0094a683,8,0,1,70
0094a68b,Unwind@0094a68b,8,0,1,70
0094a6c2,Unwind@0094a6c2,8,0,1,70
0094a6ec,Unwind@0094a6ec,9,0,1,126
0094a6f5,Unwind@0094a6f5,8,0,1,70
0094a71f,Unwind@0094a71f,25,0,1,241
0094a738,Unwind@0094a738,8,0,1,70
0094a740,Unwind@0094a740,8,0,1,70
0094a76a,Unwind@0094a76a,8,0,1,70
0094a772,Unwind@0094a772,11,0,1,70
0094a7ac,Unwind@0094a7ac,25,0,1,241
0094a7c5,Unwind@0094a7c5,25,0,1,241
0094a800,Unwind@0094a800,8,0,1,70
0094a808,Unwind@0094a808,8,0,1,70
0094a83f,Unwind@0094a83f,11,0,1,70
0094a879,Unwind@0094a879,11,0,1,70
0094a884,Unwind@0094a884,11,0,1,70
0094a88f,Unwind@0094a88f,11,0,1,70
0094a8c9,Unwind@0094a8c9,8,0,1,70
0094a8d1,Unwind@0094a8d1,8,0,1,70
0094a908,Unwind@0094a908,8,0,1,70
0094a93c,Unwind@0094a93c,8,0,1,201
0094a966,Unwind@0094a966,8,0,1,70
0094a99d,Unwind@0094a99d,8,0,1,70
0094a9a5,Unwind@0094a9a5,8,0,1,70
0094a9cf,Unwind@0094a9cf,8,0,1,70
0094a9d7,Unwind@0094a9d7,8,0,1,70
0094aa04,Unwind@0094aa04,8,0,1,70
0094aa0c,Unwind@0094aa0c,8,0,1,70
0094aa14,Unwind@0094aa14,8,0,1,70
0094aa1c,Unwind@0094aa1c,11,0,1,70
0094aa69,Unwind@0094aa69,8,0,1,70
0094aa71,Unwind@0094aa71,14,0,1,70
0094aa7f,Unwind@0094aa7f,14,0,1,70
0094aaaf,Unwind@0094aaaf,8,0,1,203
0094aab7,Unwind@0094aab7,14,0,1,70
0094aac5,Unwind@0094aac5,14,0,1,70
0094aad3,Unwind@0094aad3,14,0,1,70
0094aae1,Unwind@0094aae1,14,0,1,70
0094aaef,Unwind@0094aaef,27,0,1,191
0094ab0a,Unwind@0094ab0a,27,0,1,191
0094ab25,Unwind@0094ab25,27,0,1,191
0094ab40,Unwind@0094ab40,27,0,1,191
0094ab5b,Unwind@0094ab5b,14,0,1,70
0094ab69,Unwind@0094ab69,14,0,1,70
0094ab77,Unwind@0094ab77,14,0,1,70
0094ab85,Unwind@0094ab85,14,0,1,70
0094ab93,Unwind@0094ab93,14,0,1,70
0094aba1,Unwind@0094aba1,14,0,1,70
0094abaf,Unwind@0094abaf,14,0,1,70
0094abbd,Unwind@0094abbd,14,0,1,70
0094abcb,Unwind@0094abcb,14,0,1,70
0094abd9,Unwind@0094abd9,14,0,1,70
0094abe7,Unwind@0094abe7,14,0,1,70
0094abf5,Unwind@0094abf5,27,0,1,192
0094ac10,Unwind@0094ac10,14,0,1,70
0094ac1e,Unwind@0094ac1e,14,0,1,70
0094ac2c,Unwind@0094ac2c,14,0,1,70
0094ac3a,Unwind@0094ac3a,14,0,1,70
0094ac48,Unwind@0094ac48,14,0,1,70
0094ac56,Unwind@0094ac56,14,0,1,70
0094ac64,Unwind@0094ac64,14,0,1,70
0094ac72,Unwind@0094ac72,14,0,1,70
0094ac80,Unwind@0094ac80,14,0,1,70
0094ac8e,Unwind@0094ac8e,27,0,1,192
0094aca9,Unwind@0094aca9,14,0,1,70
0094acb7,Unwind@0094acb7,27,0,1,192
0094acd2,Unwind@0094acd2,14,0,1,70
0094ace0,Unwind@0094ace0,14,0,1,70
0094acee,Unwind@0094acee,27,0,1,192
0094ad09,Unwind@0094ad09,27,0,1,192
0094ad24,Unwind@0094ad24,14,0,1,70
0094ad32,Unwind@0094ad32,14,0,1,70
0094ad40,Unwind@0094ad40,14,0,1,70
0094ad4e,Unwind@0094ad4e,14,0,1,70
0094ad5c,Unwind@0094ad5c,14,0,1,70
0094ad6a,Unwind@0094ad6a,14,0,1,70
0094ad78,Unwind@0094ad78,14,0,1,70
0094ad86,Unwind@0094ad86,27,0,1,192
0094ada1,Unwind@0094ada1,14,0,1,70
0094adaf,Unwind@0094adaf,14,0,1,70
0094adbd,Unwind@0094adbd,14,0,1,70
0094adcb,Unwind@0094adcb,14,0,1,70
0094add9,Unwind@0094add9,14,0,1,70
0094ade7,Unwind@0094ade7,14,0,1,70
0094adf5,Unwind@0094adf5,14,0,1,70
0094ae03,Unwind@0094ae03,14,0,1,70
0094ae11,Unwind@0094ae11,14,0,1,70
0094ae1f,Unwind@0094ae1f,14,0,1,70
0094ae2d,Unwind@0094ae2d,27,0,1,192
0094ae48,Unwind@0094ae48,27,0,1,192
0094ae63,Unwind@0094ae63,27,0,1,192
0094ae7e,Unwind@0094ae7e,27,0,1,192
0094ae99,Unwind@0094ae99,27,0,1,192
0094aeb4,Unwind@0094aeb4,27,0,1,192
0094aecf,Unwind@0094aecf,14,0,1,70
0094aedd,Unwind@0094aedd,14,0,1,70
0094aeeb,Unwind@0094aeeb,14,0,1,70
0094aef9,Unwind@0094aef9,14,0,1,70
0094af07,Unwind@0094af07,14,0,1,70
0094af15,Unwind@0094af15,14,0,1,70
0094af23,Unwind@0094af23,14,0,1,70
0094af31,Unwind@0094af31,27,0,1,192
0094af4c,Unwind@0094af4c,14,0,1,70
0094af5a,Unwind@0094af5a,14,0,1,70
0094af68,Unwind@0094af68,14,0,1,70
0094af76,Unwind@0094af76,14,0,1,70
0094af84,Unwind@0094af84,14,0,1,70
0094af92,Unwind@0094af92,14,0,1,70
0094afa0,Unwind@0094afa0,14,0,1,70
0094afae,Unwind@0094afae,14,0,1,70
0094afbc,Unwind@0094afbc,14,0,1,70
0094afca,Unwind@0094afca,14,0,1,70
0094afd8,Unwind@0094afd8,14,0,1,70
0094afe6,Unwind@0094afe6,14,0,1,70
0094aff4,Unwind@0094aff4,14,0,1,70
0094b002,Unwind@0094b002,14,0,1,70
0094b010,Unwind@0094b010,14,0,1,70
0094b01e,Unwind@0094b01e,24,0,1,174
0094b036,Unwind@0094b036,24,0,1,174
0094b04e,Unwind@0094b04e,14,0,1,70
0094b05c,Unwind@0094b05c,14,0,1,70
0094b06a,Unwind@0094b06a,14,0,1,70
0094b078,Unwind@0094b078,14,0,1,70
0094b086,Unwind@0094b086,14,0,1,70
0094b094,Unwind@0094b094,27,0,1,192
0094b0af,Unwind@0094b0af,14,0,1,70
0094b0bd,Unwind@0094b0bd,14,0,1,70
0094b0cb,Unwind@0094b0cb,14,0,1,70
0094b0d9,Unwind@0094b0d9,14,0,1,70
0094b0e7,Unwind@0094b0e7,14,0,1,70
0094b0f5,Unwind@0094b0f5,14,0,1,70
0094b103,Unwind@0094b103,14,0,1,70
0094b111,Unwind@0094b111,14,0,1,70
0094b11f,Unwind@0094b11f,14,0,1,70
0094b12d,Unwind@0094b12d,14,0,1,70
0094b13b,Unwind@0094b13b,24,0,1,191
0094b153,Unwind@0094b153,24,0,1,191
0094b18d,Unwind@0094b18d,16,0,1,132
0094b1bf,Unwind@0094b1bf,8,0,1,70
0094b1f6,Unwind@0094b1f6,11,0,1,70
0094b201,Unwind@0094b201,11,0,1,70
0094b20c,Unwind@0094b20c,8,0,1,70
0094b243,Unwind@0094b243,8,0,1,70
0094b277,Unwind@0094b277,25,0,1,241
0094b290,Unwind@0094b290,8,0,1,70
0094b298,Unwind@0094b298,8,0,1,70
0094b2c2,Unwind@0094b2c2,8,0,1,70
0094b2ec,Unwind@0094b2ec,8,0,1,70
0094b316,Unwind@0094b316,8,0,1,70
0094b31e,Unwind@0094b31e,8,0,1,70
0094b348,Unwind@0094b348,8,0,1,70
0094b350,Unwind@0094b350,8,0,1,70
0094b37a,Unwind@0094b37a,8,0,1,70
0094b3a4,Unwind@0094b3a4,8,0,1,70
0094b3ce,Unwind@0094b3ce,8,0,1,70
0094b3d6,Unwind@0094b3d6,8,0,1,70
0094b3de,Unwind@0094b3de,8,0,1,70
0094b3e6,Unwind@0094b3e6,8,0,1,70
0094b3ee,Unwind@0094b3ee,8,0,1,70
0094b3f6,Unwind@0094b3f6,8,0,1,70
0094b3fe,Unwind@0094b3fe,8,0,1,70
0094b406,Unwind@0094b406,8,0,1,70
0094b40e,Unwind@0094b40e,8,0,1,70
0094b43b,Unwind@0094b43b,8,0,1,70
0094b465,Unwind@0094b465,11,0,1,70
0094b492,Unwind@0094b492,8,0,1,70
0094b4c6,Unwind@0094b4c6,8,0,1,70
0094b4fa,Unwind@0094b4fa,8,0,1,70
0094b52e,Unwind@0094b52e,8,0,1,70
0094b562,Unwind@0094b562,8,0,1,70
0094b56a,Unwind@0094b56a,8,0,1,70
0094b59e,Unwind@0094b59e,8,0,1,70
0094b5c8,Unwind@0094b5c8,8,0,1,70
0094b5fc,Unwind@0094b5fc,11,0,1,70
0094b607,Unwind@0094b607,11,0,1,70
0094b612,Unwind@0094b612,8,0,1,70
0094b61a,Unwind@0094b61a,8,0,1,70
0094b622,Unwind@0094b622,8,0,1,70
0094b62a,Unwind@0094b62a,8,0,1,70
0094b632,Unwind@0094b632,8,0,1,70
0094b63a,Unwind@0094b63a,8,0,1,70
0094b642,Unwind@0094b642,8,0,1,70
0094b64a,Unwind@0094b64a,8,0,1,70
0094b652,Unwind@0094b652,8,0,1,70
0094b689,Unwind@0094b689,8,0,1,70
0094b691,Unwind@0094b691,8,0,1,70
0094b6bb,Unwind@0094b6bb,11,0,1,140
0094b6c6,Unwind@0094b6c6,11,0,1,70
0094b6d1,Unwind@0094b6d1,11,0,1,70
0094b6dc,Unwind@0094b6dc,11,0,1,70
0094b6e7,Unwind@0094b6e7,11,0,1,140
0094b6f2,Unwind@0094b6f2,11,0,1,70
0094b6fd,Unwind@0094b6fd,11,0,1,70
0094b708,Unwind@0094b708,8,0,1,139
0094b710,Unwind@0094b710,11,0,1,70
0094b71b,Unwind@0094b71b,11,0,1,70
0094b726,Unwind@0094b726,11,0,1,70
0094b731,Unwind@0094b731,11,0,1,70
0094b73c,Unwind@0094b73c,11,0,1,70
0094b747,Unwind@0094b747,11,0,1,70
0094b752,Unwind@0094b752,11,0,1,70
0094b75d,Unwind@0094b75d,11,0,1,70
0094b768,Unwind@0094b768,11,0,1,70
0094b773,Unwind@0094b773,11,0,1,70
0094b77e,Unwind@0094b77e,11,0,1,70
0094b789,Unwind@0094b789,11,0,1,70
0094b794,Unwind@0094b794,11,0,1,70
0094b79f,Unwind@0094b79f,11,0,1,70
0094b7aa,Unwind@0094b7aa,11,0,1,70
0094b7b5,Unwind@0094b7b5,11,0,1,70
0094b7c0,Unwind@0094b7c0,11,0,1,70
0094b7cb,Unwind@0094b7cb,34,0,1,244
0094b7ed,Unwind@0094b7ed,34,0,1,244
0094b80f,Unwind@0094b80f,11,0,1,70
0094b81a,Unwind@0094b81a,11,0,1,70
0094b825,Unwind@0094b825,11,0,1,140
0094b830,Unwind@0094b830,11,0,1,70
0094b83b,Unwind@0094b83b,8,0,1,139
0094b843,Unwind@0094b843,11,0,1,70
0094b84e,Unwind@0094b84e,11,0,1,70
0094b859,Unwind@0094b859,11,0,1,70
0094b864,Unwind@0094b864,11,0,1,70
0094b86f,Unwind@0094b86f,11,0,1,70
0094b87a,Unwind@0094b87a,11,0,1,70
0094b885,Unwind@0094b885,11,0,1,70
0094b890,Unwind@0094b890,11,0,1,70
0094b89b,Unwind@0094b89b,11,0,1,70
0094b8a6,Unwind@0094b8a6,11,0,1,70
0094b8b1,Unwind@0094b8b1,11,0,1,70
0094b8bc,Unwind@0094b8bc,11,0,1,70
0094b8c7,Unwind@0094b8c7,11,0,1,70
0094b8d2,Unwind@0094b8d2,8,0,1,139
0094b8da,Unwind@0094b8da,11,0,1,70
0094b8e5,Unwind@0094b8e5,11,0,1,70
0094b8f0,Unwind@0094b8f0,8,0,1,139
0094b8f8,Unwind@0094b8f8,11,0,1,70
0094b903,Unwind@0094b903,11,0,1,70
0094b90e,Unwind@0094b90e,11,0,1,70
0094b919,Unwind@0094b919,11,0,1,70
0094b924,Unwind@0094b924,11,0,1,70
0094b92f,Unwind@0094b92f,11,0,1,70
0094b93a,Unwind@0094b93a,11,0,1,70
0094b945,Unwind@0094b945,11,0,1,70
0094b950,Unwind@0094b950,11,0,1,70
0094b95b,Unwind@0094b95b,8,0,1,70
0094b963,Unwind@0094b963,11,0,1,70
0094b96e,Unwind@0094b96e,11,0,1,70
0094b979,Unwind@0094b979,11,0,1,70
0094b984,Unwind@0094b984,11,0,1,70
0094b98f,Unwind@0094b98f,11,0,1,70
0094b99a,Unwind@0094b99a,11,0,1,70
0094b9a5,Unwind@0094b9a5,11,0,1,70
0094b9b0,Unwind@0094b9b0,8,0,1,139
0094b9b8,Unwind@0094b9b8,11,0,1,70
0094b9c3,Unwind@0094b9c3,11,0,1,70
0094b9ce,Unwind@0094b9ce,11,0,1,70
0094b9d9,Unwind@0094b9d9,11,0,1,70
0094b9e4,Unwind@0094b9e4,11,0,1,70
0094b9ef,Unwind@0094b9ef,11,0,1,70
0094b9fa,Unwind@0094b9fa,11,0,1,70
0094ba05,Unwind@0094ba05,11,0,1,70
0094ba10,Unwind@0094ba10,11,0,1,70
0094ba1b,Unwind@0094ba1b,11,0,1,70
0094ba26,Unwind@0094ba26,11,0,1,70
0094ba31,Unwind@0094ba31,11,0,1,70
0094ba3c,Unwind@0094ba3c,11,0,1,70
0094ba47,Unwind@0094ba47,8,0,1,70
0094ba4f,Unwind@0094ba4f,11,0,1,70
0094ba5a,Unwind@0094ba5a,11,0,1,70
0094ba65,Unwind@0094ba65,11,0,1,70
0094ba70,Unwind@0094ba70,11,0,1,70
0094ba7b,Unwind@0094ba7b,11,0,1,70
0094ba86,Unwind@0094ba86,11,0,1,70
0094ba91,Unwind@0094ba91,11,0,1,70
0094ba9c,Unwind@0094ba9c,11,0,1,70
0094baa7,Unwind@0094baa7,11,0,1,70
0094bab2,Unwind@0094bab2,11,0,1,70
0094babd,Unwind@0094babd,11,0,1,70
0094bac8,Unwind@0094bac8,11,0,1,70
0094bad3,Unwind@0094bad3,11,0,1,70
0094bade,Unwind@0094bade,11,0,1,70
0094bae9,Unwind@0094bae9,11,0,1,70
0094baf4,Unwind@0094baf4,11,0,1,70
0094baff,Unwind@0094baff,11,0,1,70
0094bb0a,Unwind@0094bb0a,11,0,1,140
0094bb15,Unwind@0094bb15,11,0,1,70
0094bb20,Unwind@0094bb20,11,0,1,70
0094bb2b,Unwind@0094bb2b,11,0,1,70
0094bb36,Unwind@0094bb36,11,0,1,70
0094bb41,Unwind@0094bb41,8,0,1,139
0094bb49,Unwind@0094bb49,11,0,1,70
0094bb54,Unwind@0094bb54,11,0,1,140
0094bb5f,Unwind@0094bb5f,11,0,1,70
0094bb6a,Unwind@0094bb6a,11,0,1,70
0094bb75,Unwind@0094bb75,11,0,1,70
0094bb80,Unwind@0094bb80,8,0,1,139
0094bb88,Unwind@0094bb88,11,0,1,70
0094bb93,Unwind@0094bb93,11,0,1,70
0094bb9e,Unwind@0094bb9e,11,0,1,70
0094bba9,Unwind@0094bba9,11,0,1,70
0094bbb4,Unwind@0094bbb4,11,0,1,70
0094bbbf,Unwind@0094bbbf,11,0,1,70
0094bbca,Unwind@0094bbca,11,0,1,70
0094bbd5,Unwind@0094bbd5,11,0,1,70
0094bbe0,Unwind@0094bbe0,11,0,1,70
0094bbeb,Unwind@0094bbeb,11,0,1,70
0094bbf6,Unwind@0094bbf6,8,0,1,70
0094bbfe,Unwind@0094bbfe,11,0,1,70
0094bc09,Unwind@0094bc09,11,0,1,70
0094bc14,Unwind@0094bc14,11,0,1,70
0094bc1f,Unwind@0094bc1f,11,0,1,70
0094bc2a,Unwind@0094bc2a,11,0,1,70
0094bc35,Unwind@0094bc35,11,0,1,70
0094bc40,Unwind@0094bc40,11,0,1,70
0094bc4b,Unwind@0094bc4b,11,0,1,139
0094bc56,Unwind@0094bc56,11,0,1,70
0094bc61,Unwind@0094bc61,11,0,1,70
0094bc6c,Unwind@0094bc6c,11,0,1,70
0094bc77,Unwind@0094bc77,11,0,1,70
0094bc82,Unwind@0094bc82,11,0,1,70
0094bc8d,Unwind@0094bc8d,11,0,1,70
0094bc98,Unwind@0094bc98,11,0,1,70
0094bca3,Unwind@0094bca3,11,0,1,70
0094bcae,Unwind@0094bcae,11,0,1,70
0094bcb9,Unwind@0094bcb9,11,0,1,139
0094bcc4,Unwind@0094bcc4,11,0,1,70
0094bccf,Unwind@0094bccf,11,0,1,70
0094bcda,Unwind@0094bcda,11,0,1,70
0094bce5,Unwind@0094bce5,11,0,1,140
0094bcf0,Unwind@0094bcf0,11,0,1,70
0094bcfb,Unwind@0094bcfb,11,0,1,70
0094bd06,Unwind@0094bd06,11,0,1,70
0094bd11,Unwind@0094bd11,11,0,1,70
0094bd1c,Unwind@0094bd1c,8,0,1,70
0094bd24,Unwind@0094bd24,11,0,1,70
0094bd2f,Unwind@0094bd2f,11,0,1,70
0094bd3a,Unwind@0094bd3a,11,0,1,70
0094bd45,Unwind@0094bd45,11,0,1,140
0094bd50,Unwind@0094bd50,11,0,1,70
0094bd5b,Unwind@0094bd5b,11,0,1,70
0094bd66,Unwind@0094bd66,11,0,1,70
0094bd71,Unwind@0094bd71,11,0,1,70
0094bd7c,Unwind@0094bd7c,8,0,1,70
0094bd84,Unwind@0094bd84,11,0,1,70
0094bd8f,Unwind@0094bd8f,11,0,1,70
0094bd9a,Unwind@0094bd9a,11,0,1,70
0094bda5,Unwind@0094bda5,11,0,1,70
0094bdb0,Unwind@0094bdb0,11,0,1,70
0094bdbb,Unwind@0094bdbb,11,0,1,70
0094bdc6,Unwind@0094bdc6,11,0,1,140
0094bdd1,Unwind@0094bdd1,11,0,1,70
0094bddc,Unwind@0094bddc,11,0,1,70
0094bde7,Unwind@0094bde7,11,0,1,70
0094bdf2,Unwind@0094bdf2,11,0,1,140
0094bdfd,Unwind@0094bdfd,11,0,1,70
0094be08,Unwind@0094be08,11,0,1,70
0094be13,Unwind@0094be13,11,0,1,70
0094be1e,Unwind@0094be1e,11,0,1,70
0094be29,Unwind@0094be29,11,0,1,140
0094be34,Unwind@0094be34,11,0,1,70
0094be3f,Unwind@0094be3f,11,0,1,70
0094be4a,Unwind@0094be4a,11,0,1,70
0094be55,Unwind@0094be55,11,0,1,70
0094be60,Unwind@0094be60,11,0,1,70
0094be6b,Unwind@0094be6b,11,0,1,70
0094be76,Unwind@0094be76,8,0,1,139
0094be7e,Unwind@0094be7e,11,0,1,70
0094be89,Unwind@0094be89,11,0,1,70
0094be94,Unwind@0094be94,11,0,1,70
0094be9f,Unwind@0094be9f,11,0,1,70
0094beaa,Unwind@0094beaa,11,0,1,70
0094beb5,Unwind@0094beb5,11,0,1,70
0094bec0,Unwind@0094bec0,11,0,1,70
0094becb,Unwind@0094becb,11,0,1,70
0094bed6,Unwind@0094bed6,11,0,1,70
0094bee1,Unwind@0094bee1,11,0,1,70
0094beec,Unwind@0094beec,11,0,1,70
0094bef7,Unwind@0094bef7,11,0,1,70
0094bf02,Unwind@0094bf02,11,0,1,70
0094bf0d,Unwind@0094bf0d,11,0,1,70
0094bf18,Unwind@0094bf18,11,0,1,139
0094bf23,Unwind@0094bf23,11,0,1,70
0094bf2e,Unwind@0094bf2e,11,0,1,70
0094bf39,Unwind@0094bf39,11,0,1,70
0094bf44,Unwind@0094bf44,8,0,1,139
0094bf4c,Unwind@0094bf4c,11,0,1,70
0094bf57,Unwind@0094bf57,8,0,1,139
0094bf5f,Unwind@0094bf5f,11,0,1,70
0094bf6a,Unwind@0094bf6a,11,0,1,140
0094bf75,Unwind@0094bf75,11,0,1,70
0094bf80,Unwind@0094bf80,11,0,1,70
0094bf8b,Unwind@0094bf8b,11,0,1,70
0094bf96,Unwind@0094bf96,11,0,1,70
0094bfa1,Unwind@0094bfa1,11,0,1,70
0094bfac,Unwind@0094bfac,11,0,1,70
0094bfb7,Unwind@0094bfb7,11,0,1,140
0094bfc2,Unwind@0094bfc2,11,0,1,70
0094bfcd,Unwind@0094bfcd,11,0,1,70
0094bfd8,Unwind@0094bfd8,8,0,1,139
0094bfe0,Unwind@0094bfe0,11,0,1,70
0094bfeb,Unwind@0094bfeb,11,0,1,140
0094bff6,Unwind@0094bff6,11,0,1,70
0094c001,Unwind@0094c001,11,0,1,70
0094c00c,Unwind@0094c00c,11,0,1,70
0094c017,Unwind@0094c017,11,0,1,70
0094c022,Unwind@0094c022,11,0,1,70
0094c02d,Unwind@0094c02d,11,0,1,70
0094c038,Unwind@0094c038,11,0,1,140
0094c043,Unwind@0094c043,11,0,1,70
0094c04e,Unwind@0094c04e,11,0,1,70
0094c059,Unwind@0094c059,11,0,1,70
0094c064,Unwind@0094c064,11,0,1,70
0094c06f,Unwind@0094c06f,11,0,1,70
0094c07a,Unwind@0094c07a,11,0,1,139
0094c085,Unwind@0094c085,11,0,1,70
0094c090,Unwind@0094c090,11,0,1,70
0094c09b,Unwind@0094c09b,11,0,1,70
0094c0a6,Unwind@0094c0a6,11,0,1,140
0094c0b1,Unwind@0094c0b1,11,0,1,70
0094c0bc,Unwind@0094c0bc,11,0,1,70
0094c0c7,Unwind@0094c0c7,11,0,1,70
0094c0d2,Unwind@0094c0d2,11,0,1,140
0094c0dd,Unwind@0094c0dd,11,0,1,70
0094c0e8,Unwind@0094c0e8,11,0,1,70
0094c0f3,Unwind@0094c0f3,11,0,1,70
0094c0fe,Unwind@0094c0fe,11,0,1,70
0094c109,Unwind@0094c109,11,0,1,70
0094c114,Unwind@0094c114,11,0,1,70
0094c11f,Unwind@0094c11f,11,0,1,70
0094c12a,Unwind@0094c12a,11,0,1,70
0094c135,Unwind@0094c135,11,0,1,70
0094c140,Unwind@0094c140,11,0,1,139
0094c14b,Unwind@0094c14b,11,0,1,70
0094c156,Unwind@0094c156,11,0,1,70
0094c161,Unwind@0094c161,11,0,1,70
0094c16c,Unwind@0094c16c,11,0,1,70
0094c177,Unwind@0094c177,11,0,1,70
0094c182,Unwind@0094c182,11,0,1,70
0094c18d,Unwind@0094c18d,11,0,1,70
0094c198,Unwind@0094c198,11,0,1,70
0094c1a3,Unwind@0094c1a3,11,0,1,70
0094c1ae,Unwind@0094c1ae,11,0,1,139
0094c1b9,Unwind@0094c1b9,11,0,1,70
0094c1c4,Unwind@0094c1c4,11,0,1,140
0094c1cf,Unwind@0094c1cf,11,0,1,70
0094c1da,Unwind@0094c1da,11,0,1,70
0094c1e5,Unwind@0094c1e5,11,0,1,70
0094c1f0,Unwind@0094c1f0,8,0,1,139
0094c1f8,Unwind@0094c1f8,11,0,1,70
0094c203,Unwind@0094c203,11,0,1,70
0094c20e,Unwind@0094c20e,11,0,1,70
0094c219,Unwind@0094c219,11,0,1,70
0094c224,Unwind@0094c224,11,0,1,70
0094c22f,Unwind@0094c22f,11,0,1,70
0094c23a,Unwind@0094c23a,11,0,1,70
0094c245,Unwind@0094c245,11,0,1,70
0094c250,Unwind@0094c250,11,0,1,70
0094c25b,Unwind@0094c25b,8,0,1,70
0094c263,Unwind@0094c263,11,0,1,70
0094c26e,Unwind@0094c26e,11,0,1,140
0094c279,Unwind@0094c279,11,0,1,70
0094c284,Unwind@0094c284,8,0,1,139
0094c28c,Unwind@0094c28c,11,0,1,70
0094c297,Unwind@0094c297,11,0,1,70
0094c2a2,Unwind@0094c2a2,11,0,1,70
0094c2ad,Unwind@0094c2ad,11,0,1,70
0094c2b8,Unwind@0094c2b8,11,0,1,70
0094c2c3,Unwind@0094c2c3,8,0,1,139
0094c2cb,Unwind@0094c2cb,11,0,1,70
0094c2d6,Unwind@0094c2d6,11,0,1,70
0094c2e1,Unwind@0094c2e1,11,0,1,70
0094c2ec,Unwind@0094c2ec,11,0,1,70
0094c2f7,Unwind@0094c2f7,11,0,1,70
0094c302,Unwind@0094c302,11,0,1,70
0094c30d,Unwind@0094c30d,11,0,1,70
0094c318,Unwind@0094c318,11,0,1,70
0094c323,Unwind@0094c323,11,0,1,70
0094c32e,Unwind@0094c32e,11,0,1,70
0094c339,Unwind@0094c339,11,0,1,70
0094c344,Unwind@0094c344,8,0,1,139
0094c34c,Unwind@0094c34c,11,0,1,70
0094c357,Unwind@0094c357,11,0,1,70
0094c362,Unwind@0094c362,11,0,1,70
0094c36d,Unwind@0094c36d,11,0,1,70
0094c378,Unwind@0094c378,8,0,1,70
0094c380,Unwind@0094c380,11,0,1,70
0094c38b,Unwind@0094c38b,11,0,1,70
0094c396,Unwind@0094c396,11,0,1,70
0094c3a1,Unwind@0094c3a1,11,0,1,70
0094c3ac,Unwind@0094c3ac,11,0,1,70
0094c3b7,Unwind@0094c3b7,11,0,1,70
0094c3c2,Unwind@0094c3c2,11,0,1,70
0094c3cd,Unwind@0094c3cd,11,0,1,70
0094c3d8,Unwind@0094c3d8,11,0,1,70
0094c3e3,Unwind@0094c3e3,11,0,1,70
0094c3ee,Unwind@0094c3ee,11,0,1,70
0094c3f9,Unwind@0094c3f9,11,0,1,70
0094c404,Unwind@0094c404,11,0,1,70
0094c40f,Unwind@0094c40f,11,0,1,70
0094c41a,Unwind@0094c41a,11,0,1,70
0094c425,Unwind@0094c425,11,0,1,70
0094c430,Unwind@0094c430,11,0,1,70
0094c43b,Unwind@0094c43b,11,0,1,70
0094c446,Unwind@0094c446,11,0,1,70
0094c451,Unwind@0094c451,11,0,1,70
0094c45c,Unwind@0094c45c,11,0,1,70
0094c467,Unwind@0094c467,11,0,1,70
0094c472,Unwind@0094c472,11,0,1,70
0094c47d,Unwind@0094c47d,8,0,1,70
0094c485,Unwind@0094c485,11,0,1,70
0094c490,Unwind@0094c490,8,0,1,70
0094c498,Unwind@0094c498,11,0,1,70
0094c4a3,Unwind@0094c4a3,8,0,1,70
0094c4ab,Unwind@0094c4ab,11,0,1,70
0094c4b6,Unwind@0094c4b6,8,0,1,70
0094c4be,Unwind@0094c4be,11,0,1,70
0094c4c9,Unwind@0094c4c9,8,0,1,70
0094c4d1,Unwind@0094c4d1,11,0,1,70
0094c4dc,Unwind@0094c4dc,11,0,1,70
0094c4e7,Unwind@0094c4e7,11,0,1,70
0094c4f2,Unwind@0094c4f2,11,0,1,70
0094c4fd,Unwind@0094c4fd,11,0,1,70
0094c508,Unwind@0094c508,8,0,1,70
0094c510,Unwind@0094c510,11,0,1,70
0094c51b,Unwind@0094c51b,11,0,1,70
0094c526,Unwind@0094c526,11,0,1,70
0094c531,Unwind@0094c531,11,0,1,70
0094c53c,Unwind@0094c53c,11,0,1,70
0094c547,Unwind@0094c547,11,0,1,70
0094c552,Unwind@0094c552,11,0,1,70
0094c55d,Unwind@0094c55d,11,0,1,70
0094c568,Unwind@0094c568,8,0,1,139
0094c570,Unwind@0094c570,11,0,1,70
0094c57b,Unwind@0094c57b,11,0,1,70
0094c586,Unwind@0094c586,11,0,1,70
0094c591,Unwind@0094c591,11,0,1,70
0094c59c,Unwind@0094c59c,11,0,1,70
0094c5a7,Unwind@0094c5a7,11,0,1,70
0094c5b2,Unwind@0094c5b2,11,0,1,70
0094c5bd,Unwind@0094c5bd,11,0,1,70
0094c5c8,Unwind@0094c5c8,11,0,1,70
0094c5d3,Unwind@0094c5d3,11,0,1,70
0094c5de,Unwind@0094c5de,8,0,1,139
0094c5e6,Unwind@0094c5e6,11,0,1,70
0094c5f1,Unwind@0094c5f1,11,0,1,70
0094c5fc,Unwind@0094c5fc,11,0,1,70
0094c607,Unwind@0094c607,8,0,1,70
0094c60f,Unwind@0094c60f,11,0,1,70
0094c61a,Unwind@0094c61a,11,0,1,70
0094c625,Unwind@0094c625,11,0,1,70
0094c630,Unwind@0094c630,11,0,1,70
0094c63b,Unwind@0094c63b,11,0,1,70
0094c646,Unwind@0094c646,11,0,1,70
0094c651,Unwind@0094c651,11,0,1,70
0094c65c,Unwind@0094c65c,11,0,1,70
0094c667,Unwind@0094c667,11,0,1,70
0094c672,Unwind@0094c672,11,0,1,70
0094c67d,Unwind@0094c67d,11,0,1,70
0094c688,Unwind@0094c688,11,0,1,70
0094c693,Unwind@0094c693,8,0,1,139
0094c69b,Unwind@0094c69b,11,0,1,70
0094c6a6,Unwind@0094c6a6,11,0,1,140
0094c6b1,Unwind@0094c6b1,11,0,1,70
0094c6bc,Unwind@0094c6bc,11,0,1,70
0094c6c7,Unwind@0094c6c7,11,0,1,70
0094c6d2,Unwind@0094c6d2,11,0,1,70
0094c6dd,Unwind@0094c6dd,11,0,1,70
0094c6e8,Unwind@0094c6e8,11,0,1,70
0094c6f3,Unwind@0094c6f3,8,0,1,139
0094c6fb,Unwind@0094c6fb,11,0,1,70
0094c706,Unwind@0094c706,11,0,1,70
0094c711,Unwind@0094c711,11,0,1,70
0094c71c,Unwind@0094c71c,11,0,1,70
0094c727,Unwind@0094c727,8,0,1,139
0094c72f,Unwind@0094c72f,11,0,1,70
0094c73a,Unwind@0094c73a,11,0,1,70
0094c745,Unwind@0094c745,11,0,1,70
0094c750,Unwind@0094c750,8,0,1,70
0094c758,Unwind@0094c758,8,0,1,70
0094c760,Unwind@0094c760,8,0,1,70
0094c768,Unwind@0094c768,8,0,1,70
0094c770,Unwind@0094c770,8,0,1,70
0094c778,Unwind@0094c778,8,0,1,70
0094c780,Unwind@0094c780,19,0,1,155
0094c793,Unwind@0094c793,8,0,1,70
0094c79b,Unwind@0094c79b,8,0,1,70
0094c7a3,Unwind@0094c7a3,11,0,1,70
0094c7ae,Unwind@0094c7ae,11,0,1,70
0094c7b9,Unwind@0094c7b9,11,0,1,70
0094c7c4,Unwind@0094c7c4,11,0,1,140
0094c7cf,Unwind@0094c7cf,11,0,1,70
0094c7da,Unwind@0094c7da,8,0,1,139
0094c7e2,Unwind@0094c7e2,8,0,1,70
0094c7ea,Unwind@0094c7ea,11,0,1,70
0094c7f5,Unwind@0094c7f5,8,0,1,70
0094c7fd,Unwind@0094c7fd,11,0,1,70
0094c808,Unwind@0094c808,11,0,1,70
0094c813,Unwind@0094c813,8,0,1,139
0094c81b,Unwind@0094c81b,11,0,1,70
0094c826,Unwind@0094c826,11,0,1,70
0094c831,Unwind@0094c831,11,0,1,70
0094c83c,Unwind@0094c83c,11,0,1,70
0094c847,Unwind@0094c847,8,0,1,70
0094c84f,Unwind@0094c84f,11,0,1,70
0094c85a,Unwind@0094c85a,8,0,1,70
0094c862,Unwind@0094c862,11,0,1,70
0094c86d,Unwind@0094c86d,11,0,1,140
0094c878,Unwind@0094c878,8,0,1,70
0094c880,Unwind@0094c880,11,0,1,70
0094c88b,Unwind@0094c88b,8,0,1,70
0094c893,Unwind@0094c893,11,0,1,70
0094c89e,Unwind@0094c89e,11,0,1,70
0094c8a9,Unwind@0094c8a9,11,0,1,70
0094c8b4,Unwind@0094c8b4,11,0,1,140
0094c8bf,Unwind@0094c8bf,8,0,1,70
0094c8c7,Unwind@0094c8c7,11,0,1,70
0094c8d2,Unwind@0094c8d2,8,0,1,70
0094c8da,Unwind@0094c8da,11,0,1,70
0094c8e5,Unwind@0094c8e5,8,0,1,139
0094c8ed,Unwind@0094c8ed,8,0,1,70
0094c8f5,Unwind@0094c8f5,11,0,1,70
0094c900,Unwind@0094c900,11,0,1,70
0094c90b,Unwind@0094c90b,11,0,1,140
0094c916,Unwind@0094c916,8,0,1,70
0094c91e,Unwind@0094c91e,11,0,1,70
0094c929,Unwind@0094c929,8,0,1,70
0094c931,Unwind@0094c931,11,0,1,70
0094c93c,Unwind@0094c93c,11,0,1,70
0094c947,Unwind@0094c947,11,0,1,70
0094c952,Unwind@0094c952,11,0,1,70
0094c95d,Unwind@0094c95d,11,0,1,140
0094c968,Unwind@0094c968,8,0,1,70
0094c970,Unwind@0094c970,11,0,1,70
0094c97b,Unwind@0094c97b,8,0,1,70
0094c983,Unwind@0094c983,11,0,1,70
0094c98e,Unwind@0094c98e,11,0,1,70
0094c999,Unwind@0094c999,11,0,1,70
0094c9a4,Unwind@0094c9a4,11,0,1,70
0094c9af,Unwind@0094c9af,11,0,1,70
0094c9ba,Unwind@0094c9ba,11,0,1,140
0094c9c5,Unwind@0094c9c5,8,0,1,70
0094c9cd,Unwind@0094c9cd,11,0,1,70
0094c9d8,Unwind@0094c9d8,8,0,1,70
0094c9e0,Unwind@0094c9e0,11,0,1,70
0094c9eb,Unwind@0094c9eb,11,0,1,140
0094c9f6,Unwind@0094c9f6,8,0,1,70
0094c9fe,Unwind@0094c9fe,11,0,1,70
0094ca09,Unwind@0094ca09,11,0,1,70
0094ca14,Unwind@0094ca14,11,0,1,70
0094ca1f,Unwind@0094ca1f,11,0,1,140
0094ca2a,Unwind@0094ca2a,11,0,1,70
0094ca35,Unwind@0094ca35,11,0,1,70
0094ca40,Unwind@0094ca40,11,0,1,70
0094ca4b,Unwind@0094ca4b,11,0,1,70
0094ca56,Unwind@0094ca56,11,0,1,139
0094ca61,Unwind@0094ca61,11,0,1,70
0094ca6c,Unwind@0094ca6c,11,0,1,140
0094ca77,Unwind@0094ca77,11,0,1,70
0094ca82,Unwind@0094ca82,11,0,1,140
0094ca8d,Unwind@0094ca8d,8,0,1,70
0094ca95,Unwind@0094ca95,11,0,1,70
0094caa0,Unwind@0094caa0,11,0,1,70
0094caab,Unwind@0094caab,11,0,1,70
0094cab6,Unwind@0094cab6,11,0,1,70
0094cac1,Unwind@0094cac1,11,0,1,140
0094cacc,Unwind@0094cacc,8,0,1,70
0094cad4,Unwind@0094cad4,11,0,1,70
0094cadf,Unwind@0094cadf,11,0,1,140
0094caea,Unwind@0094caea,11,0,1,70
0094caf5,Unwind@0094caf5,11,0,1,70
0094cb2f,Unwind@0094cb2f,8,0,1,70
0094cb37,Unwind@0094cb37,14,0,1,70
0094cb45,Unwind@0094cb45,14,0,1,70
0094cb75,Unwind@0094cb75,9,0,1,126
0094cb7e,Unwind@0094cb7e,9,0,1,126
0094cba9,Unwind@0094cba9,11,0,1,70
0094cbb4,Unwind@0094cbb4,11,0,1,70
0094cbbf,Unwind@0094cbbf,11,0,1,70
0094cbca,Unwind@0094cbca,11,0,1,70
0094cbd5,Unwind@0094cbd5,11,0,1,70
0094cc0f,Unwind@0094cc0f,11,0,1,70
0094cc1a,Unwind@0094cc1a,12,0,1,127
0094cc26,Unwind@0094cc26,12,0,1,127
0094cc32,Unwind@0094cc32,11,0,1,70
0094cc3d,Unwind@0094cc3d,11,0,1,70
0094cc48,Unwind@0094cc48,11,0,1,70
0094cc53,Unwind@0094cc53,11,0,1,70
0094cc5e,Unwind@0094cc5e,12,0,1,127
0094cc6a,Unwind@0094cc6a,11,0,1,70
0094cc75,Unwind@0094cc75,11,0,1,70
0094ccaf,Unwind@0094ccaf,11,0,1,70
0094ccba,Unwind@0094ccba,11,0,1,70
0094ccc5,Unwind@0094ccc5,11,0,1,70
0094ccd0,Unwind@0094ccd0,11,0,1,70
0094ccdb,Unwind@0094ccdb,14,0,1,70
0094cce9,Unwind@0094cce9,14,0,1,70
0094ccf7,Unwind@0094ccf7,14,0,1,70
0094cd44,Unwind@0094cd44,11,0,1,70
0094cd4f,Unwind@0094cd4f,11,0,1,70
0094cd5a,Unwind@0094cd5a,8,0,1,70
0094cd62,Unwind@0094cd62,8,0,1,70
0094cd99,Unwind@0094cd99,8,0,1,70
0094cda1,Unwind@0094cda1,8,0,1,70
0094cda9,Unwind@0094cda9,8,0,1,70
0094cdb1,Unwind@0094cdb1,8,0,1,70
0094cdb9,Unwind@0094cdb9,11,0,1,70
0094cde9,Unwind@0094cde9,8,0,1,70
0094cdf1,Unwind@0094cdf1,9,0,1,126
0094ce1c,Unwind@0094ce1c,8,0,1,70
0094ce24,Unwind@0094ce24,8,0,1,70
0094ce2c,Unwind@0094ce2c,8,0,1,70
0094ce34,Unwind@0094ce34,8,0,1,70
0094ce3c,Unwind@0094ce3c,11,0,1,70
0094ce47,Unwind@0094ce47,8,0,1,70
0094ce74,Unwind@0094ce74,19,0,1,158
0094ceb3,Unwind@0094ceb3,8,0,1,70
0094cebb,Unwind@0094cebb,11,0,1,70
0094cec6,Unwind@0094cec6,8,0,1,70
0094cefd,Unwind@0094cefd,11,0,1,70
0094cf08,Unwind@0094cf08,11,0,1,70
0094cf13,Unwind@0094cf13,8,0,1,70
0094cf1b,Unwind@0094cf1b,8,0,1,70
0094cf48,Unwind@0094cf48,8,0,1,70
0094cf72,Unwind@0094cf72,8,0,1,70
0094cf7a,Unwind@0094cf7a,14,0,1,70
0094cfaa,Unwind@0094cfaa,8,0,1,70
0094cfd4,Unwind@0094cfd4,8,0,1,76
0094cfdc,Unwind@0094cfdc,14,0,1,70
0094cfea,Unwind@0094cfea,14,0,1,70
0094cff8,Unwind@0094cff8,14,0,1,70
0094d006,Unwind@0094d006,14,0,1,70
0094d036,Unwind@0094d036,9,0,1,126
0094d03f,Unwind@0094d03f,8,0,1,70
0094d069,Unwind@0094d069,8,0,1,70
0094d093,Unwind@0094d093,8,0,1,70
0094d09b,Unwind@0094d09b,8,0,1,70
0094d0c5,Unwind@0094d0c5,11,0,1,70
0094d0d0,Unwind@0094d0d0,11,0,1,70
0094d0db,Unwind@0094d0db,11,0,1,70
0094d115,Unwind@0094d115,8,0,1,70
0094d11d,Unwind@0094d11d,14,0,1,70
0094d12b,Unwind@0094d12b,14,0,1,70
0094d15b,Unwind@0094d15b,8,0,1,70
0094d163,Unwind@0094d163,14,0,1,70
0094d193,Unwind@0094d193,8,0,1,76
0094d19b,Unwind@0094d19b,14,0,1,70
0094d1a9,Unwind@0094d1a9,14,0,1,70
0094d1d9,Unwind@0094d1d9,11,0,1,129
0094d1e4,Unwind@0094d1e4,11,0,1,70
0094d1ef,Unwind@0094d1ef,8,0,1,70
0094d1f7,Unwind@0094d1f7,11,0,1,129
0094d202,Unwind@0094d202,8,0,1,70
0094d239,Unwind@0094d239,8,0,1,70
0094d263,Unwind@0094d263,8,0,1,128
0094d26b,Unwind@0094d26b,8,0,1,70
0094d273,Unwind@0094d273,8,0,1,70
0094d29d,Unwind@0094d29d,8,0,1,70
0094d2a5,Unwind@0094d2a5,8,0,1,70
0094d2d9,Unwind@0094d2d9,8,0,1,68
0094d303,Unwind@0094d303,8,0,1,70
0094d30b,Unwind@0094d30b,8,0,1,70
0094d313,Unwind@0094d313,8,0,1,70
0094d31b,Unwind@0094d31b,8,0,1,70
0094d323,Unwind@0094d323,8,0,1,70
0094d32b,Unwind@0094d32b,8,0,1,70
0094d333,Unwind@0094d333,8,0,1,70
0094d35d,Unwind@0094d35d,8,0,1,70
0094d387,Unwind@0094d387,8,0,1,70
0094d3be,Unwind@0094d3be,8,0,1,70
0094d3e8,Unwind@0094d3e8,11,0,1,70
0094d3f3,Unwind@0094d3f3,8,0,1,157
0094d3fb,Unwind@0094d3fb,11,0,1,70
0094d435,Unwind@0094d435,8,0,1,70
0094d43d,Unwind@0094d43d,8,0,1,70
0094d467,Unwind@0094d467,8,0,1,70
0094d46f,Unwind@0094d46f,8,0,1,70
0094d499,Unwind@0094d499,8,0,1,70
0094d4e0,Unwind@0094d4e0,11,0,1,70
0094d50d,Unwind@0094d50d,25,0,1,241
0094d526,Unwind@0094d526,8,0,1,70
0094d550,Unwind@0094d550,8,0,1,70
0094d558,Unwind@0094d558,11,0,1,70
0094d588,Unwind@0094d588,8,0,1,70
0094d590,Unwind@0094d590,11,0,1,70
0094d5c0,Unwind@0094d5c0,8,0,1,70
0094d5c8,Unwind@0094d5c8,11,0,1,70
0094d5f8,Unwind@0094d5f8,8,0,1,70
0094d600,Unwind@0094d600,11,0,1,70
0094d630,Unwind@0094d630,8,0,1,70
0094d638,Unwind@0094d638,11,0,1,70
0094d668,Unwind@0094d668,8,0,1,70
0094d692,Unwind@0094d692,8,0,1,70
0094d6bc,Unwind@0094d6bc,8,0,1,70
0094d6e6,Unwind@0094d6e6,8,0,1,70
0094d710,Unwind@0094d710,8,0,1,70
0094d73a,Unwind@0094d73a,8,0,1,70
0094d742,Unwind@0094d742,8,0,1,70
0094d76c,Unwind@0094d76c,11,0,1,70
0094d777,Unwind@0094d777,8,0,1,70
0094d7ae,Unwind@0094d7ae,11,0,1,70
0094d7b9,Unwind@0094d7b9,8,0,1,70
0094d7f0,Unwind@0094d7f0,8,0,1,70
0094d81a,Unwind@0094d81a,8,0,1,70
0094d844,Unwind@0094d844,8,0,1,70
0094d878,Unwind@0094d878,8,0,1,70
0094d880,Unwind@0094d880,8,0,1,70
0094d888,Unwind@0094d888,8,0,1,70
0094d890,Unwind@0094d890,8,0,1,70
0094d8d7,Unwind@0094d8d7,9,0,1,126
0094d90c,Unwind@0094d90c,8,0,1,70
0094d914,Unwind@0094d914,9,0,1,126
0094d949,Unwind@0094d949,8,0,1,135
0094d951,Unwind@0094d951,14,0,1,70
0094d981,Unwind@0094d981,8,0,1,70
0094d9b5,Unwind@0094d9b5,8,0,1,225
0094d9df,Unwind@0094d9df,8,0,1,70
0094d9e7,Unwind@0094d9e7,11,0,1,191
0094da14,Unwind@0094da14,9,0,1,126
0094da1d,Unwind@0094da1d,9,0,1,126
0094da48,Unwind@0094da48,8,0,1,70
0094da72,Unwind@0094da72,8,0,1,70
0094da7a,Unwind@0094da7a,8,0,1,70
0094daa4,Unwind@0094daa4,8,0,1,70
0094dad8,Unwind@0094dad8,8,0,1,70
0094dae0,Unwind@0094dae0,8,0,1,70
0094dae8,Unwind@0094dae8,8,0,1,70
0094db12,Unwind@0094db12,8,0,1,70
0094db1a,Unwind@0094db1a,8,0,1,70
0094db44,Unwind@0094db44,8,0,1,70
0094db4c,Unwind@0094db4c,14,0,1,70
0094db5a,Unwind@0094db5a,14,0,1,316
0094db8a,Unwind@0094db8a,8,0,1,70
0094db92,Unwind@0094db92,8,0,1,70
0094db9a,Unwind@0094db9a,8,0,1,70
0094dba2,Unwind@0094dba2,8,0,1,70
0094dbd9,Unwind@0094dbd9,11,0,1,70
0094dc13,Unwind@0094dc13,12,0,1,127
0094dc1f,Unwind@0094dc1f,11,0,1,70
0094dc2a,Unwind@0094dc2a,12,0,1,127
0094dc36,Unwind@0094dc36,12,0,1,127
0094dc71,Unwind@0094dc71,8,0,1,70
0094dca5,Unwind@0094dca5,11,0,1,70
0094dcdf,Unwind@0094dcdf,8,0,1,70
0094dd13,Unwind@0094dd13,9,0,1,126
0094dd1c,Unwind@0094dd1c,9,0,1,126
0094dd51,Unwind@0094dd51,8,0,1,70
0094dd59,Unwind@0094dd59,14,0,1,70
0094dd67,Unwind@0094dd67,14,0,1,70
0094dd75,Unwind@0094dd75,14,0,1,70
0094dd83,Unwind@0094dd83,14,0,1,70
0094dd91,Unwind@0094dd91,14,0,1,70
0094dd9f,Unwind@0094dd9f,14,0,1,316
0094ddcf,Unwind@0094ddcf,8,0,1,70
0094ddd7,Unwind@0094ddd7,8,0,1,70
0094de01,Unwind@0094de01,8,0,1,70
0094de2b,Unwind@0094de2b,25,0,1,241
0094de44,Unwind@0094de44,25,0,1,241
0094de7f,Unwind@0094de7f,8,0,1,70
0094deb3,Unwind@0094deb3,8,0,1,70
0094dee7,Unwind@0094dee7,8,0,1,70
0094deef,Unwind@0094deef,8,0,1,283
0094df23,Unwind@0094df23,8,0,1,283
0094df4d,Unwind@0094df4d,11,0,1,70
0094df87,Unwind@0094df87,11,0,1,70
0094df92,Unwind@0094df92,8,0,1,70
0094dfc9,Unwind@0094dfc9,8,0,1,70
0094dfd1,Unwind@0094dfd1,9,0,1,126
0094e006,Unwind@0094e006,8,0,1,283
0094e030,Unwind@0094e030,8,0,1,283
0094e064,Unwind@0094e064,8,0,1,283
0094e08e,Unwind@0094e08e,8,0,1,70
0094e096,Unwind@0094e096,14,0,1,70
0094e0a4,Unwind@0094e0a4,14,0,1,76
0094e0b2,Unwind@0094e0b2,14,0,1,70
0094e0c0,Unwind@0094e0c0,14,0,1,70
0094e0ce,Unwind@0094e0ce,14,0,1,70
0094e0dc,Unwind@0094e0dc,14,0,1,67
0094e0ea,Unwind@0094e0ea,14,0,1,70
0094e0f8,Unwind@0094e0f8,14,0,1,70
0094e106,Unwind@0094e106,14,0,1,316
0094e136,Unwind@0094e136,8,0,1,70
0094e13e,Unwind@0094e13e,8,0,1,70
0094e168,Unwind@0094e168,8,0,1,70
0094e19c,Unwind@0094e19c,8,0,1,283
0094e1d0,Unwind@0094e1d0,8,0,1,70
0094e1fa,Unwind@0094e1fa,8,0,1,70
0094e202,Unwind@0094e202,8,0,1,70
0094e20a,Unwind@0094e20a,8,0,1,70
0094e241,Unwind@0094e241,8,0,1,159
0094e249,Unwind@0094e249,11,0,1,70
0094e276,Unwind@0094e276,8,0,1,70
0094e27e,Unwind@0094e27e,8,0,1,70
0094e2a8,Unwind@0094e2a8,11,0,1,70
0094e2b3,Unwind@0094e2b3,8,0,1,70
0094e2bb,Unwind@0094e2bb,11,0,1,70
0094e2c6,Unwind@0094e2c6,8,0,1,70
0094e2ce,Unwind@0094e2ce,11,0,1,70
0094e2d9,Unwind@0094e2d9,11,0,1,70
0094e2e4,Unwind@0094e2e4,8,0,1,70
0094e2ec,Unwind@0094e2ec,11,0,1,70
0094e326,Unwind@0094e326,8,0,1,70
0094e32e,Unwind@0094e32e,8,0,1,70
0094e358,Unwind@0094e358,8,0,1,70
0094e360,Unwind@0094e360,8,0,1,70
0094e368,Unwind@0094e368,8,0,1,70
0094e392,Unwind@0094e392,8,0,1,123
0094e39a,Unwind@0094e39a,14,0,1,70
0094e3a8,Unwind@0094e3a8,14,0,1,70
0094e3b6,Unwind@0094e3b6,14,0,1,70
0094e3c4,Unwind@0094e3c4,14,0,1,70
0094e3f4,Unwind@0094e3f4,8,0,1,70
0094e428,Unwind@0094e428,8,0,1,70
0094e45c,Unwind@0094e45c,11,0,1,70
0094e467,Unwind@0094e467,8,0,1,70
0094e49e,Unwind@0094e49e,11,0,1,70
0094e4d8,Unwind@0094e4d8,8,0,1,70
0094e4e0,Unwind@0094e4e0,8,0,1,70
0094e50a,Unwind@0094e50a,11,0,1,70
0094e544,Unwind@0094e544,11,0,1,70
0094e54f,Unwind@0094e54f,11,0,1,70
0094e55a,Unwind@0094e55a,14,0,1,70
0094e568,Unwind@0094e568,14,0,1,70
0094e576,Unwind@0094e576,14,0,1,168
0094e5a6,Unwind@0094e5a6,12,0,1,127
0094e5b2,Unwind@0094e5b2,11,0,1,70
0094e5ec,Unwind@0094e5ec,8,0,1,70
0094e620,Unwind@0094e620,8,0,1,70
0094e64a,Unwind@0094e64a,12,0,1,127
0094e656,Unwind@0094e656,11,0,1,70
0094e661,Unwind@0094e661,11,0,1,70
0094e66c,Unwind@0094e66c,11,0,1,70
0094e677,Unwind@0094e677,11,0,1,70
0094e6b1,Unwind@0094e6b1,9,0,1,126
0094e6ba,Unwind@0094e6ba,9,0,1,126
0094e6c3,Unwind@0094e6c3,9,0,1,126
0094e6ee,Unwind@0094e6ee,8,0,1,70
0094e6f6,Unwind@0094e6f6,11,0,1,70
0094e730,Unwind@0094e730,8,0,1,70
0094e738,Unwind@0094e738,8,0,1,70
0094e76c,Unwind@0094e76c,8,0,1,70
0094e796,Unwind@0094e796,8,0,1,70
0094e79e,Unwind@0094e79e,8,0,1,283
0094e7c8,Unwind@0094e7c8,8,0,1,70
0094e7d0,Unwind@0094e7d0,8,0,1,70
0094e7d8,Unwind@0094e7d8,8,0,1,70
0094e80c,Unwind@0094e80c,11,0,1,70
0094e817,Unwind@0094e817,11,0,1,70
0094e851,Unwind@0094e851,11,0,1,70
0094e85c,Unwind@0094e85c,11,0,1,70
0094e889,Unwind@0094e889,8,0,1,70
0094e8b3,Unwind@0094e8b3,11,0,1,70
0094e8be,Unwind@0094e8be,8,0,1,70
0094e8c6,Unwind@0094e8c6,11,0,1,70
0094e8d1,Unwind@0094e8d1,11,0,1,70
0094e8dc,Unwind@0094e8dc,11,0,1,70
0094e916,Unwind@0094e916,8,0,1,70
0094e91e,Unwind@0094e91e,11,0,1,70
0094e94e,Unwind@0094e94e,11,0,1,70
0094e959,Unwind@0094e959,11,0,1,70
0094e964,Unwind@0094e964,11,0,1,70
0094e96f,Unwind@0094e96f,11,0,1,70
0094e9a9,Unwind@0094e9a9,8,0,1,70
0094e9b1,Unwind@0094e9b1,14,0,1,216
0094e9bf,Unwind@0094e9bf,14,0,1,217
0094e9cd,Unwind@0094e9cd,14,0,1,217
0094e9db,Unwind@0094e9db,14,0,1,217
0094e9e9,Unwind@0094e9e9,14,0,1,217
0094e9f7,Unwind@0094e9f7,14,0,1,222
0094ea05,Unwind@0094ea05,14,0,1,217
0094ea13,Unwind@0094ea13,14,0,1,70
0094ea21,Unwind@0094ea21,14,0,1,70
0094ea2f,Unwind@0094ea2f,14,0,1,70
0094ea3d,Unwind@0094ea3d,14,0,1,70
0094ea6d,Unwind@0094ea6d,11,0,1,70
0094ea78,Unwind@0094ea78,11,0,1,70
0094ea83,Unwind@0094ea83,11,0,1,70
0094ea8e,Unwind@0094ea8e,11,0,1,171
0094eac8,Unwind@0094eac8,11,0,1,70
0094ead3,Unwind@0094ead3,11,0,1,70
0094eade,Unwind@0094eade,11,0,1,70
0094eae9,Unwind@0094eae9,11,0,1,171
0094eb23,Unwind@0094eb23,8,0,1,70
0094eb2b,Unwind@0094eb2b,8,0,1,70
0094eb55,Unwind@0094eb55,8,0,1,70
0094eb5d,Unwind@0094eb5d,8,0,1,70
0094eb87,Unwind@0094eb87,8,0,1,70
0094ebbb,Unwind@0094ebbb,9,0,1,126
0094ebe6,Unwind@0094ebe6,11,0,1,151
0094ebf1,Unwind@0094ebf1,17,0,1,70
0094ec02,Unwind@0094ec02,17,0,1,70
0094ec13,Unwind@0094ec13,17,0,1,70
0094ec24,Unwind@0094ec24,17,0,1,70
0094ec35,Unwind@0094ec35,17,0,1,70
0094ec46,Unwind@0094ec46,12,0,1,126
0094ec52,Unwind@0094ec52,12,0,1,126
0094ec5e,Unwind@0094ec5e,12,0,1,126
0094ec6a,Unwind@0094ec6a,12,0,1,126
0094ec76,Unwind@0094ec76,12,0,1,126
0094ec82,Unwind@0094ec82,12,0,1,126
0094ec8e,Unwind@0094ec8e,12,0,1,126
0094ec9a,Unwind@0094ec9a,11,0,1,70
0094eca5,Unwind@0094eca5,11,0,1,70
0094ecb0,Unwind@0094ecb0,11,0,1,70
0094ed07,Unwind@0094ed07,8,0,1,70
0094ed0f,Unwind@0094ed0f,8,0,1,70
0094ed17,Unwind@0094ed17,8,0,1,70
0094ed1f,Unwind@0094ed1f,8,0,1,70
0094ed27,Unwind@0094ed27,9,0,1,126
0094ed52,Unwind@0094ed52,11,0,1,70
0094ed5d,Unwind@0094ed5d,8,0,1,157
0094ed65,Unwind@0094ed65,11,0,1,70
0094ed70,Unwind@0094ed70,11,0,1,70
0094ed7b,Unwind@0094ed7b,11,0,1,70
0094ed86,Unwind@0094ed86,34,0,1,244
0094eda8,Unwind@0094eda8,34,0,1,244
0094edca,Unwind@0094edca,8,0,1,157
0094edd2,Unwind@0094edd2,11,0,1,70
0094eddd,Unwind@0094eddd,11,0,1,70
0094ede8,Unwind@0094ede8,11,0,1,70
0094ee22,Unwind@0094ee22,8,0,1,157
0094ee59,Unwind@0094ee59,8,0,1,70
0094ee83,Unwind@0094ee83,11,0,1,171
0094eebd,Unwind@0094eebd,8,0,1,70
0094eef1,Unwind@0094eef1,8,0,1,70
0094eef9,Unwind@0094eef9,14,0,1,70
0094ef07,Unwind@0094ef07,14,0,1,70
0094ef37,Unwind@0094ef37,8,0,1,70
0094ef3f,Unwind@0094ef3f,14,0,1,70
0094ef6f,Unwind@0094ef6f,11,0,1,70
0094ef7a,Unwind@0094ef7a,11,0,1,70
0094ef85,Unwind@0094ef85,11,0,1,70
0094ef90,Unwind@0094ef90,11,0,1,70
0094ef9b,Unwind@0094ef9b,12,0,1,128
0094efa7,Unwind@0094efa7,11,0,1,70
0094efb2,Unwind@0094efb2,11,0,1,70
0094efbd,Unwind@0094efbd,11,0,1,70
0094efc8,Unwind@0094efc8,11,0,1,70
0094efd3,Unwind@0094efd3,11,0,1,70
0094efde,Unwind@0094efde,11,0,1,70
0094efe9,Unwind@0094efe9,11,0,1,70
0094eff4,Unwind@0094eff4,11,0,1,70
0094efff,Unwind@0094efff,11,0,1,70
0094f00a,Unwind@0094f00a,11,0,1,70
0094f015,Unwind@0094f015,11,0,1,70
0094f020,Unwind@0094f020,11,0,1,70
0094f02b,Unwind@0094f02b,11,0,1,70
0094f036,Unwind@0094f036,11,0,1,70
0094f041,Unwind@0094f041,11,0,1,70
0094f04c,Unwind@0094f04c,11,0,1,70
0094f086,Unwind@0094f086,8,0,1,70
0094f08e,Unwind@0094f08e,14,0,1,70
0094f0be,Unwind@0094f0be,8,0,1,70
0094f0c6,Unwind@0094f0c6,8,0,1,70
0094f0ce,Unwind@0094f0ce,9,0,1,126
0094f0d7,Unwind@0094f0d7,9,0,1,126
0094f102,Unwind@0094f102,8,0,1,70
0094f10a,Unwind@0094f10a,8,0,1,70
0094f112,Unwind@0094f112,8,0,1,70
0094f146,Unwind@0094f146,11,0,1,70
0094f151,Unwind@0094f151,8,0,1,157
0094f159,Unwind@0094f159,11,0,1,70
0094f193,Unwind@0094f193,11,0,1,70
0094f19e,Unwind@0094f19e,11,0,1,70
0094f1a9,Unwind@0094f1a9,11,0,1,70
0094f1b4,Unwind@0094f1b4,11,0,1,70
0094f1ee,Unwind@0094f1ee,8,0,1,70
0094f218,Unwind@0094f218,11,0,1,70
0094f223,Unwind@0094f223,11,0,1,70
0094f22e,Unwind@0094f22e,11,0,1,70
0094f239,Unwind@0094f239,11,0,1,70
0094f273,Unwind@0094f273,9,0,1,126
0094f29e,Unwind@0094f29e,8,0,1,70
0094f2a6,Unwind@0094f2a6,8,0,1,70
0094f2ae,Unwind@0094f2ae,8,0,1,70
0094f2b6,Unwind@0094f2b6,8,0,1,70
0094f2e0,Unwind@0094f2e0,8,0,1,70
0094f314,Unwind@0094f314,11,0,1,70
0094f31f,Unwind@0094f31f,11,0,1,70
0094f359,Unwind@0094f359,8,0,1,75
0094f361,Unwind@0094f361,8,0,1,70
0094f3a8,Unwind@0094f3a8,8,0,1,75
0094f3b0,Unwind@0094f3b0,8,0,1,70
0094f3da,Unwind@0094f3da,8,0,1,75
0094f3e2,Unwind@0094f3e2,8,0,1,70
0094f40c,Unwind@0094f40c,8,0,1,70
0094f440,Unwind@0094f440,8,0,1,123
0094f46a,Unwind@0094f46a,8,0,1,70
0094f49e,Unwind@0094f49e,8,0,1,70
0094f4d2,Unwind@0094f4d2,11,0,1,70
0094f4dd,Unwind@0094f4dd,11,0,1,70
0094f4e8,Unwind@0094f4e8,8,0,1,70
0094f4f0,Unwind@0094f4f0,8,0,1,70
0094f527,Unwind@0094f527,9,0,1,126
0094f530,Unwind@0094f530,9,0,1,126
0094f539,Unwind@0094f539,9,0,1,126
0094f564,Unwind@0094f564,8,0,1,70
0094f56c,Unwind@0094f56c,14,0,1,70
0094f57a,Unwind@0094f57a,14,0,1,70
0094f588,Unwind@0094f588,14,0,1,70
0094f596,Unwind@0094f596,14,0,1,70
0094f5a4,Unwind@0094f5a4,14,0,1,70
0094f5b2,Unwind@0094f5b2,14,0,1,70
0094f5ff,Unwind@0094f5ff,9,0,1,126
0094f608,Unwind@0094f608,9,0,1,126
0094f63d,Unwind@0094f63d,8,0,1,70
0094f667,Unwind@0094f667,8,0,1,70
0094f66f,Unwind@0094f66f,8,0,1,70
0094f677,Unwind@0094f677,8,0,1,70
0094f67f,Unwind@0094f67f,8,0,1,70
0094f687,Unwind@0094f687,11,0,1,70
0094f6b7,Unwind@0094f6b7,8,0,1,70
0094f6bf,Unwind@0094f6bf,8,0,1,70
0094f6c7,Unwind@0094f6c7,8,0,1,70
0094f6cf,Unwind@0094f6cf,11,0,1,70
0094f6da,Unwind@0094f6da,8,0,1,70
0094f707,Unwind@0094f707,11,0,1,70
0094f712,Unwind@0094f712,8,0,1,70
0094f71a,Unwind@0094f71a,8,0,1,70
0094f722,Unwind@0094f722,8,0,1,70
0094f759,Unwind@0094f759,8,0,1,70
0094f761,Unwind@0094f761,8,0,1,70
0094f769,Unwind@0094f769,8,0,1,70
0094f771,Unwind@0094f771,8,0,1,70
0094f779,Unwind@0094f779,8,0,1,225
0094f7ad,Unwind@0094f7ad,8,0,1,70
0094f7b5,Unwind@0094f7b5,8,0,1,70
0094f7df,Unwind@0094f7df,8,0,1,70
0094f7e7,Unwind@0094f7e7,8,0,1,70
0094f7ef,Unwind@0094f7ef,8,0,1,70
0094f819,Unwind@0094f819,8,0,1,70
0094f821,Unwind@0094f821,14,0,1,70
0094f82f,Unwind@0094f82f,14,0,1,70
0094f83d,Unwind@0094f83d,14,0,1,76
0094f86d,Unwind@0094f86d,8,0,1,70
0094f875,Unwind@0094f875,14,0,1,216
0094f883,Unwind@0094f883,14,0,1,217
0094f891,Unwind@0094f891,14,0,1,217
0094f8c1,Unwind@0094f8c1,11,0,1,70
0094f8cc,Unwind@0094f8cc,11,0,1,70
0094f8d7,Unwind@0094f8d7,11,0,1,70
0094f8e2,Unwind@0094f8e2,11,0,1,70
0094f91c,Unwind@0094f91c,11,0,1,134
0094f956,Unwind@0094f956,8,0,1,70
0094f980,Unwind@0094f980,11,0,1,70
0094f98b,Unwind@0094f98b,8,0,1,70
0094f993,Unwind@0094f993,11,0,1,70
0094f99e,Unwind@0094f99e,11,0,1,70
0094f9d8,Unwind@0094f9d8,8,0,1,70
0094f9e0,Unwind@0094f9e0,8,0,1,70
0094fa0a,Unwind@0094fa0a,11,0,1,161
0094fa3a,Unwind@0094fa3a,11,0,1,70
0094fa45,Unwind@0094fa45,11,0,1,164
0094fa50,Unwind@0094fa50,11,0,1,158
0094fa8a,Unwind@0094fa8a,11,0,1,70
0094fa95,Unwind@0094fa95,8,0,1,70
0094facc,Unwind@0094facc,8,0,1,70
0094faf6,Unwind@0094faf6,11,0,1,70
0094fb01,Unwind@0094fb01,8,0,1,70
0094fb09,Unwind@0094fb09,11,0,1,70
0094fb43,Unwind@0094fb43,11,0,1,70
0094fb7d,Unwind@0094fb7d,8,0,1,70
0094fbb1,Unwind@0094fbb1,8,0,1,70
0094fbb9,Unwind@0094fbb9,14,0,1,216
0094fbc7,Unwind@0094fbc7,14,0,1,217
0094fbd5,Unwind@0094fbd5,14,0,1,217
0094fbe3,Unwind@0094fbe3,14,0,1,217
0094fbf1,Unwind@0094fbf1,14,0,1,217
0094fbff,Unwind@0094fbff,14,0,1,217
0094fc0d,Unwind@0094fc0d,14,0,1,217
0094fc1b,Unwind@0094fc1b,14,0,1,217
0094fc29,Unwind@0094fc29,14,0,1,217
0094fc37,Unwind@0094fc37,14,0,1,217
0094fc45,Unwind@0094fc45,14,0,1,70
0094fc53,Unwind@0094fc53,14,0,1,70
0094fc61,Unwind@0094fc61,14,0,1,70
0094fc91,Unwind@0094fc91,8,0,1,70
0094fc99,Unwind@0094fc99,8,0,1,70
0094fca1,Unwind@0094fca1,8,0,1,70
0094fca9,Unwind@0094fca9,8,0,1,70
0094fcb1,Unwind@0094fcb1,8,0,1,70
0094fcdb,Unwind@0094fcdb,9,0,1,126
0094fd06,Unwind@0094fd06,8,0,1,70
0094fd0e,Unwind@0094fd0e,14,0,1,70
0094fd3e,Unwind@0094fd3e,11,0,1,70
0094fd78,Unwind@0094fd78,8,0,1,70
0094fd80,Unwind@0094fd80,8,0,1,70
0094fd88,Unwind@0094fd88,8,0,1,70
0094fd90,Unwind@0094fd90,8,0,1,70
0094fd98,Unwind@0094fd98,8,0,1,70
0094fdcc,Unwind@0094fdcc,8,0,1,135
0094fdd4,Unwind@0094fdd4,14,0,1,70
0094fde2,Unwind@0094fde2,14,0,1,217
0094fdf0,Unwind@0094fdf0,14,0,1,70
0094fe20,Unwind@0094fe20,9,0,1,126
0094fe4b,Unwind@0094fe4b,11,0,1,70
0094fe56,Unwind@0094fe56,9,0,1,126
0094fe5f,Unwind@0094fe5f,9,0,1,126
0094fe68,Unwind@0094fe68,9,0,1,126
0094fea0,Unwind@0094fea0,11,0,1,70
0094fed0,Unwind@0094fed0,8,0,1,70
0094fed8,Unwind@0094fed8,14,0,1,241
0094fee6,Unwind@0094fee6,14,0,1,243
0094fef4,Unwind@0094fef4,14,0,1,67
0094ff02,Unwind@0094ff02,14,0,1,70
0094ff10,Unwind@0094ff10,14,0,1,70
0094ff1e,Unwind@0094ff1e,14,0,1,70
0094ff2c,Unwind@0094ff2c,14,0,1,70
0094ff3a,Unwind@0094ff3a,14,0,1,70
0094ff6a,Unwind@0094ff6a,8,0,1,70
0094ff72,Unwind@0094ff72,8,0,1,70
0094ffa6,Unwind@0094ffa6,11,0,1,70
0094ffe0,Unwind@0094ffe0,8,0,1,70
0094ffe8,Unwind@0094ffe8,9,0,1,126
00950013,Unwind@00950013,8,0,1,70
00950047,Unwind@00950047,11,0,1,70
00950052,Unwind@00950052,11,0,1,70
0095008c,Unwind@0095008c,11,0,1,70
00950097,Unwind@00950097,11,0,1,70
009500a2,Unwind@009500a2,11,0,1,70
009500ec,Unwind@009500ec,8,0,1,70
009500f4,Unwind@009500f4,14,0,1,70
00950102,Unwind@00950102,14,0,1,70
00950110,Unwind@00950110,14,0,1,70
0095011e,Unwind@0095011e,14,0,1,70
0095012c,Unwind@0095012c,14,0,1,70
0095013a,Unwind@0095013a,14,0,1,70
00950148,Unwind@00950148,14,0,1,70
00950156,Unwind@00950156,14,0,1,70
00950164,Unwind@00950164,14,0,1,70
00950172,Unwind@00950172,14,0,1,70
00950180,Unwind@00950180,14,0,1,70
0095018e,Unwind@0095018e,14,0,1,70
009501be,Unwind@009501be,8,0,1,70
009501c6,Unwind@009501c6,8,0,1,70
009501fa,Unwind@009501fa,8,0,1,70
00950202,Unwind@00950202,11,0,1,70
0095020d,Unwind@0095020d,11,0,1,70
00950247,Unwind@00950247,8,0,1,70
00950271,Unwind@00950271,8,0,1,70
00950279,Unwind@00950279,8,0,1,70
009502a3,Unwind@009502a3,8,0,1,70
009502d7,Unwind@009502d7,8,0,1,70
009502df,Unwind@009502df,8,0,1,70
009502e7,Unwind@009502e7,8,0,1,70
009502ef,Unwind@009502ef,8,0,1,70
00950319,Unwind@00950319,8,0,1,70
00950343,Unwind@00950343,8,0,1,70
0095034b,Unwind@0095034b,8,0,1,70
0095037f,Unwind@0095037f,8,0,1,70
00950387,Unwind@00950387,8,0,1,70
009503bb,Unwind@009503bb,8,0,1,70
009503c3,Unwind@009503c3,8,0,1,70
009503cb,Unwind@009503cb,8,0,1,70
009503d3,Unwind@009503d3,8,0,1,70
009503fd,Unwind@009503fd,8,0,1,70
00950431,Unwind@00950431,8,0,1,70
00950465,Unwind@00950465,8,0,1,70
0095046d,Unwind@0095046d,8,0,1,70
00950475,Unwind@00950475,8,0,1,70
0095047d,Unwind@0095047d,8,0,1,70
009504b1,Unwind@009504b1,8,0,1,197
009504b9,Unwind@009504b9,14,0,1,70
009504c7,Unwind@009504c7,14,0,1,70
009504d5,Unwind@009504d5,14,0,1,70
009504e3,Unwind@009504e3,14,0,1,70
009504f1,Unwind@009504f1,14,0,1,70
00950521,Unwind@00950521,8,0,1,70
00950529,Unwind@00950529,8,0,1,70
0095055d,Unwind@0095055d,8,0,1,70
00950591,Unwind@00950591,8,0,1,70
00950599,Unwind@00950599,8,0,1,70
009505a1,Unwind@009505a1,8,0,1,70
009505cb,Unwind@009505cb,8,0,1,70
009505ff,Unwind@009505ff,8,0,1,70
00950629,Unwind@00950629,8,0,1,70
00950653,Unwind@00950653,8,0,1,70
0095065b,Unwind@0095065b,11,0,1,70
00950666,Unwind@00950666,8,0,1,70
0095066e,Unwind@0095066e,11,0,1,70
00950679,Unwind@00950679,11,0,1,70
009506b3,Unwind@009506b3,8,0,1,70
009506dd,Unwind@009506dd,8,0,1,70
009506e5,Unwind@009506e5,8,0,1,70
00950719,Unwind@00950719,8,0,1,70
0095074d,Unwind@0095074d,8,0,1,70
00950781,Unwind@00950781,11,0,1,70
0095078c,Unwind@0095078c,11,0,1,70
00950797,Unwind@00950797,11,0,1,70
009507a2,Unwind@009507a2,11,0,1,70
009507ad,Unwind@009507ad,11,0,1,70
009507b8,Unwind@009507b8,11,0,1,70
009507c3,Unwind@009507c3,11,0,1,70
009507fd,Unwind@009507fd,11,0,1,70
00950808,Unwind@00950808,11,0,1,70
00950842,Unwind@00950842,8,0,1,70
0095084a,Unwind@0095084a,8,0,1,70
0095087e,Unwind@0095087e,8,0,1,70
009508b5,Unwind@009508b5,8,0,1,70
009508bd,Unwind@009508bd,8,0,1,70
009508e7,Unwind@009508e7,8,0,1,70
00950911,Unwind@00950911,8,0,1,70
00950919,Unwind@00950919,14,0,1,316
00950927,Unwind@00950927,14,0,1,70
00950935,Unwind@00950935,14,0,1,70
00950943,Unwind@00950943,14,0,1,70
00950973,Unwind@00950973,8,0,1,70
0095097b,Unwind@0095097b,8,0,1,70
00950983,Unwind@00950983,9,0,1,126
0095098c,Unwind@0095098c,9,0,1,126
00950995,Unwind@00950995,9,0,1,126
0095099e,Unwind@0095099e,9,0,1,126
009509a7,Unwind@009509a7,9,0,1,126
009509d2,Unwind@009509d2,9,0,1,126
00950a07,Unwind@00950a07,8,0,1,70
00950a0f,Unwind@00950a0f,8,0,1,70
00950a39,Unwind@00950a39,9,0,1,126
00950a42,Unwind@00950a42,9,0,1,126
00950a4b,Unwind@00950a4b,9,0,1,126
00950a76,Unwind@00950a76,8,0,1,70
00950a7e,Unwind@00950a7e,14,0,1,316
00950a8c,Unwind@00950a8c,14,0,1,70
00950abc,Unwind@00950abc,8,0,1,283
00950af0,Unwind@00950af0,8,0,1,283
00950af8,Unwind@00950af8,8,0,1,67
00950b22,Unwind@00950b22,8,0,1,70
00950b2a,Unwind@00950b2a,8,0,1,70
00950b54,Unwind@00950b54,8,0,1,67
00950b7e,Unwind@00950b7e,9,0,1,126
00950b87,Unwind@00950b87,9,0,1,126
00950b90,Unwind@00950b90,8,0,1,283
00950bc4,Unwind@00950bc4,9,0,1,126
00950bcd,Unwind@00950bcd,9,0,1,126
00950bd6,Unwind@00950bd6,9,0,1,126
00950c01,Unwind@00950c01,8,0,1,70
00950c2b,Unwind@00950c2b,12,0,1,127
00950c37,Unwind@00950c37,11,0,1,70
00950c42,Unwind@00950c42,11,0,1,70
00950c4d,Unwind@00950c4d,12,0,1,127
00950c88,Unwind@00950c88,8,0,1,70
00950c90,Unwind@00950c90,14,0,1,70
00950cc0,Unwind@00950cc0,8,0,1,70
00950cc8,Unwind@00950cc8,14,0,1,217
00950cd6,Unwind@00950cd6,9,0,1,126
00950d01,Unwind@00950d01,8,0,1,70
00950d09,Unwind@00950d09,14,0,1,217
00950d17,Unwind@00950d17,9,0,1,126
00950d20,Unwind@00950d20,8,0,1,283
00950d4a,Unwind@00950d4a,8,0,1,70
00950d52,Unwind@00950d52,14,0,1,217
00950d82,Unwind@00950d82,8,0,1,70
00950db6,Unwind@00950db6,8,0,1,70
00950dbe,Unwind@00950dbe,8,0,1,70
00950df2,Unwind@00950df2,8,0,1,70
00950dfa,Unwind@00950dfa,11,0,1,70
00950e34,Unwind@00950e34,8,0,1,70
00950e3c,Unwind@00950e3c,8,0,1,70
00950e66,Unwind@00950e66,8,0,1,70
00950e9a,Unwind@00950e9a,8,0,1,123
00950ec4,Unwind@00950ec4,8,0,1,70
00950ef8,Unwind@00950ef8,8,0,1,70
00950f49,Unwind@00950f49,8,0,1,70
00950f51,Unwind@00950f51,11,0,1,70
00950f5c,Unwind@00950f5c,8,0,1,70
00950f93,Unwind@00950f93,11,0,1,70
00950fc0,Unwind@00950fc0,9,0,1,126
00950ff5,Unwind@00950ff5,9,0,1,126
0095102a,Unwind@0095102a,8,0,1,70
00951032,Unwind@00951032,8,0,1,70
0095105c,Unwind@0095105c,8,0,1,70
00951086,Unwind@00951086,9,0,1,126
009510b1,Unwind@009510b1,8,0,1,70
009510b9,Unwind@009510b9,8,0,1,70
009510e3,Unwind@009510e3,11,0,1,70
00951110,Unwind@00951110,8,0,1,70
0095113a,Unwind@0095113a,11,0,1,215
00951145,Unwind@00951145,27,0,1,242
00951182,Unwind@00951182,8,0,1,70
0095118a,Unwind@0095118a,14,0,1,70
00951198,Unwind@00951198,14,0,1,70
009511c8,Unwind@009511c8,11,0,1,70
009511d3,Unwind@009511d3,14,0,1,70
00951203,Unwind@00951203,8,0,1,70
0095120b,Unwind@0095120b,8,0,1,70
0095123f,Unwind@0095123f,8,0,1,70
00951269,Unwind@00951269,11,0,1,70
00951274,Unwind@00951274,8,0,1,70
0095127c,Unwind@0095127c,11,0,1,70
009512b6,Unwind@009512b6,8,0,1,70
009512e0,Unwind@009512e0,8,0,1,70
009512e8,Unwind@009512e8,8,0,1,70
009512f0,Unwind@009512f0,8,0,1,70
00951324,Unwind@00951324,8,0,1,70
0095132c,Unwind@0095132c,8,0,1,70
00951334,Unwind@00951334,8,0,1,70
00951368,Unwind@00951368,8,0,1,70
00951370,Unwind@00951370,11,0,1,70
009513aa,Unwind@009513aa,8,0,1,70
009513b2,Unwind@009513b2,14,0,1,316
009513c0,Unwind@009513c0,14,0,1,70
009513ce,Unwind@009513ce,14,0,1,70
009513fe,Unwind@009513fe,8,0,1,70
00951428,Unwind@00951428,11,0,1,70
00951433,Unwind@00951433,8,0,1,70
0095146a,Unwind@0095146a,8,0,1,70
00951494,Unwind@00951494,8,0,1,70
0095149c,Unwind@0095149c,14,0,1,70
009514aa,Unwind@009514aa,14,0,1,70
009514b8,Unwind@009514b8,14,0,1,70
009514c6,Unwind@009514c6,14,0,1,70
009514f6,Unwind@009514f6,8,0,1,201
009514fe,Unwind@009514fe,14,0,1,70
0095152e,Unwind@0095152e,11,0,1,70
00951568,Unwind@00951568,8,0,1,70
00951592,Unwind@00951592,8,0,1,70
009515c6,Unwind@009515c6,8,0,1,201
009515ce,Unwind@009515ce,14,0,1,70
009515dc,Unwind@009515dc,14,0,1,70
009515ea,Unwind@009515ea,14,0,1,70
0095161a,Unwind@0095161a,8,0,1,70
0095164e,Unwind@0095164e,8,0,1,70
00951682,Unwind@00951682,8,0,1,70
0095168a,Unwind@0095168a,8,0,1,70
009516be,Unwind@009516be,8,0,1,135
009516c6,Unwind@009516c6,14,0,1,216
009516d4,Unwind@009516d4,14,0,1,217
009516e2,Unwind@009516e2,14,0,1,217
009516f0,Unwind@009516f0,14,0,1,192
009516fe,Unwind@009516fe,14,0,1,70
0095172e,Unwind@0095172e,8,0,1,70
00951762,Unwind@00951762,8,0,1,70
0095176a,Unwind@0095176a,8,0,1,70
0095179e,Unwind@0095179e,8,0,1,70
009517a6,Unwind@009517a6,8,0,1,70
009517da,Unwind@009517da,8,0,1,70
009517e2,Unwind@009517e2,8,0,1,70
009517ea,Unwind@009517ea,8,0,1,70
009517f2,Unwind@009517f2,8,0,1,70
0095181c,Unwind@0095181c,8,0,1,70
00951824,Unwind@00951824,8,0,1,70
0095182c,Unwind@0095182c,8,0,1,70
00951860,Unwind@00951860,8,0,1,70
00951868,Unwind@00951868,14,0,1,216
00951876,Unwind@00951876,14,0,1,70
00951884,Unwind@00951884,14,0,1,70
00951892,Unwind@00951892,14,0,1,70
009518a0,Unwind@009518a0,14,0,1,70
009518d0,Unwind@009518d0,8,0,1,70
009518d8,Unwind@009518d8,14,0,1,216
009518e6,Unwind@009518e6,14,0,1,217
009518f4,Unwind@009518f4,14,0,1,217
00951902,Unwind@00951902,14,0,1,217
00951910,Unwind@00951910,14,0,1,217
00951940,Unwind@00951940,11,0,1,170
0095194b,Unwind@0095194b,8,0,1,70
00951978,Unwind@00951978,8,0,1,70
009519a2,Unwind@009519a2,8,0,1,70
009519aa,Unwind@009519aa,8,0,1,70
009519b2,Unwind@009519b2,8,0,1,70
009519ba,Unwind@009519ba,8,0,1,70
009519e4,Unwind@009519e4,8,0,1,70
009519ec,Unwind@009519ec,14,0,1,70
009519fa,Unwind@009519fa,14,0,1,70
00951a08,Unwind@00951a08,14,0,1,218
00951a16,Unwind@00951a16,14,0,1,218
00951a24,Unwind@00951a24,14,0,1,218
00951a32,Unwind@00951a32,14,0,1,218
00951a40,Unwind@00951a40,14,0,1,76
00951a4e,Unwind@00951a4e,14,0,1,70
00951a5c,Unwind@00951a5c,14,0,1,70
00951a6a,Unwind@00951a6a,14,0,1,70
00951a78,Unwind@00951a78,14,0,1,70
00951a86,Unwind@00951a86,14,0,1,70
00951ab6,Unwind@00951ab6,11,0,1,70
00951ac1,Unwind@00951ac1,11,0,1,70
00951afb,Unwind@00951afb,8,0,1,70
00951b03,Unwind@00951b03,14,0,1,70
00951b11,Unwind@00951b11,14,0,1,216
00951b1f,Unwind@00951b1f,14,0,1,217
00951b2d,Unwind@00951b2d,14,0,1,217
00951b3b,Unwind@00951b3b,14,0,1,70
00951b6b,Unwind@00951b6b,11,0,1,70
00951b76,Unwind@00951b76,8,0,1,70
00951bad,Unwind@00951bad,8,0,1,70
00951bb5,Unwind@00951bb5,14,0,1,216
00951bc3,Unwind@00951bc3,14,0,1,222
00951bd1,Unwind@00951bd1,14,0,1,217
00951bdf,Unwind@00951bdf,14,0,1,215
00951bed,Unwind@00951bed,14,0,1,217
00951bfb,Unwind@00951bfb,14,0,1,217
00951c09,Unwind@00951c09,14,0,1,217
00951c17,Unwind@00951c17,14,0,1,217
00951c25,Unwind@00951c25,14,0,1,217
00951c33,Unwind@00951c33,14,0,1,70
00951c41,Unwind@00951c41,14,0,1,70
00951c4f,Unwind@00951c4f,14,0,1,70
00951c7f,Unwind@00951c7f,8,0,1,70
00951c87,Unwind@00951c87,8,0,1,70
00951cb1,Unwind@00951cb1,8,0,1,70
00951cb9,Unwind@00951cb9,8,0,1,70
00951ce3,Unwind@00951ce3,8,0,1,70
00951ceb,Unwind@00951ceb,8,0,1,70
00951cf3,Unwind@00951cf3,8,0,1,70
00951d1d,Unwind@00951d1d,8,0,1,70
00951d25,Unwind@00951d25,14,0,1,216
00951d33,Unwind@00951d33,14,0,1,217
00951d41,Unwind@00951d41,14,0,1,217
00951d4f,Unwind@00951d4f,14,0,1,217
00951d5d,Unwind@00951d5d,14,0,1,217
00951d6b,Unwind@00951d6b,14,0,1,217
00951d9b,Unwind@00951d9b,8,0,1,70
00951dc5,Unwind@00951dc5,8,0,1,70
00951df9,Unwind@00951df9,8,0,1,70
00951e23,Unwind@00951e23,8,0,1,70
00951e4d,Unwind@00951e4d,8,0,1,70
00951e55,Unwind@00951e55,8,0,1,70
00951e89,Unwind@00951e89,8,0,1,67
00951eb3,Unwind@00951eb3,8,0,1,201
00951ebb,Unwind@00951ebb,14,0,1,70
00951ec9,Unwind@00951ec9,14,0,1,147
00951ef9,Unwind@00951ef9,9,0,1,126
00951f02,Unwind@00951f02,9,0,1,126
00951f0b,Unwind@00951f0b,9,0,1,126
00951f40,Unwind@00951f40,9,0,1,126
00951f49,Unwind@00951f49,9,0,1,126
00951f7e,Unwind@00951f7e,8,0,1,70
00951f86,Unwind@00951f86,8,0,1,70
00951fb0,Unwind@00951fb0,8,0,1,70
00951fb8,Unwind@00951fb8,8,0,1,70
00951fec,Unwind@00951fec,8,0,1,70
00951ff4,Unwind@00951ff4,8,0,1,70
00952028,Unwind@00952028,8,0,1,70
0095205f,Unwind@0095205f,11,0,1,70
0095206a,Unwind@0095206a,11,0,1,70
00952075,Unwind@00952075,11,0,1,70
009520af,Unwind@009520af,8,0,1,70
009520b7,Unwind@009520b7,14,0,1,70
009520e7,Unwind@009520e7,8,0,1,70
00952111,Unwind@00952111,8,0,1,70
00952145,Unwind@00952145,8,0,1,147
0095214d,Unwind@0095214d,14,0,1,70
0095215b,Unwind@0095215b,14,0,1,70
00952169,Unwind@00952169,14,0,1,70
00952177,Unwind@00952177,14,0,1,70
00952185,Unwind@00952185,14,0,1,70
00952193,Unwind@00952193,14,0,1,70
009521a1,Unwind@009521a1,14,0,1,70
009521af,Unwind@009521af,14,0,1,217
009521bd,Unwind@009521bd,14,0,1,70
009521cb,Unwind@009521cb,14,0,1,70
009521d9,Unwind@009521d9,14,0,1,76
00952209,Unwind@00952209,8,0,1,70
00952233,Unwind@00952233,8,0,1,70
0095223b,Unwind@0095223b,14,0,1,70
00952249,Unwind@00952249,8,0,1,70
00952273,Unwind@00952273,8,0,1,70
0095227b,Unwind@0095227b,8,0,1,70
00952283,Unwind@00952283,8,0,1,70
0095228b,Unwind@0095228b,8,0,1,70
00952293,Unwind@00952293,9,0,1,126
0095229c,Unwind@0095229c,9,0,1,126
009522a5,Unwind@009522a5,9,0,1,126
009522ae,Unwind@009522ae,9,0,1,126
009522b7,Unwind@009522b7,9,0,1,126
009522c0,Unwind@009522c0,9,0,1,126
009522c9,Unwind@009522c9,9,0,1,126
009522f4,Unwind@009522f4,8,0,1,70
00952328,Unwind@00952328,8,0,1,70
00952330,Unwind@00952330,8,0,1,70
00952338,Unwind@00952338,8,0,1,70
00952340,Unwind@00952340,8,0,1,70
00952348,Unwind@00952348,11,0,1,70
00952378,Unwind@00952378,8,0,1,70
00952380,Unwind@00952380,8,0,1,70
00952388,Unwind@00952388,8,0,1,70
009523bc,Unwind@009523bc,8,0,1,70
009523f0,Unwind@009523f0,11,0,1,70
0095242a,Unwind@0095242a,8,0,1,70
00952432,Unwind@00952432,8,0,1,70
0095243a,Unwind@0095243a,8,0,1,70
00952442,Unwind@00952442,11,0,1,70
0095244d,Unwind@0095244d,8,0,1,70
0095247a,Unwind@0095247a,8,0,1,70
00952482,Unwind@00952482,8,0,1,70
009524ac,Unwind@009524ac,8,0,1,70
009524e0,Unwind@009524e0,8,0,1,70
00952514,Unwind@00952514,8,0,1,70
0095251c,Unwind@0095251c,14,0,1,216
0095252a,Unwind@0095252a,14,0,1,70
0095255a,Unwind@0095255a,8,0,1,201
00952562,Unwind@00952562,14,0,1,70
00952592,Unwind@00952592,8,0,1,70
009525bc,Unwind@009525bc,8,0,1,70
009525c4,Unwind@009525c4,8,0,1,70
009525f8,Unwind@009525f8,8,0,1,70
00952600,Unwind@00952600,8,0,1,70
0095262a,Unwind@0095262a,8,0,1,70
00952632,Unwind@00952632,8,0,1,70
0095263a,Unwind@0095263a,8,0,1,70
00952642,Unwind@00952642,8,0,1,70
00952676,Unwind@00952676,13,0,1,128
009526a5,Unwind@009526a5,13,0,1,131
009526d4,Unwind@009526d4,13,0,1,131
009526e1,Unwind@009526e1,25,0,1,284
009526fa,Unwind@009526fa,8,0,1,70
00952724,Unwind@00952724,8,0,1,70
0095272c,Unwind@0095272c,8,0,1,70
00952734,Unwind@00952734,8,0,1,70
0095273c,Unwind@0095273c,8,0,1,70
00952773,Unwind@00952773,8,0,1,70
0095277b,Unwind@0095277b,8,0,1,70
00952783,Unwind@00952783,8,0,1,70
0095278b,Unwind@0095278b,8,0,1,70
009527c2,Unwind@009527c2,8,0,1,70
009527ca,Unwind@009527ca,8,0,1,70
009527fe,Unwind@009527fe,8,0,1,70
00952832,Unwind@00952832,8,0,1,70
0095283a,Unwind@0095283a,8,0,1,70
00952842,Unwind@00952842,8,0,1,70
0095284a,Unwind@0095284a,8,0,1,70
0095287e,Unwind@0095287e,8,0,1,70
009528a8,Unwind@009528a8,13,0,1,131
009528b5,Unwind@009528b5,8,0,1,70
009528fc,Unwind@009528fc,8,0,1,70
00952930,Unwind@00952930,8,0,1,70
00952964,Unwind@00952964,8,0,1,70
00952998,Unwind@00952998,8,0,1,70
009529a0,Unwind@009529a0,8,0,1,70
009529a8,Unwind@009529a8,8,0,1,70
009529b0,Unwind@009529b0,8,0,1,70
009529b8,Unwind@009529b8,8,0,1,70
009529ec,Unwind@009529ec,8,0,1,70
00952a20,Unwind@00952a20,8,0,1,70
00952a28,Unwind@00952a28,8,0,1,70
00952a5c,Unwind@00952a5c,8,0,1,70
00952a64,Unwind@00952a64,8,0,1,70
00952a98,Unwind@00952a98,8,0,1,70
00952ac2,Unwind@00952ac2,8,0,1,70
00952aca,Unwind@00952aca,8,0,1,76
00952ad2,Unwind@00952ad2,8,0,1,70
00952ada,Unwind@00952ada,8,0,1,70
00952b0e,Unwind@00952b0e,13,0,1,131
00952b3d,Unwind@00952b3d,13,0,1,131
00952b4a,Unwind@00952b4a,25,0,1,241
00952b8f,Unwind@00952b8f,13,0,1,131
00952bbe,Unwind@00952bbe,13,0,1,131
00952bcb,Unwind@00952bcb,25,0,1,284
00952be4,Unwind@00952be4,8,0,1,70
00952c0e,Unwind@00952c0e,13,0,1,131
00952c1b,Unwind@00952c1b,25,0,1,284
00952c56,Unwind@00952c56,13,0,1,130
00952c85,Unwind@00952c85,11,0,1,70
00952c90,Unwind@00952c90,8,0,1,70
00952c98,Unwind@00952c98,11,0,1,70
00952ca3,Unwind@00952ca3,8,0,1,70
00952cda,Unwind@00952cda,11,0,1,70
00952ce5,Unwind@00952ce5,8,0,1,70
00952ced,Unwind@00952ced,11,0,1,70
00952cf8,Unwind@00952cf8,8,0,1,70
00952d2f,Unwind@00952d2f,8,0,1,70
00952d59,Unwind@00952d59,8,0,1,70
00952d61,Unwind@00952d61,8,0,1,70
00952d98,Unwind@00952d98,11,0,1,70
00952da3,Unwind@00952da3,11,0,1,70
00952dae,Unwind@00952dae,8,0,1,76
00952db6,Unwind@00952db6,28,0,1,238
00952dd2,Unwind@00952dd2,11,0,1,70
00952ddd,Unwind@00952ddd,8,0,1,70
00952de5,Unwind@00952de5,8,0,1,70
00952ded,Unwind@00952ded,25,0,1,244
00952e06,Unwind@00952e06,25,0,1,244
00952e1f,Unwind@00952e1f,25,0,1,244
00952e38,Unwind@00952e38,25,0,1,247
00952e51,Unwind@00952e51,25,0,1,247
00952e6a,Unwind@00952e6a,8,0,1,76
00952ea1,Unwind@00952ea1,11,0,1,70
00952eac,Unwind@00952eac,11,0,1,70
00952eb7,Unwind@00952eb7,8,0,1,73
00952ebf,Unwind@00952ebf,28,0,1,238
00952edb,Unwind@00952edb,11,0,1,70
00952ee6,Unwind@00952ee6,8,0,1,70
00952eee,Unwind@00952eee,8,0,1,70
00952ef6,Unwind@00952ef6,25,0,1,241
00952f0f,Unwind@00952f0f,25,0,1,241
00952f28,Unwind@00952f28,25,0,1,241
00952f41,Unwind@00952f41,25,0,1,244
00952f5a,Unwind@00952f5a,25,0,1,244
00952f73,Unwind@00952f73,8,0,1,73
00952faa,Unwind@00952faa,8,0,1,70
00952fd4,Unwind@00952fd4,8,0,1,70
00953008,Unwind@00953008,8,0,1,70
00953032,Unwind@00953032,8,0,1,70
0095303a,Unwind@0095303a,8,0,1,76
00953042,Unwind@00953042,8,0,1,70
0095304a,Unwind@0095304a,8,0,1,70
0095307e,Unwind@0095307e,13,0,1,131
0095308b,Unwind@0095308b,8,0,1,70
00953093,Unwind@00953093,13,0,1,131
009530a0,Unwind@009530a0,8,0,1,70
009530a8,Unwind@009530a8,13,0,1,131
009530b5,Unwind@009530b5,8,0,1,70
009530bd,Unwind@009530bd,13,0,1,131
009530ec,Unwind@009530ec,8,0,1,76
009530f4,Unwind@009530f4,11,0,1,70
009530ff,Unwind@009530ff,11,0,1,70
0095310a,Unwind@0095310a,8,0,1,70
00953112,Unwind@00953112,8,0,1,76
0095311a,Unwind@0095311a,8,0,1,76
00953151,Unwind@00953151,8,0,1,73
00953159,Unwind@00953159,11,0,1,70
00953164,Unwind@00953164,11,0,1,70
0095316f,Unwind@0095316f,8,0,1,70
00953177,Unwind@00953177,8,0,1,73
0095317f,Unwind@0095317f,8,0,1,73
009531b6,Unwind@009531b6,8,0,1,70
009531ea,Unwind@009531ea,8,0,1,70
0095321e,Unwind@0095321e,8,0,1,70
00953226,Unwind@00953226,8,0,1,76
0095322e,Unwind@0095322e,8,0,1,76
00953236,Unwind@00953236,8,0,1,76
0095323e,Unwind@0095323e,8,0,1,70
00953272,Unwind@00953272,8,0,1,70
0095327a,Unwind@0095327a,8,0,1,73
00953282,Unwind@00953282,8,0,1,73
0095328a,Unwind@0095328a,8,0,1,73
00953292,Unwind@00953292,8,0,1,70
009532c6,Unwind@009532c6,8,0,1,70
009532f0,Unwind@009532f0,8,0,1,70
0095331a,Unwind@0095331a,8,0,1,70
00953344,Unwind@00953344,8,0,1,70
0095334c,Unwind@0095334c,8,0,1,76
00953380,Unwind@00953380,8,0,1,70
00953388,Unwind@00953388,8,0,1,76
009533bc,Unwind@009533bc,8,0,1,70
009533c4,Unwind@009533c4,8,0,1,73
009533f8,Unwind@009533f8,8,0,1,70
00953400,Unwind@00953400,8,0,1,73
00953434,Unwind@00953434,8,0,1,70
0095343c,Unwind@0095343c,8,0,1,76
00953470,Unwind@00953470,8,0,1,73
009534a4,Unwind@009534a4,25,0,1,247
009534df,Unwind@009534df,25,0,1,244
00953541,Unwind@00953541,11,0,1,70
0095354c,Unwind@0095354c,11,0,1,70
00953557,Unwind@00953557,8,0,1,70
0095355f,Unwind@0095355f,28,0,1,238
0095357b,Unwind@0095357b,11,0,1,70
00953586,Unwind@00953586,8,0,1,70
0095358e,Unwind@0095358e,8,0,1,70
00953596,Unwind@00953596,25,0,1,238
009535af,Unwind@009535af,25,0,1,238
009535c8,Unwind@009535c8,25,0,1,238
009535e1,Unwind@009535e1,25,0,1,241
009535fa,Unwind@009535fa,25,0,1,241
00953613,Unwind@00953613,8,0,1,70
0095364a,Unwind@0095364a,13,0,1,131
00953657,Unwind@00953657,8,0,1,70
0095365f,Unwind@0095365f,13,0,1,131
0095366c,Unwind@0095366c,8,0,1,70
00953674,Unwind@00953674,13,0,1,131
009536a3,Unwind@009536a3,8,0,1,70
009536ab,Unwind@009536ab,11,0,1,70
009536b6,Unwind@009536b6,11,0,1,70
009536c1,Unwind@009536c1,8,0,1,70
009536c9,Unwind@009536c9,8,0,1,70
009536d1,Unwind@009536d1,8,0,1,70
00953708,Unwind@00953708,8,0,1,70
0095373c,Unwind@0095373c,8,0,1,70
00953770,Unwind@00953770,8,0,1,70
0095379a,Unwind@0095379a,8,0,1,70
009537a2,Unwind@009537a2,8,0,1,70
009537d6,Unwind@009537d6,8,0,1,70
009537de,Unwind@009537de,8,0,1,70
00953812,Unwind@00953812,8,0,1,70
00953846,Unwind@00953846,25,0,1,241
0095389e,Unwind@0095389e,8,0,1,70
009538d0,FUN_009538d0,15,0,1,112
009538e0,FUN_009538e0,15,0,1,67
009538f0,FUN_009538f0,27,0,1,120
00953910,FUN_00953910,24,0,1,119
00953930,FUN_00953930,15,0,1,67
00953940,FUN_00953940,15,0,1,67
00953950,FUN_00953950,15,0,1,67
0095395f,FUN_0095395f,11,0,1,114
0095396a,FUN_0095396a,11,0,1,114
00953975,FUN_00953975,11,0,1,114
00953980,FUN_00953980,10,0,1,67
0095398a,FUN_0095398a,10,0,1,67
00953994,FUN_00953994,10,0,1,67
0095399e,FUN_0095399e,10,0,1,67
009539a8,FUN_009539a8,10,0,1,67
009539b2,FUN_009539b2,10,0,1,67
009539bc,FUN_009539bc,10,0,1,67
009539c6,FUN_009539c6,11,0,1,182
009539d1,FUN_009539d1,11,0,1,182
009539dc,FUN_009539dc,10,0,1,67
009539e6,FUN_009539e6,10,0,1,67
009539f0,FUN_009539f0,10,0,1,67
009539fa,FUN_009539fa,10,0,1,67
00953a04,FUN_00953a04,10,0,1,67
00953a0e,FUN_00953a0e,10,0,1,67
00953a18,FUN_00953a18,10,0,1,67
00953a22,FUN_00953a22,14,0,1,67
00953a30,FUN_00953a30,10,0,1,67
00953a3a,FUN_00953a3a,10,0,1,123
00953a49,FUN_00953a49,10,0,1,123
00953a53,FUN_00953a53,10,0,1,67
00953a5d,FUN_00953a5d,42,0,1,305
00953a8c,FUN_00953a8c,10,0,1,67
00953a96,FUN_00953a96,10,0,1,67
00953aa0,FUN_00953aa0,10,0,1,138
00953aaa,FUN_00953aaa,10,0,1,67
00953ab4,FUN_00953ab4,10,0,1,67
00953abe,FUN_00953abe,10,0,1,67
00953ac8,FUN_00953ac8,10,0,1,67
00953ad2,FUN_00953ad2,10,0,1,67
00953adc,FUN_00953adc,10,0,1,67
00953ae6,FUN_00953ae6,42,0,1,298
00953b15,FUN_00953b15,42,0,1,298
00953b44,FUN_00953b44,10,0,1,67
00953b4e,FUN_00953b4e,14,0,1,67
00953b5c,FUN_00953b5c,14,0,1,67
00953b6a,FUN_00953b6a,10,0,1,67
00953b74,FUN_00953b74,42,0,1,315
00953ba3,FUN_00953ba3,10,0,1,67
00953bad,FUN_00953bad,10,0,1,67
00953bb7,FUN_00953bb7,10,0,1,67
00953bc1,FUN_00953bc1,10,0,1,67
00953bcb,FUN_00953bcb,10,0,1,67
00953bd5,FUN_00953bd5,10,0,1,67
00953bdf,FUN_00953bdf,42,0,1,415
00953c0e,FUN_00953c0e,10,0,1,67
00953c18,FUN_00953c18,14,0,1,67
00953c26,FUN_00953c26,10,0,1,67
00953c30,FUN_00953c30,10,0,1,67
00953c3a,FUN_00953c3a,14,0,1,67
00953c48,FUN_00953c48,42,0,1,288
00953c77,FUN_00953c77,42,0,1,313
00953ca6,FUN_00953ca6,14,0,1,67
00953cb4,FUN_00953cb4,3,0,1,48
00953cb7,FUN_00953cb7,11,0,1,110
00953cc2,FUN_00953cc2,10,0,1,202
00953ccc,FUN_00953ccc,42,0,1,288
00953cfb,FUN_00953cfb,14,0,1,67
00953d09,FUN_00953d09,42,0,1,294
00953d38,FUN_00953d38,42,0,1,298
00953d67,FUN_00953d67,14,0,1,67
00953d75,FUN_00953d75,10,0,1,123
00953d7f,FUN_00953d7f,14,0,1,67
00953d8d,FUN_00953d8d,14,0,1,67
00953d9b,FUN_00953d9b,42,0,1,305
00953dca,FUN_00953dca,42,0,1,333
00953df9,FUN_00953df9,42,0,1,305
00953e28,FUN_00953e28,14,0,1,67
00953e36,FUN_00953e36,14,0,1,67
00953e44,FUN_00953e44,14,0,1,67
00953e52,FUN_00953e52,41,0,1,238
00953e80,FUN_00953e80,14,0,1,67
00953e8e,FUN_00953e8e,10,0,1,67
00953e98,FUN_00953e98,10,0,1,67
00953ea2,FUN_00953ea2,10,0,1,123
00953eac,FUN_00953eac,42,0,1,364
00953edb,FUN_00953edb,14,0,1,67
00953ee9,FUN_00953ee9,10,0,1,122
00953ef3,FUN_00953ef3,10,0,1,67
00953efd,FUN_00953efd,10,0,1,67
00953f07,FUN_00953f07,10,0,1,67
00953f11,FUN_00953f11,10,0,1,111
00953f1b,FUN_00953f1b,10,0,1,67
