address,name,size,callers,decompiled,clen
0078e5a0,FUN_0078e5a0,21,0,1,122
0078e5c0,FUN_0078e5c0,17,0,1,107
0078e624,FUN_0078e624,51,207,1,357
0078e661,FUN_0078e661,9,62,1,67
0078e66a,FUN_0078e66a,21,7,1,193
0078e67f,FUN_0078e67f,22,16,1,201
0078e695,FUN_0078e695,15,0,1,123
0078e6a4,FUN_0078e6a4,10,3,1,103
0078e6ae,FUN_0078e6ae,52,0,1,273
0078e6e2,FUN_0078e6e2,49,3,1,309
0078e714,FUN_0078e714,25,747,1,214
0078e72e,FUN_0078e72e,16,9,1,170
0078e73e,FUN_0078e73e,25,26,1,214
0078e758,FUN_0078e758,25,6,1,214
0078e772,AfxTryCleanup,34,1,1,378
0078e7c3,FUN_0078e7c3,32,78,1,198
0078e7e3,widen,39,0,1,710
0078e80a,GetErrorMessage,91,0,1,852
0078e865,FUN_0078e865,6,0,1,93
0078e86b,FUN_0078e86b,6,0,1,89
0078e871,FUN_0078e871,6,0,1,95
0078e877,FUN_0078e877,6,0,1,89
0078e87d,InitString,41,1,1,418
0078e8a6,FUN_0078e8a6,129,0,1,645
0078e927,FUN_0078e927,22,1,1,149
0078e93d,`scalar_deleting_destructor',49,0,1,505
0078e96e,FUN_0078e96e,633,2,1,2826
0078ebe7,FUN_0078ebe7,67,2,1,584
0078ec2b,FUN_0078ec2b,174,1,1,1247
0078ecd9,FUN_0078ecd9,45,1,1,300
0078ed06,FUN_0078ed06,58,12,1,426
0078ed41,FUN_0078ed41,98,0,1,592
0078eda3,FUN_0078eda3,6,0,1,86
0078eda9,Process,82,3,1,687
0078edfb,FUN_0078edfb,127,1,1,658
0078ee7a,FUN_0078ee7a,737,3,1,4117
0078f15c,FUN_0078f15c,61,4,1,525
0078f19a,_AfxOleCopyFormatEtc,52,1,1,570
0078f1ce,FUN_0078f1ce,52,2,1,272
0078f202,FID_conflict:__snprintf_s,31,11,1,464
0078f221,FID_conflict:__vsnwprintf_s_l,48,2,1,653
0078f251,AfxExtractSubString,133,12,1,1325
0078f2d6,FUN_0078f2d6,11,1,1,128
0078f2e1,FUN_0078f2e1,102,10,1,753
0078f348,GetBufferSetLength,35,12,1,476
0078f36b,FUN_0078f36b,90,3,1,552
0078f3cb,FUN_0078f3cb,78,0,1,855
0078f41a,FUN_0078f41a,9,4,1,108
0078f423,FUN_0078f423,23,1,1,144
0078f43a,FUN_0078f43a,6,1,1,78
0078f440,FUN_0078f440,61,0,1,395
0078f47d,FUN_0078f47d,56,1,1,346
0078f4b5,FUN_0078f4b5,3,2,1,48
0078f4b8,FUN_0078f4b8,16,0,1,88
0078f4c8,FUN_0078f4c8,8,0,1,159
0078f4d0,FUN_0078f4d0,48,0,1,271
0078f500,FUN_0078f500,188,4,1,938
0078f5bc,FUN_0078f5bc,49,3,1,248
0078f5ed,FUN_0078f5ed,86,5,1,348
0078f643,FUN_0078f643,181,12,1,1053
0078f6f8,FUN_0078f6f8,101,60,1,461
0078f75d,FUN_0078f75d,164,18,1,831
0078f801,FUN_0078f801,43,9,1,226
0078f82c,DDX_Text,47,1,1,377
0078f85b,DDX_Text,89,30,1,963
0078f8b4,Fail,80,5,1,590
0078f904,FUN_0078f904,65,8,1,415
0078f946,FUN_0078f946,26,1,1,145
0078f960,FUN_0078f960,273,1,1,1448
0078fa71,FUN_0078fa71,229,2,1,1176
0078fb56,__snwscanf_s,28,2,1,359
0078fb72,__vsnwscanf_s_l,42,1,1,476
0078fb9c,FUN_0078fb9c,189,87,1,1067
0078fc5a,FUN_0078fc5a,318,2,1,2045
0078fd98,FUN_0078fd98,262,2,1,1952
0078fe9e,CCmdTarget,38,11,1,541
0078fec4,CCmdUI,38,10,1,570
0078feea,FUN_0078feea,81,18,1,494
0078ff40,FUN_0078ff40,35,16,1,205
0078ff63,FUN_0078ff63,146,8,1,777
0078fff6,FUN_0078fff6,143,0,1,986
00790086,FUN_00790086,35,1,1,214
007900a9,FUN_007900a9,6,0,1,69
007900af,FUN_007900af,5,0,1,56
007900b4,FUN_007900b4,6,0,1,69
007900ba,FUN_007900ba,6,0,1,69
007900c0,FUN_007900c0,6,0,1,69
007900c6,FUN_007900c6,6,0,1,69
007900cc,FUN_007900cc,6,0,1,69
007900d2,FUN_007900d2,6,0,1,83
007900d8,FUN_007900d8,3,0,1,56
007900db,FUN_007900db,8,0,1,65
007900e3,FUN_007900e3,6,1,1,56
007900e9,FUN_007900e9,637,9,1,4230
00790399,FUN_00790399,4,1,1,56
0079039d,FUN_0079039d,68,0,1,356
007903e1,FUN_007903e1,119,0,1,746
00790459,FUN_00790459,109,0,1,582
007904c7,FUN_007904c7,96,0,1,758
00790528,FUN_00790528,324,1,1,1554
0079066d,FUN_0079066d,26,3,1,157
00790687,FUN_00790687,128,1,1,1008
00790707,Catch@00790707,14,0,1,90
0079071e,FUN_0079071e,22,1,1,191
00790739,FUN_00790739,25,1,1,186
00790752,FUN_00790752,118,4,1,1219
007907c8,FUN_007907c8,28,69,1,123
007907e4,FUN_007907e4,79,1,1,612
0079083d,~CComPtr<>,71,3,1,1055
00790889,~refcount_ptr<boost::exception_detail::error_info_container>,52,1,1,857
007908c2,FUN_007908c2,227,60,1,1351
007909aa,FUN_007909aa,22,1,1,186
007909c0,FUN_007909c0,16,1,1,94
007909d0,FUN_007909d0,34,0,1,130
007909f2,FUN_007909f2,51,0,1,225
00790a25,`scalar_deleting_destructor',48,0,1,525
00790a55,FUN_00790a55,70,3,1,650
00790a9c,FUN_00790a9c,17,2,1,115
00790aad,FUN_00790aad,10,0,1,67
00790ab7,FUN_00790ab7,10,0,1,67
00790ac1,FUN_00790ac1,58,0,1,346
00790afb,FUN_00790afb,58,0,1,346
00790b35,FUN_00790b35,230,7,1,2079
00790c16,Catch@00790c16,36,0,1,329
00790c3d,FUN_00790c3d,22,1,1,394
00790c5e,FUN_00790c5e,749,20,1,4154
00790f4b,AfxFindMessageEntry,64,3,1,676
00790f8b,AfxGetParentOwner,71,3,1,928
00790fd2,FUN_00790fd2,88,10,1,700
0079102b,FUN_0079102b,136,1,1,996
007910b4,FUN_007910b4,43,3,1,426
007910e0,AfxInvariantStrICmp,28,1,1,369
007910fc,FUN_007910fc,137,5,1,1102
00791185,Catch@00791185,16,0,1,153
0079119b,AfxRegisterWndClass,260,14,1,2082
0079129f,FUN_0079129f,174,5,1,1180
0079134d,FUN_0079134d,76,10,1,537
0079139a,AfxWndProc,75,0,1,685
007913e5,FUN_007913e5,21,16,1,306
007913fa,FUN_007913fa,113,1,1,831
0079146b,FUN_0079146b,1534,1,1,13477
00791ab7,FUN_00791ab7,194,1,1,1401
00791b79,FUN_00791b79,218,10,1,1097
00791c53,Attach,60,2,1,515
00791c8f,CalcWindowRect,47,3,1,591
00791cbe,FUN_00791cbe,97,3,1,601
00791d1f,FUN_00791d1f,506,4,1,2809
00791f40,FUN_00791f40,8,0,1,65
00791f48,FUN_00791f48,7,1,1,99
00791f4f,FUN_00791f4f,99,9,1,567
00791fb2,FUN_00791fb2,243,0,1,1702
007920a5,FUN_007920a5,25,0,1,218
007920bf,FUN_007920bf,25,0,1,237
007920d9,FUN_007920d9,94,6,1,585
00792137,FUN_00792137,254,2,1,1821
0079227b,FUN_0079227b,89,1,1,651
007922d4,FUN_007922d4,62,292,1,448
00792313,FUN_00792313,100,54,1,851
00792378,FUN_00792378,33,0,1,156
00792399,Detach,46,6,1,523
007923c7,FUN_007923c7,418,1,1,2317
00792569,FUN_00792569,20,0,1,165
0079257d,FUN_0079257d,92,1,1,656
007925d9,FUN_007925d9,80,4,1,412
00792629,EndModalLoop,40,0,1,434
00792651,FUN_00792651,31,0,1,330
00792670,FUN_00792670,78,3,1,574
007926be,FUN_007926be,31,1,1,316
007926dd,FromHandle,42,417,1,402
00792707,FromHandlePermanent,36,96,1,412
0079272b,FUN_0079272b,4,1,1,104
0079272f,FUN_0079272f,60,9,1,466
0079276c,FUN_0079276c,16,1,1,169
0079277c,GetDescendantWindow,119,7,1,1071
007927f3,FUN_007927f3,123,0,1,806
0079286e,FUN_0079286e,29,0,1,247
0079288b,FUN_0079288b,6,1,1,56
00792891,FUN_00792891,55,0,1,341
007928c8,FUN_007928c8,57,0,1,487
00792901,FUN_00792901,27,0,1,234
0079291c,FUN_0079291c,6,0,1,74
00792922,FUN_00792922,16,0,1,161
00792932,FUN_00792932,6,0,1,74
00792938,FUN_00792938,28,23,1,267
00792955,GetOwner,23,50,1,425
0079296c,FUN_0079296c,71,68,1,602
007929b3,FUN_007929b3,59,1,1,482
007929ee,FUN_007929ee,16,2,1,193
007929fe,FUN_007929fe,6,0,1,74
00792a04,FUN_00792a04,32,3,1,286
00792a24,FUN_00792a24,83,9,1,495
00792a77,FUN_00792a77,91,3,1,527
00792ad2,FUN_00792ad2,56,7,1,371
00792b0a,FUN_00792b0a,62,1,1,417
00792b48,FUN_00792b48,4,0,1,79
00792b4c,FUN_00792b4c,77,77,1,553
00792b99,GetTopLevelParent,39,18,1,606
00792bc0,FUN_00792bc0,51,0,1,418
00792bf3,FUN_00792bf3,8,0,1,65
00792bfb,FUN_00792bfb,45,0,1,363
00792c28,FUN_00792c28,29,0,1,238
00792c45,FUN_00792c45,5,0,1,56
00792c4a,FUN_00792c4a,26,4,1,171
00792c64,FUN_00792c64,91,90,1,572
00792cbf,GrayCtlColor,138,1,1,1113
00792d49,HandleFloatingSysCommand,184,1,1,1219
00792e01,FUN_00792e01,112,3,1,793
00792e72,FUN_00792e72,313,2,1,1980
00792fab,InlineIsEqualUnknown,40,1,1,565
00792fd3,FUN_00792fd3,66,0,1,568
00793015,Invoke,80,0,1,968
00793065,FUN_00793065,59,3,1,479
007930a1,FUN_007930a1,51,4,1,283
007930d4,FUN_007930d4,149,1,1,967
00793169,FUN_00793169,51,2,1,395
0079319c,ModifyStyle,26,2,1,425
007931b6,ModifyStyleEx,26,1,1,573
007931d0,OnActivateTopLevel,44,1,1,529
007931fc,FUN_007931fc,44,0,1,238
00793228,OnChildNotify,77,7,1,681
00793275,FUN_00793275,174,8,1,1115
00793324,FUN_00793324,43,0,1,250
0079334f,OnCtlColor,40,5,1,477
00793377,OnDeleteItem,35,0,1,407
0079339a,FUN_0079339a,141,25,1,952
00793427,OnDevModeChange,76,0,1,794
00793473,OnDisplayChange,73,1,1,725
007934bc,FUN_007934bc,43,0,1,250
007934e7,OnDrawIconicThumbnailOrLivePreview,34,0,1,542
00793509,FUN_00793509,78,0,1,423
00793557,FUN_00793557,60,1,1,251
00793593,FUN_00793593,49,1,1,311
007935c4,FUN_007935c4,687,0,1,3976
00793874,FUN_00793874,5,0,1,56
00793879,FUN_00793879,5,0,1,56
0079387e,FUN_0079387e,72,2,1,466
007938c6,FUN_007938c6,36,4,1,214
007938ea,OnHelpInfo,110,0,1,672
00793958,FUN_00793958,161,0,1,1087
007939fa,FUN_007939fa,91,0,1,541
00793a56,FUN_00793a56,338,3,1,2286
00793ba8,FUN_00793ba8,139,6,1,826
00793c89,FUN_00793c89,46,0,1,225
00793cb7,FUN_00793cb7,49,12,1,328
00793ce8,FUN_00793ce8,60,5,1,315
00793d24,OnSysColorChange,70,5,1,593
00793d6a,FUN_00793d6a,72,0,1,374
00793db2,FUN_00793db2,118,2,1,707
00793e28,FUN_00793e28,5,1,1,56
00793e2d,FUN_00793e2d,122,0,1,705
00793ea7,FUN_00793ea7,304,0,1,1461
00793fd8,FUN_00793fd8,2109,1,1,13629
00794990,guard_check_icall,3,3117,1,88
00794993,PreCreateWindow,57,4,1,631
007949cc,FUN_007949cc,47,4,1,284
007949fb,FUN_007949fb,41,26,1,258
00794a24,FUN_00794a24,152,2,1,874
00794abd,FUN_00794abd,26,2,1,160
00794ad7,FUN_00794ad7,10,0,1,67
00794ae1,FUN_00794ae1,10,0,1,67
00794aeb,QueryInterface,64,0,1,622
00794b2b,QueryInterface,64,0,1,632
00794b6b,FUN_00794b6b,246,1,1,1284
00794c61,FUN_00794c61,170,7,1,773
00794d0b,FUN_00794d0b,121,1,1,868
00794d85,FUN_00794d85,50,2,1,332
00794db7,FUN_00794db7,10,0,1,67
00794dc1,FUN_00794dc1,10,0,1,67
00794dcb,FUN_00794dcb,58,0,1,346
00794e05,FUN_00794e05,58,0,1,346
00794e3f,FUN_00794e3f,373,4,1,2354
00794fb4,FUN_00794fb4,33,0,1,243
00794fd5,FUN_00794fd5,359,2,1,1958
0079513c,FUN_0079513c,224,3,1,1185
0079521c,FUN_0079521c,71,10,1,470
00795264,SendMessageToDescendants,125,12,1,985
007952e1,FUN_007952e1,3,0,1,48
007952e4,FUN_007952e4,27,0,1,223
007952ff,FUN_007952ff,15,0,1,134
0079530e,FUN_0079530e,75,0,1,468
00795359,FUN_00795359,83,11,1,483
007953ac,FUN_007953ac,62,9,1,412
007953ea,FUN_007953ea,65,4,1,434
0079542b,FUN_0079542b,24,0,1,187
00795443,FUN_00795443,26,3,1,171
0079545d,FUN_0079545d,123,1,1,756
007954d8,FUN_007954d8,90,8,1,580
00795532,TrackPopupMenu,84,3,1,956
00795586,FUN_00795586,25,1,1,160
0079559f,FUN_0079559f,51,2,1,304
007955d2,FUN_007955d2,96,419,1,715
00795632,Catch@00795632,6,0,1,71
00795638,Catch@00795638,40,0,1,242
00795669,FUN_00795669,14,1,1,223
0079567c,UpdateDialogControls,271,6,1,1796
0079578b,FUN_0079578b,84,1,1,586
007957df,FUN_007957df,89,0,1,554
00795838,FUN_00795838,113,3,1,761
007958aa,FUN_007958aa,89,5,1,471
00795a23,Catch@00795a23,57,0,1,614
00795ca4,FUN_00795ca4,117,2,1,993
00795d1a,_AfxHandleActivate,117,1,1,952
00795d8f,_AfxHandleSetCursor,118,1,1,922
00795e05,FUN_00795e05,28,1,1,228
00795e21,_AfxModifyStyle,80,2,1,696
00795e71,FUN_00795e71,171,1,1,1029
00795f1c,_AfxPreInitDialog,36,1,1,386
00795f40,AfxRegisterWithIcon,66,1,1,801
00795f82,FUN_00795f82,58,0,1,459
00795fbc,FUN_00795fbc,44,1,1,308
00795fe8,FUN_00795fe8,89,0,1,564
00796041,FUN_00796041,64,0,1,469
00796081,FUN_00796081,37,0,1,282
007960a6,FUN_007960a6,81,0,1,522
007960f7,FUN_007960f7,101,0,1,658
0079615c,FUN_0079615c,56,0,1,458
00796194,FUN_00796194,101,0,1,672
007961f9,FUN_007961f9,77,0,1,565
00796246,FUN_00796246,50,0,1,382
00796278,FUN_00796278,95,0,1,618
007962d7,FUN_007962d7,61,0,1,487
00796314,FUN_00796314,47,0,1,355
00796343,FUN_00796343,92,0,1,591
0079639f,FUN_0079639f,115,7,1,740
00796412,FUN_00796412,74,0,1,538
0079645c,FUN_0079645c,47,0,1,355
0079648b,FUN_0079648b,92,0,1,591
007964e7,FUN_007964e7,58,0,1,415
00796521,FUN_00796521,31,0,1,228
00796540,FUN_00796540,75,0,1,468
0079658b,FUN_0079658b,74,0,1,538
007965d5,FUN_007965d5,47,1,1,355
00796604,FUN_00796604,92,0,1,591
00796660,FUN_00796660,74,0,1,538
007966aa,FUN_007966aa,47,0,1,355
007966d9,FUN_007966d9,92,0,1,591
00796735,FUN_00796735,58,0,1,415
0079676f,FUN_0079676f,31,0,1,228
0079678e,FUN_0079678e,75,0,1,468
007967d9,FUN_007967d9,74,0,1,538
00796823,FUN_00796823,47,0,1,355
00796852,FUN_00796852,92,0,1,591
007968ae,FUN_007968ae,83,0,1,578
00796901,FUN_00796901,50,0,1,382
00796933,FUN_00796933,95,0,1,618
00796992,FUN_00796992,74,0,1,538
007969dc,FUN_007969dc,47,0,1,355
00796a0b,FUN_00796a0b,92,0,1,591
00796a67,FUN_00796a67,74,0,1,538
00796ab1,FUN_00796ab1,47,1,1,355
00796ae0,FUN_00796ae0,92,0,1,591
00796b3c,FUN_00796b3c,58,0,1,415
00796b76,FUN_00796b76,31,0,1,228
00796b95,FUN_00796b95,75,0,1,468
00796be0,FUN_00796be0,74,0,1,538
00796c2a,FUN_00796c2a,47,1,1,355
00796c59,FUN_00796c59,92,0,1,591
00796cb5,FUN_00796cb5,58,0,1,415
00796cef,FUN_00796cef,31,0,1,228
00796d0e,FUN_00796d0e,75,0,1,467
00796d59,FUN_00796d59,74,0,1,538
00796da3,FUN_00796da3,47,2,1,355
00796dd2,FUN_00796dd2,92,0,1,591
00796e2e,FUN_00796e2e,74,0,1,538
00796e78,FUN_00796e78,47,0,1,355
00796ea7,FUN_00796ea7,92,0,1,591
00796f03,FUN_00796f03,27,0,1,118
00796f1e,FUN_00796f1e,47,0,1,355
00796f4d,FUN_00796f4d,92,0,1,591
00796fa9,FUN_00796fa9,92,0,1,591
00797005,FUN_00797005,109,12,1,706
00797078,FUN_00797078,51,1,1,414
007970ab,FUN_007970ab,48,1,1,230
007970db,FUN_007970db,67,2,1,408
0079711e,FUN_0079711e,69,1,1,461
00797163,FUN_00797163,134,2,1,1037
007971ec,FUN_007971ec,63,1,1,399
0079722b,FUN_0079722b,67,32,1,410
0079726e,FUN_0079726e,76,1,1,518
007972ba,FUN_007972ba,107,0,1,760
00797328,FUN_00797328,63,1,1,399
00797367,FUN_00797367,134,1,1,1028
007973f0,FUN_007973f0,63,1,1,399
0079742f,FUN_0079742f,107,4,1,783
0079749d,FUN_0079749d,63,1,1,399
007974dc,FUN_007974dc,101,2,1,736
00797544,FUN_00797544,63,1,1,399
00797583,FUN_00797583,123,31,1,772
007975fe,FUN_007975fe,62,9,1,483
0079763c,FUN_0079763c,10,0,1,253
00797664,FUN_00797664,82,1,1,560
007976b6,FUN_007976b6,103,1,1,706
00797721,FUN_00797721,64,1,1,398
00797761,FUN_00797761,445,1,1,2462
00797920,FUN_00797920,13,1,1,159
0079792d,FUN_0079792d,78,2,1,447
0079797b,FUN_0079797b,51,2,1,287
007979ae,FUN_007979ae,58,2,1,355
007979e8,FUN_007979e8,55,194,1,325
00797a1f,FUN_00797a1f,12,1,1,180
00797a2b,FUN_00797a2b,43,59,1,294
00797a56,FUN_00797a56,58,24,1,378
00797a90,FUN_00797a90,60,9,1,399
00797acc,FUN_00797acc,42,68,1,302
00797af6,FUN_00797af6,28,3,1,266
00797b13,FUN_00797b13,42,2,1,335
00797b3d,FUN_00797b3d,42,209,1,302
00797b67,FUN_00797b67,136,4,1,900
00797bef,FUN_00797bef,67,1,1,366
00797c32,FUN_00797c32,43,25,1,297
00797c5d,FUN_00797c5d,66,28,1,393
00797c9f,FUN_00797c9f,66,18,1,395
00797ce1,FUN_00797ce1,76,7,1,427
00797d2d,FUN_00797d2d,40,0,1,257
00797d55,FUN_00797d55,45,0,1,335
00797d82,FUN_00797d82,57,2,1,332
00797dbb,FUN_00797dbb,61,1,1,359
00797df8,FUN_00797df8,121,164,1,835
00797e71,FUN_00797e71,93,139,1,616
00797ece,FUN_00797ece,81,187,1,598
00797f20,FUN_00797f20,55,278,1,322
00797f57,FUN_00797f57,62,50,1,328
00797f95,FUN_00797f95,33,5,1,169
00797fb6,FUN_00797fb6,75,107,1,459
00798024,`scalar_deleting_destructor',51,0,1,472
00798057,FUN_00798057,76,2,1,558
007980a3,FUN_007980a3,113,4,1,658
00798114,FUN_00798114,134,0,1,1033
0079819a,FUN_0079819a,88,2,1,563
007981f2,FUN_007981f2,70,2,1,490
00798238,FUN_00798238,330,4,1,2057
00798382,Catch@00798382,25,0,1,231
007983aa,FUN_007983aa,142,1,1,1026
00798438,FUN_00798438,55,2,1,301
0079846f,FUN_0079846f,20,0,1,117
00798483,FUN_00798483,45,0,1,252
007984b0,CreateRunDlgIndirect,93,1,1,675
0079850d,FUN_0079850d,338,70,1,2055
0079865f,Catch@0079865f,25,0,1,231
00798681,FUN_00798681,88,1,1,748
007986de,FUN_007986de,64,14,1,303
0079871e,FUN_0079871e,6,0,1,74
00798724,FUN_00798724,7,0,1,104
0079872b,FUN_0079872b,6,0,1,80
00798731,FUN_00798731,188,0,1,1005
007987ed,Initialize,57,2,1,549
00798826,FUN_00798826,8,12,1,68
0079882e,FUN_0079882e,165,0,1,1082
007988d3,FUN_007988d3,78,0,1,543
00798921,FUN_00798921,92,0,1,636
00798993,FUN_00798993,118,79,1,588
00798a09,FUN_00798a09,25,39,1,142
00798a61,FUN_00798a61,60,0,1,482
00798a9d,FUN_00798a9d,43,0,1,206
00798ac8,PostModal,73,4,1,596
00798b11,PreModal,63,4,1,632
00798b50,PreTranslateMessage,166,11,1,1016
00798bf6,FUN_00798bf6,19,0,1,134
00798c09,FUN_00798c09,113,1,1,856
00798c7d,FUN_00798c7d,63,1,1,399
00798cbc,~ExternalContextBase,69,528,1,719
00798d06,~ExternalContextBase,69,72,1,721
00798d50,~ExternalContextBase,69,171,1,717
00798d9a,~ExternalContextBase,69,12,1,720
00798de4,~ExternalContextBase,69,14,1,722
00798e2e,~ExternalContextBase,69,280,1,719
00798e78,FUN_00798e78,51,0,1,318
00798eab,FUN_00798eab,51,0,1,318
00798ede,FUN_00798ede,8,0,1,67
00798ee6,FUN_00798ee6,52,0,1,325
00798f1a,FUN_00798f1a,51,1,1,283
00798f4d,FUN_00798f4d,51,4,1,279
00798f80,FUN_00798f80,51,1,1,282
00798fb3,FUN_00798fb3,51,0,1,284
00798fe6,FUN_00798fe6,52,0,1,325
0079901a,GetLBText,67,20,1,810
0079905d,FUN_0079905d,6,0,1,80
00799063,FUN_00799063,6,0,1,82
00799069,FUN_00799069,6,0,1,78
0079906f,FUN_0079906f,6,0,1,81
00799075,FUN_00799075,6,0,1,83
0079907b,FUN_0079907b,6,0,1,80
00799081,GetText,67,3,1,802
007990c4,FUN_007990c4,64,0,1,390
00799104,FUN_00799104,131,0,1,781
00799187,FUN_00799187,190,1,1,1114
00799245,FUN_00799245,161,10,1,859
007992e7,CList<HWND__*,HWND__*>,38,6,1,602
0079930d,FUN_0079930d,275,6,1,1068
00799420,CPushRoutingFrame,56,3,1,683
00799458,~CArray<>,22,2,1,677
0079946e,FUN_0079946e,58,7,1,420
007994b2,FUN_007994b2,82,2,1,511
00799509,FUN_00799509,159,13,1,889
007995a8,Catch@007995a8,184,0,1,999
00799666,FUN_00799666,58,1,1,275
007996a0,FUN_007996a0,28,5,1,209
007996bc,FUN_007996bc,48,0,1,222
007996ec,FUN_007996ec,100,0,1,567
00799755,FUN_00799755,48,0,1,263
00799785,FUN_00799785,51,0,1,225
007997b8,ActivateFrame,84,1,1,670
0079980c,FUN_0079980c,41,2,1,284
00799836,AddTail,44,26,1,672
00799862,AfxIsDescendant,30,4,1,408
00799880,FUN_00799880,299,0,1,1581
007999ac,BringToTop,50,1,1,480
007999de,FUN_007999de,215,0,1,1230
00799b11,FUN_00799b11,156,1,1,1089
00799bae,FUN_00799bae,23,1,1,188
00799bc5,FUN_00799bc5,306,2,1,2849
00799cf8,FUN_00799cf8,30,220,1,258
00799d17,FUN_00799d17,110,0,1,792
00799d85,FUN_00799d85,125,0,1,728
00799e03,FUN_00799e03,20,0,1,180
00799e17,FUN_00799e17,7,158,1,104
00799e1e,FUN_00799e1e,76,11,1,465
00799e6a,FUN_00799e6a,69,0,1,438
00799eaf,GetDockingFrame,20,6,1,424
00799ec3,FUN_00799ec3,143,2,1,917
00799f6b,GetMenu,44,0,1,799
00799f97,FUN_00799f97,7,0,1,105
00799f9e,FUN_00799f9e,7,0,1,104
00799fa5,GetMessageBar,16,0,1,379
00799fb5,FUN_00799fb5,6,0,1,74
00799fbb,GetMessageString,71,0,1,1012
0079a002,FUN_0079a002,6,0,1,82
0079a008,FUN_0079a008,253,1,1,1439
0079a105,FUN_0079a105,60,5,1,373
0079a141,FUN_0079a141,23,6,1,225
0079a158,LoadAccelTable,44,3,1,518
0079a184,FUN_0079a184,284,4,1,1545
0079a2a0,FUN_0079a2a0,117,2,1,610
0079a315,FUN_0079a315,94,4,1,873
0079a374,FUN_0079a374,193,2,1,1053
0079a436,FUN_0079a436,307,4,1,1714
0079a56a,FUN_0079a56a,192,0,1,1127
0079a62a,OnBarCheck,60,1,1,473
0079acbe,FUN_0079acbe,512,4,1,2876
0079aebf,FUN_0079aebf,164,5,1,1288
0079af63,FUN_0079af63,137,4,1,737
0079afed,FUN_0079afed,115,1,1,653
0079b060,FUN_0079b060,27,7,1,228
0079b07c,OnCreateClient,37,0,1,678
0079b0a1,FUN_0079b0a1,103,2,1,507
0079b186,Catch@0079b186,27,0,1,213
0079b235,FUN_0079b235,229,0,1,973
0079b31a,OnDDETerminate,39,0,1,409
0079b341,OnDestroy,94,4,1,743
0079b39f,FUN_0079b39f,169,0,1,854
0079b448,FUN_0079b448,244,0,1,1429
0079b53c,FUN_0079b53c,129,0,1,847
0079b5bd,OnEnterIdle,50,0,1,443
0079b64c,FUN_0079b64c,159,1,1,913
0079b6eb,FUN_0079b6eb,52,0,1,282
0079b71f,FUN_0079b71f,477,0,1,3524
0079b8fd,FUN_0079b8fd,63,3,1,286
0079b93c,FUN_0079b93c,445,0,1,2060
0079bafa,FUN_0079bafa,66,2,1,323
0079bb3c,FUN_0079bb3c,48,0,1,282
0079bb6c,OnPopMessageString,37,0,1,455
0079bb91,FUN_0079bb91,70,0,1,580
0079bc0b,FUN_0079bc0b,54,1,1,383
0079bc42,FUN_0079bc42,30,0,1,164
0079bd2d,FUN_0079bd2d,742,5,1,3998
0079c014,FUN_0079c014,46,5,1,227
0079c042,FUN_0079c042,167,2,1,924
0079c0ea,FUN_0079c0ea,269,1,1,1441
0079c1f8,FUN_0079c1f8,72,0,1,451
0079c241,FUN_0079c241,75,1,1,476
0079c28d,FUN_0079c28d,112,1,1,647
0079c2fd,FUN_0079c2fd,102,1,1,677
0079c363,FUN_0079c363,105,0,1,645
0079c3cd,FUN_0079c3cd,40,1,1,284
0079c3f5,FUN_0079c3f5,38,1,1,413
0079c41b,FUN_0079c41b,30,2,1,205
0079c439,PreCreateWindow,60,7,1,712
0079c475,FUN_0079c475,478,5,1,2373
0079c654,FUN_0079c654,284,3,1,1285
0079c770,RemoveAll,32,113,1,524
0079c790,RemoveControlBar,39,2,1,376
0079c7b7,FUN_0079c7b7,41,2,1,284
0079c7e1,Serialize,64,0,1,873
0079c821,FUN_0079c821,101,0,1,704
0079c886,FUN_0079c886,16,3,1,126
0079c896,FUN_0079c896,119,6,1,658
0079c90d,FUN_0079c90d,50,28,1,369
0079c940,FUN_0079c940,69,0,1,633
0079c986,FUN_0079c986,133,1,1,806
0079ca0c,FUN_0079ca0c,100,0,1,612
0079ca71,SetMessageText,26,2,1,398
0079ca8b,FUN_0079ca8b,305,26,1,2183
0079cbbd,FUN_0079cbbd,327,29,1,1857
0079cd05,FUN_0079cd05,154,1,1,1036
0079cd9f,FUN_0079cd9f,329,2,1,1634
0079cee8,_wcstombsz,45,1,1,470
0079cf15,FUN_0079cf15,149,5,1,1165
0079cfad,FUN_0079cfad,63,1,1,399
0079cfec,FUN_0079cfec,140,2,1,1083
0079d07b,FUN_0079d07b,63,1,1,399
0079d0ba,CWinThread,54,1,1,565
0079d0f0,FUN_0079d0f0,93,4,1,649
0079d152,FUN_0079d152,48,0,1,225
0079d182,FUN_0079d182,9,2,1,144
0079d18b,FUN_0079d18b,9,16,1,161
0079d194,AfxInitThread,46,1,1,527
0079d1c2,AfxInternalIsIdleMessage,110,2,1,927
0079d230,FUN_0079d230,119,2,1,930
0079d2a7,AfxInternalProcessWndProcException,39,2,1,515
0079d2ce,AfxInternalPumpMessage,68,1,1,665
0079d312,FUN_0079d312,48,1,1,364
0079d342,FUN_0079d342,48,1,1,349
0079d372,FUN_0079d372,53,2,1,411
0079d3a7,FUN_0079d3a7,40,2,1,338
0079d3cf,CommonConstruct,55,1,1,682
0079d406,FUN_0079d406,32,0,1,200
0079d426,FUN_0079d426,168,1,1,1135
0079d4ce,FUN_0079d4ce,9,0,1,152
0079d4d7,FUN_0079d4d7,27,0,1,227
0079d4f2,FUN_0079d4f2,6,0,1,83
0079d4f8,IsEnterKey,30,1,1,373
0079d516,IsIdleMessage,16,0,1,364
0079d526,FUN_0079d526,290,1,1,1650
0079d649,FUN_0079d649,16,1,1,88
0079d659,FUN_0079d659,300,0,1,1775
0079d786,FUN_0079d786,9,1,1,135
0079d794,FUN_0079d794,194,1,1,1184
0079d856,FUN_0079d856,107,0,1,704
0079d8c2,FUN_0079d8c2,41,1,1,147
0079d8eb,AfxDynamicDownCast,33,519,1,529
0079d90c,FUN_0079d90c,49,46,1,514
0079d938,Catch@0079d938,14,0,1,90
0079d949,FUN_0079d949,6,1,1,125
0079d95a,FUN_0079d95a,6,0,1,80
0079d960,FUN_0079d960,41,8,1,352
0079d98a,FUN_0079d98a,46,572,1,407
0079d9b9,FUN_0079d9b9,5,125,1,48
0079d9be,FUN_0079d9be,139,0,1,796
0079da2b,Catch@0079da2b,18,0,1,163
0079da60,FUN_0079da60,39,0,1,278
0079da87,FUN_0079da87,23,0,1,199
0079daa3,FUN_0079daa3,159,1,1,937
0079db47,FUN_0079db47,339,1,1,2035
0079dc9f,~_AFX_THREAD_STATE,56,1,1,575
0079dcd7,FID_conflict:`scalar_deleting_destructor',51,0,1,620
0079dd0a,`scalar_deleting_destructor',48,0,1,538
0079dd3a,`scalar_deleting_destructor',51,0,1,527
0079dd6d,FUN_0079dd6d,51,209,1,361
0079dda0,AfxGetModuleThreadState,27,26,1,644
0079ddbb,FUN_0079ddbb,6,3,1,67
0079ddc1,AfxGetThreadState,24,35,1,583
0079de17,FUN_0079de17,71,1,1,735
0079de5e,FUN_0079de5e,67,49,1,495
0079dea2,FUN_0079dea2,84,677,1,641
0079def7,CDC,20,61,1,330
0079df0b,FUN_0079df0b,84,6,1,622
0079df60,FUN_0079df60,73,43,1,524
0079dfaa,FUN_0079dfaa,84,19,1,647
0079dfff,FUN_0079dfff,79,1173,1,487
0079e053,FUN_0079e053,71,157,1,479
0079e09f,FUN_0079e09f,84,25,1,486
0079e0f8,FUN_0079e0f8,79,44,1,487
0079e14c,FUN_0079e14c,48,0,1,225
0079e17c,FUN_0079e17c,48,0,1,225
0079e1ac,FUN_0079e1ac,48,0,1,225
0079e1dc,FUN_0079e1dc,48,0,1,225
0079e20c,FUN_0079e20c,853,1,1,4877
0079e561,FUN_0079e561,693,1,1,3814
0079e816,FUN_0079e816,25,18,1,205
0079e830,FUN_0079e830,25,2,1,205
0079e84a,FUN_0079e84a,66,58,1,374
0079e88c,Attach,44,99,1,554
0079e8b8,FUN_0079e8b8,63,66,1,406
0079e8f7,FUN_0079e8f7,32,0,1,200
0079e917,FUN_0079e917,25,0,1,165
0079e930,FUN_0079e930,42,0,1,299
0079e95a,FUN_0079e95a,35,0,1,263
0079e97d,DeleteDC,22,3,1,437
0079e993,DeleteObject,22,39,1,372
0079e9a9,FUN_0079e9a9,61,14,1,356
0079e9e6,Detach,42,16,1,476
0079ea10,FUN_0079ea10,31,0,1,220
0079ea2f,FUN_0079ea2f,28,0,1,186
0079ea4b,FUN_0079ea4b,28,0,1,181
0079ea67,FUN_0079ea67,77,5,1,429
0079eab4,FUN_0079eab4,37,0,1,268
0079ead9,FromHandle,18,23,1,304
0079eaeb,FromHandle,18,24,1,337
0079eafd,FUN_0079eafd,19,1,1,122
0079eb10,FUN_0079eb10,10,3,1,103
0079eb1a,FUN_0079eb1a,6,0,1,80
0079eb20,FUN_0079eb20,6,0,1,79
0079eb26,FUN_0079eb26,6,0,1,82
0079eb2c,FUN_0079eb2c,6,0,1,74
0079eb32,FUN_0079eb32,6,0,1,78
0079eb38,FUN_0079eb38,6,0,1,83
0079eb3e,FUN_0079eb3e,6,0,1,81
0079eb44,FUN_0079eb44,6,0,1,81
0079eb4a,FUN_0079eb4a,6,0,1,74
0079eb50,FUN_0079eb50,6,0,1,91
0079eb56,FUN_0079eb56,6,0,1,74
0079eb5c,FUN_0079eb5c,6,0,1,87
0079eb62,FUN_0079eb62,6,0,1,82
0079eb68,FUN_0079eb68,48,0,1,403
0079eb98,FUN_0079eb98,77,0,1,433
0079ebe5,LineTo,53,51,1,457
0079ec1a,FUN_0079ec1a,62,1,1,405
0079ec58,FUN_0079ec58,70,53,1,406
0079ec9e,FUN_0079ec9e,70,0,1,428
0079ece4,FUN_0079ece4,70,2,1,424
0079ed2a,FUN_0079ed2a,22,0,1,138
0079ed40,FUN_0079ed40,19,0,1,122
0079ed53,FUN_0079ed53,5,0,1,103
0079ed58,FUN_0079ed58,5,1,1,103
0079ed5d,FUN_0079ed5d,66,0,1,439
0079ed9f,FUN_0079ed9f,51,0,1,391
0079edd2,FUN_0079edd2,82,0,1,482
0079ee24,FUN_0079ee24,82,0,1,478
0079ee76,ScreenToClient,63,109,1,604
0079eeb5,FUN_0079eeb5,77,22,1,574
0079ef02,FUN_0079ef02,83,1,1,608
0079ef55,SelectGdiObject,25,38,1,410
0079ef6e,FUN_0079ef6e,78,1,1,586
0079efbc,FUN_0079efbc,81,122,1,604
0079f00d,SelectPalette,36,6,1,617
0079f031,FUN_0079f031,65,10,1,435
0079f072,SetAttribDC,13,1,1,365
0079f07f,FUN_0079f07f,57,5,1,374
0079f0b8,FUN_0079f0b8,56,34,1,348
0079f0f0,FUN_0079f0f0,56,1,1,360
0079f128,FUN_0079f128,19,3,1,120
0079f13b,FUN_0079f13b,56,2,1,350
0079f173,SetOutputDC,13,1,1,305
0079f180,FUN_0079f180,56,1,1,360
0079f1b8,FUN_0079f1b8,56,5,1,344
0079f1f0,FUN_0079f1f0,56,1,1,364
0079f228,FUN_0079f228,57,2,1,358
0079f261,FUN_0079f261,57,4,1,378
0079f29a,FUN_0079f29a,70,0,1,422
0079f2e0,FUN_0079f2e0,70,0,1,422
0079f326,FUN_0079f326,70,0,1,418
0079f36c,FUN_0079f36c,70,3,1,418
0079f3b2,FUN_0079f3b2,56,1,1,369
0079f3ea,FUN_0079f3ea,56,0,1,424
0079f422,FUN_0079f422,115,3,1,736
0079f495,FUN_0079f495,115,4,1,745
0079f508,AfxMessageBox,79,22,1,775
0079f557,FUN_0079f557,73,42,1,396
0079f5a0,FUN_0079f5a0,74,2,1,461
0079f5ea,FUN_0079f5ea,25,0,1,67
0079f603,EnableModeless,16,4,1,261
0079f613,FUN_0079f613,181,5,1,1379
0079f6c8,FUN_0079f6c8,370,2,1,1871
0079f83a,FUN_0079f83a,288,1,1,1229
0079f95a,FUN_0079f95a,73,12,1,223
0079f9a3,DDX_Text,31,15,1,296
0079f9c2,FUN_0079f9c2,281,1,1,1373
0079fadb,FUN_0079fadb,104,22,1,446
0079fba2,FUN_0079fba2,116,1,1,860
0079fc17,FUN_0079fc17,140,2,1,957
0079fca4,FUN_0079fca4,142,39,1,615
0079fd37,~CPropertySheet,54,5,1,424
0079fd6d,`scalar_deleting_destructor',51,0,1,490
0079fda0,`scalar_deleting_destructor',51,0,1,500
0079fdd3,FUN_0079fdd3,328,3,1,1986
0079ff4a,Catch@0079ff4a,6,0,1,72
0079ff64,FUN_0079ff64,93,0,1,733
0079ffc1,FUN_0079ffc1,65,1,1,413
007a0003,FUN_007a0003,274,0,1,1895
007a0116,FUN_007a0116,68,2,1,432
007a015a,FUN_007a015a,214,1,1,1403
007a0231,CommonConstruct,127,2,1,823
007a02b0,ContinueModal,40,0,1,431
007a02d8,FUN_007a02d8,324,1,1,1765
007a041d,FUN_007a041d,469,1,1,2309
007a05f2,GetActiveIndex,45,4,1,636
007a061f,GetActivePage,49,4,1,677
007a0650,FUN_007a0650,6,0,1,74
007a0656,FUN_007a0656,6,0,1,74
007a065c,FUN_007a065c,30,5,1,224
007a067b,GetPageCount,45,2,1,632
007a06a8,GetPageIndex,56,2,1,659
007a06e0,GetParentSheet,46,0,1,786
007a070e,FUN_007a070e,6,0,1,86
007a0714,FUN_007a0714,6,0,1,87
007a071a,GetTabControl,25,3,1,464
007a0733,FUN_007a0733,417,0,1,3175
007a08d4,FUN_007a08d4,68,1,1,388
007a0918,FUN_007a0918,111,1,1,739
007a0987,FUN_007a0987,30,0,1,174
007a09a5,FUN_007a09a5,40,1,1,237
007a09cd,FUN_007a09cd,116,1,1,662
007a0a41,OnCommandHelp,32,0,1,545
007a0a61,OnCtlColor,49,0,1,567
007a0a92,FUN_007a0a92,60,0,1,423
007a0acf,OnGetMinMaxInfo,61,0,1,574
007a0b0c,FUN_007a0b0c,544,3,1,2762
007a0d2c,OnKickIdle,40,0,1,605
007a0d54,FUN_007a0d54,14,1,1,105
007a0da5,FUN_007a0da5,369,0,1,1983
007a0f41,FUN_007a0f41,27,0,1,166
007a0f5c,FUN_007a0f5c,225,1,1,1619
007a103d,FUN_007a103d,193,0,1,1047
007a10fe,OnSysCommand,59,0,1,576
007a1139,FUN_007a1139,88,0,1,521
007a1191,FUN_007a1191,32,0,1,199
007a11b1,FUN_007a11b1,174,2,1,1355
007a125f,PreTranslateMessage,17,1,1,374
007a1270,FUN_007a1270,214,1,1,1367
007a1346,SetActivePage,46,3,1,454
007a1374,FUN_007a1374,38,2,1,351
007a139b,FUN_007a139b,103,1,1,633
007a1402,FUN_007a1402,188,1,1,1131
007a14be,FUN_007a14be,194,1,1,1338
007a1583,FUN_007a1583,63,1,1,399
007a15c2,FUN_007a15c2,134,1,1,1031
007a164b,FUN_007a164b,63,1,1,399
007a168a,FUN_007a168a,143,2,1,1049
007a171c,FUN_007a171c,64,1,1,401
007a175c,FUN_007a175c,109,3,1,706
007a17cf,FUN_007a17cf,51,1,1,414
007a1802,FUN_007a1802,34,0,1,237
007a1824,CObList,38,45,1,475
007a184a,FUN_007a184a,58,98,1,405
007a1889,FUN_007a1889,100,0,1,552
007a18f2,AddHead,45,11,1,591
007a191f,AddTail,44,59,1,602
007a194b,FUN_007a194b,62,4,1,399
007a198a,FUN_007a198a,39,51,1,417
007a19b1,FindIndex,35,27,1,543
007a19d4,FUN_007a19d4,38,3,1,440
007a19fb,FUN_007a19fb,6,0,1,80
007a1a01,InsertAfter,60,11,1,747
007a1a3d,InsertBefore,62,13,1,793
007a1a7b,NewNode,89,4,1,1107
007a1ad4,FUN_007a1ad4,66,40,1,530
007a1b17,FUN_007a1b17,49,26,1,523
007a1b49,RemoveTail,36,4,1,692
007a1b6d,Serialize,93,3,1,746
007a1bca,FUN_007a1bca,153,2,1,863
007a1c64,FUN_007a1c64,23,1,1,219
007a1c7b,FUN_007a1c7b,62,2,1,564
007a1cb9,FUN_007a1cb9,5,1,1,564
007a1cbe,FUN_007a1cbe,18,1,1,135
007a1cd0,operator=,41,1,1,701
007a1cf9,FUN_007a1cf9,48,0,1,225
007a1d29,`scalar_deleting_destructor',46,2,1,454
007a1d57,FUN_007a1d57,18,0,1,67
007a1d69,FUN_007a1d69,780,1,1,6735
007a1f80,Catch@007a1f80,52,0,1,484
007a20e1,FUN_007a20e1,87,1,1,687
007a2139,FUN_007a2139,8,0,1,67
007a2141,FUN_007a2141,30,2,1,260
007a2160,FUN_007a2160,8,2,1,131
007a2168,FUN_007a2168,207,1,1,1950
007a2237,GetEntryCount,45,2,1,550
007a2264,GetIDispatch,34,13,1,397
007a2286,FUN_007a2286,283,0,1,1463
007a23a1,FUN_007a23a1,96,1,1,780
007a2402,FUN_007a2402,170,1,1,1843
007a24fe,FUN_007a24fe,98,0,1,629
007a2560,FUN_007a2560,40,0,1,252
007a2588,FUN_007a2588,1127,0,1,7441
007a29ef,Catch@007a29ef,20,0,1,202
007a2a12,FUN_007a2a12,151,1,1,1778
007a2a5e,Catch@007a2a5e,68,0,1,487
007a2aed,FUN_007a2aed,124,2,1,871
007a2b69,FUN_007a2b69,398,1,1,2186
007a2cf7,FUN_007a2cf7,605,1,1,5008
007a2fa7,FUN_007a2fa7,24,0,1,134
007a2fbf,FUN_007a2fbf,18,0,1,67
007a2fd1,Serialize,64,0,1,873
007a3011,FUN_007a3011,55,1,1,410
007a3049,FUN_007a3049,514,2,1,4241
007a324c,FUN_007a324c,330,1,1,2717
007a33e8,FUN_007a33e8,94,2,1,535
007a346b,Close,26,7,1,423
007a3485,FUN_007a3485,193,4,1,1251
007a3546,GetITaskbarList3,94,0,1,848
007a35a4,FUN_007a35a4,325,0,1,2163
007a36e9,FUN_007a36e9,107,14,1,636
007a3754,FUN_007a3754,382,15,1,2095
007a38d2,GetSectionKey,84,6,1,912
007a3926,FUN_007a3926,20,0,1,210
007a393a,FUN_007a393a,7,2,1,104
007a3941,FUN_007a3941,112,4,1,1082
007a39b1,FUN_007a39b1,100,3,1,859
007a3a15,ReleaseTaskBarRefs,53,1,1,546
007a3a4a,FUN_007a3a4a,71,1,1,337
007a3a91,SetRegistryKey,52,1,1,690
007a3ac5,FUN_007a3ac5,215,0,1,1095
007a3b9c,FUN_007a3b9c,137,17,1,817
007a3c25,FUN_007a3c25,157,19,1,948
007a3cc2,CImageList,13,10,1,302
007a3ccf,~ExternalContextBase,69,2,1,723
007a3d19,FUN_007a3d19,90,17,1,465
007a3d73,Catch@007a3d73,184,0,1,999
007a3e2b,~ExternalContextBase,69,6,1,721
007a3e75,~ExternalContextBase,69,2,1,725
007a3ebf,FUN_007a3ebf,11,49,1,122
007a3eca,~ExternalContextBase,69,2,1,725
007a3f14,~ExternalContextBase,69,7,1,727
007a3f5e,~ExternalContextBase,69,2,1,720
007a3fa8,~ExternalContextBase,69,5,1,721
007a3ff2,FUN_007a3ff2,51,0,1,318
007a4025,FUN_007a4025,48,0,1,225
007a4055,FUN_007a4055,54,0,1,280
007a408b,FUN_007a408b,51,0,1,318
007a40be,AddBitmap,51,1,1,677
007a40f1,Attach,48,2,1,495
007a4121,FUN_007a4121,25,0,1,165
007a413a,FUN_007a413a,61,0,1,310
007a4177,Create,39,9,1,461
007a419e,Create,49,1,1,723
007a41cf,FUN_007a41cf,61,2,1,312
007a420c,FUN_007a420c,61,0,1,316
007a4249,FUN_007a4249,58,0,1,313
007a4283,FUN_007a4283,61,0,1,314
007a42c0,FUN_007a42c0,69,0,1,399
007a4305,FUN_007a4305,35,0,1,263
007a4328,DeleteImageList,21,8,1,483
007a433d,Detach,42,1,1,603
007a4367,FromHandle,18,8,1,386
007a4379,FromHandlePermanent,36,2,1,492
007a439d,FUN_007a439d,66,2,1,308
007a43df,FUN_007a43df,72,5,1,460
007a4428,GetItemImage,63,2,1,608
007a4467,GetItemRect,33,2,1,465
007a4488,GetItemRect,33,1,1,484
007a44a9,FUN_007a44a9,129,4,1,975
007a452a,FUN_007a452a,132,4,1,1048
007a45ae,FUN_007a45ae,6,0,1,74
007a45b4,FUN_007a45b4,6,0,1,74
007a45ba,FUN_007a45ba,6,0,1,74
007a45c0,FUN_007a45c0,6,0,1,84
007a45c6,FUN_007a45c6,6,0,1,83
007a45cc,FUN_007a45cc,6,0,1,82
007a45d2,FUN_007a45d2,6,0,1,86
007a45d8,FUN_007a45d8,6,0,1,86
007a45de,FUN_007a45de,6,0,1,88
007a45e4,FUN_007a45e4,6,0,1,81
007a45ea,FUN_007a45ea,6,0,1,82
007a45f0,FUN_007a45f0,76,3,1,546
007a463c,FUN_007a463c,54,2,1,376
007a4672,FUN_007a4672,83,5,1,577
007a46c5,FUN_007a46c5,76,3,1,654
007a4711,ItemHasChildren,46,2,1,546
007a473f,FUN_007a473f,64,0,1,390
007a477f,FUN_007a477f,64,0,1,390
007a47f8,OnDestroy,27,1,1,315
007a4837,RemoveImageList,59,0,1,635
007a4872,RemoveImageList,59,1,1,635
007a48ad,SetItem,38,3,1,635
007a48d3,SetItem,84,1,1,958
007a4927,SetItem,78,1,1,961
007a4975,SetItemState,43,2,1,507
007a49a0,SetItemText,43,5,1,534
007a49cb,FUN_007a49cb,115,4,1,745
007a4a3e,FUN_007a4a3e,146,1,1,1140
007a4ad3,FUN_007a4ad3,63,1,1,399
007a4b12,FUN_007a4b12,134,1,1,1018
007a4b9b,FUN_007a4b9b,63,1,1,399
007a4bda,FUN_007a4bda,152,1,1,1205
007a4c75,FUN_007a4c75,63,1,1,399
007a4cbf,FUN_007a4cbf,104,3,1,404
007a4d27,Draw3dRect,39,116,1,435
007a4d4e,FUN_007a4d4e,702,6,1,3420
007a500d,FUN_007a500d,96,13,1,572
007a506d,FUN_007a506d,65,19,1,394
007a50af,FUN_007a50af,164,2,1,814
007a5153,CColorDialog,137,4,1,948
007a51dc,FUN_007a51dc,26,1,1,236
007a51f6,`scalar_deleting_destructor',57,0,1,537
007a522f,`scalar_deleting_destructor',43,0,1,494
007a525a,FUN_007a525a,31,0,1,205
007a5279,DoModal,48,10,1,481
007a52a9,FUN_007a52a9,6,0,1,85
007a52af,GetSavedCustomColors,27,1,1,562
007a52ca,FUN_007a52ca,109,6,1,706
007a533d,FUN_007a533d,51,1,1,414
007a5370,FUN_007a5370,134,1,1,1013
007a53f9,FUN_007a53f9,63,1,1,399
007a5438,DrawItem,258,5,1,1921
007a553a,FUN_007a553a,6,0,1,86
007a5540,FUN_007a5540,37,1,1,204
007a5565,FUN_007a5565,162,3,1,802
007a5607,FUN_007a5607,51,2,1,265
007a563a,FUN_007a563a,85,3,1,571
007a568f,`scalar_deleting_destructor',60,0,1,538
007a56cb,FUN_007a56cb,65,22,1,561
007a570d,FUN_007a570d,180,0,1,1189
007a57b7,Catch@007a57b7,6,0,1,65
007a57c7,FUN_007a57c7,6,0,1,90
007a57cd,FUN_007a57cd,23,1,1,239
007a57e4,~CArray<>,22,1,1,722
007a57fa,FUN_007a57fa,48,0,1,222
007a582a,FUN_007a582a,26,4,1,259
007a5845,FUN_007a5845,156,2,1,885
007a58e1,Catch@007a58e1,36,0,1,317
007a590e,FUN_007a590e,20,1,1,402
007a5922,FUN_007a5922,8,5,1,191
007a592a,FUN_007a592a,150,3,1,950
007a59c1,FUN_007a59c1,365,3,1,2746
007a5b2f,FUN_007a5b2f,544,2,1,3069
007a5d50,FUN_007a5d50,360,8,1,2386
007a5e9e,Catch@007a5e9e,35,0,1,336
007a5ee1,Serialize,64,0,1,873
007a5f21,FUN_007a5f21,33,3,1,311
007a5f43,FUN_007a5f43,398,3,1,2757
007a60d2,FUN_007a60d2,199,2,1,1276
007a619a,FUN_007a619a,187,7,1,1142
007a6256,FUN_007a6256,306,33,1,2018
007a6389,FUN_007a6389,90,70,1,504
007a63e8,FUN_007a63e8,78,2,1,655
007a6437,FUN_007a6437,72,1,1,607
007a6480,FUN_007a6480,147,2,1,815
007a6513,FUN_007a6513,185,1,1,987
007a65cd,AfxWriteStringLength,130,1,1,855
007a664f,FUN_007a664f,14,13,1,125
007a665d,FUN_007a665d,326,5,1,2268
007a67a4,FUN_007a67a4,173,16,1,1199
007a6851,FUN_007a6851,80,1,1,590
007a68a2,FUN_007a68a2,132,1,1,905
007a6927,FUN_007a6927,426,6,1,2870
007a6ad2,FUN_007a6ad2,52,32,1,338
007a6b06,FUN_007a6b06,65,1,1,364
007a6b47,FUN_007a6b47,275,24,1,1665
007a6c5b,WriteCount,47,32,1,389
007a6c8a,FUN_007a6c8a,68,19,1,590
007a6ccf,FUN_007a6ccf,185,0,1,1193
007a6d88,FUN_007a6d88,6,0,1,87
007a6d8e,FUN_007a6d8e,564,4,1,4755
007a702a,FUN_007a702a,30,14,1,266
007a7049,FUN_007a7049,45,6,1,195
007a7076,FUN_007a7076,60,4,1,342
007a70b2,FUN_007a70b2,41,26,1,184
007a70db,FUN_007a70db,107,74,1,532
007a7146,Catch@007a7146,184,0,1,1003
007a7204,FUN_007a7204,37,1,1,237
007a7229,FUN_007a7229,48,0,1,225
007a7259,Abort,31,2,1,376
007a7278,FUN_007a7278,233,3,1,1442
007a7361,FUN_007a7361,20,5,1,117
007a7375,FUN_007a7375,117,6,1,764
007a73ea,FUN_007a73ea,198,1,1,981
007a74b0,FUN_007a74b0,88,0,1,461
007a7508,FUN_007a7508,127,0,1,734
007a7587,AfxGetRoot,74,2,1,734
007a75d1,FUN_007a75d1,452,1,1,2180
007a7795,FUN_007a7795,140,1,1,867
007a7821,FUN_007a7821,19,2,1,174
007a7834,FUN_007a7834,65,18,1,489
007a7875,FUN_007a7875,132,1,1,1038
007a78fa,FUN_007a78fa,126,1,1,815
007a7978,FUN_007a7978,114,1,1,733
007a79ea,FUN_007a79ea,85,1,1,729
007a7a3f,FUN_007a7a3f,154,0,1,1062
007a7ad9,FUN_007a7ad9,40,0,1,358
007a7b01,FUN_007a7b01,165,1,1,1120
007a7ba6,FUN_007a7ba6,64,1,1,431
007a7be6,FUN_007a7be6,75,0,1,430
007a7c31,FUN_007a7c31,6,0,1,78
007a7c37,FUN_007a7c37,52,0,1,379
007a7c6b,FUN_007a7c6b,95,1,1,763
007a7cca,FUN_007a7cca,45,0,1,276
007a7cf7,FUN_007a7cf7,513,20,1,3338
007a7ef8,FUN_007a7ef8,66,4,1,488
007a7f3a,Remove,50,4,1,643
007a7f6c,Rename,53,2,1,680
007a7fa1,FUN_007a7fa1,82,0,1,483
007a7ff3,FUN_007a7ff3,43,0,1,377
007a801f,FUN_007a801f,67,0,1,415
007a8062,FUN_007a8062,57,1,1,425
007a809b,FID_conflict:StringLengthWorkerW,75,1,1,829
007a80e6,FUN_007a80e6,52,0,1,381
007a811a,FUN_007a811a,84,5,1,623
007a816f,FUN_007a816f,66,2,1,546
007a81b1,FUN_007a81b1,454,2,1,2658
007a8378,FUN_007a8378,28,3,1,186
007a8394,FUN_007a8394,160,2,1,1090
007a843b,FUN_007a843b,64,1,1,422
007a847b,FUN_007a847b,50,32,1,236
007a84ad,FUN_007a84ad,117,5,1,818
007a8523,FUN_007a8523,88,1,1,330
007a857b,FUN_007a857b,165,1,1,1173
007a8621,FUN_007a8621,73,64,1,429
007a866f,FUN_007a866f,48,0,1,225
007a869f,FUN_007a869f,80,26,1,426
007a86ef,FUN_007a86ef,10,0,1,108
007a86f9,FUN_007a86f9,328,33,1,1948
007a8841,FUN_007a8841,101,1,1,886
007a88a6,FUN_007a88a6,54,14,1,605
007a88dc,FUN_007a88dc,76,1,1,578
007a8928,FUN_007a8928,39,0,1,381
007a894f,FUN_007a894f,79,6,1,593
007a899e,FUN_007a899e,162,5,1,1266
007a8a41,FUN_007a8a41,130,0,1,850
007a8ac3,FUN_007a8ac3,104,0,1,686
007a8b2b,FUN_007a8b2b,76,1,1,582
007a8b77,FUN_007a8b77,39,0,1,386
007a8b9e,FUN_007a8b9e,76,6,1,584
007a8bea,FUN_007a8bea,39,0,1,387
007a8c11,FUN_007a8c11,22,4,1,345
007a8c27,FUN_007a8c27,28,1,1,175
007a8c43,FUN_007a8c43,6,0,1,82
007a8c49,IsDots,60,2,1,622
007a8c85,FUN_007a8c85,73,5,1,469
007a8cce,MatchesMask,29,0,1,517
007a8ceb,FUN_007a8ceb,48,17,1,360
007a8d1c,FreeDataChain,22,11,1,359
007a8d32,FUN_007a8d32,261,2,1,1753
007a8e37,FUN_007a8e37,34,1,1,146
007a8e59,FUN_007a8e59,235,2,1,1304
007a8f49,~CMirrorFile,22,1,1,273
007a8f5f,FUN_007a8f5f,108,1,1,636
007a8fd0,`scalar_deleting_destructor',48,0,1,488
007a9000,Abort,27,0,1,385
007a901b,FUN_007a901b,50,0,1,194
007a904d,FUN_007a904d,50,0,1,194
007a907f,FUN_007a907f,50,0,1,194
007a90b1,FUN_007a90b1,50,0,1,194
007a90e3,FUN_007a90e3,50,0,1,194
007a9115,FUN_007a9115,48,1,1,272
007a9145,FUN_007a9145,85,3,1,478
007a919a,FUN_007a919a,10,0,1,135
007a91a4,FUN_007a91a4,110,0,1,577
007a9212,FUN_007a9212,80,1,1,446
007a9262,FUN_007a9262,8,0,1,60
007a926a,FUN_007a926a,100,0,1,762
007a92ce,FUN_007a92ce,38,0,1,147
007a92f4,DisconnectViews,34,2,1,418
007a9316,FUN_007a9316,59,0,1,354
007a9351,FUN_007a9351,136,0,1,951
007a93d9,Catch@007a93d9,25,0,1,214
007a93fa,FUN_007a93fa,116,1,1,1247
007a9473,FUN_007a9473,619,0,1,3529
007a968c,Catch@007a968c,18,0,1,162
007a96f4,FUN_007a96f4,125,0,1,761
007a9771,FUN_007a9771,109,0,1,693
007a97de,FUN_007a97de,4,0,1,104
007a97e2,FUN_007a97e2,6,0,1,74
007a97e8,FUN_007a97e8,28,0,1,189
007a9804,FUN_007a9804,89,0,1,589
007a9863,FUN_007a9863,328,0,1,2106
007a99ab,FUN_007a99ab,58,0,1,320
007a99e5,FUN_007a99e5,112,0,1,696
007a9a55,FUN_007a9a55,30,1,1,252
007a9a73,FUN_007a9a73,39,0,1,213
007a9a9a,FUN_007a9a9a,52,0,1,281
007a9ace,FUN_007a9ace,196,0,1,1032
007a9b93,FUN_007a9b93,81,0,1,596
007a9be4,FUN_007a9be4,299,0,1,1669
007a9d0f,FUN_007a9d0f,129,0,1,867
007a9d90,FUN_007a9d90,3,1,1,48
007a9d93,FUN_007a9d93,51,0,1,299
007a9dc6,FUN_007a9dc6,27,0,1,165
007a9de1,FUN_007a9de1,31,0,1,168
007a9e00,FUN_007a9e00,64,0,1,327
007a9e40,FUN_007a9e40,88,0,1,564
007a9e98,FUN_007a9e98,116,0,1,794
007a9f0c,Catch@007a9f0c,25,0,1,214
007a9f28,FUN_007a9f28,26,1,1,163
007a9f42,FUN_007a9f42,76,2,1,346
007a9f8e,FUN_007a9f8e,152,0,1,2132
007aa021,Catch@007aa021,14,0,1,90
007aa032,FUN_007aa032,24,1,1,342
007aa12a,Catch@007aa12a,88,0,1,619
007aa182,Catch@007aa182,14,0,1,90
007aa193,FUN_007aa193,24,1,1,200
007aa1b3,FUN_007aa1b3,10,1,1,133
007aa1c3,OnPreviewHandlerQueryFocus,60,0,1,640
007aa1ff,FUN_007aa1ff,41,0,1,343
007aa228,FUN_007aa228,180,0,1,1094
007aa2dc,FUN_007aa2dc,157,1,1,1689
007aa374,Catch@007aa374,14,0,1,90
007aa385,FUN_007aa385,24,1,1,342
007aa440,Catch@007aa440,71,0,1,539
007aa487,Catch@007aa487,14,0,1,90
007aa498,FUN_007aa498,24,1,1,200
007aa4b8,FUN_007aa4b8,10,1,1,133
007aa4c8,FUN_007aa4c8,628,0,1,3407
007aa73c,FUN_007aa73c,72,0,1,316
007aa784,FUN_007aa784,56,0,1,247
007aa7bc,FUN_007aa7bc,56,0,1,247
007aa7f4,FUN_007aa7f4,56,0,1,247
007aa82c,FUN_007aa82c,56,0,1,247
007aa864,FUN_007aa864,56,0,1,247
007aa89c,ReadNextChunkValue,47,0,1,612
007aa8cb,FUN_007aa8cb,50,0,1,194
007aa8fd,FUN_007aa8fd,50,0,1,194
007aa92f,FUN_007aa92f,50,0,1,194
007aa961,FUN_007aa961,50,0,1,194
007aa993,FUN_007aa993,50,0,1,194
007aa9c5,FUN_007aa9c5,71,0,1,370
007aaa0c,FUN_007aaa0c,66,0,1,336
007aaa4e,FUN_007aaa4e,62,1,1,293
007aaa8c,FUN_007aaa8c,401,0,1,2148
007aac1d,FUN_007aac1d,417,0,1,3100
007aadbf,FUN_007aadbf,87,1,1,435
007aae16,FUN_007aae16,73,0,1,322
007aae5f,FUN_007aae5f,134,0,1,789
007aaee5,FUN_007aaee5,65,0,1,324
007aaf26,FUN_007aaf26,127,0,1,652
007aafa5,FUN_007aafa5,232,0,1,1314
007ab08e,FUN_007ab08e,112,0,1,572
007ab0fe,FUN_007ab0fe,134,0,1,756
007ab184,FUN_007ab184,73,0,1,322
007ab1cd,FUN_007ab1cd,63,0,1,406
007ab20c,FUN_007ab20c,62,0,1,306
007ab24a,FUN_007ab24a,195,4,1,1586
007ab313,FUN_007ab313,72,0,1,317
007ab35b,FUN_007ab35b,67,0,1,257
007ab39e,FUN_007ab39e,103,3,1,547
007ab405,FUN_007ab405,336,0,1,1650
007ab555,FUN_007ab555,6,0,1,74
007ab55b,FUN_007ab55b,6,0,1,86
007ab574,FUN_007ab574,24,0,1,154
007ab58c,FUN_007ab58c,477,0,1,2486
007ab76a,FUN_007ab76a,74,1,1,390
007ab7b4,FUN_007ab7b4,182,1,1,1117
007ab86b,FUN_007ab86b,97,2,1,898
007ab8cc,FUN_007ab8cc,149,0,1,810
007ab961,FUN_007ab961,110,1,1,592
007ab9cf,FUN_007ab9cf,149,0,1,810
007aba64,FUN_007aba64,382,5,1,2830
007abbe2,FUN_007abbe2,317,5,1,2275
007abd1f,FUN_007abd1f,141,4,1,793
007abdac,FUN_007abdac,161,5,1,1119
007abe52,FUN_007abe52,104,1,1,646
007abebb,FUN_007abebb,52,0,1,257
007abeef,FUN_007abeef,51,3,1,330
007abf22,FUN_007abf22,215,3,1,1194
007abff9,DelayShow,59,0,1,593
007ac034,FUN_007ac034,56,2,1,419
007ac06c,FUN_007ac06c,118,0,1,619
007ac0e2,FUN_007ac0e2,642,0,1,3016
007ac364,FUN_007ac364,100,0,1,541
007ac3c9,FUN_007ac3c9,100,0,1,541
007ac42e,FUN_007ac42e,160,0,1,728
007ac4cf,FUN_007ac4cf,470,0,1,3044
007ac79e,IsVisible,33,0,1,444
007ac868,FUN_007ac868,93,0,1,546
007ac8c5,FUN_007ac8c5,120,3,1,844
007ac93d,FUN_007ac93d,88,1,1,467
007ac995,FUN_007ac995,200,0,1,1189
007aca67,FUN_007aca67,84,0,1,462
007acabb,FUN_007acabb,102,1,1,524
007acb21,FUN_007acb21,33,0,1,233
007acb9b,FUN_007acb9b,411,1,1,2531
007acd81,FUN_007acd81,418,0,1,2621
007acf24,FUN_007acf24,301,2,1,1473
007ad051,FUN_007ad051,35,0,1,202
007ad074,FUN_007ad074,114,1,1,733
007ad0e6,FUN_007ad0e6,584,1,1,3254
007ad32e,FUN_007ad32e,154,0,1,1065
007ad3c9,ResetTimer,56,2,1,433
007ad401,FUN_007ad401,65,5,1,327
007ad442,SetBorders,43,1,1,432
007ad46d,FUN_007ad46d,16,3,1,126
007ad47d,SetStatusText,157,0,1,1021
007ad51a,FUN_007ad51a,269,0,1,1840
007ad627,FUN_007ad627,121,4,1,404
007ad6b1,FUN_007ad6b1,116,7,1,626
007ad72a,FUN_007ad72a,51,0,1,225
007ad75d,FUN_007ad75d,172,2,1,964
007ad809,FUN_007ad809,409,2,1,2409
007ad9a2,FUN_007ad9a2,82,1,1,402
007ad9f4,CalcFixedLayout,41,0,1,421
007ada1d,FUN_007ada1d,1092,2,1,5982
007ade61,FUN_007ade61,309,2,1,2089
007adf96,FUN_007adf96,101,0,1,295
007adffb,FUN_007adffb,214,0,1,1132
007ae0d1,Enable,65,0,1,544
007ae112,FUN_007ae112,82,1,1,511
007ae164,GetButtonStyle,55,3,1,651
007ae19b,FUN_007ae19b,71,0,1,346
007ae1e2,FUN_007ae1e2,6,0,1,74
007ae1e8,FUN_007ae1e8,6,0,1,81
007ae1ee,FUN_007ae1ee,81,2,1,412
007ae23f,FUN_007ae23f,81,1,1,532
007ae290,FUN_007ae290,217,1,1,1403
007ae369,OnBarStyleChange,55,0,1,446
007ae3a0,FUN_007ae3a0,8,1,1,67
007ae3a8,FUN_007ae3a8,136,0,1,759
007ae48b,FUN_007ae48b,25,0,1,151
007ae4a4,FUN_007ae4a4,178,0,1,982
007ae556,FUN_007ae556,186,0,1,913
007ae610,FUN_007ae610,22,0,1,140
007ae626,FUN_007ae626,22,0,1,140
007ae63c,FUN_007ae63c,209,2,1,1048
007ae70d,OnSysColorChange,50,0,1,466
007ae73f,FUN_007ae73f,289,0,1,2137
007ae860,FUN_007ae860,204,0,1,1170
007ae92c,OnWindowPosChanging,73,0,1,571
007ae975,FUN_007ae975,138,1,1,830
007ae9ff,FUN_007ae9ff,96,3,1,622
007aea5f,FUN_007aea5f,391,2,1,2087
007aebe6,SetCheck,69,0,1,551
007aec2b,FUN_007aec2b,182,3,1,929
007aece1,FUN_007aece1,339,1,1,2248
007aee34,FUN_007aee34,244,1,1,2096
007aef28,FUN_007aef28,58,1,1,277
007aef62,_AfxGetDropDownWidth,132,1,1,1413
007aefe6,FUN_007aefe6,51,7,1,269
007af019,FUN_007af019,406,3,1,1930
007af1af,FUN_007af1af,273,0,1,1807
007af2c1,CToolTipCtrl,53,8,1,523
007af2f6,~call<unsigned_int,std::function<void___cdecl(unsigned_int_const&)>_>,80,10,1,1006
007af34b,FUN_007af34b,51,0,1,460
007af37e,FUN_007af37e,119,2,1,712
007af3f5,FUN_007af3f5,109,18,1,607
007af462,Create,85,0,1,791
007af4b7,FUN_007af4b7,64,0,1,416
007af4f7,DelTool,70,7,1,611
007af53d,FUN_007af53d,46,0,1,251
007af56b,FUN_007af56b,17,1,1,90
007af57c,FUN_007af57c,76,7,1,511
007af5c8,FUN_007af5c8,1153,1,1,6434
007afa49,FUN_007afa49,6,0,1,74
007afa4f,FUN_007afa4f,6,0,1,85
007afa55,FUN_007afa55,216,0,1,1183
007afb2e,GetToolInfo,51,2,1,613
007afb61,FUN_007afb61,165,0,1,878
007afc1d,FUN_007afc1d,26,0,1,136
007afc37,FUN_007afc37,114,0,1,644
007afca9,FUN_007afca9,131,5,1,723
007afd2c,FUN_007afd2c,127,3,1,817
007afdac,FUN_007afdac,132,1,1,767
007afe30,FUN_007afe30,171,1,1,1242
007afedb,FUN_007afedb,18,0,1,88
007afeed,_memcpy_s,127,6,1,913
007aff6c,CPtrArray,23,10,1,403
007aff83,~CPtrArray,16,13,1,310
007aff93,FUN_007aff93,58,0,1,300
007affcd,FUN_007affcd,6,0,1,82
007affd3,FUN_007affd3,177,8,1,1003
007b0085,FUN_007b0085,97,4,1,723
007b00e7,FUN_007b00e7,50,21,1,369
007b011a,FUN_007b011a,384,16,1,2513
007b029b,CMapStringToPtr,49,2,1,572
007b02cc,FUN_007b02cc,58,3,1,416
007b030b,FUN_007b030b,126,2,1,843
007b0389,FUN_007b0389,39,6,1,130
007b03b0,FUN_007b03b0,100,0,1,563
007b0419,FUN_007b0419,56,1,1,472
007b0452,FUN_007b0452,85,3,1,629
007b04a7,FUN_007b04a7,6,0,1,88
007b04ad,FUN_007b04ad,82,2,1,509
007b0500,InitHashTable,93,5,1,1022
007b055d,Lookup,40,2,1,737
007b0585,FUN_007b0585,40,1,1,285
007b05ad,FUN_007b05ad,86,1,1,750
007b0603,FUN_007b0603,94,3,1,951
007b0662,FUN_007b0662,106,1,1,661
007b06cc,FUN_007b06cc,22,1,1,182
007b06e2,`scalar_deleting_destructor',48,0,1,506
007b0727,FUN_007b0727,989,1,1,5002
007b0b05,FUN_007b0b05,222,0,1,1117
007b0be3,tcscat_s,28,1,1,368
007b0bff,FUN_007b0bff,47,2,1,374
007b0c2f,FUN_007b0c2f,82,2,1,290
007b0c81,FUN_007b0c81,351,1,1,2527
007b0de1,~CCommandLineInfo,65,4,1,390
007b0e22,FUN_007b0e22,484,3,1,2414
007b1006,Catch@007b1006,183,0,1,1003
007b10c3,FUN_007b10c3,33,1,1,237
007b10e4,`scalar_deleting_destructor',48,0,1,509
007b1114,FUN_007b1114,51,0,1,225
007b1147,FUN_007b1147,52,0,1,336
007b117b,AfxLoadLangResourceDLL,228,1,1,1214
007b125f,FUN_007b125f,42,8,1,433
007b1289,FUN_007b1289,97,0,1,541
007b12ea,FUN_007b12ea,160,1,1,1181
007b138a,FUN_007b138a,116,0,1,789
007b13fe,FUN_007b13fe,220,0,1,1142
007b14da,FUN_007b14da,6,0,1,74
007b14e0,FUN_007b14e0,6,0,1,80
007b14e6,FUN_007b14e6,76,0,1,476
007b1533,FUN_007b1533,90,0,1,489
007b158d,FUN_007b158d,193,0,1,1153
007b164e,FUN_007b164e,118,0,1,944
007b16c4,FUN_007b16c4,148,1,1,802
007b175d,FUN_007b175d,190,1,1,939
007b181b,FUN_007b181b,110,1,1,717
007b1889,ParseLast,51,2,1,626
007b18bc,ParseParam,42,0,1,440
007b18e6,ParseParam,81,0,1,802
007b1937,ParseParamFlag,594,2,1,3770
007b1b89,FUN_007b1b89,76,1,1,1024
007b1bd5,FUN_007b1bd5,84,1,1,759
007b1c29,FUN_007b1c29,159,0,1,1100
007b1cc9,FUN_007b1cc9,604,0,1,3724
007b1f25,RegisterWithRestartManager,55,0,1,766
007b1f5c,FUN_007b1f5c,96,0,1,609
007b1fbc,FUN_007b1fbc,33,0,1,227
007b1fdd,FUN_007b1fdd,77,1,1,392
007b202a,FUN_007b202a,76,0,1,476
007b2077,FUN_007b2077,73,0,1,476
007b20c1,FUN_007b20c1,201,1,1,1036
007b218a,_AfxLoadLangDLLFromList,57,1,1,637
007b21c3,FUN_007b21c3,174,1,1,874
007b2271,FUN_007b2271,201,0,1,1366
007b233a,FUN_007b233a,83,1,1,582
007b238d,FUN_007b238d,376,2,1,2019
007b24df,Catch@007b24df,27,0,1,156
007b252e,FUN_007b252e,33,2,1,292
007b254f,FUN_007b254f,43,2,1,347
007b257b,FUN_007b257b,513,1,1,2603
007b27a3,FUN_007b27a3,95,2,1,774
007b2802,FUN_007b2802,408,0,1,2022
007b299b,FUN_007b299b,30,3,1,258
007b29ba,FUN_007b29ba,55,0,1,406
007b29f2,FUN_007b29f2,38,2,1,263
007b2a18,FUN_007b2a18,125,0,1,707
007b2a96,HideApplication,50,1,1,354
007b2ac8,FUN_007b2ac8,19,1,1,136
007b2adb,FUN_007b2adb,42,0,1,335
007b2b05,FUN_007b2b05,144,0,1,712
007b2b96,FUN_007b2b96,70,0,1,484
007b2bdd,FUN_007b2bdd,43,1,1,347
007b2c09,FUN_007b2c09,46,0,1,374
007b2c38,FUN_007b2c38,34,0,1,298
007b2c5a,FUN_007b2c5a,55,1,1,474
007b2c92,FUN_007b2c92,29,2,1,242
007b2cd2,CreatePrinterDC,47,1,1,530
007b2d01,FUN_007b2d01,212,2,1,1297
007b2dd6,FUN_007b2dd6,74,2,1,566
007b2e21,OnFilePrintSetup,82,1,1,692
007b2e73,FUN_007b2e73,569,2,1,3676
007b30ad,FUN_007b30ad,129,1,1,1007
007b3131,FUN_007b3131,63,1,1,399
007b3170,FUN_007b3170,31,0,1,169
007b318f,FUN_007b318f,47,1,1,259
007b31be,`scalar_deleting_destructor',57,0,1,541
007b31f7,AddDocument,28,0,1,424
007b3213,FUN_007b3213,11,0,1,104
007b321e,FUN_007b321e,26,0,1,214
007b3238,FUN_007b3238,6,0,1,91
007b323e,FUN_007b323e,41,0,1,215
007b3267,FUN_007b3267,626,0,1,3311
007b34d9,RemoveDocument,26,0,1,455
007b34f3,FUN_007b34f3,127,0,1,972
007b3573,FUN_007b3573,729,20,1,3982
007b384d,FUN_007b384d,194,43,1,1071
007b3915,`scalar_deleting_destructor',51,0,1,485
007b3948,FUN_007b3948,50,0,1,195
007b397a,FUN_007b397a,50,0,1,195
007b39ac,FUN_007b39ac,1506,1,1,10051
007b3f8f,FUN_007b3f8f,343,20,1,1774
007b40e6,FUN_007b40e6,301,6,1,1771
007b4213,FUN_007b4213,95,1,1,690
007b4277,FUN_007b4277,6,0,1,74
007b427d,FUN_007b427d,7,16,1,104
007b4284,FUN_007b4284,614,20,1,3761
007b44ea,FUN_007b44ea,6,0,1,84
007b44f0,FUN_007b44f0,70,0,1,305
007b4536,FUN_007b4536,73,0,1,332
007b457f,FUN_007b457f,70,0,1,305
007b45c5,FUN_007b45c5,101,0,1,385
007b462a,FUN_007b462a,67,0,1,260
007b466d,FUN_007b466d,35,0,1,139
007b4690,FUN_007b4690,35,0,1,139
007b46b3,FUN_007b46b3,25,0,1,181
007b46cc,FUN_007b46cc,73,0,1,332
007b4715,FUN_007b4715,3,0,1,48
007b4718,FUN_007b4718,254,0,1,1405
007b4816,FUN_007b4816,35,0,1,139
007b4839,FUN_007b4839,67,0,1,260
007b487c,FUN_007b487c,183,0,1,1143
007b4934,FUN_007b4934,110,0,1,510
007b49a2,FUN_007b49a2,67,0,1,357
007b49e6,FUN_007b49e6,56,0,1,248
007b4a1e,FUN_007b4a1e,50,0,1,195
007b4a50,FUN_007b4a50,50,0,1,195
007b4a82,FUN_007b4a82,1404,0,1,9043
007b4ffe,FUN_007b4ffe,134,1,1,1017
007b5087,FUN_007b5087,63,1,1,399
007b50c6,FUN_007b50c6,134,1,1,1017
007b514f,FUN_007b514f,63,1,1,399
007b518e,FUN_007b518e,41,1,1,174
007b51b7,CPrintDialog,205,6,1,1418
007b5284,`scalar_deleting_destructor',57,0,1,537
007b52bd,FUN_007b52bd,108,2,1,682
007b5329,AttachOnSetup,89,0,1,804
007b5382,CreatePrinterDC,40,3,1,518
007b53aa,DoModal,50,0,1,512
007b53dc,FUN_007b53dc,25,3,1,217
007b53f5,FUN_007b53f5,49,2,1,396
007b5426,FUN_007b5426,48,1,1,353
007b5456,FUN_007b5456,6,0,1,74
007b545c,FUN_007b545c,49,2,1,396
007b548d,FUN_007b548d,6,0,1,85
007b5493,FUN_007b5493,72,0,1,381
007b54db,FUN_007b54db,134,2,1,1010
007b5564,FUN_007b5564,63,1,1,399
007b5651,AfxOleInit,147,1,1,1175
007b56e4,FUN_007b56e4,110,2,1,682
007b5752,AfxOleTermOrFreeLib,85,0,1,651
007b57a7,FUN_007b57a7,55,8,1,255
007b57de,FUN_007b57de,92,6,1,600
007b583b,FUN_007b583b,90,30,1,532
007b589a,FUN_007b589a,48,0,1,225
007b58ca,FUN_007b58ca,24,0,1,165
007b58e2,FUN_007b58e2,16,0,1,88
007b58f2,FUN_007b58f2,56,2,1,322
007b592a,FUN_007b592a,18,7,1,299
007b5941,FUN_007b5941,207,0,1,1508
007b5a11,FUN_007b5a11,6,7,1,104
007b5a17,FUN_007b5a17,6,0,1,104
007b5a1d,FUN_007b5a1d,6,0,1,81
007b5a23,FUN_007b5a23,94,0,1,684
007b5a88,Memcpy,30,0,1,507
007b5aa6,FUN_007b5aa6,93,0,1,643
007b5b04,FUN_007b5b04,20,0,1,115
007b5b18,FUN_007b5b18,120,0,1,822
007b5b91,FUN_007b5b91,85,0,1,442
007b5be7,FUN_007b5be7,121,1,1,962
007b5cea,FUN_007b5cea,48,0,1,225
007b5d1a,Attach,44,12,1,483
007b5d46,FUN_007b5d46,25,0,1,160
007b5d5f,FUN_007b5d5f,35,0,1,258
007b5d82,DestroyMenu,22,16,1,366
007b5d98,Detach,42,4,1,483
007b5dc2,FUN_007b5dc2,1290,0,1,6710
007b62cc,FromHandle,18,32,1,350
007b62de,FromHandlePermanent,36,2,1,641
007b6302,FID_conflict:GetMenuStringA,88,11,1,1099
007b635a,FUN_007b635a,6,0,1,78
007b6360,FUN_007b6360,324,0,1,1882
007b64a4,FUN_007b64a4,115,4,1,740
007b6517,CPushRoutingView,64,1,1,722
007b6557,FUN_007b6557,34,2,1,164
007b6579,FUN_007b6579,28,2,1,209
007b6595,FUN_007b6595,124,3,1,629
007b6611,Catch@007b6611,178,0,1,1003
007b66c9,FUN_007b66c9,33,1,1,237
007b66f9,FUN_007b66f9,114,0,1,912
007b676c,FUN_007b676c,104,6,1,750
007b67d5,FUN_007b67d5,113,0,1,592
007b684c,FUN_007b684c,33,1,1,183
007b686d,FUN_007b686d,121,0,1,932
007b68e6,OnCreate,49,1,1,590
007b6917,OnDestroy,46,0,1,448
007b6945,FUN_007b6945,8,0,1,65
007b694d,FUN_007b694d,6,0,1,65
007b6953,FUN_007b6953,246,0,1,1185
007b6a49,FUN_007b6a49,32,1,1,171
007b6a69,FUN_007b6a69,124,0,1,611
007b6ae5,FUN_007b6ae5,61,0,1,318
007b6b7d,OnPrepareDC,48,3,1,551
007b6bad,FUN_007b6bad,36,0,1,187
007b6bd1,FUN_007b6bd1,76,0,1,455
007b6c49,FUN_007b6c49,16,0,1,126
007b6c59,FUN_007b6c59,96,0,1,507
007b6cb9,FUN_007b6cb9,64,0,1,488
007b6cfa,FUN_007b6cfa,32,1,1,229
007b6d1a,PreCreateWindow,60,1,1,772
007b6d56,FUN_007b6d56,149,1,1,846
007b6deb,FUN_007b6deb,85,1,1,533
007b6e41,FUN_007b6e41,83,3,1,530
007b6e94,FUN_007b6e94,11,1,1,133
007b6e9f,FUN_007b6e9f,57,0,1,291
007b6ed8,`scalar_deleting_destructor',43,0,1,484
007b6f18,FUN_007b6f18,272,1,1,1940
007b7029,FUN_007b7029,42,0,1,274
007b7054,FUN_007b7054,2528,1,1,10553
007b7a35,FUN_007b7a35,36,0,1,180
007b7a59,FUN_007b7a59,88,1,1,490
007b7bb6,FUN_007b7bb6,202,3,1,948
007b7c85,`scalar_deleting_destructor',51,0,1,488
007b7cb8,FUN_007b7cb8,140,2,1,733
007b7d44,CalcScaleRatio,47,0,1,629
007b817f,FUN_007b817f,404,1,1,2254
007b8313,FUN_007b8313,350,2,1,2290
007b8471,FUN_007b8471,56,0,1,419
007b84a9,FUN_007b84a9,56,0,1,419
007b84e1,FUN_007b84e1,6,0,1,74
007b84e7,FUN_007b84e7,6,0,1,85
007b84ed,FUN_007b84ed,36,1,1,246
007b8511,OnActivateView,114,0,1,968
007b8583,OnCreate,44,1,1,539
007b85af,FUN_007b85af,209,0,1,1108
007b8680,FUN_007b8680,1324,0,1,7417
007b8bac,FUN_007b8bac,151,1,1,834
007b8cab,Catch@007b8cab,21,0,1,213
007b8cc6,FUN_007b8cc6,22,0,1,146
007b8cdc,FUN_007b8cdc,64,0,1,374
007b8d2c,FUN_007b8d2c,63,0,1,371
007b8d6b,OnPrepareDC,40,0,1,506
007b8da3,FUN_007b8da3,301,2,1,1662
007b8ed0,FUN_007b8ed0,84,0,1,584
007b8f25,FUN_007b8f25,146,0,1,875
007b8fb7,OnSize,123,1,1,894
007b9032,FUN_007b9032,68,0,1,326
007b9076,FUN_007b9076,192,1,1,1269
007b9137,FUN_007b9137,57,0,1,287
007b9170,FUN_007b9170,43,0,1,200
007b919b,FUN_007b919b,42,0,1,200
007b91c5,OnVScroll,259,0,1,1473
007b92f7,FUN_007b92f7,210,0,1,1148
007b93c9,FUN_007b93c9,149,4,1,955
007b9725,FUN_007b9725,343,2,1,2054
007b987c,FUN_007b987c,42,2,1,254
007b98a6,FUN_007b98a6,38,1,1,267
007b98cc,FUN_007b98cc,29,0,1,100
007b98e9,FUN_007b98e9,20,12,1,145
007b98fd,FUN_007b98fd,27,5,1,173
007b9918,FUN_007b9918,7,7,1,103
007b991f,EnsureClipboardObject,56,3,1,635
007b9957,FUN_007b9957,85,0,1,576
007b99ac,FUN_007b99ac,469,4,1,3557
007b9b81,Catch@007b9b81,48,0,1,386
007b9bb4,FUN_007b9bb4,18,1,1,144
007b9bc6,FUN_007b9bc6,89,14,1,615
007b9c1f,FUN_007b9c1f,51,8,1,359
007b9c52,FUN_007b9c52,38,1,1,162
007b9c78,FUN_007b9c78,51,3,1,395
007b9cab,~CEnumFormatEtc,56,1,1,643
007b9ce3,FUN_007b9ce3,104,5,1,700
007b9d51,`scalar_deleting_destructor',48,0,1,500
007b9d81,FUN_007b9d81,48,0,1,225
007b9db1,FUN_007b9db1,136,1,1,1115
007b9e39,FUN_007b9e39,18,0,1,67
007b9e4b,FUN_007b9e4b,59,3,1,390
007b9eb2,FUN_007b9eb2,18,0,1,130
007b9ec4,FUN_007b9ec4,8,0,1,65
007b9ecc,FUN_007b9ecc,84,1,1,713
007b9f20,FUN_007b9f20,18,0,1,116
007b9f32,FUN_007b9f32,142,0,1,1095
007b9fc0,Catch@007b9fc0,14,0,1,90
007b9fd1,FUN_007b9fd1,10,1,1,125
007b9fdb,FUN_007b9fdb,16,1,1,322
007b9feb,FUN_007b9feb,188,1,1,1466
007ba0a7,FUN_007ba0a7,8,0,1,62
007ba0af,FUN_007ba0af,70,1,1,522
007ba0f6,FUN_007ba0f6,195,0,1,1008
007ba1a4,Catch@007ba1a4,29,0,1,328
007ba1db,FUN_007ba1db,182,0,1,1035
007ba27c,Catch@007ba27c,29,0,1,328
007ba2b3,FUN_007ba2b3,6,0,1,74
007ba2b9,FUN_007ba2b9,6,0,1,74
007ba2bf,FUN_007ba2bf,222,5,1,1618
007ba39d,FUN_007ba39d,51,0,1,514
007ba3d1,FUN_007ba3d1,350,0,1,2109
007ba530,QueryGetData,50,0,1,565
007ba562,FUN_007ba562,24,0,1,134
007ba57a,FUN_007ba57a,18,0,1,67
007ba58c,FUN_007ba58c,65,2,1,519
007ba5ce,FUN_007ba5ce,126,0,1,808
007ba64c,Catch@007ba64c,29,0,1,328
007ba66c,FUN_007ba66c,20,1,1,149
007ba68d,CanCreateFromData,60,1,1,624
007ba6c9,CanPaste,139,1,1,906
007ba754,FUN_007ba754,48,6,1,235
007ba784,FUN_007ba784,75,12,1,463
007ba7d4,FUN_007ba7d4,48,0,1,225
007ba804,Alloc,37,0,1,556
007ba829,Detach,30,4,1,421
007ba847,FUN_007ba847,25,0,1,157
007ba860,FUN_007ba860,6,0,1,84
007ba866,FUN_007ba866,59,0,1,465
007ba8a1,FUN_007ba8a1,57,2,1,559
007ba8db,FUN_007ba8db,103,4,1,539
007ba942,FUN_007ba942,534,3,1,2929
007bab58,FUN_007bab58,229,0,1,1296
007bac63,FUN_007bac63,518,1,1,2633
007bae69,FUN_007bae69,276,2,1,2023
007baf7d,_AfxMapClientArea,110,1,1,735
007bafeb,FUN_007bafeb,25,1,1,173
007bb004,FUN_007bb004,262,2,1,1597
007bb10a,FUN_007bb10a,72,2,1,461
007bb153,DockControlBar,43,10,1,527
007bb17e,FUN_007bb17e,99,2,1,601
007bb1e2,FUN_007bb1e2,158,1,1,1085
007bb280,FUN_007bb280,336,7,1,1886
007bb3d1,FUN_007bb3d1,152,1,1,966
007bb497,FUN_007bb497,109,3,1,631
007bb504,FUN_007bb504,172,2,1,956
007bb5b0,FUN_007bb5b0,126,4,1,774
007bb633,FUN_007bb633,48,0,1,225
007bb663,FUN_007bb663,82,2,1,443
007bb6b5,FUN_007bb6b5,271,1,1,1422
007bb7c4,FUN_007bb7c4,213,1,1,1330
007bb899,GetDockState,132,1,1,947
007bb91d,FUN_007bb91d,6,0,1,83
007bb923,LoadBarState,65,1,1,636
007bb964,FUN_007bb964,1297,1,1,5489
007bbe75,FUN_007bbe75,387,1,1,1972
007bbff8,SaveBarState,65,1,1,688
007bc039,FUN_007bc039,964,1,1,3917
007bc3fd,FUN_007bc3fd,322,1,1,1480
007bc53f,ScalePoint,86,2,1,898
007bc595,FUN_007bc595,162,2,1,1094
007bc637,FUN_007bc637,504,1,1,2730
007bc830,FUN_007bc830,321,0,1,2243
007bc971,FUN_007bc971,241,1,1,1454
007bca62,FUN_007bca62,562,1,1,3625
007bcc95,FUN_007bcc95,481,1,1,2731
007bce77,FUN_007bce77,47,2,1,409
007bcea6,CDockBar,148,1,1,984
007bcf76,FUN_007bcf76,123,2,1,862
007bcff6,FUN_007bcff6,22,1,1,86
007bd00c,FUN_007bd00c,51,0,1,225
007bd03f,`scalar_deleting_destructor',51,0,1,504
007bd072,FUN_007bd072,1371,0,1,8606
007bd5ce,FUN_007bd5ce,120,0,1,689
007bd647,FUN_007bd647,380,0,1,1840
007bd7f3,FUN_007bd7f3,765,2,1,3805
007bdaf1,EnableDocking,98,1,1,849
007bdb53,FindBar,65,4,1,588
007bdb94,GetDockedControlBar,34,8,1,383
007bdbb6,GetDockedCount,45,2,1,573
007bdbe3,FUN_007bdbe3,85,0,1,609
007bdc38,FUN_007bdc38,6,0,1,74
007bdc3e,FUN_007bdc3e,6,0,1,74
007bdc44,FUN_007bdc44,6,0,1,81
007bdc4a,FUN_007bdc4a,6,0,1,90
007bdc50,FUN_007bdc50,431,2,1,3074
007bde0e,FUN_007bde0e,237,0,1,1612
007bdefc,FUN_007bdefc,28,0,1,204
007bdf18,FUN_007bdf18,124,0,1,705
007bdf94,FUN_007bdf94,102,0,1,741
007bdffb,FUN_007bdffb,196,0,1,1405
007be139,FUN_007be139,103,0,1,765
007be1a0,OnWindowPosChanging,46,0,1,535
007be1ce,FUN_007be1ce,666,1,1,3422
007be469,RecalcLayout,92,0,1,725
007be4c5,FUN_007be4c5,350,4,1,1971
007be624,RemovePlaceHolder,103,3,1,702
007be68b,ShowAll,68,0,1,597
007be6cf,FUN_007be6cf,62,1,1,233
007be70d,~CArray<>,22,3,1,676
007be723,FUN_007be723,73,2,1,433
007be771,FUN_007be771,48,0,1,222
007be7a1,FUN_007be7a1,51,0,1,225
007be7d4,FUN_007be7d4,120,2,1,629
007be84c,FUN_007be84c,256,0,1,1430
007be94c,FUN_007be94c,143,0,1,839
007be9db,FUN_007be9db,45,2,1,382
007bea08,FUN_007bea08,44,0,1,243
007bea34,FUN_007bea34,155,0,1,772
007beacf,Enable,60,0,1,569
007beb0b,FUN_007beb0b,57,5,1,292
007beb44,FUN_007beb44,6,0,1,74
007beb4a,GetPaneInfo,40,3,1,478
007beb72,FUN_007beb72,39,1,1,221
007beb99,FUN_007beb99,6,0,1,83
007beb9f,OnBarStyleChange,39,0,1,445
007bebc6,FUN_007bebc6,64,0,1,390
007bec06,FUN_007bec06,93,0,1,564
007bec88,FUN_007bec88,102,0,1,595
007bed17,FUN_007bed17,25,0,1,144
007bed30,OnSetText,47,0,1,489
007bed5f,FUN_007bed5f,23,0,1,89
007bed76,FUN_007bed76,122,0,1,695
007bedf0,FUN_007bedf0,41,0,1,218
007bee19,Serialize,64,0,1,873
007bee59,SetCheck,53,0,1,532
007bee8e,FUN_007bee8e,310,1,1,2367
007befc4,FUN_007befc4,114,4,1,673
007bf036,SetPaneStyle,78,2,1,673
007bf084,FUN_007bf084,207,8,1,1303
007bf0ed,Catch@007bf0ed,6,0,1,71
007bf162,FUN_007bf162,23,0,1,137
007bf179,FUN_007bf179,465,4,1,2637
007bf34a,FUN_007bf34a,32,0,1,205
007bf36a,FUN_007bf36a,23,2,1,182
007bf381,FUN_007bf381,16,2,1,144
007bf391,FUN_007bf391,58,0,1,302
007bf3cb,FUN_007bf3cb,6,0,1,84
007bf3d1,FUN_007bf3d1,182,0,1,1001
007bf487,FUN_007bf487,32,0,1,205
007bf4a7,FUN_007bf4a7,23,7,1,183
007bf4be,FUN_007bf4be,109,18,1,484
007bf52b,Catch@007bf52b,178,0,1,995
007bf5dd,FUN_007bf5dd,48,0,1,225
007bf60d,Copy,47,1,1,588
007bf63c,FUN_007bf63c,6,0,1,85
007bf642,FUN_007bf642,117,1,1,774
007bf6b8,Serialize,108,1,1,1088
007bf724,FUN_007bf724,80,7,1,716
007bf775,FUN_007bf775,74,3,1,612
007bf7c0,FUN_007bf7c0,336,8,1,2279
007bf911,FUN_007bf911,43,1,1,315
007bf93d,_CopyElements,43,1,1,870
007bf968,FUN_007bf968,45,3,1,318
007bf996,CStdioFile,57,1,1,606
007bf9cf,FUN_007bf9cf,106,3,1,536
007bfa39,Catch@007bfa39,177,0,1,1001
007bfaf0,FUN_007bfaf0,33,1,1,237
007bfb11,FUN_007bfb11,48,0,1,225
007bfb41,Abort,42,0,1,479
007bfb6b,FUN_007bfb6b,21,3,1,136
007bfb80,FUN_007bfb80,67,2,1,528
007bfbc4,FUN_007bfbc4,128,1,1,1019
007bfc45,FUN_007bfc45,49,0,1,408
007bfc77,FUN_007bfc77,128,0,1,860
007bfcf8,FUN_007bfcf8,45,0,1,357
007bfd26,FUN_007bfd26,6,0,1,83
007bfd2c,FUN_007bfd2c,307,0,1,1961
007bfe60,FUN_007bfe60,123,0,1,789
007bfedc,FUN_007bfedc,240,0,1,1504
007bffcd,FUN_007bffcd,96,0,1,669
007c002e,FUN_007c002e,114,0,1,743
007c00a1,FUN_007c00a1,71,0,1,519
007c00e9,FUN_007c00e9,67,0,1,498
007c012d,FUN_007c012d,104,1,1,731
007c0198,FUN_007c0198,63,1,1,399
007c01d7,FUN_007c01d7,63,1,1,422
007c0217,FUN_007c0217,47,10,1,256
007c0246,FUN_007c0246,30,2,1,165
007c0264,FUN_007c0264,133,1,1,779
007c02ee,FUN_007c02ee,27,4,1,239
007c030a,operator_delete,20,14,1,477
007c031e,FUN_007c031e,48,0,1,272
007c034e,FUN_007c034e,31,2,1,257
007c036e,AfxTermLocalData,23,1,1,362
007c0385,FUN_007c0385,42,1,1,215
007c03af,FUN_007c03af,286,1,1,1975
007c04ce,FUN_007c04ce,192,2,1,1146
007c058e,DeleteValues,90,1,1,795
007c05e8,FUN_007c05e8,124,1,1,937
007c0664,FUN_007c0664,70,19,1,447
007c06aa,Catch@007c06aa,16,0,1,156
007c06c0,FUN_007c06c0,138,21,1,823
007c074b,FUN_007c074b,26,1,1,205
007c0765,FUN_007c0765,84,2,1,663
007c07b9,FUN_007c07b9,83,3,1,826
007c080d,FUN_007c080d,284,1,1,1882
007c091b,Catch@007c091b,22,0,1,238
007c0945,AfxRegCreateKey,164,1,1,1758
007c0b08,AfxRegSetValue,136,1,1,1489
007c0b90,FUN_007c0b90,153,2,1,1042
007c0c2e,FUN_007c0c2e,36,18,1,413
007c0c52,FUN_007c0c52,36,2,1,322
007c0c76,FUN_007c0c76,43,16,1,399
007c0ca1,FUN_007c0ca1,31,16,1,292
007c0cc0,FUN_007c0cc0,205,8,1,1465
007c0d8d,InternalQueryInterface,65,1,1,674
007c0dce,FUN_007c0dce,84,3,1,641
007c0e22,FUN_007c0e22,122,1,1,875
007c0e9c,FUN_007c0e9c,48,2,1,285
007c0ecc,FUN_007c0ecc,43,11,1,338
007c0ef7,AUX_DATA,71,0,1,674
007c0f3e,FUN_007c0f3e,88,1,1,400
007c0f96,Catch@007c0f96,178,0,1,995
007c1048,UpdateSysColors,82,2,1,737
007c109a,UpdateSysMetrics,100,2,1,711
007c10fe,FUN_007c10fe,15,1,1,68
007c110d,FUN_007c110d,15,5,1,68
007c111c,HashKey<unsigned_long>,46,7,1,412
007c114a,FUN_007c114a,65,1,1,392
007c118b,FUN_007c118b,22,3,1,85
007c11a1,FUN_007c11a1,175,1,1,904
007c1251,FUN_007c1251,319,1,1,1826
007c1390,FUN_007c1390,24,5,1,134
007c13a8,AfxFormatString2,38,2,1,702
007c13ce,FUN_007c13ce,73,2,1,608
007c1417,FUN_007c1417,385,1,1,2202
007c1599,AfxCancelModes,122,4,1,830
007c1613,FUN_007c1613,81,0,1,600
007c1665,FUN_007c1665,37,17,1,271
007c168b,AfxGlobalFree,51,4,1,486
007c16be,FUN_007c16be,144,11,1,740
007c174f,FUN_007c174f,162,3,1,943
007c17f1,FUN_007c17f1,159,1,1,956
007c1890,FUN_007c1890,78,1,1,392
007c18de,FUN_007c18de,104,3,1,536
007c1946,FUN_007c1946,196,1,1,1352
007c1a0a,CMFCControlContainer,61,1,1,648
007c1a47,FUN_007c1a47,85,1,1,509
007c1aa1,FUN_007c1aa1,48,0,1,225
007c1ad1,FUN_007c1ad1,81,1,1,668
007c1b22,FUN_007c1b22,95,1,1,545
007c1b81,FUN_007c1b81,680,1,1,4587
007c1e29,FUN_007c1e29,98,1,1,578
007c1e8b,FUN_007c1e8b,61,1,1,407
007c1ec8,FUN_007c1ec8,64,1,1,412
007c1f08,FUN_007c1f08,229,1,1,1507
007c1fee,FUN_007c1fee,125,1,1,755
007c206b,AfxRegisterMFCCtrlClasses,159,2,1,734
007c210a,FUN_007c210a,89,1,1,537
007c2163,FUN_007c2163,181,1,1,1094
007c2218,FUN_007c2218,140,0,1,865
007c22a4,FUN_007c22a4,7,0,1,105
007c22ab,CalcRectEdit,32,0,1,330
007c22cb,FUN_007c22cb,10,0,1,96
007c22d5,FUN_007c22d5,12,0,1,97
007c22e1,FUN_007c22e1,70,0,1,323
007c2327,FUN_007c2327,10,0,1,96
007c233d,FUN_007c233d,15,0,1,80
007c234c,FUN_007c234c,5,1,1,56
007c2351,FUN_007c2351,27,0,1,166
007c236c,FUN_007c236c,12,0,1,97
007c2378,FUN_007c2378,45,36,1,268
007c23a5,FUN_007c23a5,7,0,1,104
007c23ac,FUN_007c23ac,20,0,1,216
007c23c0,FUN_007c23c0,20,0,1,216
007c23d4,FUN_007c23d4,143,13,1,849
007c2463,GetColumnWidth,43,0,1,630
007c248e,FUN_007c248e,64,1,1,460
007c24ce,FUN_007c24ce,12,0,1,101
007c24da,FUN_007c24da,7,0,1,104
007c24e1,FUN_007c24e1,7,0,1,105
007c24e8,FUN_007c24e8,41,0,1,382
007c2511,FUN_007c2511,36,466,1,147
007c2535,GetImageList,36,0,1,633
007c2559,FUN_007c2559,27,0,1,215
007c2574,FUN_007c2574,122,149,1,769
007c25ee,FUN_007c25ee,60,0,1,422
007c262a,FUN_007c262a,32,1,1,233
007c264a,FUN_007c264a,23,0,1,135
007c2661,FUN_007c2661,7,0,1,104
007c2668,FUN_007c2668,7,0,1,104
007c266f,FUN_007c266f,4,0,1,65
007c2673,FUN_007c2673,19,1,1,176
007c2686,FUN_007c2686,56,0,1,398
007c26be,FUN_007c26be,41,0,1,276
007c26e7,FUN_007c26e7,73,0,1,353
007c2730,FUN_007c2730,7,0,1,104
007c2737,FUN_007c2737,24,0,1,276
007c274f,FUN_007c274f,7,0,1,105
007c2756,FUN_007c2756,7,0,1,105
007c275d,FUN_007c275d,7,0,1,105
007c2764,FUN_007c2764,7,0,1,105
007c276b,FUN_007c276b,7,0,1,105
007c2772,FUN_007c2772,7,0,1,103
007c2779,FUN_007c2779,32,0,1,204
007c2799,FUN_007c2799,7,0,1,105
007c27a0,FUN_007c27a0,7,0,1,105
007c27a7,FUN_007c27a7,7,0,1,105
007c27ae,FUN_007c27ae,9,0,1,105
007c27b7,FUN_007c27b7,7,0,1,105
007c27be,FUN_007c27be,7,0,1,104
007c27c5,FUN_007c27c5,7,0,1,103
007c27cc,FUN_007c27cc,16,0,1,126
007c27dc,FUN_007c27dc,16,0,1,127
007c27ec,FUN_007c27ec,27,0,1,154
007c2807,FUN_007c2807,16,0,1,126
007c2817,FUN_007c2817,16,2,1,126
007c2827,FUN_007c2827,149,3,1,1117
007c28bf,FUN_007c28bf,64,1,1,401
007c28ff,FUN_007c28ff,140,3,1,1072
007c298e,FUN_007c298e,63,1,1,399
007c2a08,~CMFCPropertyPage,28,1,1,333
007c2a24,`scalar_deleting_destructor',51,0,1,509
007c2aa4,FUN_007c2aa4,6,0,1,74
007c2aaa,FUN_007c2aaa,6,0,1,89
007c2ab0,OnActivate,35,0,1,404
007c2ad3,OnCommand,50,0,1,591
007c2b05,FUN_007c2b05,293,0,1,1668
007c2c2a,FUN_007c2c2a,193,0,1,1261
007c2ceb,FUN_007c2ceb,58,0,1,221
007c2d25,FUN_007c2d25,70,0,1,479
007c2d6b,PreTranslateMessage,44,0,1,489
007c2d97,FUN_007c2d97,15,1,1,67
007c2da6,FUN_007c2da6,36,1,1,183
007c2dca,FUN_007c2dca,69,1,1,591
007c2e0f,FUN_007c2e0f,115,15,1,697
007c2e83,FUN_007c2e83,35,18,1,251
007c2ea7,FUN_007c2ea7,49,3,1,281
007c2ed8,FUN_007c2ed8,58,3,1,410
007c2f17,FUN_007c2f17,87,11,1,642
007c2f6e,FUN_007c2f6e,100,0,1,557
007c2fd7,FreeAssoc,29,1,1,757
007c2ff4,GetAssocAt,62,2,1,925
007c3032,FUN_007c3032,128,1,1,1171
007c30b3,FUN_007c30b3,6,0,1,85
007c30b9,FUN_007c30b9,68,9,1,567
007c30fe,FUN_007c30fe,40,5,1,283
007c3126,NewAssoc,76,1,1,982
007c3172,RemoveAll,43,69,1,714
007c319d,FUN_007c319d,75,6,1,741
007c31e8,FUN_007c31e8,37,1,1,266
007c320d,FUN_007c320d,20,1,1,154
007c3221,FUN_007c3221,29,1,1,221
007c323e,FUN_007c323e,100,0,1,581
007c32a7,FUN_007c32a7,21,1,1,115
007c32bc,FUN_007c32bc,88,1,1,581
007c3314,FUN_007c3314,60,1,1,456
007c3350,FUN_007c3350,134,1,1,814
007c33d7,FUN_007c33d7,283,2,1,1878
007c34f3,FUN_007c34f3,31,0,1,205
007c3512,FUN_007c3512,39,1,1,332
007c3539,FUN_007c3539,237,2,1,1414
007c3626,FUN_007c3626,123,1,1,768
007c36a1,FUN_007c36a1,145,2,1,1207
007c3732,FUN_007c3732,35,1,1,256
007c3755,FUN_007c3755,31,1,1,165
007c3774,FUN_007c3774,72,1,1,490
007c37bc,FUN_007c37bc,16,2,1,121
007c37cc,FUN_007c37cc,9,1,1,129
007c37d5,FUN_007c37d5,10,1,1,173
007c383f,AfxOleSetUserCtrl,18,3,1,271
007c3851,FUN_007c3851,116,1,1,857
007c3865,FUN_007c3865,161,1,1,867
007c3907,FUN_007c3907,38,1,1,283
007c392d,CList<CMFCDynamicLayoutData::Item,CMFCDynamicLayoutData::Item&>,38,1,1,860
007c3953,FUN_007c3953,58,1,1,463
007c398d,FUN_007c398d,42,1,1,191
007c39b7,FUN_007c39b7,100,1,1,625
007c3a20,FUN_007c3a20,62,1,1,450
007c3a63,FUN_007c3a63,100,0,1,601
007c3acc,FUN_007c3acc,100,0,1,608
007c3b35,FUN_007c3b35,48,0,1,225
007c3b65,FUN_007c3b65,162,3,1,1126
007c3c07,AddTail,52,2,1,1041
007c3c3b,FUN_007c3c3b,173,2,1,1173
007c3ce8,FUN_007c3ce8,484,1,1,1302
007c3ecc,FUN_007c3ecc,266,1,1,1418
007c3fd6,FUN_007c3fd6,149,1,1,1002
007c406b,Create,30,2,1,441
007c4089,FindItem,32,3,1,663
007c40a9,FreeNode,29,2,1,978
007c40c6,FUN_007c40c6,108,1,1,733
007c4132,FUN_007c4132,6,0,1,90
007c4138,LoadResource,119,1,1,1252
007c41af,FUN_007c41af,19,2,1,149
007c41c2,FUN_007c41c2,15,2,1,99
007c41d1,FUN_007c41d1,111,1,1,973
007c4241,FUN_007c4241,346,1,1,1667
007c439b,FUN_007c439b,219,1,1,1782
007c4476,FUN_007c4476,45,4,1,503
007c44a4,FUN_007c44a4,120,0,1,896
007c451c,FUN_007c451c,17,1,1,124
007c452d,FUN_007c452d,85,1,1,496
007c4582,FUN_007c4582,92,1,1,558
007c45de,FUN_007c45de,101,1,1,652
007c4643,FUN_007c4643,85,1,1,524
007c4698,FUN_007c4698,85,1,1,526
007c46ed,FUN_007c46ed,92,0,1,559
007c4749,FUN_007c4749,143,1,1,783
007c47d8,FUN_007c47d8,101,1,1,654
007c483d,FUN_007c483d,92,1,1,558
007c4899,FUN_007c4899,95,1,1,565
007c48f8,FUN_007c48f8,101,1,1,642
007c495d,FUN_007c495d,98,1,1,607
007c49bf,FUN_007c49bf,101,1,1,634
007c4a24,FUN_007c4a24,95,1,1,571
007c4a83,FUN_007c4a83,121,1,1,705
007c4afc,FUN_007c4afc,438,1,1,1885
007c4cb2,FUN_007c4cb2,82,1,1,512
007c4d04,_AfxIsTaskDialogSupported,75,0,1,599
007c4d4f,FUN_007c4d4f,101,1,1,645
007c4db4,FUN_007c4db4,95,1,1,582
007c4e13,FUN_007c4e13,101,2,1,636
007c4e78,FUN_007c4e78,101,1,1,629
007c4edd,FUN_007c4edd,101,1,1,628
007c4f42,FUN_007c4f42,26,1,1,240
007c4f5c,FID_conflict:_AtlDownlevelLCIDToLocaleName,107,1,1,957
007c4fc7,FID_conflict:_AtlDownlevelLocaleNameToLCID,42,1,1,646
007c4ff1,FID_conflict:_AtlGetTableIndexFromLcid,53,1,1,724
007c5026,FID_conflict:GetTableIndexFromLocaleName,78,1,1,883
007c5074,FUN_007c5074,85,1,1,526
007c50c9,FUN_007c50c9,135,5,1,785
007c5151,FUN_007c5151,86,1,1,695
007c51ac,FUN_007c51ac,34,0,1,130
007c51ce,FUN_007c51ce,9,1,1,185
007c51d7,FUN_007c51d7,263,1,1,1552
007c52de,FUN_007c52de,113,2,1,753
007c534f,FUN_007c534f,175,5,1,1490
007c53f9,Catch@007c53f9,17,0,1,208
007c5415,FUN_007c5415,38,4,1,235
007c543b,FUN_007c543b,58,6,1,406
007c547a,FUN_007c547a,100,0,1,553
007c54e3,FUN_007c54e3,6,0,1,81
007c54e9,FUN_007c54e9,58,2,1,412
007c5524,FUN_007c5524,14,4,1,131
007c5532,FUN_007c5532,6,2,1,144
007c5538,FUN_007c5538,90,3,1,628
007c5592,FUN_007c5592,85,3,1,585
007c55e7,FUN_007c55e7,236,1,1,1331
007c56d3,FUN_007c56d3,27,4,1,151
007c56ee,FUN_007c56ee,330,2,1,1966
007c5838,FUN_007c5838,171,1,1,963
007c58e3,FUN_007c58e3,97,1,1,554
007c5944,FUN_007c5944,32,0,1,239
007c5964,CObArray,23,4,1,397
007c597b,~CObArray,16,6,1,305
007c598b,FUN_007c598b,58,0,1,299
007c59c5,FUN_007c59c5,30,2,1,282
007c59e4,FUN_007c59e4,6,0,1,81
007c59ea,FUN_007c59ea,118,0,1,828
007c5a60,FUN_007c5a60,159,1,1,996
007c5aff,FUN_007c5aff,143,1,1,1044
007c5b8e,`scalar_deleting_destructor',58,0,1,586
007c5bc8,FUN_007c5bc8,327,1,1,1871
007c5d10,FUN_007c5d10,40,0,1,314
007c5d38,FUN_007c5d38,22,0,1,177
007c5d4e,FUN_007c5d4e,146,1,1,858
007c5de1,FUN_007c5de1,65,1,1,585
007c5e22,FUN_007c5e22,492,1,1,2426
007c600e,FUN_007c600e,64,1,1,455
007c604e,FUN_007c604e,88,1,1,543
007c60a6,AfxBSTR2CString,61,1,1,812
007c60e3,FUN_007c60e3,17,1,1,248
007c60f4,FUN_007c60f4,68,6,1,541
007c6139,AfxWinInit,94,1,1,951
007c6197,FUN_007c6197,460,1,1,2545
007c6364,FUN_007c6364,269,1,1,1815
007c6471,FUN_007c6471,81,1,1,391
007c64c2,AddDocument,13,1,1,349
007c64cf,FUN_007c64cf,89,0,1,434
007c6528,FUN_007c6528,51,0,1,285
007c655b,FUN_007c655b,117,0,1,653
007c65d0,FUN_007c65d0,328,1,1,1813
007c6718,GetDocString,26,0,1,648
007c6732,FUN_007c6732,21,0,1,134
007c6747,LoadTemplate,176,1,1,1666
007c67f7,FUN_007c67f7,194,0,1,1280
007c68b9,FUN_007c68b9,89,0,1,560
007c6912,FUN_007c6912,87,0,1,434
007c6969,RemoveDocument,14,1,1,377
007c6977,FUN_007c6977,98,0,1,515
007c69d9,FUN_007c69d9,255,4,1,1314
007c6ad9,FUN_007c6ad9,106,5,1,559
007c6b43,Catch@007c6b43,177,0,1,1001
007c6bfa,FUN_007c6bfa,44,1,1,256
007c6c26,FUN_007c6c26,48,0,1,225
007c6c56,FUN_007c6c56,47,0,1,321
007c6c85,FUN_007c6c85,26,2,1,264
007c6ca0,FUN_007c6ca0,47,1,1,244
007c6ccf,CreateMemoryStream,51,1,1,509
007c6d02,FUN_007c6d02,8,1,1,182
007c6d0a,FUN_007c6d0a,97,0,1,811
007c6d6b,Catch@007c6d6b,28,0,1,299
007c6d88,FUN_007c6d88,34,0,1,282
007c6daa,FUN_007c6daa,71,0,1,526
007c6df1,FUN_007c6df1,54,0,1,401
007c6e27,FUN_007c6e27,6,0,1,87
007c6e2d,FUN_007c6e2d,28,0,1,175
007c6e49,FUN_007c6e49,52,0,1,385
007c6e7d,Read,39,0,1,494
007c6ea4,FUN_007c6ea4,59,0,1,471
007c6edf,FUN_007c6edf,44,0,1,329
007c6f0b,FUN_007c6f0b,52,0,1,385
007c6f3f,FUN_007c6f3f,66,0,1,508
007c6f82,FUN_007c6f82,126,2,1,671
007c7000,FUN_007c7000,70,1,1,444
007c7046,FUN_007c7046,67,10,1,616
007c708a,FUN_007c708a,230,1,1,1632
007c7171,~CRecentFileList,57,1,1,408
007c71aa,FUN_007c71aa,139,1,1,669
007c723a,`scalar_deleting_destructor',34,0,1,405
007c725c,Add,93,1,1,734
007c72b9,FUN_007c72b9,208,0,1,1369
007c738a,FUN_007c738a,197,0,1,1274
007c7450,FUN_007c7450,466,0,1,2045
007c7623,FUN_007c7623,191,0,1,1529
007c76e2,FUN_007c76e2,72,0,1,517
007c772b,FUN_007c772b,743,0,1,4705
007c7a13,FUN_007c7a13,175,0,1,1082
007c7ac2,FUN_007c7ac2,295,1,1,1815
007c7bea,FUN_007c7bea,35,7,1,240
007c7c0e,FUN_007c7c0e,40,3,1,305
007c7c37,FUN_007c7c37,133,1,1,843
007c7cbd,CMap<>,42,1,1,1012
007c7ce7,CMap<>,42,1,1,1012
007c7d11,CMap<>,42,1,1,1089
007c7d3b,CMap<>,42,1,1,1000
007c7d65,FUN_007c7d65,166,1,1,572
007c7e0b,FUN_007c7e0b,58,2,1,529
007c7e4a,FUN_007c7e4a,58,1,1,529
007c7e89,FUN_007c7e89,58,1,1,606
007c7ec8,FUN_007c7ec8,58,1,1,517
007c7f07,FUN_007c7f07,257,1,1,1827
007c800d,~CPair,25,2,1,772
007c8026,FUN_007c8026,105,5,1,708
007c8090,FUN_007c8090,105,6,1,708
007c80fa,FUN_007c80fa,105,7,1,708
007c8164,FUN_007c8164,100,0,1,676
007c81cd,FUN_007c81cd,100,0,1,676
007c8236,FUN_007c8236,100,0,1,753
007c829f,FUN_007c829f,100,0,1,664
007c8308,FUN_007c8308,51,0,1,225
007c837b,FUN_007c837b,207,0,1,1191
007c844a,FUN_007c844a,583,0,1,3318
007c8692,FUN_007c8692,299,0,1,1689
007c87bd,FUN_007c87bd,192,0,1,1105
007c887d,DeleteAutosavedFile,50,0,1,713
007c88af,FUN_007c88af,178,2,1,941
007c8966,FreeAssoc,49,1,1,1143
007c8997,FreeAssoc,48,1,1,1839
007c89c7,FreeAssoc,45,1,1,1503
007c89f4,FUN_007c89f4,347,0,1,2218
007c8b4f,GetAssocAt,82,4,1,1504
007c8ba1,GetAssocAt,82,5,1,1499
007c8bf3,FUN_007c8bf3,31,0,1,175
007c8c12,FUN_007c8c12,206,0,1,1348
007c8ce0,FUN_007c8ce0,138,5,1,1517
007c8d6b,FUN_007c8d6b,62,0,1,292
007c8da9,FUN_007c8da9,93,0,1,556
007c8e06,FUN_007c8e06,31,0,1,175
007c8e25,FUN_007c8e25,98,5,1,648
007c8e88,FUN_007c8e88,185,0,1,1190
007c8f41,Lookup,44,6,1,1667
007c8f6d,Lookup,40,8,1,833
007c8f95,Lookup,44,3,1,1667
007c8fc1,Lookup,40,1,1,756
007c8fe9,FUN_007c8fe9,128,1,1,997
007c906a,FUN_007c906a,125,1,1,1004
007c90e8,FUN_007c90e8,133,1,1,1023
007c916e,FUN_007c916e,127,3,1,716
007c91f2,FUN_007c91f2,648,0,1,3843
007c947a,FUN_007c947a,112,2,1,826
007c94ea,FUN_007c94ea,519,0,1,2320
007c96f1,FUN_007c96f1,94,6,1,802
007c974f,FUN_007c974f,93,14,1,802
007c97ac,FUN_007c97ac,90,4,1,796
007c9806,FUN_007c9806,189,0,1,955
007c98c3,FUN_007c98c3,104,2,1,625
007c992b,FUN_007c992b,104,2,1,620
007c9993,FUN_007c9993,104,2,1,620
007c99fb,FUN_007c99fb,485,0,1,3092
007c9be0,FUN_007c9be0,1447,0,1,8117
007ca187,FUN_007ca187,265,0,1,1654
007ca290,FUN_007ca290,237,0,1,1451
007ca37d,Serialize,240,0,1,2506
007ca46d,FUN_007ca46d,294,0,1,1652
007ca593,Serialize,240,0,1,2016
007ca683,FUN_007ca683,49,1,1,369
007ca6b4,FUN_007ca6b4,49,1,1,369
007ca6e5,FUN_007ca6e5,65,0,1,348
007ca726,FUN_007ca726,15,0,1,197
007ca735,FUN_007ca735,15,0,1,197
007ca744,FUN_007ca744,16,0,1,126
007ca754,FUN_007ca754,16,0,1,126
007ca764,SetStringValue,58,2,1,599
007ca79e,FUN_007ca79e,149,0,1,1052
007ca833,FUN_007ca833,31,2,1,131
007ca852,FUN_007ca852,51,0,1,199
007ca885,FUN_007ca885,129,1,1,779
007ca90b,FUN_007ca90b,11,1,1,129
007ca916,FUN_007ca916,48,0,1,225
007ca946,`scalar_deleting_destructor',57,0,1,519
007ca97f,FUN_007ca97f,150,0,1,830
007caa15,FUN_007caa15,66,0,1,356
007cac7a,FUN_007cac7a,111,0,1,731
007cacea,FUN_007cacea,108,0,1,611
007cad56,FUN_007cad56,4,0,1,101
007cad5a,FUN_007cad5a,6,0,1,74
007cad60,FUN_007cad60,12,0,1,67
007cad6c,FUN_007cad6c,112,0,1,669
007caddc,FUN_007caddc,6,0,1,84
007cb4e0,FUN_007cb4e0,321,0,1,1858
007cb622,FUN_007cb622,80,0,1,508
007cb673,FUN_007cb673,35,0,1,188
007cb696,FUN_007cb696,574,0,1,3229
007cbfa7,FUN_007cbfa7,72,0,1,416
007cbfef,FUN_007cbfef,397,0,1,2556
007cc17d,FUN_007cc17d,145,0,1,792
007cc20e,FUN_007cc20e,64,1,1,369
007cc24e,Revoke,34,1,1,502
007cc270,RevokeAll,42,1,1,529
007cc29a,FUN_007cc29a,74,1,1,566
007cc2e4,~COleMessageFilter,22,1,1,336
007cc2fa,`scalar_deleting_destructor',48,0,1,513
007cc32a,FUN_007cc32a,18,0,1,67
007cc33c,FUN_007cc33c,4,0,1,125
007cc340,FUN_007cc340,12,0,1,172
007cc34c,FUN_007cc34c,6,0,1,74
007cc352,FUN_007cc352,94,0,1,612
007cc3b0,IsSignificantMessage,86,0,1,823
007cc406,FUN_007cc406,227,0,1,1447
007cc4e9,FUN_007cc4e9,68,0,1,428
007cc52d,Catch@007cc52d,14,0,1,90
007cc53e,FUN_007cc53e,21,1,1,144
007cc553,OnMessagePending,70,0,1,601
007cc599,FUN_007cc599,69,0,1,428
007cc5de,Catch@007cc5de,14,0,1,90
007cc5ef,FUN_007cc5ef,21,1,1,144
007cc604,FUN_007cc604,24,0,1,134
007cc61c,Register,29,1,1,465
007cc639,FUN_007cc639,18,0,1,67
007cc64b,FUN_007cc64b,109,0,1,717
007cc6b8,Revoke,25,1,1,394
007cc6d1,FUN_007cc6d1,37,1,1,298
007cc6f7,CImage,66,3,1,831
007cc739,FUN_007cc739,100,0,1,381
007cc79d,FUN_007cc79d,80,0,1,354
007cc7ed,~CImage,36,7,1,481
007cc811,FUN_007cc811,124,3,1,733
007cc892,`scalar_deleting_destructor',34,0,1,379
007cc8b4,FUN_007cc8b4,51,0,1,225
007cc8e7,FUN_007cc8e7,57,0,1,295
007cc920,Allocate,45,2,1,757
007cc94d,FUN_007cc94d,161,0,1,953
007cc9ee,FUN_007cc9ee,194,1,1,1017
007ccab0,FUN_007ccab0,135,1,1,884
007ccc76,FUN_007ccc76,346,2,1,2472
007ccdd5,DecreaseCImageCount,37,1,1,546
007ccdfa,Detach,36,3,1,652
007cce1e,FUN_007cce1e,219,1,1,1297
007ccef9,GetDeviceScrollPosition,41,4,1,494
007ccf22,FUN_007ccf22,6,0,1,74
007ccf28,FUN_007ccf28,6,0,1,74
007ccf2e,FUN_007ccf2e,6,0,1,84
007ccf34,FUN_007ccf34,123,4,1,595
007ccfaf,FUN_007ccfaf,203,1,1,1276
007cd07a,FUN_007cd07a,164,2,1,883
007cd11e,FUN_007cd11e,54,0,1,336
007cd26f,IncreaseCImageCount,27,1,1,443
007cd28a,FUN_007cd28a,92,1,1,459
007cd2e6,FUN_007cd2e6,52,0,1,347
007cd31a,FUN_007cd31a,138,0,1,752
007cd3a4,FUN_007cd3a4,305,1,1,1785
007cd641,FUN_007cd641,278,0,1,1454
007cd757,FUN_007cd757,274,0,1,1439
007cd869,OnSize,47,1,1,449
007cd898,FUN_007cd898,623,0,1,3734
007cdb07,FUN_007cdb07,95,1,1,468
007cdb66,ScrollToDevicePosition,82,1,1,493
007cdbb8,SetBitmap,47,0,1,493
007cdbe7,FUN_007cdbe7,188,1,1,1034
007cdca3,FUN_007cdca3,379,1,1,2086
007cde1e,FUN_007cde1e,42,1,1,254
007cde48,FUN_007cde48,469,3,1,2751
007ce01d,FUN_007ce01d,189,2,1,1575
007ce0da,FUN_007ce0da,177,0,1,1068
007ce18b,FUN_007ce18b,52,1,1,198
007ce1bf,FUN_007ce1bf,52,0,1,212
007ce1f3,~ExternalContextBase,69,1,1,722
007ce23d,FUN_007ce23d,51,0,1,318
007ce270,FUN_007ce270,75,0,1,521
007ce2bb,FUN_007ce2bb,47,0,1,268
007ce2ea,FUN_007ce2ea,315,0,1,1710
007ce425,FUN_007ce425,6,0,1,74
007ce42b,FUN_007ce42b,6,0,1,83
007ce483,FUN_007ce483,9,0,1,151
007ce48c,FUN_007ce48c,19,0,1,134
007ce49f,FUN_007ce49f,64,0,1,528
007ce4df,FUN_007ce4df,16,4,1,123
007ce4ef,FUN_007ce4ef,73,1,1,441
007ce53d,FUN_007ce53d,48,0,1,225
007ce56d,FUN_007ce56d,80,2,1,451
007ce5bd,Catch@007ce5bd,14,0,1,90
007ce5d0,FUN_007ce5d0,23,1,1,146
007ce5ec,FUN_007ce5ec,80,2,1,451
007ce63c,Catch@007ce63c,14,0,1,90
007ce64f,FUN_007ce64f,23,1,1,146
007ce66b,FUN_007ce66b,130,1,1,578
007ce6ed,FUN_007ce6ed,812,2,1,4315
007cea19,FUN_007cea19,81,0,1,428
007cea6a,FUN_007cea6a,78,0,1,394
007ceab8,FUN_007ceab8,135,0,1,1314
007ceb69,FID_conflict:ExtTextOutA,269,0,1,2213
007cec76,FUN_007cec76,6,0,1,83
007cec7c,unshift,42,0,1,975
007ceca6,FUN_007ceca6,256,2,1,1233
007ceda6,FUN_007ceda6,506,6,1,2504
007cefa0,FUN_007cefa0,279,9,1,1941
007cf0b7,FUN_007cf0b7,122,4,1,666
007cf131,FUN_007cf131,48,0,1,240
007cf161,FUN_007cf161,103,3,1,661
007cf1c8,FUN_007cf1c8,23,0,1,146
007cf1df,RestoreDC,72,0,1,570
007cf227,SaveDC,79,0,1,641
007cf276,FUN_007cf276,56,0,1,280
007cf2ae,FUN_007cf2ae,56,0,1,278
007cf2e6,SelectObject,66,0,1,707
007cf328,FUN_007cf328,132,0,1,797
007cf3ac,SetAttribDC,42,0,1,450
007cf3d6,FUN_007cf3d6,51,0,1,289
007cf409,SetMapMode,38,0,1,369
007cf42f,SetOutputDC,82,0,1,653
007cf481,SetScaleRatio,43,1,1,502
007cf4ac,FUN_007cf4ac,51,0,1,293
007cf4df,FUN_007cf4df,24,1,1,209
007cf4f7,FUN_007cf4f7,50,0,1,238
007cf529,FUN_007cf529,48,0,1,237
007cf559,FUN_007cf559,50,0,1,236
007cf58b,FUN_007cf58b,296,0,1,1843
007cf6b3,FUN_007cf6b3,47,0,1,273
007cf6e2,FUN_007cf6e2,74,1,1,535
007cf72d,FUN_007cf72d,320,2,1,2434
007cf86d,FUN_007cf86d,68,1,1,419
007cf8b1,COleCntrFrameWnd,58,1,1,584
007cf8eb,FUN_007cf8eb,171,1,1,702
007cf996,FUN_007cf996,94,3,1,360
007cf9f4,Catch@007cf9f4,178,0,1,1003
007cfaac,FUN_007cfaac,33,1,1,237
007cfacd,FUN_007cfacd,167,5,1,883
007cfb88,FUN_007cfb88,51,0,1,225
007cfbbb,`scalar_deleting_destructor',51,0,1,494
007cfbee,FUN_007cfbee,203,0,1,1142
007cfce9,FUN_007cfce9,136,0,1,686
007cfd71,FUN_007cfd71,33,0,1,241
007cfd92,FUN_007cfd92,6,0,1,74
007cfd98,FUN_007cfd98,6,0,1,87
007cfd9e,FUN_007cfd9e,102,0,1,663
007cfe04,OnBarCheck,94,0,1,738
007cfe62,FUN_007cfe62,82,0,1,702
007cfeb4,OnCreate,71,0,1,664
007cfefb,FUN_007cfefb,39,0,1,214
007cff22,FUN_007cff22,98,0,1,554
007cff84,FUN_007cff84,101,2,1,433
007cffe9,OnIdleUpdateCmdUI,34,2,1,944
007d000b,FUN_007d000b,63,0,1,391
007d004a,FUN_007d004a,50,0,1,266
007d007c,FUN_007d007c,263,0,1,1455
007d0183,FUN_007d0183,174,0,1,1186
007d0231,OnUpdateControlBarMenu,105,0,1,712
007d029a,FUN_007d029a,66,0,1,403
007d02dc,FUN_007d02dc,143,0,1,1261
007d036b,FUN_007d036b,187,0,1,1138
007d0427,FUN_007d0427,429,1,1,2330
007d05d4,FUN_007d05d4,91,0,1,371
007d062f,FUN_007d062f,67,2,1,557
007d0672,FUN_007d0672,94,2,1,527
007d06d5,FUN_007d06d5,48,0,1,225
007d0705,FUN_007d0705,18,0,1,67
007d0717,FUN_007d0717,93,0,1,624
007d0774,Catch@007d0774,14,0,1,90
007d0785,FUN_007d0785,18,1,1,149
007d0797,FUN_007d0797,142,0,1,779
007d0801,Catch@007d0801,14,0,1,90
007d0838,OnClone,67,0,1,809
007d087b,OnNext,56,1,1,618
007d08b3,FUN_007d08b3,5,0,1,106
007d08b8,FUN_007d08b8,23,0,1,280
007d08cf,FUN_007d08cf,24,0,1,134
007d08e7,FUN_007d08e7,18,0,1,67
007d08f9,FUN_007d08f9,55,0,1,257
007d0930,FUN_007d0930,93,0,1,543
007d0976,Catch@007d0976,14,0,1,90
007d099e,FUN_007d099e,9,0,1,113
007d09a7,`scalar_deleting_destructor',49,0,1,522
007d09d8,COleDropSource,148,2,1,1031
007d0a71,FUN_007d0a71,48,0,1,225
007d0aa1,FUN_007d0aa1,18,0,1,67
007d0ab3,FUN_007d0ab3,240,1,1,1508
007d0ba3,FUN_007d0ba3,6,0,1,74
007d0ba9,GiveFeedback,15,1,1,318
007d0bb8,FUN_007d0bb8,60,0,1,313
007d0bf4,FUN_007d0bf4,289,1,1,1771
007d0d15,QueryContinueDrag,53,1,1,631
007d0d4a,FUN_007d0d4a,39,0,1,227
007d0d71,FUN_007d0d71,24,0,1,134
007d0d89,FUN_007d0d89,18,0,1,67
007d0dc8,FUN_007d0dc8,30,0,1,196
007d0de6,`scalar_deleting_destructor',54,0,1,510
007d0e1c,FUN_007d0e1c,6,0,1,81
007d0e22,FUN_007d0e22,52,0,1,269
007d0e56,FUN_007d0e56,174,2,1,1133
007d0f04,CUIntArray,23,2,1,409
007d0f1b,FUN_007d0f1b,16,3,1,143
007d0f2b,FUN_007d0f2b,58,0,1,301
007d0f65,FUN_007d0f65,6,0,1,83
007d0f6b,FUN_007d0f6b,44,3,1,169
007d0f97,FUN_007d0f97,83,7,1,452
007d0fef,FUN_007d0fef,51,0,1,225
007d1022,FUN_007d1022,26,2,1,120
007d103c,Create,32,0,1,639
007d105c,FUN_007d105c,155,5,1,1016
007d1127,FUN_007d1127,6,0,1,74
007d112d,FUN_007d112d,6,0,1,86
007d1133,FUN_007d1133,167,0,1,658
007d11da,FUN_007d11da,120,0,1,756
007d1252,OnNcActivate,45,0,1,475
007d127f,FUN_007d127f,138,0,1,965
007d130a,FUN_007d130a,298,1,1,1500
007d145a,OnSysCommand,105,0,1,700
007d14c3,FUN_007d14c3,60,0,1,432
007d14ff,FUN_007d14ff,221,1,1,1178
007d15dc,FUN_007d15dc,108,1,1,508
007d1648,Catch@007d1648,178,0,1,997
007d16fa,FUN_007d16fa,37,0,1,130
007d171f,FUN_007d171f,376,3,1,2224
007d1897,CancelLoop,71,3,1,600
007d18de,FUN_007d18de,324,4,1,2309
007d1a22,FUN_007d1a22,312,1,1,2250
007d1b5a,FUN_007d1b5a,93,1,1,543
007d1bb7,FUN_007d1bb7,76,1,1,493
007d1c03,FUN_007d1c03,185,2,1,1249
007d1cbc,FUN_007d1cbc,119,2,1,630
007d1d33,FUN_007d1d33,39,1,1,335
007d1d5a,FUN_007d1d5a,1051,0,1,7011
007d2175,FUN_007d2175,372,0,1,2408
007d22e9,FUN_007d22e9,448,2,1,3339
007d24a9,FUN_007d24a9,271,0,1,1753
007d25b9,FUN_007d25b9,297,2,1,1759
007d26e2,UpdateState,95,1,1,767
007d2741,_AfxAdjustRectangle,67,1,1,709
007d2784,_AFX_OLESYMBOLTABLE,62,0,1,571
007d27c2,~_AFX_OLESYMBOLTABLE,39,1,1,554
007d2b8b,FUN_007d2b8b,229,2,1,1138
007d2c70,SetAt,53,0,1,565
007d2f2d,FUN_007d2f2d,32,0,1,205
007d2f4d,FUN_007d2f4d,23,2,1,181
007d2f64,FUN_007d2f64,58,0,1,301
007d2f9e,FUN_007d2f9e,6,0,1,83
007d2fa4,FUN_007d2fa4,149,0,1,946
007d3039,FUN_007d3039,383,2,1,2555
007d31b9,FUN_007d31b9,34,0,1,262
007d31db,HashKey<unsigned_short>,48,2,1,422
007d320b,CMapWordToOb,49,2,1,554
007d323c,FUN_007d323c,58,1,1,410
007d327b,FUN_007d327b,88,2,1,614
007d32d3,FUN_007d32d3,100,0,1,557
007d333c,GetAssocAt,63,2,1,957
007d337b,FUN_007d337b,132,1,1,1200
007d3400,FUN_007d3400,6,0,1,85
007d3406,Lookup,40,1,1,878
007d342e,NewAssoc,77,1,1,1032
007d347b,FUN_007d347b,166,0,1,1145
007d3521,CMFCButton,378,9,1,2117
007d369b,FUN_007d369b,149,15,1,685
007d3735,FUN_007d3735,51,0,1,225
007d3768,FUN_007d3768,130,1,1,1055
007d37eb,FUN_007d37eb,285,1,1,1845
007d3908,CleanUp,98,1,1,509
007d396a,FUN_007d396a,112,3,1,300
007d3a0a,FUN_007d3a0a,456,1,1,2445
007d3bd2,FUN_007d3bd2,233,0,1,1334
007d3cbc,FUN_007d3cbc,22,0,1,171
007d3cd2,FUN_007d3cd2,4,0,1,57
007d3cd6,FUN_007d3cd6,6,0,1,74
007d3cdc,FUN_007d3cdc,6,0,1,83
007d3ce2,FUN_007d3ce2,4,0,1,56
007d3ce6,InitStyle,179,2,1,1164
007d3d99,OnCancelMode,101,0,1,732
007d3dfe,FUN_007d3dfe,23,0,1,119
007d3e15,FUN_007d3e15,1327,1,1,6920
007d4345,FUN_007d4345,9,0,1,67
007d434e,FUN_007d434e,147,1,1,815
007d43e1,FUN_007d43e1,34,0,1,157
007d4403,FUN_007d4403,63,0,1,538
007d4442,OnEnable,81,0,1,580
007d4493,FUN_007d4493,193,1,1,1232
007d457f,OnGetImage,45,0,1,452
007d48ed,OnKillFocus,81,1,1,621
007d493e,OnLButtonDblClk,64,1,1,524
007d497e,OnLButtonDown,176,1,1,1207
007d4a2e,FUN_007d4a2e,325,1,1,1805
007d4b73,FUN_007d4b73,383,1,1,2450
007d4cf2,OnSetCheck,107,0,1,626
007d4d5d,FUN_007d4d5d,144,0,1,874
007d4ded,OnSetFont,55,0,1,559
007d4e24,OnSetImage,52,0,1,406
007d4e6c,OnTimer,99,0,1,711
007d4f3e,PreCreateWindow,44,0,1,549
007d4f6a,PreSubclassWindow,37,0,1,373
007d4f8f,FUN_007d4f8f,346,2,1,2236
007d50e9,FUN_007d50e9,105,1,1,739
007d5153,SetImage,23,3,1,377
007d516a,SetImageInternal,74,1,1,643
007d51b4,FUN_007d51b4,389,2,1,2448
007d5339,FUN_007d5339,556,1,1,3604
007d5565,FUN_007d5565,23,1,1,178
007d557c,FUN_007d557c,88,5,1,454
007d55d4,FUN_007d55d4,149,3,1,1014
007d566a,SetTransparentColor,50,20,1,475
007d569c,FUN_007d569c,599,2,1,3624
007d58f4,FUN_007d58f4,242,2,1,1358
007d59e6,FUN_007d59e6,92,0,1,659
007d5a42,FUN_007d5a42,23,6,1,206
007d5a59,FUN_007d5a59,38,8,1,261
007d5a7f,FUN_007d5a7f,138,1,1,593
007d5b09,CMFCColorPopupMenu,93,1,1,1309
007d5b66,~CArray<unsigned_long,unsigned_long>,22,12,1,498
007d5b7c,FUN_007d5b7c,58,2,1,432
007d5bbb,FUN_007d5bbb,171,1,1,880
007d5c6b,FUN_007d5c6b,11,2,1,126
007d5c76,FUN_007d5c76,48,0,1,344
007d5ca6,FUN_007d5ca6,100,0,1,579
007d5d0f,`scalar_deleting_destructor',51,0,1,497
007d5d42,`scalar_deleting_destructor',51,0,1,508
007d5d75,FUN_007d5d75,54,0,1,284
007d5dab,FUN_007d5dab,46,5,1,484
007d5dda,FUN_007d5dda,78,0,1,525
007d5e28,FUN_007d5e28,78,0,1,525
007d5e76,FUN_007d5e76,25,3,1,174
007d5e8f,FUN_007d5e8f,7,0,1,82
007d5e96,FUN_007d5e96,6,0,1,74
007d5e9c,FUN_007d5e9c,6,0,1,88
007d5ea2,FUN_007d5ea2,38,0,1,266
007d5ec8,FUN_007d5ec8,48,2,1,318
007d5ef8,FUN_007d5ef8,20,0,1,212
007d5f0c,FUN_007d5f0c,809,0,1,4678
007d6236,FUN_007d6236,191,0,1,935
007d62f5,FUN_007d62f5,83,0,1,552
007d6348,FUN_007d6348,66,0,1,382
007d648f,FUN_007d648f,52,0,1,269
007d64c3,FUN_007d64c3,34,0,1,185
007d64e5,OnMouseMove,60,0,1,591
007d6521,FUN_007d6521,442,0,1,2581
007d66db,OnSysColorChange,41,0,1,472
007d6704,FUN_007d6704,240,2,1,1336
007d67f4,SetColor,48,1,1,442
007d6824,FUN_007d6824,68,0,1,394
007d6868,UpdateColor,73,0,1,637
007d68b1,FUN_007d68b1,191,3,1,776
007d6970,~CMFCEditBrowseCtrl,70,4,1,478
007d69b6,`scalar_deleting_destructor',51,0,1,517
007d69e9,FUN_007d69e9,87,1,1,474
007d6a41,FUN_007d6a41,141,0,1,936
007d6acf,FUN_007d6acf,119,0,1,677
007d6b47,FUN_007d6b47,6,0,1,74
007d6b4d,FUN_007d6b4d,6,0,1,91
007d6b53,Is32BitIcons,37,7,1,458
007d6b78,FUN_007d6b78,109,0,1,690
007d6be5,FUN_007d6be5,932,0,1,4162
007d6f8a,OnCancelMode,63,0,1,549
007d6fc9,FUN_007d6fc9,118,0,1,748
007d7040,FUN_007d7040,557,0,1,2980
007d726d,FUN_007d726d,118,0,1,767
007d73a9,OnLButtonDown,107,0,1,810
007d7414,FUN_007d7414,113,0,1,594
007d7485,OnMouseMove,140,1,1,1043
007d7511,OnNcCalcSize,37,1,1,465
007d7536,FUN_007d7536,82,0,1,467
007d7588,FUN_007d7588,120,0,1,721
007d776c,FUN_007d776c,50,0,1,313
007d779e,FUN_007d779e,77,1,1,430
007d77eb,FUN_007d77eb,237,2,1,1525
007d78d8,FUN_007d78d8,149,4,1,1118
007d7970,FUN_007d7970,64,1,1,401
007d79b0,CMFCFontComboBox,58,3,1,566
007d79ea,FUN_007d79ea,96,1,1,639
007d7a4a,FUN_007d7a4a,28,1,1,234
007d7a66,~CMFCFontInfo,26,1,1,278
007d7a80,`scalar_deleting_destructor',51,0,1,500
007d7ab3,`scalar_deleting_destructor',48,0,1,492
007d7ae3,FUN_007d7ae3,146,2,1,927
007d7b76,FUN_007d7b76,120,0,1,705
007d7bee,FUN_007d7bee,703,0,1,3589
007d7ead,FUN_007d7ead,6,0,1,74
007d7eb3,Init,54,2,1,484
007d7ee9,MeasureItem,113,0,1,1005
007d7f5a,OnCreate,30,0,1,551
007d7f78,FUN_007d7f78,16,0,1,86
007d8065,PreSubclassWindow,29,0,1,433
007d8082,FUN_007d8082,260,0,1,1377
007d8186,FUN_007d8186,340,1,1,1739
007d82db,FUN_007d82db,129,1,1,682
007d835c,~CMFCLinkCtrl,45,1,1,332
007d8389,`scalar_deleting_destructor',51,0,1,493
007d83bc,FUN_007d83bc,6,0,1,74
007d83c2,FUN_007d83c2,6,0,1,85
007d83c8,OnClicked,239,1,1,1757
007d84b7,FUN_007d84b7,276,0,1,1746
007d85cc,FUN_007d85cc,60,0,1,434
007d8757,PreTranslateMessage,65,0,1,700
007d8798,FUN_007d8798,50,0,1,324
007d87ca,FUN_007d87ca,46,0,1,379
007d87f9,FUN_007d87f9,439,0,1,2716
007d89b1,FUN_007d89b1,111,1,1,326
007d8a20,~CMFCMaskedEdit,73,1,1,458
007d8a69,`scalar_deleting_destructor',51,0,1,500
007d8a9c,FUN_007d8a9c,168,1,1,886
007d8b44,FUN_007d8b44,26,0,1,72
007d8b5e,FUN_007d8b5e,182,4,1,1046
007d8c14,FUN_007d8c14,154,0,1,1077
007d8caf,FUN_007d8caf,313,6,1,1977
007d8e98,FUN_007d8e98,6,0,1,74
007d8e9e,FUN_007d8e9e,6,0,1,87
007d8ea4,FUN_007d8ea4,31,0,1,175
007d8ec3,FUN_007d8ec3,162,0,1,1376
007d8f65,FUN_007d8f65,124,0,1,649
007d8fe1,FUN_007d8fe1,1073,1,1,6361
007d9412,FUN_007d9412,1015,1,1,6155
007d9809,FUN_007d9809,1034,1,1,5970
007d9cc3,FUN_007d9cc3,36,0,1,275
007d9f40,Catch_All@007d9f40,6,0,1,76
007d9fcf,FUN_007d9fcf,1088,0,1,5567
007da40f,FUN_007da40f,200,0,1,1001
007da70f,FUN_007da70f,59,0,1,319
007da7ee,FUN_007da7ee,50,0,1,323
007da820,FUN_007da820,689,1,1,4132
007daad2,FUN_007daad2,80,2,1,483
007dab22,FUN_007dab22,11,3,1,132
007dab2d,`scalar_deleting_destructor',57,0,1,529
007dab66,FUN_007dab66,6,0,1,74
007dab6c,FUN_007dab6c,6,0,1,87
007dab72,FUN_007dab72,267,0,1,1627
007dad93,FUN_007dad93,62,0,1,293
007dadd1,OnKillFocus,86,0,1,666
007dae27,OnLButtonDblClk,63,0,1,606
007dae66,FUN_007dae66,208,0,1,1289
007daf36,OnLButtonUp,94,0,1,731
007daf94,FUN_007daf94,371,0,1,2182
007db107,FUN_007db107,81,0,1,410
007db158,FUN_007db158,38,1,1,285
007db17e,FUN_007db17e,562,1,1,2254
007db3b0,FUN_007db3b0,58,2,1,456
007db3ef,FUN_007db3ef,214,1,1,1344
007db4ca,FUN_007db4ca,100,0,1,603
007db533,`scalar_deleting_destructor',51,0,1,517
007db566,AddHead,45,2,1,919
007db593,FUN_007db593,144,2,1,929
007db623,FUN_007db623,703,0,1,3657
007db8e2,CalcEditMargin,224,2,1,1501
007db9c2,CloseColorPopup,61,0,1,744
007db9ff,FUN_007db9ff,47,0,1,299
007dba2f,FUN_007dba2f,90,0,1,649
007dba89,FUN_007dba89,139,2,1,810
007dbb14,FUN_007dbb14,119,0,1,732
007dbb8b,FUN_007dbb8b,66,0,1,294
007dbbcd,FUN_007dbbcd,240,0,1,1264
007dbcbe,FUN_007dbcbe,165,0,1,1125
007dbd63,FUN_007dbd63,311,1,1,1631
007dbe9a,FUN_007dbe9a,139,3,1,938
007dbf25,GetExpandedSubItems,65,2,1,856
007dbf66,GetFont,22,15,1,390
007dbf7c,FUN_007dbf7c,7,0,1,81
007dbf83,FUN_007dbf83,16,1,1,187
007dbf93,FUN_007dbf93,6,0,1,74
007dbf99,FUN_007dbf99,6,0,1,93
007dbf9f,GetScrollBarCtrl,31,0,1,583
007dbfbe,FUN_007dbfbe,20,1,1,216
007dbfd2,GetTotalItems,105,1,1,1280
007dc03b,FUN_007dc03b,200,4,1,1422
007dc103,FUN_007dc103,168,2,1,1050
007dc1ab,FUN_007dc1ab,565,0,1,2749
007dc3e0,FUN_007dc3e0,98,0,1,509
007dc442,InsertBefore,62,2,1,1132
007dc480,FUN_007dc480,29,1,1,276
007dc49d,FUN_007dc49d,46,0,1,276
007dc4cb,NotifyAccessibility,95,0,1,910
007dc52a,FUN_007dc52a,154,0,1,761
007dc5c4,FUN_007dc5c4,87,0,1,461
007dc61b,FUN_007dc61b,237,0,1,1276
007dc7d7,FUN_007dc7d7,105,0,1,790
007dc840,FUN_007dc840,130,0,1,638
007dc8c2,FUN_007dc8c2,329,0,1,1797
007dca0b,FUN_007dca0b,302,0,1,1632
007dcb39,FUN_007dcb39,242,0,1,1455
007dcc2b,FUN_007dcc2b,1297,0,1,8803
007dd1e7,OnFillBackground,60,0,1,683
007dd23c,OnGetObject,42,0,1,515
007dd266,FUN_007dd266,20,0,1,128
007dd27a,FUN_007dd27a,269,0,1,1644
007dd388,FUN_007dd388,71,0,1,547
007dda64,FUN_007dda64,134,0,1,846
007ddaea,FUN_007ddaea,474,0,1,2413
007ddf72,FUN_007ddf72,457,0,1,2492
007de13b,OnMouseMove,56,0,1,591
007de173,OnMouseWheel,85,0,1,618
007de1c8,OnNcCalcSize,44,0,1,726
007de1f4,FUN_007de1f4,108,0,1,495
007de397,FUN_007de397,77,0,1,428
007de426,FUN_007de426,44,0,1,248
007de452,FUN_007de452,56,0,1,268
007de48a,FUN_007de48a,422,0,1,2023
007de650,FUN_007de650,257,0,1,1465
007de751,OnSetFocus,59,0,1,486
007de78c,FUN_007de78c,61,0,1,415
007de7c9,FUN_007de7c9,74,0,1,324
007de813,FUN_007de813,30,0,1,171
007de831,FUN_007de831,34,0,1,185
007de883,FUN_007de883,284,2,1,1590
007de9bf,FUN_007de9bf,43,0,1,303
007de9ea,FUN_007de9ea,2099,0,1,10716
007df21d,ProcessClipboardAccelerators,186,0,1,1262
007df2d7,Redraw,128,5,1,1004
007df357,FUN_007df357,177,4,1,1062
007df408,FUN_007df408,515,2,1,2955
007df60b,FUN_007df60b,104,0,1,466
007df673,SetBuddy,40,2,1,600
007df69b,FUN_007df69b,179,1,1,1091
007df74e,FUN_007df74e,593,3,1,3346
007df99f,FUN_007df99f,43,2,1,306
007df9ca,FUN_007df9ca,66,0,1,300
007dfa0c,FUN_007dfa0c,494,2,1,3586
007dfbfa,FUN_007dfbfa,276,1,1,1710
007dfd0e,SetVSDotNetLook,40,0,1,456
007dfd36,FUN_007dfd36,53,1,1,349
007dfd6c,FUN_007dfd6c,212,3,1,1300
007dfe40,FUN_007dfe40,367,5,1,2236
007dffaf,FUN_007dffaf,811,1,1,4899
007e02da,FUN_007e02da,143,0,1,836
007e0369,FUN_007e0369,111,0,1,642
007e03d8,FUN_007e03d8,229,0,1,1476
007e04bd,FUN_007e04bd,58,0,1,492
007e04f7,get_accChild,29,0,1,587
007e0514,FUN_007e0514,26,0,1,219
007e052e,FUN_007e052e,8,0,1,65
007e0536,FUN_007e0536,140,0,1,1010
007e05c3,FUN_007e05c3,24,0,1,104
007e05db,FUN_007e05db,6,0,1,56
007e05e1,FUN_007e05e1,6,0,1,56
007e05e7,FUN_007e05e7,301,0,1,2133
007e0715,get_accRole,63,0,1,761
007e0754,FUN_007e0754,138,0,1,986
007e07de,FUN_007e07de,127,0,1,1072
007e085e,FUN_007e085e,78,1,1,455
007e08ac,FUN_007e08ac,127,1,1,773
007e0930,FUN_007e0930,57,0,1,331
007e0969,FUN_007e0969,342,0,1,1840
007e0abf,FUN_007e0abf,162,0,1,963
007e0b62,FUN_007e0b62,187,0,1,1047
007e0c1d,FUN_007e0c1d,523,0,1,3375
007e0e28,FUN_007e0e28,544,0,1,3141
007e1048,FUN_007e1048,158,1,1,833
007e10eb,FUN_007e10eb,7,0,1,80
007e10f2,FUN_007e10f2,6,0,1,74
007e10f8,GetRelatedTree,31,2,1,634
007e1117,FUN_007e1117,6,0,1,90
007e111d,FUN_007e111d,98,1,1,445
007e117f,FUN_007e117f,229,2,1,1472
007e1264,FUN_007e1264,138,1,1,841
007e12ef,FUN_007e12ef,577,0,1,3243
007e1531,FUN_007e1531,1026,0,1,6327
007e1934,FUN_007e1934,42,0,1,215
007e195e,FUN_007e195e,63,0,1,335
007e199d,FUN_007e199d,92,0,1,556
007e19fa,OnDestroy,34,0,1,444
007e1a1c,FUN_007e1a1c,98,0,1,685
007e1a7e,FUN_007e1a7e,90,0,1,508
007e1ad8,FUN_007e1ad8,21,0,1,121
007e1aed,FUN_007e1aed,21,0,1,121
007e1b02,FUN_007e1b02,90,0,1,532
007e1b5c,FUN_007e1b5c,406,0,1,2380
007e1d9c,FUN_007e1d9c,191,0,1,1208
007e1e5b,PreSubclassWindow,29,0,1,504
007e1e78,FUN_007e1e78,29,0,1,167
007e1e95,FUN_007e1e95,64,2,1,400
007e1ed5,FUN_007e1ed5,70,0,1,430
007e1f1b,FUN_007e1f1b,38,1,1,259
007e1f41,FUN_007e1f41,60,1,1,222
007e1f7d,FUN_007e1f7d,58,1,1,430
007e1fbc,FUN_007e1fbc,100,0,1,577
007e2025,`scalar_deleting_destructor',57,0,1,616
007e205e,FUN_007e205e,50,0,1,357
007e2090,FUN_007e2090,526,0,1,3247
007e229f,FUN_007e229f,332,1,1,1957
007e23ec,FUN_007e23ec,6,0,1,74
007e23f2,GetRelatedList,54,2,1,760
007e2428,FUN_007e2428,342,1,1,2385
007e257f,FUN_007e257f,6,0,1,90
007e2585,FUN_007e2585,132,2,1,849
007e2609,FUN_007e2609,172,0,1,1050
007e26b6,FUN_007e26b6,34,0,1,235
007e26d8,FUN_007e26d8,40,0,1,255
007e2700,FUN_007e2700,89,0,1,538
007e275a,OnDestroy,27,0,1,451
007e2775,FUN_007e2775,101,0,1,611
007e27db,FUN_007e27db,111,0,1,656
007e28f4,FUN_007e28f4,217,0,1,1351
007e29ce,OnRButtonDown,55,0,1,615
007e2a05,FUN_007e2a05,782,1,1,6217
007e2d14,FUN_007e2d14,29,0,1,217
007e2d31,Refresh,44,1,1,484
007e2d5d,FUN_007e2d5d,671,1,1,2815
007e2ffc,FUN_007e2ffc,70,0,1,430
007e3042,FUN_007e3042,38,1,1,257
007e3068,CMap<>,42,1,1,923
007e3092,CVSListBox,84,2,1,664
007e30e6,FUN_007e30e6,183,1,1,555
007e319d,FUN_007e319d,40,1,1,178
007e31c5,FUN_007e31c5,58,2,1,437
007e3204,FUN_007e3204,67,3,1,440
007e3247,FUN_007e3247,230,3,1,1246
007e3332,FUN_007e3332,105,32,1,708
007e339c,FUN_007e339c,100,0,1,575
007e3405,FUN_007e3405,100,0,1,584
007e346e,FUN_007e346e,51,0,1,225
007e34a1,FUN_007e34a1,51,0,1,225
007e34d4,FID_conflict:`scalar_deleting_destructor',57,0,1,704
007e350d,FUN_007e350d,578,1,1,3155
007e374f,FUN_007e374f,140,0,1,603
007e37db,FUN_007e37db,473,4,1,2841
007e39b5,FUN_007e39b5,113,0,1,679
007e3a26,FUN_007e3a26,286,0,1,1616
007e3b45,FUN_007e3b45,32,1,1,204
007e3b65,GetButtonID,33,1,1,457
007e3b86,FUN_007e3b86,88,0,1,460
007e3bde,GetCount,43,0,1,504
007e3c09,FUN_007e3c09,25,1,1,188
007e3c22,GetItemData,35,0,1,507
007e3c45,FUN_007e3c45,58,0,1,299
007e3c7f,FUN_007e3c7f,15,0,1,182
007e3c8e,FUN_007e3c8e,6,0,1,74
007e3c94,FUN_007e3c94,6,0,1,74
007e3c9a,FUN_007e3c9a,6,0,1,74
007e3ca0,FUN_007e3ca0,132,5,1,1273
007e3d25,FUN_007e3d25,6,0,1,83
007e3d2b,FUN_007e3d2b,6,0,1,87
007e3d31,FUN_007e3d31,6,0,1,91
007e3d37,GetSelItem,43,0,1,517
007e3d62,FUN_007e3d62,51,2,1,273
007e3d95,Lookup,40,30,1,655
007e3dbd,FUN_007e3dbd,120,1,1,978
007e3e36,FUN_007e3e36,58,0,1,401
007e3e70,FUN_007e3e70,511,0,1,3595
007e406f,FUN_007e406f,126,0,1,1001
007e40ee,FUN_007e40ee,30,0,1,230
007e410c,OnCreateList,213,0,1,1293
007e41e1,FUN_007e41e1,102,0,1,537
007e4247,FUN_007e4247,130,0,1,771
007e42c9,FUN_007e42c9,187,0,1,1116
007e4384,FUN_007e4384,89,0,1,639
007e43f1,FUN_007e43f1,6,0,1,65
007e43f7,FUN_007e43f7,67,0,1,537
007e4584,FUN_007e4584,67,0,1,467
007e45c8,FUN_007e45c8,98,0,1,464
007e462a,FUN_007e462a,189,0,1,1395
007e46e7,FUN_007e46e7,100,0,1,446
007e474b,OnNcCalcSize,22,0,1,466
007e48c4,FUN_007e48c4,46,0,1,317
007e48f2,FUN_007e48f2,151,0,1,876
007e4989,FUN_007e4989,96,0,1,496
007e49e9,FUN_007e49e9,19,0,1,86
007e49fc,FUN_007e49fc,134,0,1,812
007e4a82,FUN_007e4a82,28,0,1,201
007e4a9e,FUN_007e4a9e,29,0,1,217
007e4abb,FUN_007e4abb,493,0,1,2323
007e4ca8,FUN_007e4ca8,186,0,1,910
007e4d62,SelectItem,76,0,1,624
007e4dae,FUN_007e4dae,171,0,1,1071
007e4e59,SetItemData,47,0,1,464
007e4e88,SetItemText,42,0,1,786
007e4eb2,FUN_007e4eb2,378,1,1,2574
007e502d,FUN_007e502d,509,0,1,2109
007e522a,FUN_007e522a,337,6,1,2245
007e537b,FUN_007e537b,346,1,1,1924
007e54da,FUN_007e54da,279,22,1,1722
007e55f6,FUN_007e55f6,34,0,1,130
007e5618,FUN_007e5618,114,38,1,906
007e568a,FUN_007e568a,104,1,1,603
007e56f3,CleanUp,144,1,1,1030
007e5783,FUN_007e5783,212,1,1,1192
007e5857,FUN_007e5857,130,1,1,679
007e58d9,FUN_007e58d9,259,5,1,1651
007e59dc,FUN_007e59dc,290,1,1,2112
007e5afe,FUN_007e5afe,73,0,1,399
007e5b48,GetColor,139,2,1,1575
007e5c28,FUN_007e5c28,33,4,1,232
007e5c49,FUN_007e5c49,19,6,1,669
007e5c5c,FUN_007e5c5c,42,2,1,269
007e5c86,FUN_007e5c86,131,0,1,1018
007e5d09,FUN_007e5d09,189,2,1,981
007e5dc6,IsDwmCompositionEnabled,40,12,1,425
007e5dee,OnSettingChange,204,3,1,1234
007e5eba,FUN_007e5eba,192,8,1,1453
007e5f83,Resume,65,1,1,503
007e5fc4,FUN_007e5fc4,10,2,1,328
007e5fce,FUN_007e5fce,1331,2,1,6718
007e6502,FUN_007e6502,1053,5,1,6365
007e6920,FUN_007e6920,196,1,1,1062
007e69e5,FUN_007e69e5,46,0,1,167
007e6a13,FUN_007e6a13,42,0,1,244
007e6a3d,FUN_007e6a3d,56,0,1,287
007e6a75,FUN_007e6a75,85,0,1,370
007e6aca,FUN_007e6aca,95,0,1,433
007e6b29,FUN_007e6b29,84,0,1,464
007e6b7d,FUN_007e6b7d,129,0,1,600
007e6bfe,FUN_007e6bfe,38,4,1,259
007e6c24,FUN_007e6c24,38,2,1,259
007e6c4a,CMap<>,42,3,1,923
007e6c74,FUN_007e6c74,60,1,1,417
007e6cb0,FUN_007e6cb0,59,0,1,443
007e6cec,FUN_007e6cec,177,0,1,1097
007e6d9d,FUN_007e6d9d,173,11,1,1084
007e6e4a,FUN_007e6e4a,21,1,1,126
007e6e5f,FUN_007e6e5f,46,1,1,331
007e6e8d,FUN_007e6e8d,58,1,1,430
007e6ecc,FUN_007e6ecc,58,1,1,430
007e6f0b,FUN_007e6f0b,58,1,1,437
007e6f4a,~CCriticalSection,27,5,1,404
007e6f6a,FUN_007e6f6a,261,67,1,1205
007e7075,FUN_007e7075,11,2,1,132
007e7080,FUN_007e7080,11,4,1,125
007e708b,FUN_007e708b,100,0,1,577
007e70f4,FUN_007e70f4,100,0,1,577
007e715d,FUN_007e715d,100,0,1,584
007e71c6,FUN_007e71c6,57,0,1,299
007e71ff,`scalar_deleting_destructor',48,0,1,509
007e722f,FUN_007e722f,51,0,1,225
007e7262,`scalar_deleting_destructor',40,0,1,428
007e728a,FUN_007e728a,54,0,1,283
007e72c0,FUN_007e72c0,1332,1,1,6493
007e77f4,FUN_007e77f4,434,3,1,2723
007e79a6,FUN_007e79a6,979,8,1,4503
007e7d79,FUN_007e7d79,91,1,1,439
007e7dd4,FUN_007e7dd4,171,15,1,1034
007e7e7f,FUN_007e7e7f,74,0,1,571
007e7ec9,CommonInit,61,2,1,739
007e80ac,Catch_All@007e80ac,20,0,1,115
007e80c0,FUN_007e80c0,88,1,1,786
007e8118,FUN_007e8118,837,6,1,5256
007e845d,FUN_007e845d,676,1,1,4346
007e8701,FUN_007e8701,899,1,1,5796
007e8a89,FUN_007e8a89,232,1,1,1017
007e8b71,FUN_007e8b71,317,2,1,2217
007e8cae,FUN_007e8cae,2058,15,1,12449
007e94b8,FUN_007e94b8,884,20,1,5711
007e982c,DrawState,57,2,1,707
007e9865,FUN_007e9865,68,3,1,644
007e98a9,FUN_007e98a9,15,1,1,89
007e98b8,FUN_007e98b8,206,18,1,1212
007e9987,FUN_007e9987,233,1,1,1594
007e9a70,FUN_007e9a70,38,3,1,267
007e9a96,FUN_007e9a96,50,15,1,396
007e9ac8,FUN_007e9ac8,27,1,1,338
007e9ae3,FUN_007e9ae3,46,2,1,465
007e9b11,FUN_007e9b11,36,1,1,264
007e9b35,GetPalette,36,1,1,567
007e9b59,FUN_007e9b59,36,1,1,269
007e9b7d,GetPixelFormat,32,1,1,434
007e9b9d,FUN_007e9b9d,36,1,1,263
007e9bc1,FUN_007e9bc1,1041,2,1,5004
007e9fd2,FUN_007e9fd2,38,1,1,352
007e9ff8,FUN_007e9ff8,88,2,1,633
007ea050,FUN_007ea050,232,4,1,1612
007ea138,IsHighContrastMode,22,60,1,392
007ea14e,FUN_007ea14e,24,3,1,139
007ea166,FUN_007ea166,105,1,1,625
007ea1cf,Load,23,5,1,395
007ea1e6,FUN_007ea1e6,1193,1,1,6331
007ea690,FUN_007ea690,100,3,1,654
007ea6f4,FUN_007ea6f4,242,1,1,1494
007ea7e7,FUN_007ea7e7,538,4,1,3524
007eaa01,FUN_007eaa01,16,0,1,134
007eaa11,FUN_007eaa11,471,3,1,3289
007eabe8,FUN_007eabe8,127,1,1,817
007eac67,MapTo3dColors,28,2,1,404
007eac83,FUN_007eac83,168,3,1,1240
007ead2b,FUN_007ead2b,198,2,1,868
007eadf1,Mirror,69,5,1,600
007eae36,FUN_007eae36,680,4,1,4595
007eb0de,FUN_007eb0de,664,1,1,4306
007eb376,MirrorVert,69,1,1,608
007eb3bb,FUN_007eb3bb,584,4,1,4886
007eb604,FUN_007eb604,198,5,1,1495
007eb6ca,FUN_007eb6ca,430,18,1,2870
007eb879,ReleaseDC,34,1,1,563
007eb89b,FUN_007eb89b,42,2,1,418
007eb8c5,FUN_007eb8c5,171,0,1,1071
007eb970,SetColorTable,41,1,1,491
007eb999,FUN_007eb999,58,2,1,451
007eb9d3,FUN_007eb9d3,51,1,1,249
007eba06,FUN_007eba06,1719,7,1,14404
007ec0bd,TransparentBlt,657,1,1,3660
007ec34e,FUN_007ec34e,14,0,1,134
007ec35c,FUN_007ec35c,53,4,1,428
007ec391,FUN_007ec391,319,1,1,1973
007ec4d0,_begin,50,1,1,642
007ec502,_end,56,1,1,686
007ec53a,FUN_007ec53a,147,1,1,1126
007ec5cd,FUN_007ec5cd,56,1,1,425
007ec605,FUN_007ec605,237,1,1,1354
007ec6f2,empty,32,1,1,639
007ec712,FUN_007ec712,134,3,1,1030
007ec79b,FUN_007ec79b,63,1,1,399
007ec7da,CDialogImpl,21,1,1,334
007ec7ef,FUN_007ec7ef,7,2,1,110
007ec7f6,FUN_007ec7f6,35,0,1,173
007ec819,FUN_007ec819,189,0,1,1025
007ec8d6,OnActivate,101,2,1,963
007ec93b,OnCommand,89,1,1,704
007ec994,OnDestroy,52,1,1,613
007ec9c8,FUN_007ec9c8,43,1,1,255
007ec9f3,FUN_007ec9f3,456,2,1,2984
007ecbbb,FUN_007ecbbb,488,2,1,2843
007ecda3,FUN_007ecda3,165,1,1,969
007ece48,FUN_007ece48,91,1,1,490
007ecea3,FUN_007ecea3,87,3,1,422
007ecefa,FUN_007ecefa,183,3,1,705
007ecfb1,~CAccessibilityData,68,4,1,376
007ecff5,~CBasePane,28,7,1,360
007ed011,FUN_007ed011,30,16,1,221
007ed02f,FUN_007ed02f,51,0,1,266
007ed062,FUN_007ed062,227,1,1,1242
007ed145,FUN_007ed145,270,0,1,1617
007ed253,FUN_007ed253,10,0,1,96
007ed25d,FUN_007ed25d,132,0,1,728
007ed2e1,FUN_007ed2e1,107,12,1,502
007ed34c,FUN_007ed34c,209,1,1,1131
007ed41d,FUN_007ed41d,549,1,1,3201
007ed642,FUN_007ed642,165,1,1,939
007ed6e7,DockPaneUsingRTTI,228,1,1,1680
007ed7cb,FUN_007ed7cb,16,0,1,126
007ed7db,FUN_007ed7db,12,0,1,101
007ed7e7,GetDockSiteFrameWnd,106,0,1,954
007ed851,FUN_007ed851,16,0,1,193
007ed861,FUN_007ed861,6,0,1,74
007ed867,GetParentMiniFrame,85,0,1,844
007ed8bc,FUN_007ed8bc,147,5,1,1111
007ed94f,FUN_007ed94f,93,8,1,601
007ed9ac,FUN_007ed9ac,6,0,1,82
007ed9b2,FUN_007ed9b2,47,0,1,264
007ed9e1,FUN_007ed9e1,340,5,1,2044
007edb35,FUN_007edb35,67,0,1,439
007edb78,FUN_007edb78,32,0,1,199
007edb98,FUN_007edb98,7,0,1,104
007edb9f,FUN_007edb9f,281,1,1,1610
007edcb8,FUN_007edcb8,28,0,1,211
007edcd4,FUN_007edcd4,191,1,1,1179
007edd93,FUN_007edd93,276,1,1,1283
007edea7,FUN_007edea7,221,0,1,1306
007edf84,FUN_007edf84,68,0,1,422
007edfc8,FUN_007edfc8,123,0,1,771
007ee0b7,OnPaneContextMenu,94,0,1,837
007ee115,FUN_007ee115,76,0,1,455
007ee161,FUN_007ee161,163,0,1,859
007ee204,OnSettingChange,30,2,1,521
007ee222,FUN_007ee222,42,5,1,261
007ee24c,FUN_007ee24c,294,2,1,1461
007ee372,FUN_007ee372,139,4,1,960
007ee3fe,FUN_007ee3fe,290,5,1,1517
007ee520,FUN_007ee520,269,1,1,1350
007ee62d,FUN_007ee62d,110,3,1,551
007ee69b,FUN_007ee69b,136,0,1,805
007ee723,FUN_007ee723,558,1,1,2689
007ee951,FUN_007ee951,17,0,1,99
007ee962,FUN_007ee962,230,0,1,1649
007eea48,FUN_007eea48,92,0,1,522
007eeaa4,FUN_007eeaa4,244,0,1,1337
007eeb98,FUN_007eeb98,42,0,1,339
007eebc2,FUN_007eebc2,90,0,1,529
007eec1c,FUN_007eec1c,155,0,1,1152
007eecb8,FUN_007eecb8,114,0,1,788
007eed2a,FUN_007eed2a,132,0,1,858
007eedae,FUN_007eedae,155,0,1,1132
007eee4a,get_accParent,67,0,1,711
007eee8d,FUN_007eee8d,103,1,1,655
007eeef4,FUN_007eeef4,127,1,1,788
007eef73,FUN_007eef73,80,0,1,462
007eefc3,CPane,348,2,1,2175
007ef11f,~CPane,56,9,1,409
007ef157,`scalar_deleting_destructor',51,0,1,465
007ef18a,FUN_007ef18a,302,0,1,1597
007ef2b8,FUN_007ef2b8,178,0,1,968
007ef36a,FUN_007ef36a,273,7,1,1551
007ef47b,FUN_007ef47b,95,3,1,613
007ef4da,FUN_007ef4da,17,0,1,99
007ef4eb,FUN_007ef4eb,101,0,1,644
007ef550,FUN_007ef550,140,1,1,607
007ef5dc,Create,35,2,1,768
007ef5ff,FUN_007ef5ff,181,1,1,1131
007ef6b4,FUN_007ef6b4,366,2,1,2447
007ef852,FUN_007ef852,430,0,1,2096
007efa00,FUN_007efa00,110,0,1,505
007efa6e,FUN_007efa6e,116,0,1,579
007efae2,FUN_007efae2,184,1,1,927
007efb9a,FUN_007efb9a,1364,1,1,7977
007f00ee,FUN_007f00ee,219,1,1,1097
007f01c9,FUN_007f01c9,135,0,1,841
007f0250,FUN_007f0250,6,0,1,74
007f0256,FUN_007f0256,27,0,1,217
007f0271,FUN_007f0271,23,0,1,164
007f0288,FUN_007f0288,6,0,1,78
007f028e,FUN_007f028e,43,8,1,389
007f02b9,FUN_007f02b9,714,0,1,4165
007f0584,FUN_007f0584,143,4,1,1086
007f0613,IsTabbed,119,0,1,873
007f068a,FUN_007f068a,509,2,1,2486
007f0887,FUN_007f0887,221,1,1,1262
007f0964,FUN_007f0964,353,0,1,1922
007f0ac5,OnAfterChangeParent,55,1,1,543
007f0afc,FUN_007f0afc,110,1,1,498
007f0b6a,FUN_007f0b6a,40,2,1,243
007f0b92,FUN_007f0b92,50,0,1,267
007f0bc4,FUN_007f0bc4,133,4,1,680
007f0c49,FUN_007f0c49,29,0,1,126
007f0c66,FUN_007f0c66,135,1,1,809
007f0ced,FUN_007f0ced,29,0,1,167
007f0d0a,FUN_007f0d0a,169,3,1,1150
007f0db4,FUN_007f0db4,101,2,1,456
007f0e19,FUN_007f0e19,317,5,1,1775
007f0f56,FUN_007f0f56,541,4,1,2763
007f1173,FUN_007f1173,221,4,1,1006
007f1250,FUN_007f1250,76,1,1,368
007f129c,FUN_007f129c,55,0,1,362
007f12d3,FUN_007f12d3,118,0,1,617
007f1349,FUN_007f1349,133,0,1,631
007f13ce,FUN_007f13ce,1766,0,1,10996
007f1ab5,FUN_007f1ab5,76,0,1,474
007f1b01,FUN_007f1b01,184,0,1,879
007f1bb9,FUN_007f1bb9,103,1,1,580
007f1c20,FUN_007f1c20,222,0,1,912
007f1cfe,FUN_007f1cfe,645,2,1,2793
007f1f83,FUN_007f1f83,16,1,1,127
007f1f93,SetBorders,43,1,1,473
007f1fbe,SetBorders,45,1,1,451
007f1feb,FUN_007f1feb,176,0,1,898
007f209b,FUN_007f209b,16,0,1,127
007f20ab,FUN_007f20ab,51,0,1,380
007f20de,FUN_007f20de,308,0,1,1626
007f2212,FUN_007f2212,76,0,1,357
007f225e,FUN_007f225e,99,4,1,492
007f22c1,FUN_007f22c1,97,1,1,609
007f2322,FUN_007f2322,150,11,1,865
007f23b8,FUN_007f23b8,161,2,1,855
007f245a,FUN_007f245a,38,1,1,251
007f2480,CMFCBaseVisualManager,77,1,1,1060
007f24cd,CMFCToolTipInfo,53,5,1,775
007f2502,CMFCVisualManager,269,1,1,1849
007f260f,FUN_007f260f,58,1,1,422
007f264e,FUN_007f264e,11,1,1,195
007f2659,FUN_007f2659,24,3,1,267
007f2671,operator=,88,6,1,1159
007f26c9,FUN_007f26c9,100,0,1,569
007f2732,`scalar_deleting_destructor',54,0,1,559
007f2768,FUN_007f2768,51,0,1,225
007f279b,FUN_007f279b,53,2,1,427
007f27d0,FUN_007f27d0,52,3,1,425
007f2804,AdjustFrames,55,1,1,620
007f283b,FUN_007f283b,76,1,1,632
007f2887,CleanUpThemes,290,3,1,1944
007f29da,DoDrawHeaderSortArrow,290,1,1,1845
007f2afc,FUN_007f2afc,195,0,1,1271
007f2bbf,FUN_007f2bbf,82,0,1,597
007f2c11,FUN_007f2c11,5,0,1,56
007f2c16,DrawComboDropButton,84,0,1,1009
007f2c6a,FUN_007f2c6a,225,0,1,1279
007f2d4b,FUN_007f2d4b,5,0,1,56
007f2d50,DrawRadioButton,131,0,1,1143
007f2dd3,DrawState,45,2,1,582
007f2e00,FUN_007f2e00,304,0,1,1982
007f2f30,FUN_007f2f30,170,0,1,644
007f2fda,FUN_007f2fda,379,0,1,2354
007f3155,FUN_007f3155,11,1,1,129
007f3160,FUN_007f3160,17,0,1,99
007f3171,GetCaptionBarTextColor,37,1,1,566
007f3196,FUN_007f3196,37,0,1,325
007f31bb,GetMenuImageFrameOffset,29,0,1,445
007f31d8,FUN_007f31d8,4,0,1,56
007f31dc,GetMenuItemTextColor,48,1,1,773
007f320c,FUN_007f320c,7,0,1,104
007f3213,GetPropertyGridGroupColor,37,2,1,620
007f3238,GetPropertyGridGroupTextColor,37,1,1,640
007f325d,GetRibbonEditBackgroundColor,37,1,1,704
007f3282,FUN_007f3282,106,1,1,662
007f32ec,FUN_007f32ec,9,0,1,104
007f32f5,FUN_007f32f5,44,0,1,287
007f3321,FUN_007f3321,66,0,1,631
007f3363,FUN_007f3363,6,0,1,90
007f3369,GetShowAllMenuItemsHeight,24,1,1,553
007f3381,FUN_007f3381,33,0,1,245
007f33a2,FUN_007f33a2,9,1,1,129
007f33ab,FUN_007f33ab,490,0,1,1739
007f3595,FUN_007f3595,54,1,1,512
007f35cc,FUN_007f35cc,369,1,1,2325
007f373d,FUN_007f373d,6,0,1,65
007f3743,GetToolTipInfo,33,1,1,471
007f3764,FUN_007f3764,171,1,1,1323
007f380f,FUN_007f380f,9,1,1,129
007f3818,FUN_007f3818,9,0,1,129
007f3821,FUN_007f3821,69,1,1,499
007f3866,FUN_007f3866,71,1,1,546
007f38ad,FUN_007f38ad,53,4,1,338
007f38e3,IsPressed,20,10,1,357
007f38f7,FUN_007f38f7,96,4,1,875
007f3958,FUN_007f3958,165,1,1,823
007f39fd,FUN_007f39fd,173,1,1,1106
007f3aaa,FUN_007f3aaa,169,0,1,971
007f3b53,OnDrawButtonBorder,93,0,1,1026
007f3bb0,FUN_007f3bb0,89,0,1,548
007f3c09,FUN_007f3c09,160,0,1,975
007f3ca9,FUN_007f3ca9,85,1,1,659
007f3cfe,FUN_007f3cfe,117,0,1,710
007f3d73,FUN_007f3d73,348,0,1,2229
007f3ecf,FUN_007f3ecf,67,0,1,395
007f3f12,FUN_007f3f12,401,1,1,2665
007f40a3,FUN_007f40a3,141,0,1,1054
007f4130,FUN_007f4130,335,0,1,2365
007f427f,FUN_007f427f,191,1,1,1277
007f433e,FUN_007f433e,319,1,1,1930
007f447d,OnDrawEditBorder,33,1,1,478
007f449e,OnDrawExpandingBox,209,1,1,1384
007f456f,FUN_007f456f,129,0,1,723
007f45f0,FUN_007f45f0,134,1,1,1082
007f4676,OnDrawHeaderCtrlSortArrow,43,0,1,649
007f46a1,FUN_007f46a1,167,0,1,1070
007f4748,FUN_007f4748,86,0,1,495
007f479e,FUN_007f479e,61,1,1,327
007f47db,FUN_007f47db,114,1,1,731
007f484d,FUN_007f484d,124,0,1,862
007f48c9,FUN_007f48c9,35,0,1,158
007f48ec,FUN_007f48ec,162,0,1,1065
007f498e,OnDrawMenuShadow,89,0,1,1108
007f49e7,OnDrawMenuSystemButton,88,0,1,845
007f4a3f,FUN_007f4a3f,257,1,1,1541
007f4b40,FUN_007f4b40,72,1,1,466
007f4b88,FUN_007f4b88,166,1,1,1082
007f4c2e,FUN_007f4c2e,438,1,1,2088
007f4de4,OnDrawPaneCaption,112,0,1,1043
007f4e54,FUN_007f4e54,284,0,1,2403
007f4f70,FUN_007f4f70,86,0,1,495
007f4fc6,FUN_007f4fc6,159,0,1,1047
007f50b9,OnDrawPropertySheetListItem,81,0,1,931
007f510a,FUN_007f510a,235,1,1,1671
007f5460,FUN_007f5460,6,0,1,65
007f5466,FUN_007f5466,625,1,1,2782
007f56d8,FUN_007f56d8,210,1,1,1410
007f57aa,FUN_007f57aa,317,1,1,1683
007f58e8,FUN_007f58e8,139,1,1,825
007f5a68,FUN_007f5a68,902,1,1,4911
007f5def,FUN_007f5def,93,1,1,380
007f600a,FUN_007f600a,107,1,1,516
007f6075,FUN_007f6075,173,0,1,761
007f6122,FUN_007f6122,193,1,1,1175
007f61e3,FUN_007f61e3,43,1,1,269
007f620e,FUN_007f620e,65,1,1,310
007f624f,FUN_007f624f,343,1,1,2116
007f63a6,FUN_007f63a6,3,0,1,48
007f63a9,FUN_007f63a9,252,1,1,1552
007f64a5,FUN_007f64a5,39,1,1,214
007f64cc,FUN_007f64cc,86,1,1,494
007f6522,FUN_007f6522,72,0,1,466
007f656a,FUN_007f656a,265,1,1,1864
007f6673,FUN_007f6673,259,1,1,1433
007f6776,FUN_007f6776,185,1,1,1365
007f6899,FUN_007f6899,116,0,1,836
007f690d,FUN_007f690d,120,1,1,847
007f6985,FUN_007f6985,352,1,1,2019
007f6ae5,FUN_007f6ae5,370,1,1,1961
007f6c57,FUN_007f6c57,204,0,1,1414
007f6d23,FUN_007f6d23,126,1,1,861
007f6e6e,FUN_007f6e6e,181,1,1,1234
007f6f23,FUN_007f6f23,37,1,1,200
007f714b,FUN_007f714b,86,0,1,496
007f71a1,FUN_007f71a1,38,0,1,285
007f71c7,OnDrawStatusBarPaneBorder,74,0,1,888
007f7211,FUN_007f7211,455,1,1,2653
007f73d8,FUN_007f73d8,222,1,1,1219
007f74b7,FUN_007f74b7,5148,1,1,24862
007f88d4,FUN_007f88d4,130,0,1,996
007f8956,FUN_007f8956,804,0,1,4125
007f8c7a,FUN_007f8c7a,105,0,1,691
007f8ce3,FUN_007f8ce3,107,0,1,693
007f9082,FUN_007f9082,152,0,1,705
007f911a,FUN_007f911a,882,0,1,5212
007f948d,FUN_007f948d,149,0,1,858
007f9522,OnDrawTearOffCaption,89,0,1,830
007f957b,FUN_007f957b,38,0,1,266
007f95a1,FUN_007f95a1,196,0,1,1253
007f9665,FUN_007f9665,41,2,1,270
007f968e,OnEraseTabsButton,41,0,1,589
007f96b7,FUN_007f96b7,87,1,1,423
007f970e,FUN_007f970e,383,1,1,2345
007f988d,OnFillButtonInterior,237,0,1,1853
007f997a,OnFillCaptionBarButton,80,1,1,938
007f99ca,OnFillCommandsListBackground,225,0,1,1450
007f9aab,OnFillHeaderCtrlBackground,70,1,1,708
007f9af1,FUN_007f9af1,56,0,1,367
007f9bd1,FUN_007f9bd1,47,1,1,317
007f9c00,FUN_007f9c00,51,1,1,416
007f9c33,OnFillPopupWindowBackground,41,0,1,566
007f9e93,OnFillRibbonEdit,232,1,1,2002
007f9f7b,FUN_007f9f7b,39,1,1,214
007f9fa2,OnFillRibbonMenuFrame,41,0,1,581
007f9fcb,OnFillRibbonQuickAccessToolBarPopup,41,1,1,614
007f9ff4,FUN_007f9ff4,32,0,1,158
007fa014,FUN_007fa014,212,1,1,1530
007fa0e8,OnFillTasksPaneBackground,41,1,1,531
007fa111,FUN_007fa111,138,0,1,918
007fa19b,OnHighlightMenuItem,41,0,1,596
007fa1c4,FUN_007fa1c4,101,0,1,761
007fa229,FUN_007fa229,417,0,1,2250
007fa3ca,FUN_007fa3ca,172,1,1,1274
007fa476,FUN_007fa476,128,17,1,868
007fa4f6,RibbonCategoryColorToRGB,217,0,1,1468
007fa5cf,FUN_007fa5cf,105,0,1,649
007fa638,FUN_007fa638,132,1,1,658
007fa6bc,UpdateSystemColors,594,2,1,4415
007fa90e,FUN_007fa90e,140,2,1,1083
007fa99d,FUN_007fa99d,63,1,1,399
007fa9dc,FUN_007fa9dc,26,1,1,149
007fa9f6,FUN_007fa9f6,11,2,1,150
007faa01,`scalar_deleting_destructor',57,0,1,546
007faa6a,FUN_007faa6a,6,0,1,74
007faa70,FUN_007faa70,6,0,1,88
007faa76,FUN_007faa76,106,0,1,607
007fab10,HashKey<>,48,2,1,495
007fab40,CMap<>,42,1,1,955
007fab6a,FUN_007fab6a,901,8,1,3020
007faeef,FUN_007faeef,28,2,1,217
007faf0b,FUN_007faf0b,58,1,1,469
007faf4a,FUN_007faf4a,363,13,1,1366
007fb0ba,FUN_007fb0ba,105,3,1,708
007fb124,FUN_007fb124,100,0,1,616
007fb18d,FUN_007fb18d,51,0,1,225
007fb1c0,FUN_007fb1c0,100,3,1,603
007fb224,FUN_007fb224,83,0,1,422
007fb277,FUN_007fb277,132,3,1,693
007fb2fb,FUN_007fb2fb,113,0,1,611
007fb36c,AddBasicCommand,40,1,1,477
007fb394,AddCommandUsage,14,7,1,255
007fb3a2,FUN_007fb3a2,207,0,1,1150
007fb471,FUN_007fb471,526,1,1,2977
007fb67f,FUN_007fb67f,1453,3,1,8109
007fbc2d,FUN_007fbc2d,1030,1,1,6355
007fc033,FUN_007fc033,72,10,1,461
007fc07c,FUN_007fc07c,62,0,1,272
007fc0ba,FUN_007fc0ba,542,1,1,2957
007fc2d8,FUN_007fc2d8,327,0,1,2041
007fc420,FUN_007fc420,568,1,1,3521
007fc659,FUN_007fc659,12,0,1,97
007fc665,FUN_007fc665,90,1,1,454
007fc6bf,FUN_007fc6bf,82,11,1,514
007fc712,FUN_007fc712,60,3,1,156
007fc74e,FUN_007fc74e,297,1,1,1709
007fc878,FUN_007fc878,230,2,1,1324
007fc95e,FUN_007fc95e,102,0,1,579
007fc9c4,FUN_007fc9c4,2500,1,1,11835
007fd389,FUN_007fd389,196,0,1,1035
007fd44d,FUN_007fd44d,478,0,1,1838
007fd62b,FUN_007fd62b,63,0,1,339
007fd66a,FUN_007fd66a,126,1,1,698
007fd6e8,FUN_007fd6e8,82,0,1,628
007fd73b,FUN_007fd73b,395,2,1,2064
007fd8c6,FUN_007fd8c6,226,1,1,1556
007fd9a8,FUN_007fd9a8,26,0,1,165
007fd9c2,FUN_007fd9c2,16,2,1,127
007fd9d2,FUN_007fd9d2,51,0,1,243
007fda05,FUN_007fda05,990,1,1,7055
007fdde4,FUN_007fdde4,6,3,1,69
007fddea,GetAnimationType,62,13,1,595
007fde28,GetAssocAt,81,2,1,1212
007fde79,FUN_007fde79,37,68,1,326
007fde9f,GetButtonStyle,22,4,1,412
007fdeb5,FUN_007fdeb5,58,1,1,298
007fdeef,FUN_007fdeef,140,6,1,1117
007fdf7c,FUN_007fdf7c,7,17,1,105
007fdf83,FUN_007fdf83,135,13,1,885
007fe00a,FUN_007fe00a,41,6,1,348
007fe033,FUN_007fe033,20,1,1,210
007fe047,FUN_007fe047,19,3,1,196
007fe05a,FUN_007fe05a,71,1,1,457
007fe0a1,FUN_007fe0a1,66,6,1,459
007fe0e3,FUN_007fe0e3,106,0,1,903
007fe14e,GetItemID,22,1,1,402
007fe164,FUN_007fe164,55,0,1,605
007fe19c,FUN_007fe19c,51,1,1,297
007fe1cf,FUN_007fe1cf,187,23,1,629
007fe28a,FUN_007fe28a,6,0,1,74
007fe290,GetResourceOffset,42,1,1,546
007fe2ba,FUN_007fe2ba,180,0,1,1167
007fe36e,FUN_007fe36e,6,0,1,84
007fe374,FUN_007fe374,113,0,1,748
007fe3e6,FUN_007fe3e6,180,0,1,1223
007fe49b,FUN_007fe49b,130,0,1,766
007fe51e,FUN_007fe51e,178,1,1,1026
007fe5d1,FUN_007fe5d1,132,0,1,741
007fe655,FUN_007fe655,244,16,1,1251
007fe749,IsBasicCommand,28,1,1,363
007fe765,FUN_007fe765,84,2,1,519
007fe7b9,FUN_007fe7b9,27,3,1,127
007fe7d4,IsCommandRarelyUsed,103,3,1,691
007fe83b,FUN_007fe83b,24,2,1,136
007fe853,IsStandardCommand,79,5,1,495
007fe8a2,IsUserDefined,112,2,1,1246
007fe912,FUN_007fe912,603,0,1,3898
007feb6d,FUN_007feb6d,81,1,1,561
007febbe,FUN_007febbe,206,1,1,1057
007fec8c,FUN_007fec8c,148,0,1,970
007fed20,FUN_007fed20,205,1,1,1542
007fedee,FUN_007fedee,412,1,1,2206
007fef8a,Catch@007fef8a,14,0,1,90
007fefa5,FUN_007fefa5,314,1,1,2067
007ff0df,Catch@007ff0df,72,0,1,417
007ff127,FUN_007ff127,84,1,1,588
007ff17b,FUN_007ff17b,596,0,1,2802
007ff3d0,Lookup,40,5,1,698
007ff3f8,FUN_007ff3f8,122,1,1,980
007ff473,FUN_007ff473,296,0,1,1860
007ff59b,FUN_007ff59b,96,0,1,527
007ff5fb,FUN_007ff5fb,73,0,1,404
007ff644,FUN_007ff644,122,0,1,713
007ff6be,FUN_007ff6be,110,0,1,533
007ff72c,OnBeforeChangeParent,58,0,1,641
007ff766,OnCalcSeparatorRect,113,0,1,1245
007ff7d7,FUN_007ff7d7,340,4,1,1928
007ff92c,FUN_007ff92c,1716,1,1,9185
007fffe0,FUN_007fffe0,129,0,1,723
00800061,FUN_00800061,263,0,1,1392
008004a3,FUN_008004a3,382,2,1,1960
00800621,FUN_00800621,171,0,1,1057
008006cc,FUN_008006cc,137,1,1,801
00800756,FUN_00800756,124,2,1,796
008007d3,FUN_008007d3,72,0,1,517
0080081b,FUN_0080081b,133,0,1,895
008008a0,FUN_008008a0,431,2,1,2238
00800a4f,FUN_00800a4f,624,0,1,3197
00800cbf,OnGetButton,57,0,1,607
00800d01,FUN_00800d01,68,0,1,334
00800d45,FUN_00800d45,42,0,1,222
00800d6f,FUN_00800d6f,76,0,1,482
00800dbc,FUN_00800dbc,205,0,1,1185
00800e89,FUN_00800e89,77,0,1,477
00800ed6,FUN_00800ed6,212,3,1,1200
00800faa,FUN_00800faa,2500,4,1,13638
0080196f,FUN_0080196f,1014,4,1,4991
00801d65,FUN_00801d65,367,1,1,2086
00801ed4,FUN_00801ed4,1390,4,1,8469
00802443,FUN_00802443,21,1,1,107
00802463,FUN_00802463,248,0,1,1449
0080255b,FUN_0080255b,182,1,1,1491
00802612,OnRButtonDown,75,0,1,729
0080265d,FUN_0080265d,73,0,1,303
008026a6,FUN_008026a6,322,1,1,1765
008027e8,FUN_008027e8,145,2,1,872
00802879,OnSetFocus,137,1,1,1220
00802902,FUN_00802902,72,1,1,354
0080294a,OnShowWindow,90,0,1,785
008029a4,FUN_008029a4,250,2,1,1272
00802a9e,FUN_00802a9e,70,1,1,376
00802ae4,FUN_00802ae4,870,3,1,3630
00802e4a,FUN_00802e4a,207,1,1,934
00802f19,FUN_00802f19,60,0,1,283
00803254,FUN_00803254,224,0,1,1295
00803334,FUN_00803334,160,0,1,1042
0080345e,FUN_0080345e,187,2,1,1168
00803519,OnUpdateToolTips,41,0,1,437
00803542,FUN_00803542,199,1,1,1519
00803609,FUN_00803609,131,0,1,860
008036ce,FUN_008036ce,262,4,1,1324
008037d4,FUN_008037d4,299,0,1,1866
008038ff,FUN_008038ff,82,2,1,449
00803951,FUN_00803951,166,6,1,968
008039f7,FUN_008039f7,138,3,1,799
00803a81,FUN_00803a81,195,4,1,1198
00803b44,FUN_00803b44,116,2,1,665
00803bb8,FUN_00803bb8,453,0,1,2177
00803d7d,FUN_00803d7d,113,1,1,826
00803def,FUN_00803def,222,0,1,1088
00803ecd,FUN_00803ecd,135,1,1,609
00803f54,RestoreFocus,95,0,1,738
00803fb3,FUN_00803fb3,404,0,1,2046
00804147,FUN_00804147,52,0,1,255
0080417b,FUN_0080417b,52,1,1,256
008041af,FUN_008041af,544,1,1,2749
008043cf,Catch@008043cf,14,0,1,90
008043e3,FUN_008043e3,55,1,1,384
0080441a,FUN_0080441a,68,6,1,353
0080445e,FUN_0080445e,172,0,1,1072
0080450a,FUN_0080450a,756,1,1,4606
008047fe,Catch@008047fe,14,0,1,84
0080480c,Catch_All@0080480c,6,0,1,69
00804812,FUN_00804812,105,0,1,506
0080487b,FUN_0080487b,58,1,1,478
008048b6,FUN_008048b6,1087,0,1,5483
00804cf6,FUN_00804cf6,107,0,1,708
00804d62,FUN_00804d62,410,2,1,2889
00804efd,FUN_00804efd,132,4,1,855
00804f82,FUN_00804f82,155,7,1,839
0080501d,FUN_0080501d,717,0,1,3421
008052eb,FUN_008052eb,391,2,1,1855
00805472,FUN_00805472,139,1,1,737
008054fd,FUN_008054fd,81,0,1,489
0080554f,FUN_0080554f,42,7,1,316
00805579,FUN_00805579,185,3,1,1095
00805632,FUN_00805632,452,1,1,2004
008057f6,FUN_008057f6,246,0,1,1762
008058ed,FUN_008058ed,89,1,1,532
00805946,FUN_00805946,421,1,1,1883
00805aeb,FUN_00805aeb,52,3,1,279
00805b1f,FUN_00805b1f,106,1,1,555
00805b89,FUN_00805b89,501,2,1,2910
00805d7f,FUN_00805d7f,940,0,1,5128
0080612c,FUN_0080612c,279,0,1,1726
00806243,FUN_00806243,348,0,1,2174
008063a0,FUN_008063a0,234,0,1,1318
0080648a,FUN_0080648a,211,2,1,1285
0080655d,UpdateImagesColor,162,2,1,588
008065ff,FUN_008065ff,370,6,1,1848
00806771,FUN_00806771,692,3,1,3936
00806a26,FUN_00806a26,132,0,1,833
00806aaa,FUN_00806aaa,208,0,1,1271
00806b7a,FUN_00806b7a,184,0,1,1281
00806c32,FUN_00806c32,101,0,1,818
00806c97,FUN_00806c97,53,0,1,351
00806ccc,FUN_00806ccc,153,1,1,867
00806d66,FUN_00806d66,38,1,1,273
00806d8c,CMap<>,42,1,1,915
00806db6,FUN_00806db6,526,1,1,2074
00806fc4,FUN_00806fc4,69,3,1,295
00807009,FUN_00807009,12,0,1,65
00807015,FUN_00807015,253,1,1,1341
00807112,FUN_00807112,58,1,1,479
00807151,FUN_00807151,58,2,1,429
00807190,FUN_00807190,192,5,1,1157
00807255,FUN_00807255,10,4,1,67
0080725f,~CMFCTabInfo,36,1,1,373
00807283,operator=,54,1,1,843
008072b9,FUN_008072b9,100,0,1,626
00807322,FUN_00807322,100,0,1,576
0080738b,FUN_0080738b,51,0,1,225
008073be,`scalar_deleting_destructor',39,1,1,402
008073e5,FUN_008073e5,48,0,1,225
00807415,`scalar_deleting_destructor',48,0,1,489
00807445,FUN_00807445,133,0,1,995
008074cb,FUN_008074cb,99,0,1,541
0080752e,AddTail,80,2,1,988
0080757e,FUN_0080757e,974,0,1,6519
0080794c,FUN_0080794c,255,0,1,1117
00807a4b,FUN_00807a4b,62,0,1,364
00807a89,FUN_00807a89,407,0,1,2453
00807c20,FUN_00807c20,1436,0,1,7410
008081bc,FUN_008081bc,116,4,1,570
00808230,FUN_00808230,230,2,1,1413
00808316,EnableTabDetach,49,0,1,522
00808347,FUN_00808347,152,1,1,715
008083df,FUN_008083df,85,1,1,473
00808434,FUN_00808434,208,0,1,983
00808504,FireChangingActiveTab,104,0,1,905
0080856c,FUN_0080856c,30,0,1,227
0080858a,FUN_0080858a,38,0,1,189
008085b0,FUN_008085b0,114,0,1,688
00808622,GetLastVisibleTab,67,0,1,631
00808665,FUN_00808665,257,0,1,1893
00808766,FUN_00808766,6,0,1,74
0080876c,FUN_0080876c,6,0,1,88
00808772,GetTabBkColor,92,0,1,733
008087ce,GetTabByID,61,0,1,551
0080880b,FUN_0080880b,126,0,1,880
00808889,GetTabFromPoint,83,1,1,673
008088dc,GetTabFullWidth,41,0,1,468
00808905,GetTabHicon,41,0,1,519
0080892e,GetTabID,42,1,1,447
00808958,GetTabIcon,42,0,1,490
00808982,FUN_00808982,83,0,1,584
008089d5,FUN_008089d5,21,0,1,150
008089ea,GetTabRect,70,0,1,787
00808a30,GetTabTextColor,42,0,1,507
00808a5a,GetTabWnd,41,0,1,500
00808a83,FUN_00808a83,90,0,1,662
00808add,FUN_00808add,7,0,1,105
00808aea,GetVisibleTabsNum,59,0,1,584
00808b25,FUN_00808b25,100,0,1,565
00808b89,FUN_00808b89,56,0,1,264
00808bc1,InitAutoColors,356,0,1,1756
00808d25,FUN_00808d25,148,1,1,948
00808dba,FUN_00808dba,136,0,1,1041
00808e43,FUN_00808e43,563,0,1,2853
00809077,FUN_00809077,111,5,1,650
008090e6,FUN_008090e6,61,0,1,400
00809123,IsTabDetachable,41,1,1,468
0080914c,IsTabIconOnly,41,0,1,464
00809175,IsTabVisible,41,0,1,462
0080919e,FUN_0080919e,449,2,1,2137
0080935f,FUN_0080935f,108,1,1,912
008093cc,FUN_008093cc,187,2,1,1067
00809487,OnCreate,69,1,1,785
008094cc,FUN_008094cc,33,1,1,183
008094ed,FUN_008094ed,94,0,1,612
0080954c,FUN_0080954c,39,0,1,327
00809574,FUN_00809574,194,0,1,1162
00809637,FUN_00809637,101,0,1,626
0080969d,FUN_0080969d,150,1,1,766
00809733,FUN_00809733,490,2,1,2413
0080991d,FUN_0080991d,944,2,1,4611
00809ccd,FUN_00809ccd,845,2,1,4153
0080a01a,FUN_0080a01a,334,0,1,2019
0080a169,FUN_0080a169,218,0,1,1061
0080a243,FUN_0080a243,143,0,1,708
0080a2f2,FUN_0080a2f2,22,1,1,124
0080a308,FUN_0080a308,374,1,1,1930
0080a47e,RemoveAll,54,4,1,833
0080a4b4,FUN_0080a4b4,253,0,1,1266
0080a5b1,FUN_0080a5b1,97,5,1,723
0080a613,FUN_0080a613,500,0,1,2908
0080a807,FUN_0080a807,193,0,1,1174
0080a8c8,FUN_0080a8c8,44,1,1,203
0080a8f4,Serialize,167,0,1,1688
0080a99b,FUN_0080a99b,387,0,1,2845
0080ab1e,FUN_0080ab1e,114,0,1,847
0080ab90,FUN_0080ab90,82,0,1,454
0080abe2,FUN_0080abe2,16,0,1,127
0080abf2,FUN_0080abf2,186,3,1,911
0080acac,FUN_0080acac,46,1,1,276
0080acda,FUN_0080acda,291,1,1,1641
0080adfd,FUN_0080adfd,164,1,1,1107
0080aea2,FUN_0080aea2,81,0,1,418
0080aef3,SetTabBkColor,49,0,1,532
0080af24,FUN_0080af24,92,0,1,452
0080af80,FUN_0080af80,190,0,1,1169
0080b03e,SetTabIcon,70,0,1,670
0080b084,FUN_0080b084,81,0,1,543
0080b0d5,FUN_0080b0d5,392,0,1,2511
0080b25d,SetTabTextColor,49,0,1,536
0080b28e,SetTabsHeight,62,1,1,583
0080b2cc,FUN_0080b2cc,218,1,1,1491
0080b3a6,FUN_0080b3a6,328,0,1,1840
0080b4ee,FUN_0080b4ee,394,0,1,2400
0080b679,SwapTabs,77,1,1,543
0080b6c6,FUN_0080b6c6,149,0,1,1039
0080b75b,FUN_0080b75b,193,0,1,1126
0080b81c,FUN_0080b81c,244,0,1,1337
0080b910,FUN_0080b910,229,0,1,1537
0080b9f5,FUN_0080b9f5,24,0,1,137
0080ba0d,get_accChildCount,100,0,1,858
0080ba71,FUN_0080ba71,90,0,1,529
0080bacb,FUN_0080bacb,155,0,1,1132
0080bb67,FUN_0080bb67,115,0,1,746
0080bbda,FUN_0080bbda,106,0,1,620
0080bc44,FUN_0080bc44,111,0,1,746
0080bd31,FUN_0080bd31,138,1,1,748
0080bdc0,`scalar_deleting_destructor',51,0,1,494
0080bdf3,FUN_0080bdf3,93,1,1,594
0080be50,FUN_0080be50,129,0,1,700
0080bed1,FUN_0080bed1,7,0,1,105
0080bed8,FUN_0080bed8,20,0,1,165
0080beec,FUN_0080beec,154,0,1,956
0080bf86,FUN_0080bf86,33,0,1,171
0080bfa7,FUN_0080bfa7,16,0,1,127
0080bfb7,FUN_0080bfb7,98,0,1,631
0080c019,FUN_0080c019,7,0,1,105
0080c020,FUN_0080c020,336,0,1,2105
0080c170,FUN_0080c170,6,0,1,74
0080c176,FUN_0080c176,22,0,1,198
0080c18c,FUN_0080c18c,6,0,1,87
0080c192,FUN_0080c192,115,0,1,533
0080c205,FUN_0080c205,39,0,1,301
0080c22c,FUN_0080c22c,7,0,1,105
0080c233,FUN_0080c233,39,0,1,301
0080c25a,FUN_0080c25a,7,0,1,105
0080c261,FUN_0080c261,7,0,1,105
0080c268,FUN_0080c268,6,0,1,67
0080c26e,FUN_0080c26e,39,0,1,301
0080c295,FUN_0080c295,754,0,1,4166
0080c587,Catch@0080c587,14,0,1,90
0080c595,Catch@0080c595,14,0,1,90
0080c5a6,FUN_0080c5a6,67,1,1,433
0080c5e9,FUN_0080c5e9,32,0,1,166
0080c7d2,FUN_0080c7d2,686,0,1,3442
0080ca80,Catch@0080ca80,14,0,1,84
0080ca8e,Catch@0080ca8e,14,0,1,84
0080cacc,CMFCOutlookBarPane,239,1,1,1558
0080cbbb,~CMFCOutlookBarPane,50,1,1,381
0080cbed,`scalar_deleting_destructor',51,0,1,519
0080cef2,FUN_0080cef2,81,0,1,511
0080cf43,FUN_0080cf43,180,0,1,1039
0080cff8,Create,41,0,1,521
0080d021,FUN_0080d021,72,0,1,564
0080d52f,EnableContextMenuItems,148,0,1,830
0080d5c3,FUN_0080d5c3,6,0,1,74
0080d5c9,FUN_0080d5c9,6,0,1,91
0080d5cf,FUN_0080d5cf,94,0,1,605
0080d62e,FUN_0080d62e,198,0,1,1388
0080d6f4,FUN_0080d6f4,311,0,1,1319
0080d82b,FUN_0080d82b,254,0,1,1577
0080d929,FUN_0080d929,200,0,1,1239
0080d9f1,OnLButtonUp,56,0,1,647
0080da29,FUN_0080da29,100,0,1,590
0080da92,FUN_0080da92,9,0,1,67
0080da9b,FUN_0080da9b,129,0,1,783
0080db1d,OnSysColorChange,64,0,1,602
0080db5d,OnTimer,111,0,1,835
0080dbcc,FUN_0080dbcc,402,0,1,2063
0080dd5e,FUN_0080dd5e,74,0,1,347
0080ddf8,FUN_0080ddf8,124,4,1,658
0080de74,FUN_0080de74,167,2,1,1144
0080df1b,FUN_0080df1b,169,2,1,1176
0080dfc4,FUN_0080dfc4,151,5,1,803
0080e05b,FUN_0080e05b,209,1,1,1095
0080e12c,FUN_0080e12c,201,0,1,1329
0080e1f6,CMFCTabCtrl,616,1,1,3735
0080e463,FUN_0080e463,151,3,1,686
0080e4ff,FUN_0080e4ff,100,0,1,594
0080e568,FUN_0080e568,51,0,1,225
0080e59b,FUN_0080e59b,142,3,1,767
0080e629,FUN_0080e629,2711,0,1,15989
0080f0c1,FUN_0080f0c1,187,0,1,1030
0080f17c,FUN_0080f17c,264,0,1,1527
0080f284,FUN_0080f284,256,2,1,1574
0080f3b4,FUN_0080f3b4,198,0,1,1234
0080f47a,FUN_0080f47a,77,0,1,536
0080f4c7,DrawResizeDragRect,120,0,1,894
0080f53f,FUN_0080f53f,73,1,1,332
0080f588,FUN_0080f588,25,0,1,174
0080f5a1,FUN_0080f5a1,205,2,1,1260
0080f66f,FUN_0080f66f,527,0,1,2986
0080f87f,FUN_0080f87f,114,0,1,710
0080f8f1,GetDocumentIcon,32,1,1,486
0080f911,FUN_0080f911,6,0,1,74
0080f917,FUN_0080f917,6,0,1,84
0080f91d,FUN_0080f91d,373,0,1,2260
0080fa92,FUN_0080fa92,71,3,1,324
0080fad9,FUN_0080fad9,65,1,1,286
0080fb1a,FUN_0080fb1a,65,0,1,286
0080fb5b,FUN_0080fb5b,35,0,1,334
0080fb7e,FUN_0080fb7e,26,0,1,181
0080fb98,FUN_0080fb98,117,3,1,494
0080fc0d,FUN_0080fc0d,88,0,1,380
0080fc65,FUN_0080fc65,135,0,1,850
0080fcec,FUN_0080fcec,745,0,1,4107
0081046b,OnDestroy,67,0,1,485
008104ae,FUN_008104ae,45,0,1,268
008104db,FUN_008104db,3149,0,1,16286
00811129,FUN_00811129,81,0,1,471
0081117a,FUN_0081117a,138,0,1,818
00811204,FUN_00811204,95,0,1,506
00811263,FUN_00811263,315,0,1,1461
0081139e,FUN_0081139e,224,0,1,1411
0081147e,FUN_0081147e,479,0,1,2626
0081165d,FUN_0081165d,295,0,1,1617
00811784,FUN_00811784,880,0,1,5719
00811af4,FUN_00811af4,145,0,1,870
00811c1f,FUN_00811c1f,218,0,1,1471
00811cf9,FUN_00811cf9,52,0,1,275
00811d2d,FUN_00811d2d,82,0,1,381
00811d7f,FUN_00811d7f,616,0,1,4072
00811fe8,FUN_00811fe8,273,0,1,1217
00812169,FUN_00812169,235,0,1,1393
00812254,FUN_00812254,55,0,1,286
0081228b,FUN_0081228b,52,0,1,279
008122bf,FUN_008122bf,540,0,1,2663
008124db,FUN_008124db,1671,0,1,9041
00812b62,FUN_00812b62,272,1,1,1554
00812c73,FUN_00812c73,171,0,1,1071
00812d1e,FUN_00812d1e,1320,0,1,6723
00813246,FUN_00813246,57,1,1,258
0081327f,FUN_0081327f,16,1,1,127
0081328f,FUN_0081328f,9,0,1,67
00813298,FUN_00813298,9,0,1,67
008132a1,SetPressed,40,1,1,386
008132c9,FUN_008132c9,42,4,1,201
008132f3,FUN_008132f3,235,2,1,1187
008133de,SetTabsHeight,75,0,1,689
00813429,FUN_00813429,254,2,1,1485
00813527,SwapTabs,60,0,1,557
00813563,FUN_00813563,211,7,1,1080
00813636,FUN_00813636,351,2,1,2174
00813796,CFixedAllocNoSync,44,1,1,548
008137c2,~refcount_ptr<boost::exception_detail::error_info_container>,52,2,1,859
008137fb,Alloc,68,1,1,817
0081383f,FreeAll,21,2,1,448
00813854,FUN_00813854,34,0,1,202
00813876,FUN_00813876,38,7,1,238
0081389c,FUN_0081389c,58,11,1,412
008138db,FUN_008138db,100,0,1,559
00813944,AddHead,56,1,1,873
0081397c,AddTail,55,11,1,871
008139b3,AddTail,60,3,1,593
008139ef,FUN_008139ef,51,1,1,368
00813a22,FUN_00813a22,60,1,1,508
00813a5f,FUN_00813a5f,6,0,1,84
00813a65,InsertBefore,73,1,1,1040
00813aae,InsertBefore,63,1,1,688
00813aed,FUN_00813aed,106,3,1,906
00813b58,FUN_00813b58,63,11,1,665
00813b98,FUN_00813b98,106,1,1,725
00813c03,FUN_00813c03,129,0,1,1063
00813c84,FUN_00813c84,23,1,1,249
00813c9b,FUN_00813c9b,313,1,1,1315
00813dd4,FUN_00813dd4,49,2,1,271
00813e05,FUN_00813e05,62,4,1,631
00813e43,~CTaskDialog,111,3,1,460
00813eb2,FUN_00813eb2,11,13,1,67
00813ebd,operator=,40,1,1,623
00813ee5,FUN_00813ee5,48,0,1,225
00813f15,`scalar_deleting_destructor',51,0,1,488
00813f48,`scalar_deleting_destructor',40,2,1,428
00813f70,FUN_00813f70,113,1,1,627
00813fe2,FUN_00813fe2,119,1,1,655
0081405a,FUN_0081405a,247,1,1,2137
00814151,FreeStruct,50,1,1,598
00814183,GetButtonData,87,1,1,1144
008141da,FUN_008141da,4,0,1,56
008141de,GetCommonButtonFlag,70,0,1,656
00814224,GetCommonButtonId,69,0,1,652
00814269,FUN_00814269,6,0,1,84
00814274,FUN_00814274,121,1,1,1069
008142ee,OnHyperlinkClick,30,0,1,551
0081430c,Serialize,64,0,1,873
0081434c,FUN_0081434c,55,1,1,445
00814384,FUN_00814384,638,3,1,4010
00814603,ShowDialog,95,1,1,1554
008149b2,FUN_008149b2,101,2,1,404
00814a17,FUN_00814a17,40,1,1,184
00814a3f,FUN_00814a3f,11,4,1,131
00814a4a,`scalar_deleting_destructor',57,0,1,543
00814a83,AfxOleHookProc,75,0,1,534
00814ace,FUN_00814ace,139,2,1,879
00814b59,FUN_00814b59,6,0,1,87
00814b5f,MapResult,36,1,1,388
00814b83,FUN_00814b83,87,1,1,596
00814bda,GetInPlaceWindow,52,3,1,605
00814c0e,FUN_00814c0e,79,1,1,244
00814c5d,CreateCopy,35,1,1,402
00814c80,FUN_00814c80,156,9,1,410
00814d1c,FUN_00814d1c,122,37,1,723
00814d96,FUN_00814d96,436,3,1,1942
00814f4a,SetColor,306,2,1,1531
0081507c,FUN_0081507c,122,35,1,562
008150f6,CDrawingManager,21,81,1,352
0081510b,FUN_0081510b,7,160,1,114
00815112,FUN_00815112,49,0,1,272
00815143,FUN_00815143,95,1,1,334
008151a2,FUN_008151a2,163,14,1,1267
00815245,FUN_00815245,409,1,1,2534
008153de,FUN_008153de,115,3,1,431
00815451,FUN_00815451,3261,4,1,21117
0081610f,FUN_0081610f,2005,1,1,10155
008168e5,FUN_008168e5,644,8,1,4264
00816b6a,FUN_00816b6a,704,18,1,5231
00816e2b,FUN_00816e2b,1261,5,1,8102
00817319,DrawState,73,3,1,816
00817362,FUN_00817362,155,5,1,786
00817514,FUN_00817514,844,2,1,4249
00817861,FUN_00817861,474,40,1,3071
00817a3c,FUN_00817a3c,777,2,1,5355
00817d46,FUN_00817d46,267,11,1,777
00817e51,FUN_00817e51,264,3,1,1113
00817f59,FUN_00817f59,236,1,1,385
00818045,FUN_00818045,1130,8,1,8513
008184b0,FUN_008184b0,175,1,1,67
0081855f,FUN_0081855f,151,1,1,721
008185f6,FUN_008185f6,767,1,1,6261
008188f6,FUN_008188f6,111,10,1,553
00818965,FUN_00818965,130,2,1,443
008189e7,FUN_008189e7,92,8,1,383
00818a43,FUN_00818a43,651,1,1,3540
00818cce,FUN_00818cce,387,9,1,1328
00818e51,FUN_00818e51,336,1,1,1259
00818fa1,FUN_00818fa1,198,1,1,1246
00819067,FUN_00819067,54,1,1,277
0081909d,FUN_0081909d,342,3,1,1665
008191f4,FUN_008191f4,744,1,1,3427
008194dc,FUN_008194dc,24,1,1,163
008194f4,FUN_008194f4,382,12,1,2377
00819672,CreateToolTipObject,142,1,1,1272
00819700,FUN_00819700,146,9,1,1022
00819792,RemoveAt,57,7,1,743
008197cb,FUN_008197cb,325,2,1,2086
00819910,UpdateTooltips,55,1,1,626
00819947,FUN_00819947,55,9,1,319
0081997e,~CTagManager,17,87,1,289
0081998f,`scalar_deleting_destructor',48,0,1,485
008199bf,FUN_008199bf,775,16,1,5368
00819cc6,FUN_00819cc6,257,1,1,1828
00819dc8,FUN_00819dc8,571,1,1,4309
0081a003,FUN_0081a003,204,2,1,1350
0081a0cf,FUN_0081a0cf,529,3,1,2160
0081a2e0,FUN_0081a2e0,800,1,1,4338
0081a601,FUN_0081a601,359,1,1,2413
0081a769,FUN_0081a769,923,1,1,5974
0081ab05,FUN_0081ab05,359,2,1,2422
0081ac6d,FUN_0081ac6d,375,4,1,3045
0081ade4,FUN_0081ade4,365,1,1,2004
0081af51,ParseToolTipInfo,642,1,1,3154
0081b1d3,FUN_0081b1d3,108,4,1,806
0081b2a5,FUN_0081b2a5,83,4,1,584
0081b2f8,FUN_0081b2f8,86,1,1,611
0081b34e,FUN_0081b34e,83,1,1,584
0081b3a1,FUN_0081b3a1,83,1,1,584
0081b3f4,FUN_0081b3f4,103,3,1,936
0081b45b,FUN_0081b45b,83,1,1,584
0081b4ae,FUN_0081b4ae,83,3,1,584
0081b501,FUN_0081b501,86,1,1,611
0081b557,FUN_0081b557,83,1,1,588
0081b5aa,FUN_0081b5aa,42,4,1,295
0081b5d4,CreatePopupMenu,48,2,1,645
0081b772,FUN_0081b772,358,11,1,1442
0081b8d8,CMFCShadowWnd,78,1,1,713
0081b926,FUN_0081b926,263,8,1,1495
0081ba32,FUN_0081ba32,28,1,1,150
0081ba4e,`scalar_deleting_destructor',51,0,1,492
0081ba81,`scalar_deleting_destructor',51,0,1,492
0081bab4,FUN_0081bab4,377,8,1,2292
0081bc2d,FUN_0081bc2d,805,7,1,4134
0081bf52,FUN_0081bf52,323,2,1,2051
0081c095,FUN_0081c095,170,6,1,742
0081c13f,FUN_0081c13f,102,1,1,665
0081c1a6,FUN_0081c1a6,906,0,1,4290
0081c531,FUN_0081c531,230,0,1,1379
0081c617,FUN_0081c617,906,0,1,5717
0081c9a2,FUN_0081c9a2,1453,1,1,8392
0081cf4f,FUN_0081cf4f,1109,0,1,6780
0081d3a4,EnableResize,68,1,1,632
0081d3e8,FUN_0081d3e8,36,1,1,208
0081d40c,FUN_0081d40c,60,2,1,382
0081d448,FUN_0081d448,32,1,1,201
0081d468,FUN_0081d468,7,0,1,81
0081d46f,FUN_0081d46f,37,4,1,185
0081d494,FUN_0081d494,33,3,1,225
0081d4b5,FUN_0081d4b5,6,0,1,74
0081d4bb,FUN_0081d4bb,6,0,1,74
0081d4c1,FUN_0081d4c1,104,0,1,1115
0081d529,FUN_0081d529,91,27,1,744
0081d584,FUN_0081d584,27,7,1,264
0081d59f,FUN_0081d59f,6,0,1,86
0081d5a5,GetSafeActivePopupMenu,48,10,1,613
0081d5d5,FUN_0081d5d5,47,2,1,311
0081d604,FUN_0081d604,12,2,1,97
0081d610,FUN_0081d610,1636,0,1,7317
0081dc75,FUN_0081dc75,564,1,1,3407
0081dea9,FUN_0081dea9,61,6,1,327
0081dee6,FUN_0081dee6,58,4,1,300
0081df20,FUN_0081df20,152,0,1,912
0081dfb8,FUN_0081dfb8,40,0,1,216
0081dfe0,IsShowAllCommands,39,3,1,495
0081e007,FUN_0081e007,125,3,1,800
0081e084,FUN_0081e084,83,0,1,401
0081e0d7,FUN_0081e0d7,82,0,1,562
0081e129,FUN_0081e129,411,1,1,2242
0081e2c4,FUN_0081e2c4,909,1,1,6015
0081e651,FUN_0081e651,1098,2,1,5726
0081ea9b,OnLButtonDown,97,1,1,822
0081eafc,OnLButtonUp,61,0,1,499
0081eb3f,FUN_0081eb3f,285,1,1,1510
0081ec5c,OnMouseWheel,95,0,1,611
0081ecbb,OnNcHitTest,225,0,1,1578
0081ed9c,OnNcLButtonDown,64,0,1,619
0081eddc,FUN_0081eddc,103,0,1,606
0081eea1,OnSetCursor,150,0,1,1027
0081ef37,FUN_0081ef37,29,0,1,163
0081ef54,FUN_0081ef54,277,0,1,1445
0081f1c6,FUN_0081f1c6,761,1,1,3593
0081f4bf,FUN_0081f4bf,367,2,1,2110
0081f64f,FUN_0081f64f,73,0,1,446
0081f698,FUN_0081f698,56,1,1,317
0081f6d0,FUN_0081f6d0,72,0,1,426
0081f718,FUN_0081f718,199,0,1,1135
0081f7df,FUN_0081f7df,4505,0,1,20482
00820978,FUN_00820978,49,2,1,279
008209a9,FUN_008209a9,58,1,1,300
008209e3,FUN_008209e3,250,2,1,1248
00820add,FUN_00820add,175,0,1,890
00820b8d,FUN_00820b8d,50,5,1,249
00820bbf,FUN_00820bbf,22,5,1,152
00820bd5,SetQuickMode,32,2,1,408
00820bf5,FUN_00820bf5,594,2,1,2978
00820e47,FUN_00820e47,272,3,1,1419
00820f57,FUN_00820f57,902,1,1,5881
008212dd,FUN_008212dd,994,0,1,5623
008216bf,FUN_008216bf,144,1,1,675
0082174f,FUN_0082174f,52,5,1,320
00821783,FUN_00821783,294,4,1,1674
008218a9,FUN_008218a9,1047,3,1,5825
00821cc0,FUN_00821cc0,112,0,1,732
00821d30,FUN_00821d30,84,0,1,541
00821d84,FUN_00821d84,210,0,1,1352
00821e57,get_accParent,82,0,1,963
00821ea9,FUN_00821ea9,125,0,1,772
00821f26,FUN_00821f26,125,0,1,777
0082200a,FUN_0082200a,453,1,1,2308
008221cf,FUN_008221cf,424,2,1,2525
00822377,FUN_00822377,255,1,1,1345
00822476,FUN_00822476,25,1,1,193
0082248f,FUN_0082248f,134,1,1,889
00822515,FUN_00822515,123,1,1,842
00822591,FUN_00822591,155,4,1,770
00822631,FUN_00822631,100,0,1,682
0082269a,`scalar_deleting_destructor',51,0,1,488
008226cd,`scalar_deleting_destructor',51,0,1,572
00822700,FUN_00822700,935,0,1,4560
00822aa7,FUN_00822aa7,6,0,1,67
00822aad,FUN_00822aad,83,0,1,487
00822b00,FUN_00822b00,556,1,1,3089
00822d2d,Create,78,0,1,750
00822d7b,FUN_00822d7b,396,0,1,2371
00822f07,FUN_00822f07,264,2,1,1538
00823010,DoPaint,48,0,1,496
00823040,FUN_00823040,109,1,1,574
008230ad,FUN_008230ad,61,0,1,367
008230ea,FUN_008230ea,190,1,1,1046
008231a8,GetCurrentMenuImageSize,47,0,1,596
008231d7,FUN_008231d7,160,1,1,905
00823277,GetInvalidateRect,23,0,1,547
0082328e,FUN_0082328e,44,1,1,316
008232ba,FUN_008232ba,6,0,1,74
008232c0,FUN_008232c0,6,0,1,85
008232c6,FUN_008232c6,6,0,1,95
008232cc,FUN_008232cc,65,0,1,548
0082330d,FUN_0082330d,139,3,1,802
00823398,IsEditable,40,0,1,537
008233c0,FUN_008233c0,4,0,1,104
008233c4,FUN_008233c4,94,0,1,674
00823422,FUN_00823422,76,0,1,532
0082346e,FUN_0082346e,101,0,1,601
008234d3,OnChangeParentWnd,40,0,1,527
008234fb,FUN_008234fb,183,0,1,994
00823608,FUN_00823608,1268,0,1,7058
00823afd,FUN_00823afd,120,0,1,763
00823b75,FUN_00823b75,39,0,1,233
00823b9c,FUN_00823b9c,78,0,1,397
00823bea,FUN_00823bea,83,0,1,424
00823d10,FUN_00823d10,39,0,1,233
00823d37,FUN_00823d37,24,0,1,165
00823d61,OnPaletteChanged,63,0,1,682
00823da0,FUN_00823da0,33,0,1,188
00823dc1,FUN_00823dc1,859,0,1,5577
0082411d,FUN_0082411d,205,0,1,1347
008241ea,FUN_008241ea,285,0,1,1706
00824307,FUN_00824307,283,0,1,1746
00824422,FUN_00824422,212,0,1,1432
008244f6,FUN_008244f6,804,0,1,3551
0082481a,FUN_0082481a,143,2,1,997
008248aa,FUN_008248aa,487,0,1,2692
00824a91,FUN_00824a91,421,4,1,2749
00824c36,FUN_00824c36,42,1,1,201
00824c60,FUN_00824c60,13,0,1,126
00824c6d,FUN_00824c6d,42,1,1,201
00824c97,FUN_00824c97,45,0,1,297
00824cc4,FUN_00824cc4,28,1,1,155
00824ce0,FUN_00824ce0,269,0,1,1729
00824dee,FUN_00824dee,6,0,1,74
00824df4,FUN_00824df4,6,0,1,91
00824dfa,FUN_00824dfa,277,0,1,1174
00824f0f,BrowseCallbackProc,43,0,1,474
00824f3a,FUN_00824f3a,288,1,1,1596
0082505a,FUN_0082505a,99,2,1,450
008250bd,FUN_008250bd,85,3,1,560
00825113,FUN_00825113,62,2,1,472
00825152,FUN_00825152,46,8,1,400
00825181,FUN_00825181,34,2,1,267
008251a3,FUN_008251a3,48,2,1,351
008251d3,FUN_008251d3,122,2,1,867
0082524e,FUN_0082524e,157,1,1,1231
0082531c,FUN_0082531c,177,2,1,736
008253cd,FUN_008253cd,154,4,1,595
00825467,FUN_00825467,44,1,1,203
00825493,FUN_00825493,226,10,1,1299
0082557a,FUN_0082557a,51,0,1,225
008255ad,FUN_008255ad,57,0,1,380
008255e6,FUN_008255e6,250,0,1,1380
008256e1,FUN_008256e1,433,0,1,2339
00825893,FUN_00825893,580,2,1,3618
00825ad7,FUN_00825ad7,20,0,1,106
00825aeb,FUN_00825aeb,226,2,1,1062
00825bcd,FUN_00825bcd,131,0,1,786
00825c50,FUN_00825c50,111,0,1,713
00825cbf,EnableWindow,57,0,1,571
00825cf8,FUN_00825cf8,132,0,1,1057
00825d7c,FUN_00825d7c,85,2,1,558
00825dd2,FUN_00825dd2,7,1,1,103
00825dd9,FUN_00825dd9,7,0,1,104
00825de0,FUN_00825de0,15,0,1,180
00825def,FUN_00825def,86,1,1,586
00825e45,FUN_00825e45,121,1,1,804
00825ebe,FUN_00825ebe,6,0,1,74
00825ec4,FUN_00825ec4,18,0,1,93
00825ed6,FUN_00825ed6,6,0,1,98
00825edc,FUN_00825edc,143,0,1,1199
00825f6b,FUN_00825f6b,83,2,1,475
00825fbe,FUN_00825fbe,90,0,1,555
00826018,FUN_00826018,68,0,1,560
0082605c,FUN_0082605c,982,0,1,5637
00826433,FUN_00826433,81,0,1,638
00826484,FUN_00826484,628,0,1,3621
00826716,FUN_00826716,1180,0,1,6135
00826bb3,OnClick,115,0,1,767
00826c26,FUN_00826c26,188,0,1,1100
00826ce2,FUN_00826ce2,81,0,1,512
00826d33,FUN_00826d33,1048,0,1,5512
0082714b,FUN_0082714b,269,0,1,1517
00827258,FUN_00827258,103,0,1,722
008272bf,FUN_008272bf,88,0,1,495
00827317,OnMouseLeave,41,0,1,537
00827340,FUN_00827340,81,0,1,436
00827391,FUN_00827391,21,0,1,3744
00827546,FUN_00827546,59,0,1,315
00827581,FUN_00827581,133,0,1,661
00827606,FUN_00827606,42,0,1,294
00827630,FUN_00827630,204,0,1,1420
008276fc,FUN_008276fc,747,0,1,4074
008279e7,FUN_008279e7,270,3,1,1595
00827af5,FUN_00827af5,588,1,1,3167
00827d41,FUN_00827d41,161,0,1,1142
00827de2,SetHotEdit,122,4,1,894
00827e5c,FUN_00827e5c,158,0,1,776
00827f5a,CMFCFontInfo,77,1,1,935
00827fa7,FUN_00827fa7,58,0,1,258
00827fe1,CMFCToolBarFontComboBox,119,1,1,1079
00828058,FUN_00828058,33,0,1,166
00828079,FUN_00828079,87,3,1,537
008280d5,FUN_008280d5,84,1,1,537
0082812f,FUN_0082812f,51,0,1,225
00828162,FUN_00828162,57,0,1,303
0082819b,FUN_0082819b,376,0,1,2593
00828313,FUN_00828313,58,1,1,288
0082834d,CopyFrom,58,0,1,547
00828387,FUN_00828387,128,0,1,826
00828407,FUN_00828407,122,0,1,820
00828546,FUN_00828546,51,1,1,395
00828579,FUN_00828579,152,2,1,1119
00828611,FUN_00828611,6,0,1,96
00828617,FUN_00828617,6,0,1,100
0082861d,FUN_0082861d,202,2,1,1159
008286e8,FUN_008286e8,245,0,1,1363
008287dd,FUN_008287dd,227,2,1,1818
008288c0,FUN_008288c0,21,1,1,155
008288d5,FUN_008288d5,7,2,1,117
008288dc,FUN_008288dc,35,0,1,180
008288ff,FUN_008288ff,184,1,1,960
00828c84,FUN_00828c84,31,1,1,156
00828ca3,FUN_00828ca3,276,1,1,1557
00828db7,FUN_00828db7,106,0,1,663
00828e21,FUN_00828e21,111,1,1,713
00828e90,FUN_00828e90,134,3,1,1460
00828f17,CMap<>,42,5,1,905
00828f41,FUN_00828f41,88,2,1,303
00828f99,FUN_00828f99,58,2,1,419
00828fd8,FUN_00828fd8,85,4,1,570
00829032,FUN_00829032,100,0,1,566
0082909b,FUN_0082909b,51,0,1,225
008290ce,CommonInit,61,2,1,637
0082910b,FUN_0082910b,30,1,1,257
00829129,GetImageList,32,1,1,511
00829149,FUN_00829149,6,0,1,74
0082914f,FUN_0082914f,6,0,1,87
00829155,OnCancelMode,43,0,1,424
00829180,OnCreate,30,0,1,579
0082919e,FUN_0082919e,964,0,1,5077
00829562,FUN_00829562,62,0,1,292
008295a0,FUN_008295a0,117,0,1,635
0082965e,FUN_0082965e,185,0,1,1132
00829a3b,OnSetFont,55,0,1,570
00829a72,PreSubclassWindow,16,0,1,337
00829a82,FUN_00829a82,107,0,1,642
00829aed,FUN_00829aed,171,0,1,1071
00829b98,FUN_00829b98,105,1,1,425
00829c01,FUN_00829c01,87,1,1,371
00829c58,~CMFCPropertyGridToolTipCtrl,31,3,1,389
00829c77,`scalar_deleting_destructor',51,0,1,569
00829caa,FUN_00829caa,129,0,1,793
00829d2b,FUN_00829d2b,35,2,1,192
00829d4e,FUN_00829d4e,6,0,1,74
00829d54,FUN_00829d54,6,0,1,100
00829d5a,Hide,18,4,1,378
00829fba,OnSetFont,55,0,1,610
00829ff1,FUN_00829ff1,138,0,1,871
0082a07b,FUN_0082a07b,717,1,1,4872
0082a349,FUN_0082a349,116,1,1,607
0082a3bd,FUN_0082a3bd,45,1,1,215
0082a3ea,FUN_0082a3ea,45,1,1,215
0082a417,FUN_0082a417,58,1,1,241
0082a451,FUN_0082a451,11,1,1,217
0082a45c,FUN_0082a45c,57,0,1,375
0082a495,FUN_0082a495,6,0,1,74
0082a49b,FUN_0082a49b,36,0,1,242
0082a4bf,FUN_0082a4bf,283,1,1,1851
0082a5da,FUN_0082a5da,183,0,1,1332
0082a6f8,FUN_0082a6f8,314,0,1,2006
0082a8a1,CMFCListCtrl,89,1,1,676
0082a8fa,~CMFCListCtrl,28,2,1,391
0082a916,`scalar_deleting_destructor',51,0,1,493
0082a949,FUN_0082a949,57,0,1,308
0082a982,FUN_0082a982,6,0,1,74
0082a988,FUN_0082a988,6,0,1,85
0082a98e,InitColors,55,2,1,468
0082a9c5,FUN_0082a9c5,37,0,1,193
0082a9ea,FUN_0082a9ea,37,2,1,227
0082aa0f,FUN_0082aa0f,33,1,1,224
0082aa30,FUN_0082aa30,148,0,1,748
0082aac5,FUN_0082aac5,35,1,1,194
0082aae8,FUN_0082aae8,302,0,1,1911
0082ac17,FUN_0082ac17,270,0,1,1335
0082ad25,FUN_0082ad25,82,0,1,435
0082ad77,FUN_0082ad77,82,0,1,463
0082adc9,OnSysColorChange,35,0,1,377
0082adec,PreSubclassWindow,29,1,1,455
0082ae09,FUN_0082ae09,117,0,1,574
0082ae7e,FUN_0082ae7e,21,5,1,155
0082ae93,FUN_0082ae93,7,10,1,117
0082ae9a,FUN_0082ae9a,49,0,1,275
0082aecb,FUN_0082aecb,266,1,1,1646
0082afd5,FUN_0082afd5,143,5,1,904
0082b064,FUN_0082b064,346,5,1,2175
0082b1bf,FUN_0082b1bf,142,1,1,1151
0082b24e,FUN_0082b24e,141,3,1,734
0082b2dc,FUN_0082b2dc,326,0,1,2230
0082b423,FUN_0082b423,116,2,1,919
0082b498,FUN_0082b498,230,3,1,1085
0082b57f,FUN_0082b57f,269,1,1,1757
0082b68d,FUN_0082b68d,301,2,1,2123
0082b7bb,CMap<>,42,1,1,921
0082b7e5,FUN_0082b7e5,35,0,1,141
0082b808,FUN_0082b808,71,2,1,459
0082b854,FUN_0082b854,100,0,1,582
0082b8bd,FUN_0082b8bd,34,0,1,130
0082b8df,FreeAssoc,30,2,1,1030
0082b8fd,FUN_0082b8fd,187,6,1,1114
0082b9a9,Catch@0082b9a9,21,0,1,166
0082b9be,Catch@0082b9be,21,0,1,166
0082b9d3,Catch@0082b9d3,21,0,1,166
0082b9f8,FUN_0082b9f8,103,1,1,616
0082ba5f,FUN_0082ba5f,63,2,1,258
0082ba9e,FUN_0082ba9e,377,9,1,2181
0082bc17,Catch@0082bc17,30,0,1,220
0082bc46,FUN_0082bc46,15,1,1,152
0082bc55,Catch@0082bc55,30,0,1,220
0082bc75,Catch@0082bc75,30,0,1,220
0082bc93,FUN_0082bc93,71,0,1,195
0082bcda,FUN_0082bcda,150,2,1,856
0082bd75,FUN_0082bd75,37,0,1,130
0082bd9a,FUN_0082bd9a,36,0,1,112
0082bdbe,FUN_0082bdbe,12,1,1,67
0082bdca,FUN_0082bdca,109,3,1,746
0082be37,FUN_0082be37,54,7,1,503
0082be6d,FUN_0082be6d,6,13,1,69
0082be73,FUN_0082be73,104,6,1,625
0082bedb,SetCmdImage,74,2,1,649
0082bf25,FUN_0082bf25,23,1,1,320
0082bf3c,FUN_0082bf3c,23,1,1,190
0082bf53,CMap<>,42,0,1,913
0082bfde,FUN_0082bfde,37,0,1,165
0082c003,FUN_0082c003,36,1,1,201
0082c7e2,~CArray<>,22,2,1,803
0082c7f8,~CArray<>,22,2,1,673
0082c80e,FUN_0082c80e,66,0,1,162
0082c850,FUN_0082c850,78,13,1,461
0082c8a3,FUN_0082c8a3,14,1,1,180
0082c8b1,FUN_0082c8b1,1424,1,1,4186
0082ce46,FUN_0082ce46,48,0,1,222
0082ce76,FUN_0082ce76,48,0,1,222
0082cea6,FUN_0082cea6,100,0,1,574
0082cf0f,FUN_0082cf0f,34,0,1,130
0082cf31,FUN_0082cf31,37,0,1,130
0082cf56,FUN_0082cf56,51,0,1,225
0082cf89,FUN_0082cf89,20,0,1,87
0082cf9d,AlwaysHighlight3DTabs,12,0,1,408
0082cfa9,Cache,125,2,1,976
0082d026,FUN_0082d026,442,1,1,2635
0082d1e0,CacheY,43,3,1,546
0082d20b,CanDrawImage,50,103,1,630
0082d23d,CleanStyle,50,2,1,408
0082d26f,FUN_0082d26f,116,1,1,459
0082d2e3,FUN_0082d2e3,2667,0,1,11322
0082dd4e,FUN_0082dd4e,105,3,1,622
0082dde7,FUN_0082dde7,115,1,1,355
0082de5a,FUN_0082de5a,61,0,1,394
0082de97,FUN_0082de97,61,0,1,394
0082ded4,FUN_0082ded4,553,2,1,2261
0082e0fd,FUN_0082e0fd,1291,1,1,5821
0082e608,FUN_0082e608,854,2,1,5772
0082e95e,FUN_0082e95e,58,0,1,366
0082e998,DrawSeparator,334,3,1,2255
0082eae6,DrawSeparator,35,5,1,468
0082eb09,FUN_0082eb09,335,3,1,1392
0082ec58,FindIndex,68,4,1,663
0082ec9c,Get,34,3,1,732
0082ecbe,FUN_0082ecbe,30,1,1,258
0082ecdd,GetCaptionBarTextColor,38,0,1,650
0082ed03,FUN_0082ed03,7,0,1,105
0082ed0a,GetHighlightedMenuItemTextColor,38,0,1,731
0082ed30,GetImageCount,65,3,1,600
0082ed71,FUN_0082ed71,4,0,1,56
0082ed75,GetMenuItemTextColor,58,0,1,803
0082edaf,FUN_0082edaf,39,0,1,296
0082edd6,GetRibbonBar,88,1,1,958
0082ee2e,GetRibbonEditBackgroundColor,73,0,1,1145
0082ee77,FUN_0082ee77,204,0,1,1430
0082ef43,FUN_0082ef43,201,0,1,1321
0082f00c,FUN_0082f00c,17,0,1,108
0082f01d,GetRibbonQuickAccessToolBarRightMargin,33,0,1,535
0082f03e,FUN_0082f03e,27,0,1,244
0082f059,GetRibbonStatusBarTextColor,38,0,1,913
0082f07f,FUN_0082f07f,6,0,1,100
0082f085,GetShowAllMenuItemsHeight,59,0,1,762
0082f0c0,GetSmartDockingTheme,38,0,1,698
0082f0e6,FUN_0082f0e6,78,0,1,647
0082f135,FUN_0082f135,6,1,1,67
0082f13b,FUN_0082f13b,178,2,1,1415
0082f1ed,FUN_0082f1ed,161,0,1,949
0082f28e,FUN_0082f28e,206,0,1,1152
0082f35c,FUN_0082f35c,113,0,1,705
0082f3cd,FUN_0082f3cd,31,4,1,175
0082f3ec,GetToolTipInfo,61,0,1,739
0082f429,FUN_0082f429,229,0,1,1479
0082f50e,FUN_0082f50e,7,0,1,105
0082f515,GetToolbarDisabledTextColor,28,0,1,526
0082f531,IsHighlightWholeMenuItem,9,0,1,366
0082f53f,FUN_0082f53f,46,6,1,321
0082f56d,IsOwnerDrawCaption,30,0,1,565
0082f58b,FUN_0082f58b,8,0,1,154
0082f593,IsQuickAccessToolbarOnTop,20,8,1,458
0082f5a7,FUN_0082f5a7,53,5,1,482
0082f5dc,FUN_0082f5dc,9,0,1,93
0082f5e5,FUN_0082f5e5,104,1,1,966
0082f64d,FUN_0082f64d,655,0,1,3330
0082f8dc,FUN_0082f8dc,348,0,1,2113
0082fa38,FUN_0082fa38,170,0,1,886
0082fae3,FUN_0082fae3,166,0,1,1159
0082fb89,FUN_0082fb89,229,0,1,1452
0082fc6e,OnDrawComboBorder,199,0,1,1726
0082fd35,FUN_0082fd35,725,0,1,5174
0083000a,FUN_0083000a,136,0,1,580
00830092,OnDrawEditBorder,177,0,1,1660
00830143,FUN_00830143,415,0,1,1607
008302e3,FUN_008302e3,370,0,1,2180
00830455,FUN_00830455,542,0,1,2692
00830673,FUN_00830673,255,0,1,1409
00830772,FUN_00830772,272,0,1,1315
00830882,FUN_00830882,119,0,1,943
008308f9,FUN_008308f9,285,0,1,1044
00830a16,FUN_00830a16,190,0,1,1088
00830ad4,FUN_00830ad4,339,0,1,1765
00830c27,FUN_00830c27,436,0,1,1712
00830ddc,FUN_00830ddc,308,0,1,1623
00830f10,FUN_00830f10,68,0,1,480
00830f54,FUN_00830f54,352,0,1,2285
008310b4,OnDrawPopupWindowCaption,59,0,1,727
008310ef,FUN_008310ef,172,0,1,838
0083119b,FUN_0083119b,331,0,1,1824
008312e6,FUN_008312e6,311,0,1,2038
0083141d,FUN_0083141d,162,0,1,1015
008314bf,FUN_008314bf,1734,0,1,11541
00831b86,FUN_00831b86,279,0,1,1694
00831c9d,FUN_00831c9d,462,0,1,2943
00831e6b,FUN_00831e6b,244,0,1,1130
00831f5f,FUN_00831f5f,295,0,1,1783
00832086,FUN_00832086,616,0,1,3288
008322ee,FUN_008322ee,234,0,1,945
008323d8,FUN_008323d8,598,0,1,3343
0083262e,FUN_0083262e,252,0,1,1387
0083272a,FUN_0083272a,98,0,1,598
0083278c,FUN_0083278c,290,0,1,1389
008328ae,FUN_008328ae,322,0,1,2885
008329f0,FUN_008329f0,389,0,1,1835
00832b75,OnDrawRibbonMainPanelButtonBorder,33,0,1,563
00832b96,FUN_00832b96,117,0,1,588
00832c0b,FUN_00832c0b,101,0,1,553
00832c70,FUN_00832c70,802,0,1,5049
00832f92,FUN_00832f92,306,0,1,1757
008330c4,FUN_008330c4,595,0,1,3388
00833317,FUN_00833317,132,0,1,941
0083339b,FUN_0083339b,152,0,1,860
00833433,FUN_00833433,136,0,1,790
008334bb,FUN_008334bb,156,0,1,877
00833557,FUN_00833557,373,0,1,2121
008336cc,OnDrawRibbonTabsFrame,57,0,1,728
00833705,FUN_00833705,150,0,1,683
0083379b,FUN_0083379b,744,0,1,4357
00833a83,FUN_00833a83,125,0,1,599
00833b00,FUN_00833b00,172,0,1,610
00833bac,FUN_00833bac,124,0,1,531
00833c28,FUN_00833c28,998,0,1,6505
0083400e,OnDrawTabsButtonBorder,42,0,1,756
00834038,OnDrawTask,67,0,1,705
0083407b,FUN_0083407b,1076,0,1,6510
008344af,FUN_008344af,227,0,1,880
00834592,FUN_00834592,90,0,1,572
008345ec,FUN_008345ec,363,0,1,2262
00834757,FUN_00834757,571,0,1,3967
00834992,FUN_00834992,417,0,1,2611
00834b33,FUN_00834b33,1196,0,1,7853
00834fdf,FUN_00834fdf,679,0,1,3990
00835286,OnFillCaptionBarButton,96,0,1,974
008352e6,FUN_008352e6,301,0,1,2015
00835413,FUN_00835413,182,0,1,1289
008354c9,OnFillOutlookBarCaption,60,0,1,768
00835505,FUN_00835505,331,0,1,2602
00835650,OnFillPopupWindowBackground,115,0,1,1207
008356c3,FUN_008356c3,3076,0,1,21705
008362c7,OnFillRibbonEdit,213,0,1,1971
0083639c,FUN_0083639c,193,0,1,1004
0083645d,FUN_0083645d,92,0,1,574
008364b9,FUN_008364b9,179,0,1,1105
0083656c,FUN_0083656c,360,0,1,1789
008366d4,FUN_008366d4,120,0,1,623
0083674c,FUN_0083674c,133,0,1,879
008367d1,FUN_008367d1,262,0,1,1341
008368d7,FUN_008368d7,2148,0,1,13106
0083713b,OnSetWindowRegion,349,0,1,2418
00837298,FUN_00837298,29404,0,1,98761
0083e574,Serialize,64,0,1,873
0083e5b4,FUN_0083e5b4,57,1,1,479
0083e5ee,FUN_0083e5ee,79,1,1,449
0083e63d,FUN_0083e63d,410,3,1,3291
0083e7d8,SetStyle,118,2,1,1243
0083e87e,CPaneFrameWnd,329,1,1,2063
0083e9c7,FUN_0083e9c7,91,4,1,471
0083ea27,FUN_0083ea27,28,1,1,198
0083ea43,FUN_0083ea43,100,0,1,592
0083eaac,`scalar_deleting_destructor',51,0,1,489
0083eadf,AddButton,162,1,1,1199
0083eb81,FUN_0083eb81,333,1,1,1751
0083ecce,FUN_0083ecce,226,12,1,1460
0083edb0,FUN_0083edb0,79,0,1,500
0083edff,AreMDITabs,67,7,1,638
0083ee42,FUN_0083ee42,249,4,1,1765
0083ef3b,FUN_0083ef3b,102,0,1,625
0083efa1,FUN_0083efa1,22,0,1,178
0083efb7,FUN_0083efb7,170,0,1,1037
0083f061,FUN_0083f061,70,0,1,491
0083f0a7,FUN_0083f0a7,59,0,1,375
0083f0e2,FUN_0083f0e2,69,0,1,450
0083f127,FUN_0083f127,89,0,1,481
0083f180,FUN_0083f180,29,0,1,217
0083f19d,FUN_0083f19d,237,1,1,1752
0083f28a,FUN_0083f28a,722,0,1,3958
0083f55d,FUN_0083f55d,164,0,1,1054
0083f601,FUN_0083f601,215,0,1,1048
0083f6d8,FUN_0083f6d8,68,7,1,330
0083f71c,FUN_0083f71c,191,2,1,1073
0083f7db,FindFloatingPaneByID,54,1,1,807
0083f811,FUN_0083f811,111,1,1,614
0083f880,FUN_0083f880,7,0,1,104
0083f887,FUN_0083f887,195,0,1,1027
0083f94a,FUN_0083f94a,121,0,1,744
0083f9c3,FUN_0083f9c3,31,1,1,175
0083f9e2,FUN_0083f9e2,73,0,1,489
0083fa2b,FUN_0083fa2b,56,0,1,373
0083fa63,FUN_0083fa63,6,0,1,74
0083fa69,FUN_0083fa69,12,1,1,126
0083fa75,GetPaneCount,18,0,1,367
0083fa87,FUN_0083fa87,197,1,1,1366
0083fb4c,FUN_0083fb4c,6,0,1,86
0083fb52,FUN_0083fb52,116,5,1,632
0083fbc6,FUN_0083fbc6,148,3,1,879
0083fc5a,GetVisiblePaneCount,49,0,1,492
0083fc8b,FUN_0083fc8b,1229,0,1,7780
00840158,IsCustModeAndNotFloatingToolbar,45,1,1,551
00840185,FUN_00840185,138,0,1,1022
0084020f,FUN_0084020f,108,0,1,720
0084027b,KillDockingTimer,32,3,1,399
0084029b,FUN_0084029b,64,1,1,299
008402db,FUN_008402db,74,0,1,548
00840325,FUN_00840325,14,1,1,68
00840333,FUN_00840333,194,2,1,1245
008403f5,FUN_008403f5,190,0,1,1205
008404b3,FUN_008404b3,410,3,1,2169
0084064d,FUN_0084064d,160,0,1,934
008406ed,FUN_008406ed,193,0,1,1222
008407ae,FUN_008407ae,70,0,1,394
008407f4,FUN_008407f4,299,0,1,1642
0084091f,FUN_0084091f,27,0,1,166
0084093a,FUN_0084093a,164,0,1,1099
008409de,FUN_008409de,342,0,1,1992
00840b34,OnCreate,60,1,1,821
00840b70,FUN_00840b70,188,0,1,1235
00840c2d,FUN_00840c2d,163,0,1,876
00840cd0,FUN_00840cd0,394,1,1,2275
00840e5a,FUN_00840e5a,181,0,1,860
00840f0f,OnExitSizeMove,45,0,1,474
00840f3c,FUN_00840f3c,113,0,1,683
00840fad,OnIdleUpdateCmdUI,123,1,1,963
00841028,FUN_00841028,82,0,1,519
0084107a,FUN_0084107a,84,0,1,431
008411b8,FUN_008411b8,634,0,1,3171
00841432,FUN_00841432,169,0,1,819
008414db,FUN_008414db,2663,0,1,16294
00841f42,FUN_00841f42,90,0,1,523
00841f9c,FUN_00841f9c,19,0,1,86
00841faf,FUN_00841faf,121,0,1,755
00842028,FUN_00842028,115,0,1,689
008420c5,FUN_008420c5,41,0,1,216
008420ee,FUN_008420ee,64,0,1,345
0084212e,FUN_0084212e,1616,2,1,7735
0084277e,FUN_0084277e,169,1,1,1212
00842828,FUN_00842828,299,0,1,1643
00842953,FUN_00842953,1053,1,1,5248
00842d71,OnSetCursor,96,0,1,984
00842df1,FUN_00842df1,204,0,1,1114
00842ebd,FUN_00842ebd,82,0,1,523
00842f0f,FUN_00842f0f,44,0,1,233
00842f3b,FUN_00842f3b,176,0,1,922
00842feb,FUN_00842feb,630,0,1,3939
00843261,FUN_00843261,111,0,1,597
008432d0,FUN_008432d0,253,1,1,1445
008433cd,OnUpdateToolTips,48,0,1,464
008433fd,FUN_008433fd,218,0,1,1557
008434d7,PaneFromPoint,133,0,1,1288
0084355c,PreCreateWindow,23,0,1,457
00843573,FUN_00843573,151,0,1,778
0084360a,FUN_0084360a,80,1,1,493
0084365a,RedrawAll,50,1,1,588
0084368c,FUN_0084368c,120,2,1,774
00843704,FUN_00843704,78,3,1,425
00843752,FUN_00843752,143,0,1,909
008437e1,FUN_008437e1,161,1,1,727
00843882,FUN_00843882,94,1,1,515
008438e1,FUN_008438e1,131,0,1,969
00843964,FUN_00843964,74,0,1,548
008439ae,FUN_008439ae,418,1,1,2347
00843b51,FUN_00843b51,235,0,1,1141
00843c3c,FUN_00843c3c,238,3,1,1250
00843d2a,FUN_00843d2a,891,0,1,5094
008440a5,SetDockingTimer,50,1,1,503
008440d7,FUN_008440d7,333,0,1,1962
00844224,FUN_00844224,74,1,1,342
0084426e,FUN_0084426e,190,0,1,1228
0084432c,StartSDocking,58,1,1,526
00844366,FUN_00844366,788,1,1,5451
0084467b,StopCaptionButtonsTracking,103,0,1,797
008446e2,FUN_008446e2,284,3,1,1803
008447fe,FUN_008447fe,153,1,1,867
00844898,FUN_00844898,38,2,1,260
008448be,FUN_008448be,38,1,1,250
008448e4,FUN_008448e4,38,1,1,298
0084490a,CMap<>,42,1,1,929
00844934,FUN_00844934,76,2,1,369
00844980,FUN_00844980,459,2,1,1756
00844b4b,FUN_00844b4b,76,0,1,572
00844b97,FUN_00844b97,58,1,1,431
00844bd6,FUN_00844bd6,58,1,1,469
00844c15,FUN_00844c15,65,2,1,436
00844c5b,FUN_00844c5b,286,10,1,1224
00844d7e,FUN_00844d7e,100,0,1,578
00844de7,FUN_00844de7,100,0,1,568
00844e50,FUN_00844e50,100,0,1,616
00844eb9,FUN_00844eb9,100,0,1,590
00844f22,FUN_00844f22,89,1,1,499
00844f80,FUN_00844f80,51,0,1,225
00844fb3,`scalar_deleting_destructor',43,0,1,484
00844fde,FUN_00844fde,36,1,1,196
00845002,AddMiniFrame,48,0,1,486
00845032,FUN_00845032,213,13,1,1091
00845107,AddTail,46,5,1,725
00845135,FUN_00845135,49,1,1,403
00845167,AddTail,55,2,1,878
0084519e,FUN_0084519e,1447,0,1,10347
00845745,FUN_00845745,164,0,1,716
008457e9,FUN_008457e9,236,0,1,1236
008458d5,FUN_008458d5,780,2,1,4113
00845be1,FUN_00845be1,444,2,1,2401
00845d9d,FUN_00845d9d,405,1,1,2210
00845f32,FUN_00845f32,145,1,1,861
00845fc3,FUN_00845fc3,1741,2,1,11568
00846691,FUN_00846691,822,2,1,5028
008469c7,FUN_008469c7,569,1,1,3961
00846c00,FUN_00846c00,95,1,1,431
00846c5f,Create,19,5,1,307
00846c72,FUN_00846c72,510,0,1,2914
00846e70,FUN_00846e70,469,8,1,2635
00847045,FUN_00847045,49,1,1,364
00847076,FUN_00847076,143,0,1,930
00847105,FUN_00847105,95,0,1,556
00847164,FUN_00847164,436,0,1,2806
00847318,FUN_00847318,113,0,1,573
00847389,FUN_00847389,178,0,1,1158
0084743b,FUN_0084743b,480,1,1,3067
0084761b,FUN_0084761b,103,2,1,487
00847682,FUN_00847682,401,1,1,2172
00847813,FUN_00847813,74,6,1,478
0084785d,FUN_0084785d,31,9,1,225
0084787c,FUN_0084787c,209,9,1,1277
0084794d,FUN_0084794d,704,0,1,3978
00847c0d,Catch@00847c0d,27,0,1,173
00847c28,Catch@00847c28,132,0,1,968
00847cac,Catch_All@00847cac,124,0,1,953
00847d31,FUN_00847d31,73,1,1,555
00847d7a,FUN_00847d7a,242,3,1,1460
00847e6c,FUN_00847e6c,106,1,1,917
00847ed7,FUN_00847ed7,366,0,1,2438
00848045,FUN_00848045,8,4,1,107
0084804d,FUN_0084804d,1057,0,1,5706
0084846e,FUN_0084846e,218,2,1,1428
00848548,FUN_00848548,122,0,1,665
008485c2,FUN_008485c2,367,0,1,2069
00848731,FUN_00848731,320,4,1,1673
00848871,FUN_00848871,298,0,1,1297
0084899b,FUN_0084899b,103,1,1,595
00848a02,RemoveAll,54,4,1,830
00848a38,RemoveHiddenMDITabbedBar,54,2,1,780
00848a6e,RemoveMiniFrame,46,0,1,479
00848a9c,FUN_00848a9c,136,7,1,836
00848b24,FUN_00848b24,192,1,1,1491
00848be4,FUN_00848be4,676,0,1,3759
00848e88,Catch@00848e88,14,0,1,90
00848e9d,FUN_00848e9d,39,1,1,367
00848ec4,FUN_00848ec4,81,3,1,463
00848f15,FUN_00848f15,102,0,1,584
00848f7b,Serialize,157,0,1,1412
00849018,FUN_00849018,386,1,1,2122
0084919b,FUN_0084919b,2805,0,1,20064
0084a84c,FUN_0084a84c,40,1,1,187
0084a874,FUN_0084a874,279,5,1,1315
0084a98b,FUN_0084a98b,139,0,1,847
0084ac6c,FUN_0084ac6c,39,1,1,167
0084ac93,`scalar_deleting_destructor',51,0,1,488
0084acc6,FUN_0084acc6,77,1,1,443
0084ad13,FUN_0084ad13,112,1,1,673
0084ad83,FUN_0084ad83,219,0,1,1172
0084ae5e,FUN_0084ae5e,103,0,1,484
0084aef5,FUN_0084aef5,46,0,1,213
0084af23,DockPane,15,1,1,346
0084af32,FUN_0084af32,111,0,1,702
0084afa1,FUN_0084afa1,6,0,1,74
0084afa7,FUN_0084afa7,39,3,1,204
0084afce,FUN_0084afce,6,0,1,84
0084afd4,FUN_0084afd4,33,0,1,193
0084aff5,FUN_0084aff5,15,1,1,67
0084b004,FUN_0084b004,50,15,1,361
0084b036,FUN_0084b036,30,1,1,169
0084b054,LoadFrame,68,0,1,619
0084b098,FUN_0084b098,93,0,1,729
0084b0f6,OnActivate,70,0,1,602
0084b13c,FUN_0084b13c,55,0,1,228
0084b1e2,OnClosePopupMenu,115,0,1,918
0084b255,OnCmdMsg,60,0,1,985
0084b291,FUN_0084b291,108,0,1,505
0084b308,OnContextHelp,70,2,1,757
0084b34e,OnCreate,65,0,1,633
0084b479,FUN_0084b479,25,0,1,189
0084b492,FUN_0084b492,54,0,1,252
0084b4c8,OnGetMinMaxInfo,54,0,1,561
0084b517,OnLButtonDown,35,0,1,588
0084b53a,FUN_0084b53a,35,0,1,153
0084b55d,OnMenuChar,52,0,1,874
0084b591,FUN_0084b591,35,0,1,153
0084b5b4,FUN_0084b5b4,37,0,1,202
0084b5d9,FUN_0084b5d9,44,0,1,240
0084b605,FUN_0084b605,39,0,1,188
0084b62c,FUN_0084b62c,39,0,1,188
0084b653,FUN_0084b653,131,0,1,753
0084b6d6,FUN_0084b6d6,28,0,1,153
0084b6f2,OnPaneCheck,62,0,1,660
0084b730,OnPowerBroadcast,36,0,1,772
0084b754,FUN_0084b754,178,0,1,906
0084b806,OnSetText,36,0,1,534
0084b82a,FUN_0084b82a,27,0,1,123
0084b845,FUN_0084b845,67,0,1,314
0084b888,OnShowPopupMenu,45,0,1,548
0084b8b5,FUN_0084b8b5,340,0,1,1590
0084ba09,FUN_0084ba09,36,0,1,186
0084ba2d,OnSysColorChange,34,0,1,486
0084ba4f,FUN_0084ba4f,32,0,1,214
0084ba70,FUN_0084ba70,32,0,1,214
0084ba91,FUN_0084ba91,155,0,1,998
0084bb2c,FUN_0084bb2c,239,0,1,1289
0084bc1b,FUN_0084bc1b,66,0,1,335
0084bc5d,OnWindowPosChanged,39,0,1,379
0084bc84,FUN_0084bc84,53,1,1,333
0084bcb9,PreCreateWindow,57,0,1,628
0084bcf2,FUN_0084bcf2,938,0,1,5554
0084c09c,FUN_0084c09c,448,0,1,2025
0084c25c,FUN_0084c25c,15,1,1,67
0084c26b,FUN_0084c26b,43,5,1,239
0084c296,FUN_0084c296,74,1,1,435
0084c2e0,FUN_0084c2e0,33,0,1,193
0084c3dc,~CMDIFrameWndEx,64,1,1,383
0084c41c,`scalar_deleting_destructor',51,0,1,505
0084c44f,FUN_0084c44f,135,1,1,738
0084c4d6,FUN_0084c4d6,112,1,1,673
0084c546,FUN_0084c546,120,0,1,784
0084c5be,FUN_0084c5be,103,0,1,484
0084c625,FUN_0084c625,7,0,1,105
0084c62c,FUN_0084c62c,238,0,1,1268
0084c71a,FUN_0084c71a,162,0,1,1168
0084c7ec,DockPane,15,1,1,355
0084c7fb,FUN_0084c7fb,6,0,1,74
0084c801,FUN_0084c801,39,5,1,204
0084c828,GetRegisteredWithTaskBarMDIChildCount,69,1,1,927
0084c86d,FUN_0084c86d,6,0,1,87
0084c873,GetWindowMenuPopup,38,0,1,580
0084c899,FUN_0084c899,33,0,1,193
0084c8ba,FUN_0084c8ba,15,1,1,67
0084c8c9,FUN_0084c8c9,30,1,1,169
0084c8e7,LoadFrame,89,0,1,807
0084c940,FUN_0084c940,27,0,1,139
0084c95b,FUN_0084c95b,120,0,1,848
0084c9d4,OnActivate,70,0,1,602
0084ca1a,FUN_0084ca1a,55,0,1,228
0084ca51,FUN_0084ca51,131,0,1,573
0084cae4,FUN_0084cae4,135,0,1,660
0084cb6b,OnClosePopupMenu,115,0,1,918
0084cbde,OnCmdMsg,60,0,1,985
0084cc1a,FUN_0084cc1a,108,0,1,505
0084cc91,OnContextHelp,70,2,1,757
0084ccd7,FUN_0084ccd7,585,0,1,3455
0084cf20,OnCreate,77,0,1,719
0084cf6d,OnCreateClient,55,0,1,768
0084d08e,FUN_0084d08e,25,0,1,189
0084d0a7,FUN_0084d0a7,54,0,1,252
0084d0dd,OnGetMinMaxInfo,54,0,1,561
0084d12c,OnLButtonDown,35,0,1,588
0084d14f,FUN_0084d14f,35,0,1,153
0084d172,OnMenuChar,52,0,1,596
0084d1a6,FUN_0084d1a6,35,0,1,153
0084d1c9,FUN_0084d1c9,37,0,1,202
0084d1ee,FUN_0084d1ee,44,0,1,240
0084d21a,FUN_0084d21a,39,0,1,188
0084d241,FUN_0084d241,39,0,1,188
0084d268,OnNcMouseMove,38,0,1,513
0084d28e,FUN_0084d28e,28,0,1,153
0084d2aa,OnPaneCheck,61,0,1,551
0084d2e7,FUN_0084d2e7,205,0,1,1441
0084d3b4,FUN_0084d3b4,179,0,1,717
0084d467,OnSetText,36,0,1,534
0084d48b,FUN_0084d48b,27,0,1,123
0084d4a6,FUN_0084d4a6,306,0,1,2195
0084d5d9,FUN_0084d5d9,67,0,1,314
0084d61c,FUN_0084d61c,417,0,1,1954
0084d7bd,OnSysColorChange,34,0,1,486
0084d7df,FUN_0084d7df,32,0,1,214
0084d800,FUN_0084d800,21,0,1,107
0084d815,FUN_0084d815,155,0,1,999
0084d8b0,FUN_0084d8b0,62,0,1,349
0084d8ee,OnWindowNew,98,1,1,817
0084d950,FUN_0084d950,140,0,1,927
0084d9dc,FUN_0084d9dc,53,1,1,333
0084da11,PreCreateWindow,47,0,1,549
0084da40,FUN_0084da40,884,0,1,5447
0084ddb4,FUN_0084ddb4,446,0,1,1911
0084df72,FUN_0084df72,15,1,1,67
0084df81,FUN_0084df81,27,0,1,139
0084df9c,FUN_0084df9c,45,1,1,321
0084dfc9,FUN_0084dfc9,654,1,1,3731
0084e257,FUN_0084e257,217,0,1,1483
0084e330,FUN_0084e330,33,0,1,193
0084e3af,FUN_0084e3af,39,1,1,172
0084e3d6,`scalar_deleting_destructor',51,0,1,508
0084e409,FUN_0084e409,28,1,1,119
0084e425,FUN_0084e425,82,0,1,532
0084e4a7,DockPane,15,1,1,361
0084e4b6,FUN_0084e4b6,6,0,1,74
0084e4bc,FUN_0084e4bc,39,3,1,204
0084e4e3,FUN_0084e4e3,6,0,1,89
0084e4e9,FUN_0084e4e9,33,0,1,193
0084e50a,FUN_0084e50a,15,1,1,67
0084e519,FUN_0084e519,30,1,1,169
0084e537,LoadFrame,50,0,1,678
0084e569,FUN_0084e569,162,0,1,991
0084e60b,FUN_0084e60b,22,0,1,86
0084e621,FUN_0084e621,37,0,1,142
0084e646,OnCmdMsg,60,0,1,985
0084e682,FUN_0084e682,108,0,1,505
0084e6ee,OnContextHelp,70,2,1,757
0084e734,FUN_0084e734,156,0,1,1092
0084e8cc,OnIdleUpdateCmdUI,63,0,1,711
0084e90b,OnMenuChar,52,0,1,874
0084e93f,FUN_0084e93f,37,0,1,202
0084e964,OnPaneCheck,62,0,1,660
0084e9a2,FUN_0084e9a2,72,0,1,364
0084e9ea,FUN_0084e9ea,27,0,1,123
0084ea05,FUN_0084ea05,67,0,1,314
0084ea48,FUN_0084ea48,32,0,1,214
0084ea69,FUN_0084ea69,21,0,1,107
0084ea7e,FUN_0084ea7e,66,0,1,335
0084eac0,FUN_0084eac0,53,1,1,333
0084eaf5,PreCreateWindow,21,0,1,720
0084eb0a,FUN_0084eb0a,385,0,1,2095
0084ec8b,FUN_0084ec8b,185,0,1,900
0084ed44,FUN_0084ed44,15,1,1,67
0084ed53,FUN_0084ed53,74,1,1,435
0084ed9d,FUN_0084ed9d,33,0,1,193
0084ee0e,FUN_0084ee0e,39,1,1,175
0084ee35,`scalar_deleting_destructor',51,0,1,517
0084ee68,FUN_0084ee68,28,1,1,119
0084ee84,FUN_0084ee84,82,0,1,532
0084ef06,DockPane,15,1,1,382
0084ef15,FUN_0084ef15,6,0,1,74
0084ef1b,FUN_0084ef1b,39,3,1,204
0084ef42,FUN_0084ef42,6,0,1,92
0084ef48,FUN_0084ef48,15,1,1,67
0084ef57,FUN_0084ef57,30,1,1,169
0084ef75,LoadFrame,50,0,1,678
0084efa7,FUN_0084efa7,154,0,1,952
0084f041,FUN_0084f041,22,0,1,86
0084f057,FUN_0084f057,37,0,1,142
0084f07c,OnCmdMsg,60,0,1,985
0084f0b8,FUN_0084f0b8,108,0,1,505
0084f220,OnIdleUpdateCmdUI,63,0,1,711
0084f25f,OnMenuChar,52,0,1,874
0084f293,FUN_0084f293,37,0,1,202
0084f2b8,OnPaneCheck,62,0,1,660
0084f2f6,FUN_0084f2f6,72,0,1,364
0084f33e,FUN_0084f33e,27,0,1,123
0084f359,FUN_0084f359,67,0,1,314
0084f39c,FUN_0084f39c,32,0,1,214
0084f3bd,FUN_0084f3bd,21,0,1,107
0084f3d2,FUN_0084f3d2,66,0,1,335
0084f414,FUN_0084f414,53,1,1,333
0084f449,PreCreateWindow,21,0,1,718
0084f45e,FUN_0084f45e,385,0,1,2095
0084f5df,FUN_0084f5df,166,0,1,796
0084f685,FUN_0084f685,15,1,1,67
0084f694,FUN_0084f694,74,1,1,435
0084f6de,FUN_0084f6de,95,1,1,550
0084f742,FUN_0084f742,51,1,1,319
0084f775,FUN_0084f775,171,1,1,706
0084f820,FUN_0084f820,33,1,1,154
0084f841,~CMDIChildWndEx,56,1,1,426
0084f879,`scalar_deleting_destructor',51,0,1,504
0084f8ac,FUN_0084f8ac,57,0,1,291
0084f8e5,ActivateFrame,160,0,1,959
0084f985,FUN_0084f985,142,0,1,812
0084fa13,FUN_0084fa13,28,2,1,119
0084fa2f,FUN_0084fa2f,158,1,1,714
0084facd,FUN_0084facd,253,3,1,1445
0084fbca,FUN_0084fbca,57,0,1,274
0084fc03,AlphaBlend,65,1,1,812
0084fc44,FUN_0084fc44,93,1,1,592
0084fca1,FUN_0084fca1,72,0,1,489
0084fce9,FUN_0084fce9,98,1,1,217
0084fdab,FUN_0084fdab,160,1,1,713
0084fe4b,FUN_0084fe4b,156,1,1,1071
0084fee7,DrawImage,56,1,1,769
0084ff1f,FUN_0084ff1f,816,2,1,4070
0085024f,FUN_0085024f,40,0,1,322
00850277,GetFrameIcon,35,0,1,483
0085029a,FUN_0085029a,58,0,1,271
008502d4,FUN_008502d4,6,0,1,74
008502da,FUN_008502da,6,0,1,74
008502e0,FUN_008502e0,6,0,1,87
008502e6,FUN_008502e6,6,0,1,88
008502ec,GetTaskbarPreviewWnd,108,0,1,921
00850358,GetTaskbarThumbnailClipRect,37,0,1,593
0085037d,FUN_0085037d,15,1,1,67
0085038c,FUN_0085038c,177,5,1,1249
0085043d,IsMDIChildActive,70,1,1,710
00850483,FUN_00850483,30,1,1,169
008504a1,IsRegisteredWithTaskbarTabs,19,12,1,409
008504b4,IsTabbedMDIChild,28,0,1,548
008504d0,FUN_008504d0,126,11,1,831
0085054e,FUN_0085054e,50,0,1,318
008505c6,FUN_008505c6,527,0,1,3040
008509a5,OnGetMinMaxInfo,70,0,1,684
00850a04,OnLButtonDown,35,0,1,588
00850a27,FUN_00850a27,35,0,1,153
00850a4a,FUN_00850a4a,409,0,1,2173
00850be3,FUN_00850be3,54,0,1,390
00850c19,FUN_00850c19,35,0,1,153
00850c3c,FUN_00850c3c,37,0,1,202
00850c61,FUN_00850c61,167,0,1,871
00850d08,FUN_00850d08,113,0,1,731
00850d79,FUN_00850d79,39,0,1,188
00850da0,OnNcMouseMove,38,0,1,513
00850dc6,FUN_00850dc6,95,0,1,590
00850e25,FUN_00850e25,82,0,1,430
00850e77,FUN_00850e77,124,0,1,810
00850ef3,FUN_00850ef3,267,0,1,1567
00850ffe,FUN_00850ffe,109,0,1,548
0085106b,OnSetIcon,41,0,1,435
00851094,FUN_00851094,131,0,1,697
00851117,FUN_00851117,84,0,1,326
0085116b,FUN_0085116b,449,0,1,2397
0085132c,FUN_0085132c,148,0,1,725
008513c0,FUN_008513c0,961,0,1,4821
00851781,OnSysCommand,54,0,1,592
008517b7,FUN_008517b7,118,0,1,610
0085182d,FUN_0085182d,39,0,1,207
00851854,FUN_00851854,63,0,1,395
00851893,OnTaskbarTabThumbnailStretch,187,0,1,1467
0085194e,FUN_0085194e,218,0,1,1246
00851a28,OnWindowPosChanged,87,0,1,667
00851a7f,FUN_00851a7f,53,1,1,333
00851ab4,PreCreateWindow,33,0,1,553
00851ad5,FUN_00851ad5,119,0,1,668
00851b4c,FUN_00851b4c,526,0,1,3014
00851d5a,FUN_00851d5a,570,0,1,3866
00851f94,FUN_00851f94,15,1,1,67
00851fa3,FUN_00851fa3,100,2,1,822
00852007,FUN_00852007,112,2,1,797
00852077,FUN_00852077,123,1,1,852
008520f2,FUN_008520f2,361,0,1,2948
0085225b,FUN_0085225b,180,0,1,1225
0085230f,FUN_0085230f,182,2,1,1216
008523c5,UpdateTaskbarTabIcon,45,0,1,506
008523f2,FUN_008523f2,15,1,1,128
00852401,~CSyncObject,30,3,1,386
0085241f,`scalar_deleting_destructor',48,0,1,485
0085244f,FUN_0085244f,6,0,1,89
00852455,FUN_00852455,6,0,1,84
0085245b,Lock,37,0,1,532
00852480,FUN_00852480,120,1,1,1142
008524f8,FUN_008524f8,62,8,1,429
00852536,FUN_00852536,42,8,1,262
00852560,FUN_00852560,81,1,1,422
008525b1,FUN_008525b1,81,1,1,304
00852602,FUN_00852602,187,1,1,1056
008526ee,CMap<unsigned_int,unsigned_int,unsigned_int,unsigned_int>,42,2,1,797
00852718,CMFCPopupMenuBar,244,8,1,1848
0085280c,FUN_0085280c,96,9,1,528
00852871,FUN_00852871,100,0,1,602
008528da,`scalar_deleting_destructor',51,0,1,501
0085290d,FUN_0085290d,124,0,1,751
00852989,FUN_00852989,658,0,1,3863
00852c1c,FUN_00852c1c,652,0,1,4229
00852ea9,FUN_00852ea9,62,0,1,325
00852ee7,FUN_00852ee7,246,0,1,1869
00852fde,FUN_00852fde,262,0,1,1201
008530e4,FUN_008530e4,62,0,1,314
00853122,FUN_00853122,180,0,1,945
008531d6,FUN_008531d6,353,0,1,2178
00853338,FUN_00853338,265,5,1,1742
00853441,FUN_00853441,265,0,1,1803
0085354b,GetCommandTarget,65,0,1,848
0085358c,FUN_0085358c,135,3,1,1025
00853613,GetMenuUserImage,30,1,1,463
00853631,FUN_00853631,6,0,1,74
00853637,FUN_00853637,6,0,1,89
0085363d,FUN_0085363d,1519,0,1,8123
00853c2d,FUN_00853c2d,791,3,1,4190
00853f44,FUN_00853f44,45,0,1,228
00853f71,FUN_00853f71,125,0,1,876
00853fee,FUN_00853fee,942,1,1,5771
0085439d,FUN_0085439d,238,2,1,1303
0085448b,FUN_0085448b,212,1,1,1105
0085455f,FUN_0085455f,105,0,1,723
008545c8,FUN_008545c8,357,0,1,2406
008547cb,FUN_008547cb,1499,1,1,9463
00854da7,FUN_00854da7,124,1,1,886
00854e23,FUN_00854e23,204,1,1,1078
00854eef,FUN_00854eef,257,1,1,1441
00854ff0,FUN_00854ff0,259,1,1,1491
008550f3,FUN_008550f3,319,0,1,1896
00855232,FUN_00855232,102,0,1,682
00855298,FUN_00855298,551,0,1,2978
008554bf,FUN_008554bf,402,0,1,2708
00855651,FUN_00855651,105,0,1,714
008556bb,FUN_008556bb,68,0,1,420
00855700,FUN_00855700,113,0,1,675
00855771,FUN_00855771,228,0,1,1303
00855856,FUN_00855856,112,3,1,738
008558c6,ShowCommandMessageString,48,0,1,503
008558f6,FUN_008558f6,110,2,1,495
00855964,get_accRole,72,0,1,747
008559ac,get_accState,72,0,1,750
008559f4,COleCntrFrameWndEx,56,1,1,601
00855a2c,FUN_00855a2c,344,1,1,2367
00855b8a,FUN_00855b8a,51,0,1,225
00855bbd,FUN_00855bbd,28,1,1,119
00855bd9,FUN_00855bd9,77,2,1,392
00855c26,FUN_00855c26,8,0,1,67
00855c2e,FUN_00855c2e,55,1,1,261
00855c65,FUN_00855c65,6,0,1,74
00855c6b,FUN_00855c6b,6,0,1,91
00855c71,FUN_00855c71,15,1,1,67
00855c80,FUN_00855c80,30,1,1,169
00855c9e,FUN_00855c9e,99,2,1,483
00855d02,FUN_00855d02,37,0,1,202
00855d27,FUN_00855d27,67,0,1,314
00855d6a,FUN_00855d6a,55,0,1,288
00855da1,FUN_00855da1,148,0,1,725
00855e35,FUN_00855e35,53,1,1,333
00855e6a,PreCreateWindow,33,0,1,564
00855e8b,FUN_00855e8b,181,0,1,842
00855f40,FUN_00855f40,61,1,1,334
00855f7d,FUN_00855f7d,112,1,1,698
00855fed,FUN_00855fed,14,1,1,134
00855ffb,FUN_00855ffb,48,0,1,225
0085602b,FUN_0085602b,408,0,1,2576
008561c3,FUN_008561c3,383,0,1,2122
00856342,FUN_00856342,181,1,1,1055
008563f7,FUN_008563f7,557,0,1,3557
00856624,FUN_00856624,620,0,1,4185
00856890,FUN_00856890,433,1,1,3067
00856a41,FUN_00856a41,94,1,1,542
00856a9f,FUN_00856a9f,276,0,1,1727
00856bb3,CalcLastPaneOffset,101,1,1,924
00856c18,FUN_00856c18,1046,1,1,7129
0085702e,FUN_0085702e,250,1,1,1517
00857128,FUN_00857128,173,3,1,1001
008571d5,FUN_008571d5,136,1,1,777
0085725d,FUN_0085725d,116,3,1,861
008572d1,FUN_008572d1,253,4,1,1604
008573ce,FUN_008573ce,229,0,1,1513
008574b3,FUN_008574b3,202,2,1,1227
0085757d,FUN_0085757d,179,0,1,1287
00857630,GetClientRect,67,8,1,735
00857673,FUN_00857673,135,2,1,692
008576fa,FUN_008576fa,207,2,1,1410
008577c9,FUN_008577c9,158,2,1,1179
00857867,FUN_00857867,150,1,1,1166
008578fd,FUN_008578fd,6,0,1,89
00857903,FUN_00857903,89,0,1,597
0085795c,GetWindowRect,76,13,1,835
008579a8,FUN_008579a8,9,0,1,96
008579b1,FUN_008579b1,375,2,1,2768
00857b28,FUN_00857b28,75,0,1,398
00857b73,FUN_00857b73,79,0,1,516
00857bc2,FUN_00857bc2,200,1,1,1226
00857c8a,FUN_00857c8a,180,5,1,1074
00857d3e,FUN_00857d3e,384,2,1,2077
00857ebe,FUN_00857ebe,159,2,1,921
00857f5d,MovePaneRect,113,2,1,1251
00857fce,FUN_00857fce,467,1,1,3044
008581a1,FUN_008581a1,267,0,1,1431
008582ac,FUN_008582ac,58,1,1,287
008582e6,FUN_008582e6,176,0,1,735
00858396,ReplacePane,58,0,1,625
008583d0,FUN_008583d0,1326,0,1,8580
008588fe,FUN_008588fe,95,0,1,577
0085895d,FUN_0085895d,460,3,1,3365
00858b29,FUN_00858b29,445,1,1,3401
00858ce6,FUN_00858ce6,447,2,1,3251
00858ea6,FUN_00858ea6,392,1,1,3058
0085902f,ShowDockSiteRow,32,0,1,395
0085904f,FUN_0085904f,244,0,1,1321
00859143,FUN_00859143,169,2,1,1019
008591ec,FUN_008591ec,213,0,1,1461
008592c1,FUN_008592c1,316,21,1,1764
008593fe,FUN_008593fe,51,2,1,238
00859431,~CSettingsStore,39,1,1,398
00859458,`scalar_deleting_destructor',48,0,1,500
00859488,FUN_00859488,8,0,1,116
00859490,FUN_00859490,118,19,1,781
00859506,FUN_00859506,76,0,1,430
00859552,FUN_00859552,32,0,1,205
00859572,FUN_00859572,84,0,1,507
008595c6,FUN_008595c6,24,0,1,166
008595de,FUN_008595de,6,0,1,87
008595e4,FUN_008595e4,76,0,1,400
00859630,FUN_00859630,122,3,1,1036
008596ab,FUN_008596ab,48,1,1,366
008596db,FUN_008596db,57,1,1,385
00859714,FUN_00859714,36,0,1,213
00859738,FUN_00859738,26,0,1,152
00859752,FUN_00859752,175,0,1,1224
008597fc,Catch@008597fc,14,0,1,90
0085980a,Catch@0085980a,14,0,1,90
0085981b,FUN_0085981b,19,1,1,206
00859834,FUN_00859834,164,0,1,1063
0085998c,Catch@0085998c,14,0,1,91
0085999a,Catch@0085999a,14,0,1,91
00859a6c,Catch@00859a6c,14,0,1,91
00859a7a,Catch@00859a7a,14,0,1,91
00859aa4,FUN_00859aa4,114,0,1,674
00859b17,Write,38,0,1,554
00859b3d,FUN_00859b3d,217,0,1,1377
00859c16,Catch@00859c16,14,0,1,90
00859c27,FUN_00859c27,10,1,1,125
00859c31,FUN_00859c31,203,0,1,1024
00859cfc,Catch@00859cfc,14,0,1,84
00859d0a,FUN_00859d0a,36,0,1,213
00859d2e,FUN_00859d2e,51,0,1,370
00859d61,Write,44,0,1,699
00859d8d,FUN_00859d8d,36,0,1,213
00859db1,CGlobalUtils,17,2,1,348
00859dc2,FUN_00859dc2,7,5,1,111
00859dc9,FUN_00859dc9,35,0,1,174
00859dec,FUN_00859dec,301,4,1,1867
00859f19,FUN_00859f19,900,2,1,5101
0085a29e,FUN_0085a29e,80,1,1,454
0085a2ee,FUN_0085a2ee,171,2,1,1014
0085a399,FUN_0085a399,826,5,1,5108
0085a6d3,FUN_0085a6d3,112,1,1,703
0085a743,FUN_0085a743,260,5,1,1229
0085a847,FUN_0085a847,306,44,1,1876
0085a979,FUN_0085a979,210,1,1,1131
0085aa4c,GetSystemBorders,164,3,1,1473
0085aaf0,FUN_0085aaf0,79,5,1,575
0085ab3f,GetWndIcon,194,5,1,1582
0085ac01,FUN_0085ac01,276,2,1,1586
0085ad86,FUN_0085ad86,28,1,1,155
0085ada2,`scalar_deleting_destructor',51,0,1,507
0085add5,FUN_0085add5,97,0,1,532
0085ae36,FUN_0085ae36,480,0,1,2532
0085b016,FUN_0085b016,94,0,1,512
0085b074,CalcExpectedDockedRect,100,0,1,1019
0085b0d8,FUN_0085b0d8,28,0,1,179
0085b0f4,FUN_0085b0f4,134,0,1,673
0085b17a,FUN_0085b17a,123,0,1,821
0085b1f5,FUN_0085b1f5,65,0,1,326
0085b87b,FUN_0085b87b,47,0,1,198
0085b8aa,FUN_0085b8aa,130,0,1,716
0085b92c,FUN_0085b92c,28,0,1,179
0085b948,FUN_0085b948,6,0,1,74
0085b94e,FUN_0085b94e,65,0,1,373
0085b98f,FUN_0085b98f,7,0,1,105
0085b996,FUN_0085b996,6,0,1,91
0085b99c,FUN_0085b99c,28,0,1,179
0085b9b8,FUN_0085b9b8,20,0,1,98
0085b9cc,FUN_0085b9cc,94,0,1,527
0085ba2a,FUN_0085ba2a,144,0,1,1075
0085baba,FUN_0085baba,60,0,1,358
0085baf6,FUN_0085baf6,258,0,1,1743
0085bbf9,FUN_0085bbf9,86,0,1,385
0085bc4f,OnIdleUpdateCmdUI,19,0,1,378
0085bcf0,FUN_0085bcf0,29,0,1,166
0085bd0d,FUN_0085bd0d,280,0,1,1596
0085be25,FUN_0085be25,257,0,1,1468
0085bfb2,FUN_0085bfb2,183,0,1,882
0085c069,FUN_0085c069,59,0,1,247
0085c0a4,FUN_0085c0a4,86,0,1,489
0085c105,FUN_0085c105,289,0,1,1607
0085c226,FUN_0085c226,64,0,1,296
0085c2e7,FUN_0085c2e7,94,0,1,527
0085c345,FUN_0085c345,47,0,1,223
0085c374,FUN_0085c374,1757,0,1,11440
0085ca52,FUN_0085ca52,1361,0,1,8449
0085cfa3,FUN_0085cfa3,103,0,1,539
0085d00a,FUN_0085d00a,84,0,1,399
0085d05e,FUN_0085d05e,82,0,1,415
0085d0b0,~CBaseTabbedPane,28,4,1,366
0085d0cc,`scalar_deleting_destructor',51,0,1,505
0085d0ff,FUN_0085d0ff,878,0,1,4444
0085d46d,FUN_0085d46d,44,0,1,266
0085d49e,FUN_0085d49e,577,0,1,3759
0085d6e0,FUN_0085d6e0,97,1,1,504
0085d741,FUN_0085d741,863,0,1,4162
0085daa0,FUN_0085daa0,108,2,1,517
0085db0c,FUN_0085db0c,150,0,1,898
0085dba2,FUN_0085dba2,135,0,1,741
0085dc29,FUN_0085dc29,140,0,1,862
0085dcb5,FUN_0085dcb5,470,2,1,2829
0085de8b,FUN_0085de8b,52,0,1,363
0085debf,FUN_0085debf,6,0,1,74
0085dec5,FUN_0085dec5,114,0,1,668
0085df37,FUN_0085df37,90,0,1,487
0085df91,FUN_0085df91,174,0,1,1149
0085e03f,FUN_0085e03f,6,0,1,88
0085e045,FUN_0085e045,74,1,1,540
0085e08f,FUN_0085e08f,163,1,1,867
0085e21c,FUN_0085e21c,80,0,1,390
0085e26c,FUN_0085e26c,52,0,1,275
0085e2a0,FUN_0085e2a0,144,0,1,840
0085e330,FUN_0085e330,42,0,1,264
0085e35a,FUN_0085e35a,318,0,1,1699
0085e498,FUN_0085e498,151,0,1,851
0085e52f,FUN_0085e52f,164,1,1,929
0085e5d3,FUN_0085e5d3,9,0,1,67
0085e5dc,FUN_0085e5dc,41,0,1,262
0085e605,FUN_0085e605,1085,0,1,6123
0085ea43,FUN_0085ea43,190,0,1,802
0085eb01,FUN_0085eb01,136,0,1,746
0085ebb9,FUN_0085ebb9,79,2,1,482
0085ec08,FUN_0085ec08,11,1,1,179
0085ec13,`scalar_deleting_destructor',57,0,1,590
0085ec4c,FUN_0085ec4c,6,0,1,74
0085ec52,FUN_0085ec52,6,0,1,93
0085ec58,FUN_0085ec58,25,0,1,125
0085ec71,FUN_0085ec71,7,0,1,105
0085ec78,FUN_0085ec78,319,0,1,1488
0085edb7,OnSize,53,0,1,466
0085edec,FUN_0085edec,312,0,1,1433
0085ef24,FUN_0085ef24,248,0,1,1290
0085f01c,FUN_0085f01c,69,1,1,426
0085f061,FUN_0085f061,52,1,1,441
0085f095,FUN_0085f095,26,2,1,156
0085f0af,FUN_0085f0af,71,2,1,459
0085f0fb,FUN_0085f0fb,101,1,1,891
0085f160,FUN_0085f160,78,1,1,667
0085f1ae,`scalar_deleting_destructor',51,0,1,513
0085f1e1,FUN_0085f1e1,48,0,1,225
0085f211,GetRecentDefaultPaneDivider,22,2,1,570
0085f227,FUN_0085f227,24,1,1,240
0085f23f,FUN_0085f23f,22,1,1,126
0085f255,FUN_0085f255,25,1,1,126
0085f26e,FUN_0085f26e,24,4,1,240
0085f286,FUN_0085f286,24,5,1,240
0085f29e,Init,51,1,1,591
0085f2d1,Init,45,1,1,452
0085f2fe,FUN_0085f2fe,24,3,1,240
0085f316,FUN_0085f316,44,1,1,104
0085f342,FUN_0085f342,85,0,1,870
0085f397,SetInfo,119,0,1,1250
0085f40e,FUN_0085f40e,327,0,1,2088
0085f555,StoreDockInfo,194,0,1,2002
0085f603,Catch_All@0085f603,6,0,1,69
0085f622,FUN_0085f622,118,2,1,793
0085f698,FUN_0085f698,111,5,1,720
0085f70c,FUN_0085f70c,51,0,1,278
0085f73f,FUN_0085f73f,34,0,1,130
0085f761,DrawDragFrame,141,3,1,1352
0085f7ee,FUN_0085f7ee,447,3,1,2784
0085f9ad,FUN_0085f9ad,247,6,1,1875
0085faa5,FUN_0085faa5,6,0,1,74
0085faab,FUN_0085faab,175,2,1,1268
0085fb5b,FUN_0085fb5b,1171,3,1,7378
0085ffee,FUN_0085ffee,460,2,1,2908
008601ba,FUN_008601ba,198,1,1,1259
00860280,FUN_00860280,328,4,1,1909
008603c8,ResetState,51,1,1,605
008603fb,CDockSite,77,1,1,569
00860448,FUN_00860448,133,2,1,725
008604d2,FUN_008604d2,51,0,1,225
00860505,FUN_00860505,202,4,1,1169
008605cf,FUN_008605cf,237,0,1,1768
008606bc,FUN_008606bc,70,0,1,340
00860702,FUN_00860702,244,0,1,1399
008607f6,FUN_008607f6,9,0,1,143
008607ff,FUN_008607ff,48,0,1,310
0086082f,FUN_0086082f,29,0,1,217
0086084c,FUN_0086084c,366,1,1,1970
008609ea,FUN_008609ea,108,0,1,696
00860a56,FUN_00860a56,953,0,1,5795
00860e10,FUN_00860e10,409,0,1,2449
00860faa,FUN_00860faa,149,2,1,1189
00861040,FUN_00861040,112,2,1,767
008610b0,FUN_008610b0,56,1,1,287
008610e8,FUN_008610e8,70,2,1,379
0086112e,FUN_0086112e,55,0,1,206
00861165,FUN_00861165,6,0,1,74
0086116b,FUN_0086116b,6,0,1,82
00861171,FUN_00861171,98,0,1,556
008611d3,FUN_008611d3,808,0,1,4475
008614fc,FUN_008614fc,105,0,1,545
0086157c,FUN_0086157c,130,0,1,724
008615fe,FUN_008615fe,96,0,1,532
00861682,OnPaint,45,0,1,468
008616af,FUN_008616af,124,0,1,722
0086172c,FUN_0086172c,138,0,1,706
008617b6,FUN_008617b6,80,0,1,351
00861806,FUN_00861806,75,0,1,469
00861852,FUN_00861852,3,0,1,48
00861855,FUN_00861855,124,0,1,772
008618d1,FUN_008618d1,79,0,1,404
00861920,FUN_00861920,141,1,1,555
008619ad,FUN_008619ad,295,0,1,1705
00861ad4,FUN_00861ad4,221,4,1,1343
00861bb1,FUN_00861bb1,223,6,1,1319
00861c90,FUN_00861c90,72,3,1,340
00861cd8,FUN_00861cd8,253,3,1,1559
00861dd5,FUN_00861dd5,72,0,1,518
00861e1d,FUN_00861e1d,78,1,1,405
00861e6b,FUN_00861e6b,249,1,1,1302
00861f65,FUN_00861f65,88,1,1,385
00861fbd,FUN_00861fbd,70,1,1,440
00862008,FUN_00862008,51,0,1,225
0086203b,FUN_0086203b,24,2,1,179
00862053,FUN_00862053,317,1,1,2137
00862191,FUN_00862191,151,2,1,861
00862228,HidePlace,15,3,1,391
00862237,FUN_00862237,257,1,1,1335
00862338,FUN_00862338,197,1,1,1116
008623fd,FUN_008623fd,189,1,1,1153
008624ba,FUN_008624ba,207,1,1,1148
00862589,FUN_00862589,171,1,1,588
00862634,ShowPlaceAt,52,1,1,612
00862668,FUN_00862668,147,1,1,894
008626fb,FUN_008626fb,319,1,1,1995
0086283a,FUN_0086283a,117,5,1,709
008628ee,`scalar_deleting_destructor',57,0,1,564
00862927,FUN_00862927,76,0,1,520
00862973,FUN_00862973,83,0,1,574
008629c6,FUN_008629c6,6,0,1,74
008629cc,FUN_008629cc,6,0,1,84
008629d2,FUN_008629d2,173,0,1,945
00862a7f,FUN_00862a7f,32,0,1,256
00862a9f,FUN_00862a9f,374,0,1,2200
00862c16,OnDestroy,51,0,1,627
00862c49,FUN_00862c49,188,0,1,1033
00862d05,FUN_00862d05,328,1,1,2559
00862e4d,CMFCBaseAccessibleObject,66,3,1,645
00862e8f,FUN_00862e8f,299,5,1,1833
00862fba,FUN_00862fba,37,2,1,178
00862fdf,FUN_00862fdf,77,6,1,524
00863031,FUN_00863031,154,8,1,793
008630d1,`scalar_deleting_destructor',48,0,1,528
00863101,FUN_00863101,51,0,1,225
00863134,FUN_00863134,51,0,1,225
00863167,FUN_00863167,44,0,1,194
00863193,FUN_00863193,159,0,1,834
00863232,FUN_00863232,399,1,1,2245
008633c2,FUN_008633c2,150,0,1,1228
00863459,CanBeAddedToQuickAccessToolBar,31,0,1,519
00863478,FUN_00863478,79,0,1,500
008634c7,FUN_008634c7,102,2,1,559
0086352d,CopyFrom,232,4,1,2016
00863615,CopyFrom,34,0,1,470
00863668,FUN_00863668,20,0,1,113
0086367c,FUN_0086367c,24,1,1,129
00863694,FUN_00863694,24,1,1,129
008636ac,FUN_008636ac,24,0,1,129
008636c4,FUN_008636c4,42,0,1,227
008636ee,FUN_008636ee,28,0,1,175
0086370a,FUN_0086370a,18,0,1,165
0086371c,FUN_0086371c,33,1,1,222
0086373d,FUN_0086373d,19,0,1,135
00863750,FUN_00863750,30,1,1,192
0086376e,FUN_0086376e,51,0,1,257
008637a1,FUN_008637a1,33,0,1,222
008637c2,FUN_008637c2,33,1,1,222
008637e3,FUN_008637e3,77,0,1,503
00863830,FUN_00863830,6,0,1,74
00863836,GetItemIDsList,55,0,1,623
0086386d,FUN_0086386d,23,0,1,137
00863884,GetKeyTipSize,256,0,1,1852
00863984,GetParentPanel,54,0,1,853
008639ba,GetParentWnd,40,1,1,581
008639e2,FUN_008639e2,33,0,1,222
00863a03,FUN_00863a03,18,0,1,99
00863a15,FUN_00863a15,6,0,1,97
00863a1b,FUN_00863a1b,6,0,1,94
00863a21,FUN_00863a21,6,0,1,92
00863a27,FUN_00863a27,98,0,1,724
00863a89,FUN_00863a89,438,1,1,2284
00863c3f,GetTopLevelRibbonBar,47,21,1,928
00863c6e,FUN_00863c6e,71,0,1,436
00863cb5,FUN_00863cb5,65,0,1,393
00863cf6,GetVisibleElements,37,0,1,591
00863d1b,FUN_00863d1b,5,1,1,48
00863d20,FUN_00863d20,86,0,1,571
00863d76,FUN_00863d76,7,0,1,104
00863d7d,FUN_00863d7d,7,0,1,104
00863d84,FUN_00863d84,7,0,1,104
00863d8b,FUN_00863d8b,7,0,1,104
00863d92,FUN_00863d92,7,3,1,104
00863d99,FUN_00863d99,27,15,1,251
00863db4,FUN_00863db4,7,0,1,104
00863dbb,FUN_00863dbb,12,0,1,96
00863dc7,FUN_00863dc7,399,10,1,2513
00863f56,NotifyHighlightListItem,58,2,1,666
00863f90,FUN_00863f90,8,0,1,68
00863f98,FUN_00863f98,19,0,1,107
00863fab,FUN_00863fab,38,1,1,222
00863fd1,FUN_00863fd1,424,0,1,2541
00864179,FUN_00864179,153,0,1,695
00864212,FUN_00864212,55,0,1,320
00864249,FUN_00864249,220,0,1,1085
00864325,FUN_00864325,116,0,1,646
00864399,FUN_00864399,300,2,1,1776
008644c5,FUN_008644c5,174,3,1,1124
00864573,OnShowPopupMenu,70,4,1,707
008645b9,FUN_008645b9,83,0,1,554
0086460d,FUN_0086460d,76,1,1,404
00864659,FUN_00864659,50,0,1,247
0086468b,FUN_0086468b,86,1,1,584
008646e1,FUN_008646e1,44,0,1,194
0086470d,FUN_0086470d,675,4,1,5020
008649b0,FUN_008649b0,169,0,1,811
00864a59,FUN_00864a59,42,1,1,308
00864a83,FUN_00864a83,166,6,1,819
00864b29,FUN_00864b29,16,1,1,126
00864b39,FUN_00864b39,168,1,1,847
00864be1,FUN_00864be1,86,0,1,577
00864c37,SetOriginal,34,2,1,632
00864c59,FUN_00864c59,16,1,1,126
00864c69,FUN_00864c69,16,0,1,126
00864c79,FUN_00864c79,197,1,1,1637
00864d3e,FUN_00864d3e,16,0,1,126
00864d4e,FUN_00864d4e,42,0,1,308
00864d78,FUN_00864d78,74,0,1,414
00864dc2,FUN_00864dc2,185,0,1,1389
00864e7b,FUN_00864e7b,6,0,1,56
00864e81,FUN_00864e81,31,0,1,174
00864ea0,FUN_00864ea0,80,0,1,412
00864ef0,FUN_00864ef0,6,0,1,56
00864ef6,FUN_00864ef6,84,0,1,556
00864f4a,FUN_00864f4a,69,0,1,370
00864f8f,FUN_00864f8f,6,0,1,56
00864f95,FUN_00864f95,279,0,1,1652
008650ac,FUN_008650ac,92,0,1,520
00865108,FUN_00865108,191,0,1,1407
008651c7,FUN_008651c7,86,0,1,466
0086521d,FUN_0086521d,83,0,1,439
00865270,get_accChild,41,0,1,574
00865299,FUN_00865299,80,0,1,439
008652e9,FUN_008652e9,60,0,1,316
00865325,FUN_00865325,146,0,1,850
008653b7,FUN_008653b7,83,0,1,439
0086540a,FUN_0086540a,136,0,1,844
00865492,FUN_00865492,80,0,1,438
008654e2,FUN_008654e2,24,0,1,104
008654fa,FUN_008654fa,60,0,1,316
00865536,FUN_00865536,85,0,1,519
0086558b,FUN_0086558b,80,0,1,439
008655db,FUN_008655db,8,0,1,65
008655e3,FUN_008655e3,83,0,1,466
00865636,FUN_00865636,140,0,1,863
008656c2,FUN_008656c2,80,0,1,439
00865712,FUN_00865712,144,0,1,930
008657a2,FUN_008657a2,80,0,1,439
008657f2,get_accParent,69,0,1,793
00865837,FUN_00865837,60,0,1,316
00865873,FUN_00865873,162,0,1,919
00865915,FUN_00865915,80,0,1,439
00865965,FUN_00865965,63,0,1,316
008659a4,FUN_008659a4,151,0,1,794
00865a3b,FUN_00865a3b,80,0,1,439
00865a8b,FUN_00865a8b,136,0,1,843
00865b13,FUN_00865b13,80,0,1,439
00865b63,FUN_00865b63,83,0,1,439
00865bb6,FUN_00865bb6,83,0,1,439
00865c09,CArray<CMFCRibbonBaseElement*,CMFCRibbonBaseElement*>,23,5,1,714
00865c20,CMFCRibbonButton,206,3,1,1759
00865cee,FUN_00865cee,141,9,1,979
00865d7b,~CArray<CMFCRibbonBaseElement*,CMFCRibbonBaseElement*>,22,24,1,618
00865d91,FUN_00865d91,171,13,1,1059
00865e41,FUN_00865e41,48,0,1,402
00865e71,FUN_00865e71,51,0,1,225
00865ea4,FUN_00865ea4,122,2,1,674
00865f1e,FUN_00865f1e,146,0,1,729
00865fb0,FUN_00865fb0,50,1,1,224
00865fe2,FUN_00865fe2,27,0,1,227
00865ffd,FUN_00865ffd,89,0,1,454
00866056,CommonInit,217,2,1,1417
0086612f,FUN_0086612f,521,7,1,2892
00866368,FUN_00866368,1382,3,1,7910
008668ce,FUN_008668ce,931,1,1,4864
00866c71,FUN_00866c71,279,0,1,2341
00866d88,FUN_00866d88,773,1,1,4086
0086708d,FUN_0086708d,105,0,1,623
008670f6,FUN_008670f6,105,0,1,623
0086715f,FUN_0086715f,612,2,1,2869
008673c3,FUN_008673c3,102,0,1,503
00867429,FUN_00867429,101,0,1,517
0086748e,FUN_0086748e,61,3,1,426
008674cb,FUN_008674cb,363,0,1,1889
00867636,FUN_00867636,378,0,1,1886
008677b0,FUN_008677b0,759,2,1,3979
00867aa7,FUN_00867aa7,781,3,1,3849
00867db4,FUN_00867db4,6,0,1,89
00867dba,FUN_00867dba,7,0,1,105
00867dc1,FUN_00867dc1,59,1,1,310
00867dfc,FUN_00867dfc,50,0,1,224
00867e2e,FUN_00867e2e,12,0,1,113
00867e3a,FUN_00867e3a,22,0,1,211
00867e50,FUN_00867e50,148,5,1,948
00867ee5,FUN_00867ee5,7,0,1,105
00867eec,FUN_00867eec,30,0,1,253
00867f0a,FUN_00867f0a,46,0,1,321
00867f38,FUN_00867f38,46,0,1,321
00867f66,FUN_00867f66,62,0,1,371
00867fa4,FUN_00867fa4,474,2,1,1932
0086817e,FUN_0086817e,632,1,1,3766
008683f7,FUN_008683f7,113,1,1,557
00868468,FUN_00868468,3511,2,1,17561
00869220,FUN_00869220,100,0,1,492
00869284,FUN_00869284,584,0,1,3391
008694cc,FUN_008694cc,100,0,1,492
00869530,FUN_00869530,325,1,1,1883
00869675,FUN_00869675,156,1,1,816
00869711,FUN_00869711,165,0,1,1063
008697b6,FUN_008697b6,187,0,1,972
00869871,FUN_00869871,989,0,1,6568
00869c4e,FUN_00869c4e,93,2,1,488
00869cab,FUN_00869cab,205,5,1,1331
00869d78,SetDescription,53,0,1,603
00869dad,FUN_00869dad,27,0,1,217
00869dc8,FUN_00869dc8,143,0,1,805
00869e57,FUN_00869e57,148,1,1,853
00869eeb,FUN_00869eeb,97,0,1,501
00869f4c,SetText,102,1,1,760
00869fb2,FUN_00869fb2,44,2,1,208
00869fde,FUN_00869fde,33,2,1,161
00869fff,FUN_00869fff,238,1,1,1364
0086a0ed,FUN_0086a0ed,233,3,1,1349
0086a1d6,FUN_0086a1d6,5,4,1,1067
0086a1db,FUN_0086a1db,209,2,1,1102
0086a2b1,FUN_0086a2b1,51,0,1,225
0086a2e4,FUN_0086a2e4,51,0,1,225
0086a317,`scalar_deleting_destructor',51,0,1,497
0086a34a,FUN_0086a34a,42,0,1,200
0086a374,FUN_0086a374,33,0,1,178
0086a395,FUN_0086a395,124,1,1,609
0086a411,FUN_0086a411,229,1,1,1018
0086a4f6,FUN_0086a4f6,173,1,1,1209
0086a5a3,FUN_0086a5a3,124,1,1,564
0086a61f,FUN_0086a61f,522,2,1,3073
0086a829,FUN_0086a829,81,0,1,588
0086a87a,FUN_0086a87a,396,1,1,1993
0086aa99,FUN_0086aa99,927,0,1,5631
0086ae38,FUN_0086ae38,550,0,1,2334
0086b05e,FUN_0086b05e,145,2,1,786
0086b0ef,FUN_0086b0ef,86,1,1,498
0086b145,FUN_0086b145,7,2,1,105
0086b14c,FUN_0086b14c,135,9,1,762
0086b1d3,GetElement,40,3,1,595
0086b1fb,FUN_0086b1fb,157,3,1,708
0086b298,FUN_0086b298,154,1,1,709
0086b332,FUN_0086b332,312,1,1,1808
0086b46a,FUN_0086b46a,167,3,1,1000
0086b511,GetGalleryRect,85,2,1,818
0086b566,FUN_0086b566,402,0,1,2049
0086b6f8,FUN_0086b6f8,7,2,1,105
0086b6ff,FUN_0086b6ff,157,0,1,510
0086b79c,FUN_0086b79c,60,0,1,358
0086b7d8,FUN_0086b7d8,176,0,1,1016
0086b888,FUN_0086b888,275,1,1,1650
0086b99b,FUN_0086b99b,71,1,1,402
0086b9e2,FUN_0086b9e2,632,2,1,3867
0086bc5b,FUN_0086bc5b,33,2,1,304
0086bc7c,FUN_0086bc7c,7,0,1,105
0086bc83,FUN_0086bc83,32,0,1,285
0086bca3,FUN_0086bca3,87,2,1,496
0086bcfa,GetRegularSize,41,0,1,556
0086bd23,FUN_0086bd23,6,0,1,101
0086bd29,FUN_0086bd29,6,0,1,95
0086bd2f,FUN_0086bd2f,6,0,1,88
0086bd35,FUN_0086bd35,151,0,1,666
0086bdcc,FUN_0086bdcc,145,7,1,666
0086be5d,FUN_0086be5d,97,1,1,520
0086bebe,FUN_0086bebe,724,0,1,3166
0086c192,FUN_0086c192,234,0,1,1428
0086c27c,HitTestEx,88,0,1,791
0086c2d4,FUN_0086c2d4,234,0,1,1247
0086c3be,FUN_0086c3be,131,0,1,757
0086c441,FUN_0086c441,60,6,1,500
0086c47d,FUN_0086c47d,20,2,1,210
0086c491,FUN_0086c491,129,1,1,894
0086c512,FUN_0086c512,219,1,1,1307
0086c5ed,FUN_0086c5ed,269,1,1,1618
0086c6fa,FUN_0086c6fa,188,0,1,1021
0086c7b6,FUN_0086c7b6,106,0,1,601
0086c820,FUN_0086c820,294,0,1,1497
0086c946,FUN_0086c946,29,0,1,166
0086c963,FUN_0086c963,57,0,1,280
0086c99c,FUN_0086c99c,44,0,1,222
0086c9c8,FUN_0086c9c8,84,0,1,441
0086ca1c,FUN_0086ca1c,184,0,1,1090
0086cad4,FUN_0086cad4,1164,1,1,6686
0086cf60,FUN_0086cf60,128,0,1,597
0086cfe0,FUN_0086cfe0,2570,0,1,16140
0086d9ea,FUN_0086d9ea,44,0,1,233
0086da16,FUN_0086da16,145,0,1,660
0086daa7,FUN_0086daa7,206,0,1,1531
0086db75,FUN_0086db75,152,0,1,1035
0086dc0d,FUN_0086dc0d,13,0,1,99
0086dc1a,FUN_0086dc1a,128,0,1,631
0086dc9a,FUN_0086dc9a,722,0,1,3482
0086df6c,FUN_0086df6c,121,0,1,819
0086dfe5,FUN_0086dfe5,107,2,1,567
0086e050,FUN_0086e050,3444,0,1,18972
0086edc4,FUN_0086edc4,6493,0,1,36458
00870721,FUN_00870721,800,0,1,4654
00870a41,FUN_00870a41,163,3,1,882
00870ae4,FUN_00870ae4,228,0,1,1662
00870bc8,SetACCData,35,0,1,569
00870beb,FUN_00870beb,153,0,1,952
00870c84,FUN_00870c84,235,1,1,1172
