# GDI's own circles, quadrant staircases.  odd r q hex
# odd 1 means the box is 2r+1 across, 0 means 2r.
0 1 0 -
0 1 1 04
0 1 2 04
0 1 3 -
0 2 0 18
0 2 1 18
0 2 2 18
0 2 3 18
0 3 0 68
0 3 1 68
0 3 2 68
0 3 3 68
0 4 0 4806
0 4 1 4806
0 4 2 4806
0 4 3 4806
0 5 0 8819
0 5 1 8819
0 5 2 8819
0 5 3 8819
0 6 0 089601
0 6 1 089601
0 6 2 089601
0 6 3 089601
0 7 0 809a05
0 7 1 806a05
0 7 2 806a05
0 7 3 809a05
0 8 0 809256
0 8 1 809256
0 8 2 809256
0 8 3 809256
0 9 0 20a86501
0 9 1 20a86501
0 9 2 20a86501
0 9 3 20a86501
0 10 0 20a89605
0 10 1 20a89605
0 10 2 20a89605
0 10 3 20a89605
0 11 0 80886659
0 11 1 80886656
0 11 2 20886656
0 11 3 20886659
0 12 0 80889a5901
0 12 1 80889a5901
0 12 2 20889a5901
0 12 3 20889a5901
0 13 0 20a0985616
0 13 1 20a0985616
0 13 2 20a0985616
0 13 3 20a0985616
0 14 0 20a0685a59
0 14 1 20a0685a59
0 14 2 20a0685a59
0 14 3 20a0685a59
0 15 0 8020aa666501
0 15 1 8020aa665901
0 15 2 8020aa665901
0 15 3 8020aa666501
0 16 0 80808aa99515
0 16 1 80808aa99515
0 16 2 20208a699615
0 16 3 20208a699615
0 17 0 2080a29a5659
0 17 1 2080a29a5659
0 17 2 2080a29a5659
0 17 3 2080a29a5659
0 18 0 2080a2a4699505
0 18 1 2080a2a4699505
0 18 2 2080a2a4699505
0 18 3 2080a2a4699505
0 19 0 8080286a9a5516
0 19 1 8080286a9a9515
0 19 2 2080286a9a9515
0 19 3 2080286a9a5516
0 20 0 208028aa695659
0 20 1 208028aa695659
0 20 2 208088629a565901
0 20 3 208088629a565901
0 21 0 208088a269669505
0 21 1 208088a269669505
0 21 2 208088a269669505
0 21 3 208088a269669505
0 22 0 2080a0a89a965516
0 22 1 2080a0a89a965516
0 22 2 2080a0a8a6965516
0 22 3 2080a0a8a6965516
0 23 0 8000a228a669596501
0 23 1 8000a228a669565901
0 23 2 2080a028a669565901
0 23 3 2080a028a669596501
0 24 0 2080208a6a9a596505
0 24 1 2080208a6a9a659505
0 24 2 2080208a6a9a659505
0 24 3 2080208a6a9a596505
0 25 0 0008228a92a6996555
0 25 1 0008228a92a6996555
0 25 2 0008228a92a6996555
0 25 3 0008228a92a6996555
0 26 0 000882a2a8695a965501
0 26 1 000882a2a8695a965501
0 26 2 000882a2a8695a965501
0 26 3 000882a2a8695a965501
0 27 0 000882a2a8a669595605
0 27 1 000882a2a8a669595605
0 27 2 000882a2a8a669595605
0 27 3 000882a2a8a669595605
0 28 0 000888288aa669666555
0 28 1 000888288aa669666555
0 28 2 000888288aa669666555
0 28 3 000888288aa669666555
0 29 0 000888288a9aa699955501
0 29 1 000888288a9aa699955501
0 29 2 000888288a9aa699955501
0 29 3 000888288a9aa699955501
0 30 0 000808a2a8989a66595915
0 30 1 000808a2a8989a66595915
0 30 2 000808a2a8989a66595915
0 30 3 000808a2a8989a66595915
0 31 0 000808228aaaa699656555
0 31 1 000808228aaaa699656555
0 31 2 000808228aaaa699656555
0 31 3 000808228aaaa699656555
0 32 0 00080822a2aa6a6696955501
0 32 1 00080822a2aa6a6696955501
0 32 2 00080822a24aaa9959565605
0 32 3 00080822a24aaa9959565605
0 33 0 00080822a2a89a6666595915
0 33 1 00080822a2a89a6666595915
0 33 2 00080822a2a89a6666595915
0 33 3 00080822a2a89a6666595915
0 34 0 0008088822aaaa9966656555
0 34 1 0008088822aaaa9966656555
0 34 2 0008088822aaaa6966656555
0 34 3 0008088822aaaa6966656555
0 35 0 00082088882a9a6a6696555605
0 35 1 00082088882a9a6a6696555605
0 35 2 00082088882a9a6a6696555605
0 35 3 00082088882a9a6a6696555605
0 36 0 0008208888a2aaa69959565915
0 36 1 0008208888a2aaa69959565915
0 36 2 0008208888a2aaa69959565915
0 36 3 0008208888a2aaa69959565915
0 37 0 0008208888a862aa999965955501
0 37 1 0008208888a862aa999965955501
0 37 2 0008208888a862aa999965955501
0 37 3 0008208888a862aa999965955501
0 38 0 000820088aa8a8a6665a96555605
0 38 1 000820088aa8a8a6665a96555605
0 38 2 000820088aa8a8a6665a96555605
0 38 3 000820088a28aa9a665a96555605
0 39 0 00082008228aaaaa696659565915
0 39 1 00082008228aaaaa696659565915
0 39 2 00082008228aaaaa696659565915
0 39 3 00082008228aaaaa696659565915
0 40 0 0008200822a28a9a6a669665955501
0 40 1 0008200822a28a9a6a669665955501
0 40 2 0008200822a28a9a6a669665955501
0 40 3 0008200822a28a9a6a669665955501
0 41 0 0008202022a2a8aaa6999995555605
0 41 1 0008202022a2a8aaa6999995555605
0 41 2 0008202022a2a8aaa6999995555605
0 41 3 0008202022a2a8aaa6999995555605
0 42 0 000880202822aa68aa996959566555
0 42 1 000880202822aa68aa996959566555
0 42 2 000820202822aa68aa996959566555
0 42 3 000820202822aa68aa996959566555
0 43 0 0008802088282aaaa6a6996559955501
0 43 1 0008802088282aaaa6a6996559955501
0 43 2 0008802088282aaaa6a6996559955501
0 43 3 0008802088282aaaa6a6996559955501
0 44 0 000880208888a2aaaa69669665555605
0 44 1 000880208888a2aaaa69669665555605
0 44 2 000880208888a2aaaa69669665555605
0 44 3 000880208888a2aaaa69669665555605
0 45 0 000880208888a8a29a6a666659566555
0 45 1 000880208888a8a29a6a666659566555
0 45 2 000880208888a8a29a6a666659566555
0 45 3 000880208888a8a29a6a666659566555
0 46 0 00088020888828aaaaa699996559955501
0 46 1 00088020888828aaaaa699996559955501
0 46 2 00088020a08828aaaaa699996559955501
0 46 3 00088020a08828aaaaa699996559955501
0 47 0 0008802020a2882a6aaa99665696555915
0 47 1 0008802020a2882a6aaa99665696555915
0 47 2 00088020208a882a6aaa99665696555915
0 47 3 00088020208a882a6aaa99665696555915
0 48 0 0008808020228a8aaaa6a6995956566555
0 48 1 0008808020228a8aaaa6a6995956566555
0 48 2 0008808020228a8aaaa6a6995956566555
0 48 3 0008808020228a8aaaa6a6995956566555
0 49 0 000880802022a2a84aaaa699996565555605
0 49 1 000880802022a2a84aaaa699996565555605
0 49 2 000880802022a2a84aaaa699996565555605
0 49 3 000880802022a2a84aaaa699996565555605
0 50 0 00080082202222aaa89a6a66669665555915
0 50 1 00080082202222aaa89a6a66669665555915
0 50 2 00080082202222aaa89a6a66669665555915
0 50 3 00080082202222aaa89a6a66669665555915
0 51 0 000800822028228aaaaaa699695996556555
0 51 1 000800822028228aaaaaa699695996556555
0 51 2 000800822028228aaaaaa699665996556555
0 51 3 000800822028228aaaaaa699695996556555
0 52 0 00080082208828a28a6aaa9966966559555605
0 52 1 00080082208828a28a6aaa9966966559555605
0 52 2 00080082208828a28a6aaa9966966559555605
0 52 3 00080082208828a28a6aaa9966966559555605
0 53 0 00080082208888a8a2aaa69a99599665555915
0 53 1 00080082208888a8a2aaa69a99599665555915
0 53 2 00080082208888a2a2aaa69a99599665555915
0 53 3 00080082208888a2a2aaa69a99599665555915
0 54 0 0008008280888828aa62aaa69999595956955501
0 54 1 0008008280888828aa62aaa69999595956955501
0 54 2 0008008280888828aa62aaa69999595956955501
0 54 3 0008008280888828aa62aaa69999595956955501
0 55 0 0008000282208a882aaa9a6a669a655959555605
0 55 1 0008000282208a882aaa9a6a669a655959555605
0 55 2 0008008280a088882aaa9a6a66a6656559555605
0 55 3 0008008280a088882aaa9a6a66a6656559555605
0 56 0 0008000282208a888aaaaaa99969966565555915
0 56 1 0008000282208a888aaaaaa99969966565555915
0 56 2 000800028220a2888aaaaaa99969966565555915
0 56 3 000800028220a2888aaaaaa99969966565555915
0 57 0 000800088220228aa88a9aaa996666599655955501
0 57 1 000800088220228aa88a9aaa996666599655955501
0 57 2 00080008822022a2a88a9aaa996666599655955501
0 57 3 00080008822022a2a8a26aaa996666599655955501
0 58 0 0008000882202222aaa8aaa69a9999655956555605
0 58 1 0008000882202222aaa8aaa69a9999655956555605
0 58 2 0008000882202222aaa8aaa69a9999655956555605
0 58 3 0008000882202222aaa8aaa69a9999655956555605
0 59 0 00080008822022228aaa68aaa69999599665556555
0 59 1 00080008822022228aaa68aaa69999599665556555
0 59 2 00080008822022228aaa68aaa69999599665556555
0 59 3 00080008822022228aaa68aaa69999599665556555
0 60 0 0008000882808822a22aaaa66a669a59599655955501
0 60 1 0008000882808822a22aaaa66a669a59599655955501
0 60 2 0008000882808822a22aaaa66a66a659599655955501
0 60 3 0008000882808822a22aaaa66a66a659599655955501
0 61 0 0008000802828828a2a28aa9a6669a99956559555915
0 61 1 0008000802828828a2a28aa9a6669a99656559555915
0 61 2 0008000882808828a2a28aa9a6669a99656559555915
0 61 3 0008000882808828a2a28aa9a6669a99956559555915
0 62 0 000800080282888828aaa29aaa696666969565556555
0 62 1 000800080282888828aaa29aaa696666969565556555
0 62 2 000800080282888828aaa29aaa696666969565556555
0 62 3 000800080282888828aaa29aaa696666969565556555
0 63 0 0008000808828888882aaaaaa69a999959969555955501
0 63 1 0008000808828888882aaaaaa69a999959969555955501
0 63 2 0008000808828888882aaaaaa69a999959969555955501
0 63 3 0008000808828888882aaaaaa69a999959969555955501
0 64 0 000800080882a088888a2a6aaaa9999996655959555915
0 64 1 000800080882a088888a2a6aaaa9999996655959555915
0 64 2 000800080882a088888a2a6aaaa6999996655959555915
0 64 3 000800080882a088888a2a6aaaa6999996655959555915
0 65 0 00080020088220a288a8a2aa9a6a669a59966559556555
0 65 1 00080020088220a288a8a2aa9a6a669a59966559556555
0 65 2 00080020088220a288a88aaaa66a669a59966559556555
0 65 3 00080020088220a288a88aaaa66a669a59966559556555
0 66 0 0008002008822022a2a8a84aaaa6a6999965599655555605
0 66 1 0008002008822022a2a8a84aaaa6a6999965599655555605
0 66 2 0008002008822022a2a8a84aaaa6a6999965599655555605
0 66 3 0008002008822022a2a8a84aaaa6a6999965599655555605
0 67 0 0008002008822022228aaaa89aaa69666696655956555915
0 67 1 0008002008822022228aaaa89aaa69666696655956555915
0 67 2 0008002008822022228aaaa89aaa69666696655956555915
0 67 3 0008002008822022228aaaa89aaa69666696655956555915
0 68 0 000800200802822222a28aaaaaa69a999996956559556555
0 68 1 000800200802822222a22aaaaaa99a999996956559556555
0 68 2 000800200802822222a28aaaaaa69a999996956559556555
0 68 3 000800200802822222a28aaaaaa69a999996956559556555
0 69 0 000800200808828822a2a88a6aaaa699696659569655555605
0 69 1 000800200808828822a2a88a6aaaa699696659569655555605
0 69 2 000800200808828822a2a88a6aaaa699696659569655555605
0 69 3 000800200808828822a2a88a6aaaa699696659569655555605
0 70 0 00080020080882888822aaa2aaa66aa6999965595956555915
0 70 1 00080020080882888822aaa2aaa66aa6999965595956555915
0 70 2 00080020080882888822aaa2aaa66aa6999965595956555915
0 70 3 00080020080882888822aaa2aaa66aa6999965595956555915
0 71 0 000800202008828888282aaaa8a9a6a699995996656555955501
0 71 1 000800202008828888282aaaa8a9a6a699995996656555955501
0 71 2 000800202008828888282aaa62aaa6a699995996656555955501
0 71 3 000800202008828888282aaa62aaa6a699995996656555955501
0 72 0 00080080200882888888a22aaa9aaa6966666659966555555605
0 72 1 00080080200882888888a22aaa9aaa6966666659966555555605
0 72 2 00080080200882888888a22aaa9aaa6966666659966555555605
0 72 3 00080080200882888888a22aaa9aaa6966666659966555555605
0 73 0 00080080200802228a88a8a2aaaaa69a99696665599655555915
0 73 1 00080080200802228a88a8a2aaaaa69a99696665599655555915
0 73 2 00080080200802228a88a8a2aaaaa99a99696665599655555915
0 73 3 00080080200802228a88a8a2aaaaa99a99696665599655555915
0 74 0 0008008020080822a288a8a88a9aaaa99969669695655955955501
0 74 1 0008008020080822a288a8a88a9aaaa99969669695655955955501
0 74 2 0008008020080822228aa8a8a26aaaa99969669695655955955501
0 74 3 0008008020080822228aa8a8a26aaaa99969669695655955955501
0 75 0 0008008020080822228a88aaa8aaa66a669a995956966555555605
0 75 1 0008008020080822228a88aaa8aaa66a669a995956966555555605
0 75 2 000800802008082222a288aaa8aaa66aa699995956966555555605
0 75 3 000800802008082222a288aaa8aaa66aa699995956966555555605
0 76 0 000800802008082222228a8aaa68aaa6a699999965655956556555
0 76 1 000800802008082222228a8aaa68aaa6a699999965655956556555
0 76 2 00080080202008222222a28aaa68aaa6a699999965655956556555
0 76 3 00080080202008222222a28aaa68aaa6a699999965655956556555
0 77 0 00080080202008822822a2a28aaa9a6a6a66a6599665655955955501
0 77 1 00080080202008822822a2a28aaa9a6a6a66a6599665655955955501
0 77 2 00080080202008822822a2a28aaa9a6a6a66a6599665655955955501
0 77 3 00080080202008822822a2a28aaa9a6a6a66a6599665655955955501
0 78 0 0008008080200882882222aaa28aa9a66a66a6996559969555555915
0 78 1 0008008080200882882222aaa28aa9a66a66a6996559969555555915
0 78 2 0008008080200882882222aaa28aa9a66a66a6996559969555555915
0 78 3 0008008080200882882222aaa28aa9a66a66a6996559969555555915
0 79 0 00080080802008828888222aaaa29aaaa99966669665595656556555
0 79 1 00080080802008828888222aaaa29aaaa99966669665595656556555
0 79 2 00080080802008828828222aaaa29aaaa99966669665595656556555
0 79 3 00080080802008828828222aaaa29aaaa99966669665595656556555
0 80 0 0008008080200888888828a22aaaaaa66aa69999999565595955955501
0 80 1 0008008080200888888828a22aaaaaa66aa69999999565595955955501
0 80 2 0008008080200888888828a22aaaaaa66aa69999999565595955955501
0 80 3 0008008080200888888828a22aaaaaa66aa69999999565595955955501
0 81 0 00080080802008088a8888a8a22a6aaaa69a9999695959969555555915
0 81 1 00080080802008088a8888a8a22a6aaaa69a9999695959969555555915
0 81 2 0008008080202008a28888a8a22a6aaaa69a9999695959969555555915
0 81 3 0008008080202008a28888a8a22a6aaaa69a9999695959969555555915
0 82 0 0008008080202008228a88a8a8a2aa9a6a6a66a6996559595656556555
0 82 1 0008008080200808228a88a8a8a2aa9a6a6a66a6996565595656556555
0 82 2 0008008080202008228a88a8a8a2aa9aaa69669a996559595656556555
0 82 3 0008008080202008228a88a8a8a2aa9aaa69669a996559595656556555
0 83 0 000800808020200822228a88aaa84aaaa66a669a99599695656555555605
0 83 1 000800808020200822228a88aaa84aaaa66a669a99599695656555555605
0 83 2 000800808020200822228a88aaa8a2a9a66a669a99599695656555555605
0 83 3 000800808020200822228a88aaa8a2a9a66a669a99599695656555555605
0 84 0 00080080808020082222a2888aaaa89aaaa9996666665996959555555915
0 84 1 00080080808020082222a2888aaaa89aaaa9996666665996959555555915
0 84 2 00080080808020082222a2888aaaa89aaaa9996666665996959555555915
0 84 3 00080080808020082222a2888aaaa89aaaa9996666665996959555555915
0 85 0 0008008000822008222222a2a88aaaaaa66a9a9999996559965556556555
0 85 1 0008008000822008222222a2a88aaaaaa66a9a9999996559965556556555
0 85 2 0008008000822008222222a2a88aaaaaa66a9a9999996559965556556555
0 85 3 0008008000822008222222a2a88aaaaaa66a9a9999996559965556556555
0 86 0 000800800082200888282222aaa88a6aaaa69a999966569665596555555605
0 86 1 000800800082200888282222aaa28a6aaaa99a999966569665596555555605
0 86 2 000800800082200888282222aaa28a6aaaa99a999966569665596555555605
0 86 3 000800800082200888282222aaa88a6aaaa69a999966569665596555555605
0 87 0 0008008000822008888828222aaaa8aa9a6a6a669a99595996659555555915
0 87 1 0008008000822008888828222aaaa2aaa66a6a669a99595996659555555915
0 87 2 0008008000822008888828222aaaa8aa9a6a6a669a99595996659555555915
0 87 3 0008008000822008888828222aaaa8aa9a6a6a669a99595996659555555915
0 88 0 000800800082202088888822a22aaaa8a9a66a669a9999656559565955955501
0 88 1 000800800082202088888822a22aaaa8a9a66a669a9999656559565955955501
0 88 2 000800800082202088888822a22aaaa8a9a66a669a9999656559565955955501
0 88 3 000800800082202088888822a22aaaa8a9a66a669a9999656559565955955501
0 89 0 000800800082802088888888a2a22aaa9aaaa969666666966565596555555605
0 89 1 000800800082802088888888a2a22aaa9aaaa969666666966565596555555605
0 89 2 0008008000828020088a8888a2a22aaa9aaaa969666666966565596555555605
0 89 3 0008008000828020088a8888a2a22aaa9aaaa969666666966565596555555605
0 90 0 0008008000828020088a888828aaa22aa99aaa696666a6655956965556556555
0 90 1 0008008000828020088a888828aaa22aa99aaa696666a6655956965556556555
0 90 2 0008008000828020088a888828aaa22aa99a6a6a6666a6655956965556556555
0 90 3 0008008000828020088a888828aaa22aa99a6a6a6666a6655956965556556555
0 91 0 000800800002822008228a88882aaaa26aaaa69a99996696655956565955955501
0 91 1 000800800002822008228a88882aaaa26aaaa69a99996696655956565955955501
0 91 2 000800800002822008228a88882aaaa26aaaa99a99996696655956565955955501
0 91 3 000800800002822008228a88882aaaa26aaaa99a99996696655956565955955501
0 92 0 00080080000282200822228a888aaaa8aaa66a6a669a9959966559596555555605
0 92 1 00080080000282200822228a888aaaa8aaa66a6a669a9959966559596555555605
0 92 2 00080080000282200822228a888aaaa8aaa66a6a669a9959966559596555555605
0 92 3 00080080000282200822228a888aaaa8aaa66a6a669a9959966559596555555605
0 93 0 0008008000088220202222a288a88aaa68aaa66a669a9999595996655556556555
0 93 1 0008008000088220202222a288a88aaa68aaa66a669a9999595996655556556555
0 93 2 0008008000088220202222a288a88aaa68aaa66a669a9999595996655556556555
0 93 3 0008008000088220202222a288a88aaa68aaa66a669a9999595996655556556555
0 94 0 0008008000088220202822228aa8a88aaa9aaaa9996666a665655996555955955501
0 94 1 0008008000088220202822228aa8a88aaa9aaaa9996666a665655996555955955501
0 94 2 000800800008822020882222a2a8a88aaa9aaaa96966669a65595996555955955501
0 94 3 000800800008822020882222a2a8a88aaa9aaaa96966669a65595996555955955501
0 95 0 000800800008828020882822222aaaa88aa99a6a6a66669a59969565599555555915
0 95 1 000800800008828020882822222aaaa88aa99a6a6a66669a59969565599555555915
0 95 2 000800800008828020882822228aaaa88aa99a6a6a66669a59969565599555555915
0 95 3 000800800008828020882822228aaaa88aa99a6a6a66669a59969565599555555915
0 96 0 00002000020802822088882822a22aaaa86aaaa99a99696666599695659555595555
0 96 1 00002000020802822088882822a22aaaa29aaaa99a99696666599695659555595555
0 96 2 00002000020802822088882822a22aaaa29aaaa99a99696666595696659555595555
0 96 3 00002000020802822088882822a22aaaa86aaaa99a99696666595696659555595555
0 97 0 00002000080802822088888822a2a22aaaaaa66a6a669a999965595696955565555501
0 97 1 00002000080802822088888822a2a22aaaaaa66a6a669a999965595696955565555501
0 97 2 00002000080802822088888822a2a22aaaaaa66a6a669a999965595696955565555501
0 97 3 00002000080802822088888822a2a22aaaaaa66a6a669a999965595696955565555501
0 98 0 0000200002080882208888888822aaa22a6aaaa66aa699999959966559596555565515
0 98 1 0000200002080882208888888822aaa22a6aaaa66aa699999959966559596555565515
0 98 2 00002000020808822088888828a2a8a22a6aaaa66aa699999959966565596555565515
0 98 3 00002000020808822088888828a2a8a22a6aaaa66aa699999959966565596555565515
0 99 0 00002000080808822020a28888282aaaa2aa9aaaa96966669a59599665656555595555
0 99 1 00002000080808822020a28888282aaaa2aa9aaaa96966669a59599665656555595555
0 99 2 00002000080808822020a28888282aaaa2aa9aaaa96966669a59599665656555595555
0 99 3 00002000080808822020a28888282aaaa2aa9aaaa96966669a59599665656555595555
0 100 0 0000200008200882802022a288888a2aaaa2a99a6a6a66a6999965655996555695555505
0 100 1 0000200008200882802022a288888a2aaaa2a99a6a6a66a6999965655996555695555505
0 100 2 0000200008200882802022a288888a2aaaa2a99a6a6a66a6999965655996555695555505
0 100 3 0000200008200882802022a288888a2aaaa2a99a6a6a66a6999965655996555695555505
0 101 0 0000200008200882802022228a88a88aaaa89aaaa99a9969666696956559565955565515
0 101 1 0000200008200882802022228a88a88aaaa89aaaa99a9969666696956559565955565515
0 101 2 0000200008200882802022228a88a88aaaa86aaaa99a9966666696956559565955565515
0 101 3 0000200008200882802022228a88a88aaaa86aaaa99a9966666696956559565955565515
0 102 0 000020000820088280202222228aa8a88aaaaaa66a6aa699999959569665596555595555
0 102 1 000020000820088280202222228aa8a88aaaaaa66a6aa699999959569665596555595555
0 102 2 000020000820088280202222a288a8a88aaaaaa66a6aa699999959569665596555595555
0 102 3 000020000820088280202222a288a8a88aaaaaa66a6aa699999959569665596555595555
0 103 0 00008000082008028220882222a288aaa88a6aaaa66aa69999699665595996555695555505
0 103 1 00008000082008028220882222a288aaa88a6aaaa66aa69999699665595996555665555505
0 103 2 00002000082008028220882222a288aaa88a6aaaa66aa69999699665595996555665555505
0 103 3 00002000082008028220882222a288aaa88a6aaaa66aa69999699665595996555695555505
0 104 0 0000080008200808822088882222a22aaaa8aa9a6aaa6666a6995996655959565955595515
0 104 1 0000080008200808822088882222a22aaaa8aa9a6aaa6666a6995996655959565955595515
0 104 2 0000080008200808822088882222a22aaaa8aa9a6aaa6666669a5996655959565955595515
0 104 3 0000080008200808822088882222a22aaaa8aa9a6aaa6666669a5996655959565955595515
0 105 0 0000200008202008822088882822a2a22aaaa8a9a66a6a66a699996559966565955595555501
0 105 1 0000200008202008822088882822a2a22aaaa8a9a66a6a66a699996559966565955565555501
0 105 2 0000080008202008822088882822a2a22aaaa8a9a66a6a66a699996559966565955565555501
0 105 3 0000080008202008822088882822a2a22aaaa8a99a6a6a66a699996559966565955595555501
0 106 0 000020000880802008828888882822aaa22aaa9aaaa99a996666666659966565555695555505
0 106 1 000020000880802008828888882822aaa22aaa9aaaa99a996666666659966565555695555505
0 106 2 000020000880802008828888882822aaa28aaa6aaaa99a996666666659966565555695555505
0 106 3 000020000880802008828888882822aaa28aaa6aaaa99a996666666659966565555695555505
0 107 0 00002000088080202082208a8888222aaaa22aa99aaaa9996666a65996595956566555595555
0 107 1 00002000088080202082208a8888222aaaa22aa99aaaa9996666a65996595956566555595555
0 107 2 00002000088080202082208a8888222aaaa22aa99aaaa9996666a65996595956566555595555
0 107 3 00002000088080202082208a8888222aaaa22aa99aaaa9996666a65996595956566555595555
0 108 0 0000200008808080208820a28888888a2aaaa26aaaa69a9a999969669965595959955565555501
0 108 1 0000200008808080208820a28888888a2aaaa26aaaa69a9a999969669965595959955565555501
0 108 2 0000200008808080208820a28888888a2aaaa26aaaa69aa6999969669965595959955565555501
0 108 3 0000200008808080208820a28888888a2aaaa26aaaa99aa6999969669965595959955565555501
0 109 0 000020000880808020882022a28888a8a22aaaaa9aaaa96666a699996596656565555695555505
0 109 1 000020000880808020882022a28888a8a22aaaaa9aaaa96666a699996596656565555695555505
0 109 2 000020000880808020882022a28888a88a2aaaaa9a6aaa6666a699996596656565555695555505
0 109 3 000020000880808020882022a28888a88a2aaaaa9a6aaa6666a699996596656565555695555505
0 110 0 000020000880808020082222228a88a8a88a2aaaa9a66a6a66a699999965595656566555595555
0 110 1 000020000880808020082222228a88a8a88a2aaaa9a66a6a66a699999965595656566555595555
0 110 2 000020000880808020082222228a88a8a88a2aaaa9a66a6a66a699999965595656566555595555
0 110 3 000020000880808020082222228a88a8a88a2aaaa9a66a6a66a699999965595656566555595555
0 111 0 00002000088080802008222222228a88aaa88aaa9aaaa99a99666666669665595959955565555501
0 111 1 00002000088080802008222222228a88aaa88aaa9aaaa99a99666666669665595959955565555501
0 111 2 00002000088080802008222822228a88aaa88aaa9aaaa99a99666666669665595959955565555501
0 111 3 00002000088080802008222822228a88aaa88aaa9aaaa99a99666666669665595959955565555501
0 112 0 0000200020808080200882882222a2882aaaa88aa99a6aaa996666a6996559969595555655565515
0 112 1 0000200020808080200882882222a2882aaaa88aa99a6aaa996666a6996559969595555655565515
0 112 2 0000200020808080800882882222228a8aaaa88aa99aaaa9696666a6996559969595555655565515
0 112 3 0000200020808080800882882222228a8aaaa88aa99aaaa9696666a6996559969595555655565515
0 113 0 000020000880808080088288882222a2a28aaaa86aaaa69a9a999966669665565656566555595555
0 113 1 000020000880808080088288882222a2a28aaaa86aaaa69a9a999966669665565656566555595555
0 113 2 000020000880808080088288882222a2a88aaaa86aaaa69a9a999966669665565656566555595555
0 113 3 000020000880808080088288882222a2a88aaaa86aaaa69a9a999966669665565656566555595555
0 114 0 00002000200082808020828888282222aaa22aaaaaa66aaa6666a69999596659595956655565555501
0 114 1 00002000200082808020828888282222aaa22aaaaaa66aaa6666a69999596659595956655565555501
0 114 2 00002000200082808020828888282222aaa22aaaaaa66aaa6666a69999599659595956655565555501
0 114 3 00002000200082808020828888282222aaa22aaaaaa66aaa6666a69999599659595956655565555501
0 115 0 000020002000020282208288888828222aaaa22aaaa9a66a6a669a9999996596656565555655565515
0 115 1 000020002000020282208288888828222aaaa22a6aaaa66a6a669a9999996596656565555655565515
0 115 2 000020002000020282208288888828222aaaa22a6aaaa66a6a669a9999996596656565555655565515
0 115 3 000020002000020282208288888828222aaaa22aaaa9a66a6a669a9999996596656565555655565515
0 116 0 0000080020000202822088208a8888228a2aaaa2aa9aaaa9a6996666a6596659969595555955655555
0 116 1 0000080020000202822088208a8888228a2aaaa2aa9aaaa9a6996666a6596659969595555955655555
0 116 2 0000080020000202822088208a8888228a2aaaa2aa9aaaa9a6996666a6596659969595555955655555
0 116 3 0000080020000202822088208a8888228a2aaaa2aa9aaaa9a6996666a6596659969595555955655555
0 117 0 000020002000020282208820a2888888a2a22aaaa2a99aaaa9696666a699659665595959955595555505
0 117 1 000020002000020282208820a2888888a2a22aaaa2a99aaaa9696666a699659665595959955595555505
0 117 2 000020002000020282200822a2888888a2a22aaaa2a99aaaa96966669a99599665595959955595555505
0 117 3 000020002000020282208820a2888888a2a22aaaa2a99aaaa96966669a99599665595959955595555505
0 118 0 00002000200002028220082222a28888a8a88a2aaa6aaaa99a9a99996666665996656565555655565515
0 118 1 00002000200002028220082222a28888a8a88a2aaa6aaaa99a9a99996666665996656565555655565515
0 118 2 00002000200002028220082222a28888a8a88a2aaa6aaaa69a9a99996666665966656565555655565515
0 118 3 00002000200002028220082222a28888a8a88a2aaa6aaaa69a9a99996666665966656565555655565515
0 119 0 000020002000020202220882888828a288aaa8a22aa66aaaa99a69a6999959966556565656655565555501
0 119 1 000020002000020202220882888828a288aaa8a22aa66aaaa99a69a6999959966556565656655565555501
0 119 2 000020002000020202220882888828a288aaa8a22aa66aaaa99a69a6999959966556565656655565555501
0 119 3 000020002000020202220882888828a288aaa8a22aa66aaaa99a69a6999959966556565656655565555501
0 120 0 000020002000020202820882888888228a8aaaa88a6aaaa66a6a9a69666666596659595959955595555505
0 120 1 000020002000020202820882888888228a8aaaa88a6aaaa66a6a9a69666666596659595959955595555505
0 120 2 000020002000020202820882888888228a8aaaa88a6aaaa66a6a9a69666666596659595959955595555505
0 120 3 000020002000020202820882888888228a8aaaa88a6aaaa66a6a9a69666666596659595959955595555505
0 121 0 00002000200008020282208288888828a2a88aaaa8aa9aaaa99a669a999999659665656559555655565515
0 121 1 00002000200008020282208288888828a2a88aaaa8aa9aaaa99a669a999999659665656559555655565515
0 121 2 00002000200008020282088288888828a2a88aaaa8aa9aaaa99a669a999999659665656565555655565515
0 121 3 00002000200008020282088288888828a2a88aaaa8aa9aaaa99a669a999999659665656565555655565515
0 122 0 0000200020000808028220828888a08822aaa28aaaa8a99a6aaa669a69999959665956969555655565555501
0 122 1 0000200020000808028220828888a08822aaa28aaaa8a99a6aaa669a69999959665956969555655565555501
0 122 2 0000200020000202028220828888a08822aaa28aaaa8a99a6aaa669a99999959665956969555655565555501
0 122 3 0000200020000202028220828888a08822aaa28aaaa8a99a6aaa669a99999959665956969555655565555501
0 123 0 0000200020000808088220880822228a222aaaa28aaa6aaaa99a9a699a995966966559565656955595555505
0 123 1 0000200020000808088220880822228a222aaaa28aaa6aaaa99a9a699a995966966559565656955595555505
0 123 2 0000200020000808088220880822228a222aaaa28aaa6aaaa99a9a669a999965966559565656955595555505
0 123 3 0000200020000808088220880822228a222aaaa28aaa6aaaa99a9a669a999965966559565656955595555505
0 124 0 0000200020000808088220082222228a28a22aaaa22aa99aaaa99a69a6999999655996656565555955595555
0 124 1 0000200020000808088220082222228a28a22aaaa22aa99aaaa99a69a6999999655996656565555955595555
0 124 2 0000200020000808088820082222228a28a22aaaa22aa99aaaa99a699a999999655996656565555955595555
0 124 3 0000200020000808088820082222228a28a22aaaa28aa69aaaa99a699a999999655996656565555955595555
0 125 0 000020002000080808882008222222a288a2a22aaaa26aaaa66a6a9a6966666696659995959555655565555501
0 125 1 000020002000080808882008222222a288a2a22aaaa26aaaa66a6a9a6966666696659995959555655565555501
0 125 2 000020008000080808882008222222a288a2a22aaaa26aaaa66a6a9a6966666696659695959555655565555501
0 125 3 000020008000080808882008222222a288a2a22aaaa26aaaa66a6a9a6966666696659695959555655565555501
0 126 0 000020002000080808082208222282228aa8a8a22aaaaa9aaaa9a6669a69999959965956565656955595555505
0 126 1 000020002000080808082208222282228aa8a8a22aaaaa9aaaa9a6669a69999959965956565656955595555505
0 126 2 000020002000080808082208222222228aa8a8a22aaaaa9a6aaaa6669a69999959965956565656955595555505
0 126 3 000020002000080808082208222222228aa8a8a22aaaaa9a6aaaa6669a69999959965956565656955595555505
0 127 0 00002000800008080808820822888828a288aaa88a2aaaa9a66aaa669a69666699659665656565555655595555
0 127 1 00002000800008080808820822888828a288aaa88a2aaaa9a66aaa669a69666699659665656565555655595555
0 127 2 00002000800008080808820822888828a288aaa88a2aaaa9a66aaa699a69669699659665656565555655595555
0 127 3 00002000800008080808820822888828a288aaa88a2aaaa9a66aaa699a69669699659665656565555655595555
0 128 0 00002000800008080808822082888888228a8aaaa8a2aa6aaaa99a9a669a99995996599695959555595595555501
0 128 1 00002000800008080808822082888888228a8aaaa8a2aa6aaaa99a9a669a99995966599695959555595565555501
0 128 2 00000800800008080808820882888888228a8aaaa88aaa6aaaa99a9a669a99995996599695959555655595555501
0 128 3 00000800800008080808820882888888228a8aaaa88aaa6aaaa99a9a669a99995996599695959555655595555501
0 129 0 00002000200008080808822082888888288aa28aaaa8a2a69aaaa9a6699a99999965966559595959555655565515
0 129 1 00002000200008080808822082888888288aa28aaaa8a2a69aaaa9a6699a99999965966559595959555655565515
0 129 2 0000200020000808080882208288888828a2a88aaaa8a2a69aaaa9a6699a99999965966559595959555655565515
0 129 3 0000200020000808080882208288888828a2a88aaaa8a2a69aaaa9a6699a99999965966559595959555655565515
0 130 0 0000200080000808080882208888888828a2a8a28aaaa86aaaa69a6a9a6966666666599665656565555655595555
0 130 1 0000200080000808080882208888888828a2a8a28aaaa86aaaa69a6a9a6966666666599665656565555655595555
0 130 2 0000200080000820080882208888888828a2a8a88aaaa86aaaa69a6a9a6966666666599665656565555655595555
0 130 3 0000200080000820080882208888888828a2a8a88aaaa86aaaa69a6a9a6966666666599665656565555655595555
0 131 0 000020008000082020088820888820a288222aaaa22aaaaaa66aaaa6669a6966999965999565659555595565555501
0 131 1 000020008000082020088820888820a288222aaaa22aaaaaa66aaaa6669a6966999965999565659555595565555501
0 131 2 000020008000082020088820888820a288222aaaa28aaaa46aaaa69a9a69a699656696655696955556655595555505
0 131 3 000020008000082020088820888820a288222aaaa28aaaa46aaaa69a9a69a699656696655696955556655595555505
0 132 0 000020008000082020088820082222228a28a22aaaa88aaaa99a6aaa669a6966666659965959565659955555565515
0 132 1 000020008000082020088820082222228a28a22aaaa88aaaa99a6aaa669a6966666659965959565659955555565515
0 132 2 000020008000082020088820082222228a28a22aaaa88aaaa99a6aaa669a6966666659965959565659955555565515
0 132 3 000020008000082020088820082222228a28a22aaaa88aaaa99a6aaa669a6966666659965959565659955555565515
0 133 0 00002000800008202020082208222222a288a2a22aaaa2aa9aaaa99a9a669a99999965996559595965555655595555
0 133 1 00002000800008202020082208222222a288a2a22aaaa2aa9aaaa99a9a669a99999965996559595965555655595555
0 133 2 00002000800008202020082208222222a288a2a22aaaa2aa9aaaa99a9a669a99999965996559595965555655595555
0 133 3 00002000800008202020082208222222a288a2a22aaaa2aa9aaaa99a9a669a99999965996559595965555655595555
0 134 0 00002000800020202020088208222222228aa2a8a22aaaa2a99aaaa9a6699a9999995966599695959555655595555505
0 134 1 00002000800020202020088208222222228aa2a8a22aaaa2a99aaaa9a6699a9999995966599695959555655595555505
0 134 2 00002000800020202020088208222222228aa2a8a22aaaa2a99aaaa9a6699a9999995996599695959555655595555505
0 134 3 00002000800020202020088208222222228aa2a8a22aaaa2a99aaaa9a6699a9999995996599695959555655595555505
0 135 0 0000200080002020202008820822228828a2288a8a2aaaaaaa6aaaa9699a669a59666699655956565656955555565515
0 135 1 0000200080002020202008820822228828a2288a8a2aaaaaaa6aaaa9699a669a59666699655956565656955555565515
0 135 2 00002000800020202020088208222288288a288a8a2aaaaaaa6aaaa9699a669a65666699655956565656955555565515
0 135 3 00002000800020202020088208222288288a288a8a2aaaaaaa6aaaa9699a669a65666699655956565656955555565515
0 136 0 0000200080002020202020822082888828a288a2a2a2aa8a9aaa6a6a6a9a69a69999596659666565656555595565555501
0 136 1 0000200080002020202008822082888828a288a2a2a2aa8a9aaa6a6a6a9a69a69999596659666565656555595565555501
0 136 2 0000200080002020202020822082888828a288a2a2a2aa8a9aaa6a6a6a9a69a69999596659666565656555595565555501
0 136 3 0000200080002020202020822082888828a288a2a2a2aa8a9aaa6a6a6a9a69a69999596659666565656555595565555501
0 137 0 0000200080002020202020822082888888228aa8a8a82aaaaa9aaaa6a6669a696666669965999595959555655595555505
0 137 1 0000200080002020202020822082888888228aa8a8a82aaaaa9aaaa6a6669a696666669965999595959555655595555505
0 137 2 0000200080002020202020822082888888228aa8a8a88aaaaa6aaaa6a6669a696666669965999595959555655595555505
0 137 3 0000200080002020202020822082888888228aa8a8a88aaaaa6aaaa6a6669a696666669965999595959555655595555505
0 138 0 000020008000202020202082208888888828a2282a2aaaaaaaaa6a6a6a9a669a9999995996655656565656955555565515
0 138 1 000020008000202020202082208888888828a2282a2aaaaaaaaa6a6a6a9a669a9999995996655656565656955555565515
0 138 2 000020008000202020202088208888888828a2282a2aaaaaaaaa6a6a6a9a669a9999995996655656565656955555565515
0 138 3 000020008000202020202088208888888828a2282a2aaaaaaaaa6a6a6a9a669a9999995996655656565656955555565515
0 139 0 00002000800020802020208820888808a288228a8a8aaa8aaa9aaa9a9a9a669a699699996599656565596555595565555501
0 139 1 00002000800020802020208820888808a288228a8a8aaa8aaa9aaa9a9a9a669a699699996599656565596555595565555501
0 139 2 000020008000208020202088208888888888a2888a8aaa8aaa9aaa9a9a9a669a699699996599656565596555595565555501
0 139 3 000020008000208020202088208888888888a2888a8aaa8aaa9aaa9a9a9a669a699699996599656565596555595565555501
0 140 0 00002000800020808080200822882022228a288aa2a28aaaaaaa6aaaa9699a669a9999659659966565659555655555565505
0 140 1 00002000800020808080200822882022228a288aa2a28aaaaaaa6aaaa9699a669a9999659659966565659555655595555505
0 140 2 00000800800020808080200822882022228a288aa2a28aaaaaaa9aaaa9699a669a9999659659966565659555655595555505
0 140 3 00000800800020808080200822882022228a288aa2a28aaaaaaa9aaaa9699a669a9999659659966565659555655555565505
0 141 0 0000200080002080808020082208222222a228a2a8a8a8aaa29aaa6a6a6a9a699a9999996599655956565659555655595555
0 141 1 0000200080002080808020082208222222a228a2a8a8a8aaa29aaa6a6a6a9a699a9999996599655956565659555655595555
0 141 2 0000200080002080808020082208222222a228a2a8a8a8aaa29aaa6a6a6a9a699a9999996599655956565659555655595555
0 141 3 0000200080002080808020082208222222a228a2a8a8a8aaa29aaa6a6a6a9a699a9999996599655956565659555655595555
0 142 0 0000200080002080808020088208222222a288222a2aaaa2aaaa6aaaa6a6669a69666666965996655959596555595565555501
0 142 1 0000200080002080808020088208222222a288222a2aaaa2aaaa6aaaa6a6669a69666666965996655959596555595565555501
0 142 2 0000200080002080808020088208222222a288222a2aaaa2aaaa6aaaa6a6669a69666666965996655959596555595565555501
0 142 3 0000200080002080808020088208222222a288222a2aaaa2aaaa6aaaa6a6669a69666666965996655959596555595565555501
0 143 0 0000200000022080808080088220222282228a288a8a8aaaaaaaaa6a6a6a9a669a699999996559666565659555595595555505
0 143 1 0000200000022080808080088220222282228a288a8a8aaaaaaaaa6a6a6a9a669a699999996559666565659555595595555505
0 143 2 0000200000022080808080088220222282228a288a8a8aaaaaaaaa6a6a6a9a669a699999996559666565659555595595555505
0 143 3 0000200000022080808080088220222282228a288a8a8aaaaa98aaaaa9a9699a69a66566669665999595955556655555565515
0 144 0 000020000002208080808020822022888828a288a2a2a2aaa2aa9aaa9a9a9a669a696666995996595656565659955555595555
0 144 1 000020000002208080808020822022888828a288a2a2a2aaa2aa9aaa9a9a9a669a696666995996595656565659955555595555
0 144 2 000020000002208080808020822022888828a288a2a2a2aaa8aa6aaa9a9a9a669a696666995996595656565659955555595555
0 144 3 000020000002208080808020822022888828a288a2a2a2aaa8aa6aaa9a9a9a669a696666995996595656565659955555595555
0 145 0 000020000002208080808020822088888888228aa8a8a8a2aaaaaa6aaaa9a999669a999999655966595959596555565565555501
0 145 1 000020000002208080808020822088888888228aa8a8a8a2aaaaaa6aaaa9a999669a999999655966595959596555565565555501
0 145 2 000020000002208080808020822088888888228aa8a8a8a2aaaaaa6aaaa9699a669a999999655966595959596555565565555501
0 145 3 000020000002208080808020822088888888228aa8a8a8a2aaaaaa6aaaa9699a669a999999655966595959596555565565555501
0 146 0 000020000002208080808020882088888888288a282a2aaaaaa89aaa6a6a6a9a699a999999599659969595955556655555565515
0 146 1 000020000002208080808020882088888888288a282a2aaaaaa89aaa6a6a6a9a699a999999599659969595955556655555565515
0 146 2 000020000002208080808020882088888888288a282a2aaaaaa89aaa6a6a9a9a69a6999999599659969595955556655555565515
0 146 3 000020000002208080808020882088888888288a282a2aaaaaa89aaa6a6a9a9a69a6999999599659969595955556655555565515
0 147 0 00002000000220008280802008228888888828a2888a8aaaa8aaaa6aaaa6a6669a69666666669965595656965559955555595555
0 147 1 00002000000220008280802008228888888828a2888a8aaaa8aaaa6aaaa6a6669a69666666669965595656965559955555595555
0 147 2 00002000000220008280802008228888888828a2888a8aaaa8aaaa6aaaa6a6669a69666666669965595656565659955555595555
0 147 3 00002000000220008280802008228888888828a2888a8aaaa8aaaa6aaaa6a6669a69666666669965595656565659955555595555
0 148 0 0000200000022000028280200822888808a288228aa2a2a2aa2a9aaaaaa9a9699a69a6596666965996656559599555595595555505
0 148 1 0000200000022000028280200822888808a288228aa2a2a2aa2a9aaaaaa9a9699a69a6596666965996656559599555595595555505
0 148 2 0000200000022000028280200822888820a288228aa2a2a2aa2a9aaaaaa9a9699a69a6996566965996656559599555595595555505
0 148 3 0000200000022000028280200822888820a288228aa2a2a2aa2a9aaaaaa9a9699a69a6996566965996656559599555595595555505
0 149 0 0000200000028000020282200882882022228a28a2a8a8a8aaa8aa9aaa9a9a9a669a69666696996559966565659555655555565515
0 149 1 0000200000028000020282200882882022228a28a2a8a8a8aaa8aa9aaa9a9a9a669a69666696996559966565659555655555565515
0 149 2 0000200000028000020282200882082222228a28a2a8a8a82aaaaa6aaa9a9a9a669a69666696996559966565659555655555565515
0 149 3 0000200000028000020282200882082222228a28a2a8a8a82aaaaa6aaa9a9a9a669a69666696996559966565659555655555565515
0 150 0 000020000002800002028280088220222222a288a2282a2aaaaaaaaaaaa9a9699a669a999999659665599695955556955555595555
0 150 1 000020000002800002028280088220222222a288a2282a2aaaaaaaaaaaa9a9699a669a999999599665569695955556955555595555
0 150 2 000020000002800002020282088220222222a288222a2a2aaaaaaaaaaaa9a9a999669a999999599665969595955556955555595555
0 150 3 000020000002800002020282088220222222a288222a2a2aaaaaaaaaaaa9a9a999669a999999599665969595955556955555595555
0 151 0 000020000002800002020282208220222222228a288a8a8aaa8aaa6aaa6a6a6a9a669a99999999659965595959596555595595555505
0 151 1 000020000002800002020282208220222222228a288a8a8aaa8aaa6aaa6a6a6a9a669a99999999659965595959596555595595555505
0 151 2 000020000002800002020282208220222222228a288a8a8aaa2aaa9aaa6a6a6a9a699a99999999659965595959596555595595555505
0 151 3 000020000002800002020282208220222222228a288a8a8aaa2aaa9aaa6a6a6a9a699a99999999659965595959596555595595555505
0 152 0 000020000002800002020282208220222288288a28a2a2a22aaaaaaa6aaaa6a6669a699a596666966596656565659555655555565515
0 152 1 000020000002800002020282208220222288288a28a2a2a22aaaaaaa6aaaa6a6669a699a596666966596656565659555655555565515
0 152 2 000020000002800002020282208220222282288a28a2a2a22aaaaaaa6aaaa6a6669a69a6656666966596656565659555655555565515
0 152 3 000020000002800002020282208220222282288a28a2a2a22aaaaaaa6aaaa6a6669a69a6656666966596656565659555655555565515
0 153 0 00002000000280000202028220882082888888a288a2a8a8a8aa8a9aaaaaa9a9699a699a99995966996559565656565955565565555501
0 153 1 00002000000280000202028220882082888888a288a2a8a8a8aa8a9aaaaaa9a9699a699a99995966996559565656565955565565555501
0 153 2 00002000000280000202028220882022888828a288a2a8a8a8aa8a9aaaaaa9a9699a699a99995966996559565656565955565565555501
0 153 3 00002000000280000202028220882022888828a288a2a8a8a8aa8a9aaaaaa9a9699a699a99995966996559565656565955565565555501
0 154 0 00002000000280000202028220882088888888228aa8282aaa8aaaaa6aaa9a9aa6669a6966666696659665595959596555595595555505
0 154 1 00002000000280000202028220882088888888228aa8282aaa2aaaaa9aaa9a9aa6669a6966666696659665595959596555595595555505
0 154 2 00002000000280000202028220082288888888228aa8282aaa8aaaaa6aaa9a9a9a669a6966666696659665595959596555595595555505
0 154 3 00002000000280000202028220082288888888228aa8282aaa8aaaaa6aaa9a9a9a669a6966666696659665595959596555595595555505
0 155 0 0000200000028000080202822008228888888828a2888a8a2aaaaaaaaa6aaaa9a999669a99999959665996656565599555655555565515
0 155 1 0000200000028000080202822008228888888828a2888a8a2aaaaaaaaa6aaaa9a999669a99999959665996656565599555655555565515
0 155 2 0000200000028000080202822008228888888828a2888a8a8aaaaaaaaaaaa9a9a999669a99999959665996656565599555655555565515
0 155 3 0000200000028000080202822008228888888828a2888a8a8aaaaaaaaaaaa9a9a999669a99999959665996656565599555655555565515
0 156 0 000020000002800008020202220822888808a288228aa2a2a2aa8aaa9aaa6a6a6a9a669a6996999965966556565696555955565565555501
0 156 1 000020000002800008020202220822888808a288228aa2a2a2aa8aaa9aaa6a6a6a9a669a6996999965966556565696555955565565555501
0 156 2 000020000002800008020202220882888808a288228aa2a2a2aaa2aa6aaa6a6a6a9a669a6996999959966556565696555955565565555501
0 156 3 000020000002800008020202220882888808a288228aa2a2a2aaa2aa6aaa6a6a6a9a669a6996999959966556565696555955565565555501
0 157 0 000020000008800008080802220882882022228a288aa8a8a88aaaaaaa6aaaa6a6669a669a99596666599659595656566555565595555505
0 157 1 000020000008800008080802220882882022228a288aa8a8a88aaaaaaa6aaaa6a6669a669a99996566599659595656566555565595555505
0 157 2 000020000008800008080802220882880822228a288aa8a8a88aaaaaaa6aaaa6a6669a669a99596666599659595956566555595595555505
0 157 3 000020000008800008080802220882880822228a288aa8a8a88aaaaaaa6aaaa9a9699a669a99596666599659595956566555595595555505
0 158 0 00002000000880000808080882088220222222a228a2282a2aaaaaa29aaaaaa9a9699a699a99999959966596656565655556655555595555
0 158 1 00002000000880000808080882088220222222a228a2282a2aaaaaa29aaaaaa9a9699a699a99999959966596656565655556655555595555
0 158 2 00002000000880000808080882088220222222a228a2a8282aaaaaa29aaaaaa9a9699a699a99999959966596656565655556655555595555
0 158 3 00002000000880000808080882088220222222a228a2a8282aaaaaa29aaaaaa9a9699a699a99999959966596656565655556655555595555
0 159 0 00002000000880000808080882208220222222a288228a8a8aaaa2aaaa6aaa9a9a9a669a696666666659665996959595555995555565555501
0 159 1 00002000000880000808080882208220222222a288228a8a8aaaa2aaaa6aaa9a9a9a669a696666666659665996959595555995555565555501
0 159 2 00002000000880000808080882208220222222a288228a8a8aaaa2aaaa6aaa9a9a9a669a696666666659665996959595555995555565555501
0 159 3 00002000000880000808080882208220222222a288228a8a8aaaa2aaaa6aaa9a9a9a669a696666666659665996959595555995555565555501
0 160 0 00002000000880000808080882208220222222228a28a2a2a2a2aaaaaaaaaaa9a9a999669a9999999965996559565656566555565595555505
0 160 1 00002000000880000808080882208220222222228a28a2a2a2a2aaaaaaaaaaa9a9a999669a9999999965996559565656566555565595555505
0 160 2 00002000000880000808080882208220222222228a28a2a2a2a2aaaa98aaaaa6a6a6669a696666666696599665595959599555595555565515
0 160 3 00002000000880000808080882208220222222228a28a2a2a2a2aaaa98aaaaa6a6a6669a696666666696599665595959599555595555565515
0 161 0 0000200000088000080808088820882022828828a288a2a8a8a8aaa8aa6aaa6a6a6a9a669a6966969959665966656565655556655555595555
0 161 1 0000200000088000080808088820882022828828a288a2a8a8a8aaa8aa6aaa6a6a6a9a669a6966969959665966656565655556655555595555
0 161 2 0000200000088000080808088820882022828828a288a2a8a8a8aaa8aa6aaa6a6a6a9a669a6966969959665966656565655556655555595555
0 161 3 0000200000088000080808088820882022828828a288a2a8a8a8aaa8aa6aaa6a6a6a9a669a6966969959665966656565655556655555595555
0 162 0 0000200000088000080808088820082288888888228a282a2aaaa8aaaaaaaaa9a6a6a699669a9999996596659995959595555995555565555501
0 162 1 0000200000088000080808088820082288888888228a282a2aaaa8aaaaaaaaa9a6a6a699669a9999996596659995959595555995555565555501
0 162 2 0000200000088000080808088820082288888888228a282a2aaaa8aaaaaaaaa9a6a6a699669a9999996596659995959565555695555565555501
0 162 3 0000200000088000080808088820082288888888228a282a2aaaa8aaaaaaaaa9a6a6a699669a9999996596659995959565555695555565555501
0 163 0 000020000008000208080808082208828888888828a2288a8a8aaaaaa86aaaaaa9a9699a699a9999999965596659595959596555595555565515
0 163 1 000020000008000208080808082208828888888828a2288a8a8aaaaaa89aaaaaa9a9699a669a9999999965596659595959596555595555565515
0 163 2 0000200000080002080808080822088288888888288a288a8a8aaaaaa89aaa6a6a6a6a9a699a9999999965596659595959596555595555565515
0 163 3 0000200000080002080808080822088288888888288a288a8a8aaaaaa89aaa6a6a6a6a9a699a9999999965596659595959596555595555565515
0 164 0 000020000008000220200808082208828888888828a288a2a2a22aaaaaaaaaa99a9a9a669a696666666696659965656559599555655555595555
0 164 1 000020000008000220200808082208828888888828a288a2a2a22aaaaaaaaaa99a9a9a669a696666666696659965656559599555655555595555
0 164 2 000020000008000220200808082208828888888828a288a2a2a2aaa8aaaaaaa99a9aa6669a696666666696659965656559599555655555595555
0 164 3 000020000008000220200808082208828888888828a288a2a2a2aaa8aaaaaaa99a9aa6669a696666666696659965656559599555655555595555
0 165 0 00002000000800022020202008820882888820a288228aa8a8a8a8aa2a9aaaaaa6a6a6669a69a69965666659665996959595555955565595555505
0 165 1 00002000000800022020202008820882888820a288228aa8a8a8a8aa2a9aaaaaa6a6a6669a69a69965666659665996959595555955565595555505
0 165 2 00002000000800022020202008820882888820a288228aa8a8a8a8aa2a9aaaaaa6a6a6669a69a65966666659665956969595555955565595555505
0 165 3 00002000000800022020202008820882888820a288228aa8a8a8a8aa2a9aaaaaa6a6a6669a69a65966666659665956969595555955565595555505
0 166 0 00002000000800022020202008822082082222228a28a2282a2aaa2aaaaa6aaa9a9a9a9a669a696666669965966559565656566555595555565515
0 166 1 00002000000800022020202008822082082222228a28a2282a2aaa2aaaaa6aaa6a6a6a9a669a696666669965966559565656566555595555565515
0 166 2 00002000000800022020202008822082082222228a28a2282a2aaa2aaaaa6aaa6a6a6a9a669a696666669965966559565656566555595555565515
0 166 3 00002000000800022020202008822082082222228a28a2282a2aaa2aaaaa6aaa6a6a6a9a669a696666669965966559565656566555595555565515
0 167 0 0000200000080002202020202082208820222222a288222a8a8a2aaaaaaaaaaaa9a6a6a999669a9999995966599665595959599555655555595555
0 167 1 0000200000080002202020202082208820222222a288222a8a8a2aaaaaaaaaaaa9a6a6a999669a9999995966599659595959599555655555595555
0 167 2 0000200000080002202020200882208820222222a288228a8a8a2aaaaaaaaaaaa9a6a6a999669a9999995966599659595959599555655555595555
0 167 3 0000200000080002202020200882208820222222a288228a8a8a2aaaaaaaaaaaa9a6a6a999669a9999995966599665595959599555655555595555
0 168 0 0000200000080002202020202088208820222222228a288a8aa2a2aa8aaa6aaaaaa9696a9a669a999999996596659695959595555955565595555505
0 168 1 0000200000080002202020202088208820222222228a288a8aa2a2aa8aaa6aaaaaa9696a9a669a999999996596659695959595555955565595555505
0 168 2 0000200000080002202020202088208820222222228a288aa2a2a2aa8aaa6aaaaaa9a9a999669a999999996596659695959595555955565595555505
0 168 3 0000200000080002202020202088208820222222228a288aa2a2a2aa8aaa6aaaaaa9a9a999669a999999996596659695959595555955565595555505
0 169 0 000020000008000220202020208820082222228828a228a2a8a8a82aaaaaaa6aaa9a9a9a669a669a5966666659965956565656566555595555565515
0 169 1 000020000008000220202020208820082222228828a228a2a8a8a82aaaaaaa6aaa9a9a9a669a669a5966666659965956565656566555595555565515
0 169 2 0000200000080002202020202088200822222282288a28a2a2a2a82aaaaaaa6aaa9a9a9a669a669a5966666659965956565656566555595555565515
0 169 3 0000200000080002202020202088200822222282288a28a2a2a2a82aaaaaaa6aaa9a9a9a669a669a5966666659965956565656566555595555565515
0 170 0 000020000008000220202020200822082282888888a288222a2a2aaaaaa26aaaaaa6a6a6669a699a999959669665966565656565555695555565555501
0 170 1 000020000008000220202020200822082282888888a288222a2a2aaaaaa26aaaaaa6a6a6669a699a999959669665966565656565555695555565555501
0 170 2 000020000008000220202020200822082282888888a288a2a8a8a8a8aa8a9aaaaaa6a6a6669a699a999965669665966565656565555695555565555501
0 170 3 000020000008000220202020200822082282888888a288a2a8a8a8a8aa8a9aaaaaa6a6a6669a69a6999965669665966565656565555695555565555501
0 171 0 000020000020000280202020200822088288888888228a282a8a8aaa8aaaaa6aaa6a6a9a9a669a69666666665996599695959565555995555595555505
0 171 1 000020000020000280202020200822088288888888228a282a8a8aaa8aaaaa6aaa6a6a9a9a669a69666666665996599695959565555995555595555505
0 171 2 000020000020000280202020200822088288888888228a282a8a8aaa8aaaaa6aaa6a6a9a9a669a69666666665996599695959565555995555595555505
0 171 3 000020000020000280202020200822088288888888228a282a8a8aaa8aaaaa6aaa6a6a9a9a669a69666666665996599695959565555995555595555505
0 172 0 00002000002000028020202020088208828888888828a2888a8a8a8aaaaaaaaaaaa9a9a9a999669a999999996599655956565696556555565555565515
0 172 1 00002000002000028020202020088208828888888828a2888a8a8a8aaaaaaaaaaaa9a9a9a999669a999999996599655956565696556555565555565515
0 172 2 00002000002000028020202020088208828888888828a2888a8aa28aaaaaaaaaaaa9a6a6a699669a999999996599655956565696556555565555565515
0 172 3 00002000002000028020202020088208828888888828a2888a8aa28aaaaa92aaaaa69a9a9a669a69666666669665966559595959569555595555595555
0 173 0 0000200000200002808080202008822082888888a088228aa8a8a8a8aaa2aa6aaaaaa9a9a999669a69999999596659966565595959555665555565555501
0 173 1 0000200000200002808080202008822082888888a088228aa8a8a8a8aa8aaa9aaaaaa9a9a999669a69999999596659966565595959555665555565555501
0 173 2 0000200000200002808080202008822082888808a288228aa8a8a8a8aaa2aa6aaaaaa9a9a999669a69999999596659966565595959555665555565555501
0 173 3 0000200000200002808080202008822082888808a288228aa8a8a8a8aaa2aa6aaaaaa9a9a999669a69999999596659966565595959555665555565555501
0 174 0 0000200000200002808080802008822082880822228a288a282a2aaaa2aaaaaaaaa99a9a9a669a669a995966669965599665656565555995555595555505
0 174 1 0000200000200002808080802008822082880822228a288a282a2aaaa2aaaaaaaaa99a9a9a669a669a995966669965599665656565555995555595555505
0 174 2 0000200000200002808080802020822082882022228a28a2282a2aaaa2aaaaaaaaa99a9a9a669a669a995966669965599665656565555995555595555505
0 174 3 0000200000200002808080802020822082882022228a28a2282a2aaaa2aaaaaaaaa99a9a9a669a669a995966669965599665656565555995555595555505
0 175 0 000020000020000280808080202082208820222222a228a2282a2a2aaaaaa29aaaaaa9a9a9699a699a999999596659965959565656569555595555595555
0 175 1 000020000020000280808080202082208820222222a228a2282a2a2aaaaaa29aaaaaa9a9a9699a699a999999596659965959565656569555595555595555
0 175 2 000020000020000280808080202082208820222222a228a2282a2a2aaaaaa29aaaaaa9a9a9699a69a6999999596659965959565656569555595555595555
0 175 3 000020000020000280808080202082208820222222a228a2282a2a2aaaaaa29aaaaaa9a9a9699a69a6999999596659965959565656569555595555595555
0 176 0 000020000020000280808080802088208820222222a288228a8aa2a2aaa8aaaaaaa96a6a9a9a669a6966666666996599655959595959555665555565555501
0 176 1 000020000020000280808080802088208820222222a288228a8aa2a2aaa8aaaaaaa96a6a9a9a669a6966666666996599655959595959555665555565555501
0 176 2 000020000020000280808080802088208820222222a288228a8aa2a2aaa8aaaaaaa96a6a9a9a669a6966666666996599655959595959555665555565555501
0 176 3 000020000020000280808080802088208820222222a288228a8aa2a2aaa8aaaaaaa96a6a9a9a669a6966666666996599655959595959555665555565555501
0 177 0 000020000020000280808080802088200822222222228a28a2a8a8a8a2aa2a6aaaaaa69a9a9a669a6966666666665996599695959595556555565555565515
0 177 1 000020000020000280808080802088200822222222228a28a2a8a8a8a2aa2a6aaaaaa69a9a9a669a6966666666665996599695959595556555565555565515
0 177 2 000020000020000280808080802088200822222222228a28a2a8a8a8a2aa2a6aaaaaa69a9a9a669a6966666666665996599695959595556555565555565515
0 177 3 000020000020000280808080802088200822222222228a28a2a8a8a8a2aa2a6aaaaaa69a9a9a669a6966666666665996599695959595556555565555565515
0 178 0 00002000002000028080808080200822082222228828a288a2a8a8a8a8aaa8aa6aaa6a6a6a6a9a669a69669999996599655956565656569555595555595555
0 178 1 00002000002000028080808080200822082222228828a288a2a8a8a8a8aaa8aa6aaa6a6a6a6a9a669a69669999996599655956565656569555595555595555
0 178 2 00002000002000028080808080200822082222828828a288222a2a2aaaaaa8aa6aaaaaa9a9a999669a69669999996599655956565656569555595555595555
0 178 3 00002000002000028080808080200822082222828828a288222a2a2aaaaaa8aa6aaaaaa9a9a999669a69669999996599655956565656569555595555595555
0 179 0 00002000002000088080808080200882088288888888228a282a8a8aaaa8aaaaaaaaa99a9aa6a699669a99999959965996655959595959955565555565555501
0 179 1 00002000002000088080808080200882088288888888228a282a8a8aaaa8aaaaaaaaa99a9aa6a699669a99999959965996655959595959955565555565555501
0 179 2 00002000002000088080808080200882088288888888228a282a8a8aaaa8aaaaaaaaa99a9aa6a699669a99999959965996655959595959955565555565555501
0 179 3 00002000002000088080808080200882088288888888228a282a8a8aaaa8aaaaaaaaa99a9aa6a699669a99999959965996655959595959955565555565555501
0 180 0 00002000002000088000828080800882088288888888288a288a8a8aa2aa2aaa6aaaaaa6a9a9699a699a99999999659965999595956595555955565555565515
0 180 1 00002000002000088000828080800882088288888888288a288a8a8aa2aa2aaa6aaaaaa6a9a9699a699a99999999659965999595956595555955565555565515
0 180 2 00002000002000088000828080800882088288888888288a288a8a8aa2aa2aaa6aaaaaa6a6a6a699669a99999999659965999595956595555955565555565515
0 180 3 00002000002000088000828080800882088288888888288a288a8a8aa2aa2aaa6aaaaaa6a6a6a699669a99999999659965999595956595555955565555565515
0 181 0 0000200000200008800082808080088220828888888888a288a2a8a8a82aaaaaaaaaa96a6a6a9a669a6666666666965996655656569655566555595555595555
0 181 1 0000200000200008800082808080088220828888888888a288a2a8a8a82aaaaaaaaaa96a6a6a9a669a6666666666965996655656569655566555595555595555
0 181 2 0000200000200008800082808080088220828888888888a288a2a8a2a2aaa8aaaaaaa96a6a9a9a669a6966666666965996655656569655566555595555595555
0 181 3 0000200000200008800082808080088220828888888888a288a2a8a2a2aaa8aaaaaaa96a6a9a9a669a6966666666965996655656569655566555595555595555
0 182 0 000020000020000880000282808020822088888820228a228a282a2a2aaaaa8a6aaaaa9a9a9a9a669a699a99656666966599656565595965555695555595555505
0 182 1 000020000020000880000282808020822088888820228a228a282a2a2aaaaa2a9aaaaa9a9a9a9a669a699a99656666966599656565595965555695555595555505
0 182 2 000020000020000880000282808020822088888808a288228a282a2a2aaaaa2a9aaaaa9aa6a6a6669a699a99656666966599656565595965555695555595555505
0 182 3 000020000020000880000282808020822088888808a288228a282a2a2aaaaa8a6aaaaa9aa6a6a6669a699a99656666966599656565595965555695555595555505
0 183 0 000020000020000800020202028220882088202222228a28a2282a8a8aaa8aaaaaaaa9aaa9696a9a669a6966666696599659966565656565555955565555565515
0 183 1 000020000020000800020202028220882088202222228a28a2282a8a8aaa8aaaaaaaa9aaa9696a9a669a6966666696599659966565656565555955565555565515
0 183 2 000020000020000800020202028220882088882022228a28a2282a8a8aaa8aaaaa6aaa6a6a6a6a9a669a6966666699599659966565656565555955565555565515
0 183 3 000020000020000800020202028220882088882022228a28a2282a8a8aaa8aaaaa6aaa6a6a6a6a9a669a6966666699599659966565656565555955565555565515
0 184 0 00002000002000088000020202822088200822222222a288228aa2a2a28aaaaaaaaaaaa69a9a9aa699669a99999999655966599695959555566555595555595555
0 184 1 00002000002000088000020202822088200822222222a288228aa2a2a28aaaaaaaaaaaa69a9a9aa699669a99999999655966599695959555566555595555595555
0 184 2 00002000002000088000020202822088200822222222a288228a8a8a8a2aaaaaaaaaaaa99aa6a6a699669a99999999655966599695959555566555595555595555
0 184 3 00002000002000088000020202822088200822222222a288228a8a8a8a2aaaaaaaaaaaa99aa6a6a699669a99999999655966599695959555566555595555595555
0 185 0 00002000008000080002020202822008220822222222228a288aa2a2a8a8aa8aaa6aaaaaa6a6a9699a669a9999999959965996655959595959555665555595555505
0 185 1 00002000008000080002020202822008220822222222228a288aa2a2a8a8aa8aaa6aaaaaa6a6a9699a669a9999999959965996655959595959555665555595555505
0 185 2 00002000008000080002020202822008220822222222228a28a2a8a8a8a8aa8aaa6aaaaaa6a6a9699a669a9999999959965996655959595959555665555595555505
0 185 3 00002000008000080002020202822008220822222222228a28a2a8a8a8a8aa8aaa6aaaaaa6a6a9699a669a9999999959965996655959595959555665555595555505
0 186 0 0000200000800008000202020202220882082222228828a228a2a8a8a8a88aaaaaaaaaa99a9a9a9a669a669a59666666996559666565656565555995555555565515
0 186 1 0000200000800008000202020202220882082222228828a228a2a8a8a8a88aaaaaaaaaa99a9a9a9a669a669a59666666996559666565656565555995555555565515
0 186 2 0000200000800008000202020202220882082222228828a288a2a8a8a8a88aaaaaaaaaa66a6a9a9a669a669a59666666996559666565656565555995555555565515
0 186 3 0000200000800008000202020202220882082222228828a288a2a8a8a8a88aaaaaaaaaa66a6a9a9a669a669a59666666996559666565656565555995555555565515
0 187 0 0000200000800008000202020202820882082222888888a288222a2a8a8aaaaaa26aaaaa9a9aa6a6669a699a9999596696599659565656565656955559555565555501
0 187 1 0000200000800008000202020202220882082222888888a288222a2a8a8aaaaaa26aaaaa9a9aa6a6669a699a9999656696599665565656565656955559555565555501
0 187 2 0000200000800008000202020202820882202288888888a288222a8a8a8aaaaaa26aaaaa9a9a9a9a669a699a9999596666599659565656565656955559555565555501
0 187 3 0000200000800008000202020202820882202288888888a288222a8a8a8aaaaaa26aaaaa9a9a9a9a669a699a9999596666599659565656565656955559555565555501
0 188 0 0000200000800008000202020202820882208288888888228a288a8a8a8aaa8aaaaa6aaa6a6a6a6a9a669a696666666699655966595959595959555665555595555505
0 188 1 0000200000800008000202020202820882208288888888228a288a8a8a8aaa8aaaaa6aaa6a6a6a6a9a669a696666666699655966595959595959555665555595555505
0 188 2 0000200000800008000202020202820882208288888888228a288a8a8a8aaa8aaaaa6aaa6a6a6a6a9a669a696666666699655966595959595959555665555595555505
0 188 3 0000200000800008000202020202820882208288888888228a288a8a8a8aaa8aaaaa6aaa6a6a6a6a9a669a696666666699655966595959595959555665555595555505
0 189 0 000020000080000800020808020282208220888888888828a288a2a2a2a8a2aaaa68aaaa9a6a9a9a9a669a696666666666599659969595656595556555565555595555
0 189 1 000020000080000800020808020282208220888888888828a288a2a2a2a8a2aaaa68aaaa9a6a9a9a9a669a696666666666599659969595656595556555565555595555
0 189 2 000020000080000800020808020282208220888888888828a288a2a2a2a8a2aaaa92aaaaa69a9a9a9a669a696666666666599659969595656595556555565555595555
0 189 3 000020000080000800020808020282208220888888888828a288a2a2a2a8a2aaaa92aaaaa69a9a9a9a669a696666666666599659969595656595556555565555595555
0 190 0 00002000008000080002080808028220882088888888a088228aa2a8282aaaaaa8aaaaa9aaa6a6a9699a669a699999999965996559569695955556955559555565555501
0 190 1 00002000008000080002080808028220882088888888a088228aa2a8282aaaaaa8aaaaa9aaa6a6a9699a669a699999999965996559569695955556955559555565555501
0 190 2 00002000008000080002080808028220882088888888a088228aa2a8a8a8a8aaa2aa6aaaaaa9a9a9699a669a699999999965996559565696955556955559555565555501
0 190 3 00002000008000080002080808028220882088888888a088228aa2a8a8a8a8aaa2aa6aaaaaa9a9a9699a669a699999999965996559565696955556955559555565555501
0 191 0 00002000008000080002080808028220882088880822228a288a282a2a8aaaa2aaaaaaaaa96a9a9a9a669a669a9959666696659665595956565659555665555595555505
0 191 1 00002000008000080002080808028220882088880822228a288a282a2a8aaaa2aaaaaaaaa96a9a9a9a669a669a9959666696659665595956565659555665555595555505
0 191 2 00002000008000080002080808088220882088880822228a288a282a2a8aaaa2aaaaaaaaa96a6a6a6aa699669a9959666696659665595956565659555665555595555505
0 191 3 00002000008000080002080808088220882088880822228a288a282a2a8aaaa2aaaaaaaaa96a6a6a9aa699669a9959666696659665595956565659555665555595555505
0 192 0 0000200000800008000208080808822008228820222222a228a2888a8a8a8aaaaaa86aaaaaa6a6a6a6669a699a9999995966996559966565656595556555565555595555
0 192 1 0000200000800008000208080808822008228820222222a228a2888a8a8a8aaaaaa29aaaaaa6a6a6a6669a699a9999995966996559966565656595556555565555595555
0 192 2 0000200000800020000208080808822008228820222222a288a2888a8a8a8aaaaaa8aaa9aa9a9a9aa6669a699a9999995966996559966565656595556555565555595555
0 192 3 0000200000800020000208080808822008228820222222a288a2888a8a8a8aaaaaa8aaa9aa9a9a9aa6669a699a9999995966996559966565656595556555565555595555
0 193 0 0000200000800008000208080808082208820822222222a288228aa2a2a2a8aaa8aaaaaaa9aa696a6a9a669a69666666669659966596959595955556955559555565555501
0 193 1 0000200000800008000208080808082208820822222222a288228aa2a2a2a8aaa8aaaaaaa9aa696a6a9a669a69666666669659966596959595955556955559555565555501
0 193 2 0000200000800008000208080808082208820822222222228a228aa2a2a8a8aaa8aaaaaaa9aa696a6a9a669a69666666669659966596959595955556955559555565555501
0 193 3 0000200000800008000208080808082208820822222222228a228aa2a2a8a8aaa8aaaaaaa9aa696a6a9a669a69666666669659966596959595955556955559555565555501
0 194 0 0000200000800020000208080808088208820822222222228a28a2a8a8a8a8a8aa2a6aaaaa9a9a9a9a9a669a69666666666699659965595959595965555695555555565515
0 194 1 0000200000800020000208080808088208820822222222228a28a2a8a8a8a8a8aa2a6aaaaa9a9a9a9a9a669a69666666666699659965595959595965555695555555565515
0 194 2 0000200000800020000208080808088208820822222222228a28a2a8a8a8a8a8aa2a6aaaaa9a9a9a9a9a669a69666666666699655966595959595965555695555555565515
0 194 3 0000200000800020000208080808088208820822222222228a28a2a8a8a8a8a8aa2a6aaaaa9a9a9a9a9a669a69666666666699655966595959595965555695555555565515
0 195 0 000020000080002000020808080808820882082222228828a288228a8a8a8aaa2aaaaaaaa9aaa9a9a9a999669a696699999965966596656565656595555955565555595555
0 195 1 000020000080002000020808080808820882082222228828a288228a8a8a8aaa2aaaaaaaa9aaa6a6a6a699669a696699999965966596656565656595555955565555595555
0 195 2 000020000080002000020808080808820882082222228828a288222a2a2a2aaa2aaaaa6aaaaaa9a9a9a999669a696699999965966596656565656595555955565555595555
0 195 3 000020000080002000020808080808820882082222228828a288222a2a2a2aaa2aaaaa6aaaaaa9a9a9a999669a696699999965966596656565656595555955565555595555
0 196 0 000020000080002000020808080808820882202288888888228a288a8aa2a22aaaaaaaaaaaa66a6a9a9aa699669a999999656659965996959595955556655559555565555501
0 196 1 000020000080002000020808080808820882202288888888228a288a8aa2a22aaaaaaaaaaaa66a6a9a9aa699669a999999656659965996959595955556655559555565555501
0 196 2 000020000080002000020808080808820882202288888888228a288a8aa2a22aaaaaaaaaaaa99a9a9a9aa699669a999999656659965996959595955556655559555565555501
0 196 3 000020000080002000020808080808820882202288888888228a288a8aa2a22aaaaaaaaaaaa99a9a9a9aa699669a999999656659965996959595955556655559555565555501
0 197 0 000020000080002000022008080808822082208888888888288a28a2a2a2a2a2aa2aaa6aaaaaa6a6a6a6669a699a999999995996659665595959595665555695555555565515
0 197 1 000020000080002000022008080808822082208888888888288a28a2a2a2a2a2aa2aaa6aaaaaa6a6a6a6669a699a999999995996659665595959595665555695555555565515
0 197 2 00002000008000200002200808080882208220888888888828a228a2a2a2a2a2aa2aaa6aaaaaa6a6a6a6669a669a999999995996659665595959595665555695555555565515
0 197 3 00002000008000200002200808080882208220888888888828a228a2a2a2a2a2aa2aaa6aaaaaa6a6a6a6669a669a999999995996659665595959595665555695555555565515
0 198 0 00002000008000200008202020080882208820888888888888a288a2a8a8a8a82aaaaaaaaaa96a6a6a6a9a669a66666666666659665996656559595965555955565555595555
0 198 1 00002000008000200008202020080882208820888888888888a288a2a8a8a8a82aaaaaaaaaa96a6a6a6a9a669a66666666666659665996656559595965555955565555595555
0 198 2 0000200000800020000820202008088220882088888888a088a288a2a8a8a8a82aaaaaaaaaa9aaa9a9a999a69966666666666659665996656559595965555955565555595555
0 198 3 0000200000800020000820202008088220882088888888a088a288a2a8a8a8a82aaaaaaaaaa9aaa9a9a999a69966666666666659665996656559595965555955565555595555
0 199 0 0000200000000220000220202008088820882088888820228a228a288a8a8a2aaaaa8a6aaaaa9a9a9a9a9a669a699a996566669665966556565696955559955559555595555505
0 199 1 0000200000000220000220202008088820882088888820228a228a288a8a8a2aaaaa8a6aaaaa9a6a6a6a9a669a699a996566669665966556569695955559955559555595555505
0 199 2 0000200000000220000220202008088820082288888820228a228a288a8a8a8aaaaa8a6aaaaa9a6a6a6a9a669a699a996566669659966556569695955556955559555595555505
0 199 3 0000200000000220000220202008088820082288888820228a228a288a8a8a8aaaaa8a6aaaaa9a9a9a9a9a669a699a996566669659966556569695955556955559555595555505
0 200 0 0000200000000220000820202020088820082288082222228a28a2888a8a8a8aaa8aaaaaaaa9aaa9a9a9a999669a69666666995966596659565656565659555665555555565515
0 200 1 0000200000000220000820202020200822082288082222228a28a2888a8a8a8aaa8aaaaaaaa9aaa9a9a9a999669a69666666995966599659595656565659555665555555565515
0 200 2 0000200000000220000820202020088820082288082222228a28a2888a8a8a8aaa8aaaaaaaa9aaa9a9a9a999669a69666696995966596659565656565659555665555555565515
0 200 3 0000200000000220000820202020088820082288082222228a28a2888a8a8a8aaa8aaaaaaaa9aaa9a9a9a999669a69666696995966596659565656565659555665555555565515
0 201 0 000020000080002000082020202020082208820822222222a288228aa2a2a8a88aaaaa62aaaa9aaaa9696a9a669a6966666666965996659665656565659555655559555565555501
0 201 1 000020000080002000082020202020082208820822222222a288228aa2a2a8a88aaaaaaaaaaaa66a6a9a9aa699669a999999996596659965595959595965555955565555595555
0 201 2 000020000080002000082020202020082208820822222222a288228aa2a2a2a28aaaaaaaaaaaa69a9a9a9aa699669a999999996596659965595959595965555955565555595555
0 201 3 000020000080002000082020202020082208820822222222a288228aa2a2a2a28aaaaa62aaaa9a6a6a6a6a9a669a6966666666965996659665656565659555655559555565555501
0 202 0 000020000000022000082020202020088208822022222222228a28a2282a2a2aaaaaa2aaaaa9aa9a9a9a9aa699669a99999999996559665996959595955556955559555595555505
0 202 1 000020000000022000082020202020088208822022222222228a28a2282a2a2aaaaaa2aaaaa9aa9a9a9a9aa699669a99999999996559665996959595955556955559555595555505
0 202 2 000020000080002000082020202020088208822022222222228a28a2a8a8a828aaaaa2aaaaa9aa9a9aa6a6a699669a99999999996559665996959595955556955559555595555505
0 202 3 000020000080002000082020202020088208822022222222228a28a2a8a8a828aaaaa2aaaaa9aa9a9aa6a6a699669a99999999996559665996959595955556955559555595555505
0 203 0 00002000000002200008202020202008820882202222228228a228a2282a2a2aaa8aaaaaaaaaa96a6a6a6a9a669a669a656666669665996559565656565659555665555555565515
0 203 1 00002000000002200008202020202008820882202222228228a228a2282a2a2aaa8aaaaaaaaaa96a6a6a6a9a669a669a656666669665996559565656565659555665555555565515
0 203 2 00002000000002200008202020202008820882202222228828a288a2282a2a2aaa8aaaaaaaaaa96a6a6a6a9a669a669a656666669665996559565656565659555665555555565515
0 203 3 00002000000002200008202020202008820882202222228828a288a2282a2a2aaa8aaaaaaaaaa96a6a6a6a9a669a669a656666669665996559565656565659555665555555565515
0 204 0 00002000000002200008202020202020822082202222888888a288228a8a8a8a8aaaaaa26aaaaa9a9a9a9a9a669a699a99996566665966596665656565659555655556555565555501
0 204 1 00002000000002200008202020202020822082202222888888a288228a8a8a8a8aaaaaa26aaaaa9a9a9a9a9a669a699a99996566665966596665656565659555655556555565555501
0 204 2 00002000000002200008202020202020822082202282888888a288228a8a8a8a8aaaaaa2aaa9aa6a9a9a9a9a669a699a99996566665966596665656565659555655556555565555501
0 204 3 00002000000002200008202020202020822082202282888888a288228a8a8a8a8aaaaaa2aaa9aa6a9a9a9a9a669a699a99996566665966596665656565659555655556555565555501
0 205 0 00002000000002200008808020202020822088208888888888228a28a2a2a2a2a2aaa2aaaaaaa9aaa9a9a9a999669a6966666666966596659995959565655556955559555595555505
0 205 1 00002000000002200008808020202020822088208888888888228a28a2a2a2a2a2aaa2aaaaaaa9aaa9a9a9a999669a6966666666966596659995959565655556955559555595555505
0 205 2 00002000000002200008808020202020822088208888888888228a28a2a2a2a8a8aaa8aaaaaaa9aaa9a9a9a999669a6966666666966596659995959565655556955559555595555505
0 205 3 00002000000002200008808020202020822088208888888888228a28a2a2a2a8a8aaa8aaaaaaa9aaa9a9a9a999669a6966666666966596659995959565655556955559555595555505
0 206 0 0000200000000220000880802020202088200822888888888828a288a2a8a8a8a8a2aaaa68aaaa9a6a6a6a6a9a669a6966666666669965596659595959565665555995555555595555
0 206 1 0000200000000220000880802020202088200822888888888828a288a2a8a8a8a8a2aaaa68aaaa9a6a6a6a6a9a669a6966666666669965596659595959565665555995555555595555
0 206 2 0000200000000220000880802020202088208820888888888828a288a2a8a8a8a8a2aaaa68aaaa9a6a6a6a6a9a669a6966666666665966599659595959595665555995555555595555
0 206 3 0000200000000220000880802020202088208820888888888828a288a2a8a8a8a8a2aaaa68aaaa9a6a6a6a6a9a669a6966666666665966599659595959595665555995555555595555
0 207 0 000020000000028000088080802020208820082288888888a088228a282a2a8a8aaaaaa8aaaaa9aa9a9aa6a6a699669a6999999999659665996565655959599555595556555565555501
0 207 1 000020000000028000088080802020208820082288888888a088228a282a2a8a8aaaaaa8aaaaa9aa9a9aa6a6a699669a6999999999659665996565655959599555595556555565555501
0 207 2 000020000000028000088080802020208820082288888888a088228a282a2a2a2aaaaaa8aaaaa9aaa6a6a6a6a699669a6999999999659665996565655959599555595556555565555501
0 207 3 000020000000028000088080802020208820082288888888a088228a282a2a2a2aaaaaa8aaaaa9aaa6a6a6a6a699669a6999999999659665996565655959599555595556555565555501
0 208 0 000020000000028000088080808080200822088288880822228a28a2288a8a8a8aaaa8aaaaaaaaa66a6a6a6a9aa699669a99596666665996599665656565655556655559555595555505
0 208 1 000020000000028000088080808080200822088288880822228a28a2288a8a8a8aaaa8aaaaaaaaa66a6a6a6a9aa699669a99596666665996599665656565655556655559555595555505
0 208 2 000020000000028000088080808080200822088288880822228a28a2288a8a8a8aaaa8aaaaaaaaa66a6a6a6a9aa699669a99656666665996599665656565655556655559555595555505
0 208 3 000020000000028000088080808080200822088288880822228a28a2288a8a8a8aaaa8aaaaaaaaa66a6a6a6a9aa699669a99656666665996599665656565655556655559555595555505
0 209 0 00002000000002800008808080808020088208828820222222a228a288a2a2a2a2a2aa2aaaaaa9aa9a9a9a9a9a669a699a99999959669665966559565656565665555695555555595555
0 209 1 00002000000002800008808080808020088208828820222222a228a288a2a2a2a2a2aa2aaaaaa9aa9a9a9a9a9a669a699a99999959669665966559565656565665555695555555595555
0 209 2 00002000000002800008808080808020088208820822222222a228a288a2a2a2a2a2aa2aaaaaa9aa9a9a9a9a9a669a699a99999959669665966559565656565665555695555555595555
0 209 3 00002000000002800008808080808020088208820822222222a228a288a2a2a2a2a2aa2aaaaaa9aa9a9a9a9a9a669a699a99999959669665966559565656565665555695555555595555
0 210 0 00002000000002800008808080808020088208822022222222a288228aa8a8a8a8a8aaa8aaaaaaa9aaa9a9a9a999669a696666666666599659966559595959599555595556555565555501
0 210 1 00002000000002800008808080808020088208822022222222a288228aa8a8a8a8a8aaa8aaaaaaa9aaa9a9a9a999669a696666666666599659966559595959599555595556555565555501
0 210 2 00002000000002800008808080808020088208822022222222a288228aa8a8a8a8a8aaa8aaaaaaa9aaa9a9a9a999a699666666666666599659966559595959599555595556555565555501
0 210 3 00002000000002800008808080808020088208822022222222a288228aa8a8a8a8a8aaa8aaaaaaa6aaa9a9a9a999669a666666666666599659966559595959599555595556555565555501
0 211 0 00002000000002800020808080808080208220822022222222228a28a2282a2a2aaaa8aa2a6aaaaa9a6a6a6a6a9a669a696666666666966596659695959595955556955565555555565515
0 211 1 00002000000002800020808080808080208220822022222222228a28a2282a2a2aaaa8aa2a6aaaaa9a6a6a6a6a9a669a696666666666966596659695959595955556955565555555565515
0 211 2 00002000000002800020808080808080208220822022222222228a28a2282a2a8a2aaaaa8aaaa9aa9a6a6a6a6a9a669a695a66666666966596659695959595955556955565555555565515
0 211 3 00002000000002800020808080808080208220822022222222228a28a2282a2a8a2aaaaa8aaaa9aa9a6a6a6a6a9a669a695a66666666966596659695959595955556955565555555565515
0 212 0 0000200000000280000880808080808020822088202222828828a288228a8a8a8a8aaa2aaaaaaaa9aaa6a6a6a6a699669a6966969999596659965956565656565665555695555555595555
0 212 1 0000200000000280000880808080808020822088202222828828a288228a8a8a8a8aaa2aaaaaaaa9aaa6a6a6a6a699669a6966969999596659965956565656565665555695555555595555
0 212 2 0000200000000280000880808080808020822088202222228828a288228a8a8a8a8aaa2aaaaaaaa9aaa6a6a6a6a699669a6966969999596659965956565656565665555695555555595555
0 212 3 0000200000000280000880808080808020822088202222228828a288228a8a8a8a8aaa2aaaaaaaa9aaa6a6a6a6a699669a6966969999596659965956565656565665555695555555595555
0 213 0 0000200000000280000800828080808020882088208288888888228a288aa2a2a2a82aaaaaaaaaaaa6aa696a6a9aa699669a9999995966996599655959595959569555595556555565555501
0 213 1 0000200000000280000800828080808020882088208288888888228a288aa2a2a2a82aaaaaaaaaaaa6aa696a6a9aa699669a9999995966996599655959595959569555595556555565555501
0 213 2 0000200000000280000800828080808020882088202288888888228a288aa2a2a2a22aaaaaaaaaaaa66a6a6a6a9aa699669a9999996566996559665959595959569555595556555565555501
0 213 3 0000200000000280000800828080808020882088202288888888228a288aa2a2a2a22aaaaaaaaaaaa66a6a6a6a9aa699669a9999996566996559665959595959569555595556555565555501
0 214 0 000020000000028000200002828080802088200822888888888828a288a2a8a8a8a8a8aa8aaaaaa9aa9a9a9a9a9aa699669a9999999959665996599695959565655556955565555555565515
0 214 1 000020000000028000200002828080802088200822888888888828a288a2a8a8a8a8a8aa8aaaaaa9aa9a9a9a9a9aa699669a9999999959665996599695959565655556955565555555565515
0 214 2 000020000000028000200002828080802088200822888888888828a228a2a8a8a8a8a8aa8aaaaaa9aa9a9a9a9a9aa699669a9999999959665996599695959565655556955565555555565515
0 214 3 000020000000028000200002828080802088200822888888888828a228a2a8a8a8a8a8aa8aaaaaa9aa9a9a9a9a9aa699669a9999999959665996599695959565655556955565555555565515
0 215 0 000020000000028000200002028280802008220822888888888888228a222a2a2a2aaa8aaaaaaaaaa6aaa9a9a9a999a699666666666666996599655956569695955559555695555555595555
0 215 1 000020000000028000200002028280802008220822888888888888228a222a2a2a2aaa8aaaaaaaaaa6aaa9a9a9a999a699666666666666996599655956569695955559555695555555595555
0 215 2 000020000000028000200002028280802008220822888888888888228a222a2a2a2aaa8aaaaaaaaaa6aaa9a9a9a999a699666666666666996599655956569695955559555695555555595555
0 215 3 000020000000028000200002028280802008220822888888888888228a222a2a2a2aaa8aaaaaaaaaa6aaa9a9a9a999a699666666666666996599655956569695955559555695555555595555
0 216 0 00002000000002800020000202028280200822088288888808228a228a288a8a8a8a8aaaaa8a6aaaaa6a6a6a6a6a9a669a699a5966666666599659966565595959599555655559555595555505
0 216 1 00002000000002800020000202028280200822088288888808228a228a288a8a8a8a8aaaaa8a6aaaaa6a6a6a6a6a9a669a699a5966666666599659966565595959599555655559555595555505
0 216 2 00002000000008800020000202020282200882088288888820228a228a288a8a8aa28aaaaaa26aaaaa6a6a6a6a6a9a669a699a5966666666599659966565595959599555655559555595555505
0 216 3 00002000000008800020000202020282200882088288888820228a228a288a8a8aa28aaaaaa26aaaaa6a6a6a6a6a9a669a699a5966666666599659966565595959599555655559555595555505
0 217 0 00002000000008800020000202020282200882088288082222228a28a288a2a2a2a2a2aa8aaaaaaaa9aaa6a6a6a6a699669a696666669999659965599665656565655556955559555555565515
0 217 1 00002000000008800020000202020282200882088288082222228a28a288a2a2a2a2a2aa8aaaaaaaa9aaa6a6a6a6a699669a696666669999659965599665656565655556955559555555565515
0 217 2 0000200000000880002000020202028220088208828820222222a228a288a2a2a2a2a2aaa2aaaaaaa9aaa6a6a6a6a699669a696666669999659965599665656565655556955559555555565515
0 217 3 0000200000000880002000020202028220088208828820222222a228a288a2a2a2a2a2aaa2aaaaaaa9aaa6a6a6a6a699669a696666669999659965599665656565655556955559555555565515
0 218 0 0000200000000880002000020202020282088220822022222222a288228aa8a8a8a8a88aaaaaa8a9aa9aaaa9a9a9a999669a69666666666659665996595656565656566555599555555565555501
0 218 1 0000200000000880002000020202020282088220822022222222a288228aa8a8a8a8a88aaaaaa8a9aa9aaaa9a9a9a999669a69666666666659665996595656565656566555599555555565555501
0 218 2 0000200000000880002000020202028280088220820822222222a288228aa2a8a8a8a88aaaaa62aaaa9aaaa9a9a9a999669a69666666666659665996595656565656566555599555555565555501
0 218 3 0000200000000880002000020202028280088220820822222222a288228aa2a8a8a8a88aaaaa62aaaa9aaaa9a9a9a999669a69666666666659665996595656565656566555599555555565555501
0 219 0 0000200000000880002000020202020282208220822022222222228a28a2282a2a2a2aaaaaa2aaaaa9aa9a9a9a9a9aa699669a999999999965996599655959595959599555655556555595555505
0 219 1 0000200000000880002000020202020282208220822022222222228a28a2282a2a2a2aaaaaa2aaaaa9aa9a9a9a9a9aa699669a999999999965996599655959595959599555655556555595555505
0 219 2 0000200000000880002000020202020282208220822022222222228a28a2282a2a2a2aaaaaa2aaaaa9aa9a9a9a9a9a669a669a999999999965996599655959595959599555655556555595555505
0 219 3 0000200000000880002000020202020282208220822022222222228a28a2282a2a2a2aaaaaa2aaaaa9aa9a9a9a9a9a669a669a999999999965996599655959595959599555655556555595555505
0 220 0 000020000000088000200002020202028220822088202222228228a288a2888a8a8a8aaaa2aaaaaaaaa6aaa9a9a9a999a699669a6566666696599665966565656565655556955559555555565515
0 220 1 000020000000088000200002020202028220822088202222228228a288a2888a8a8a8aaaa2aaaaaaaaa6aaa9a9a9a999a699669a6566666696599665966565656565655556955559555555565515
0 220 2 000020000000088000200002020202028220822088202222228228a288a2888a8a8a8aaaa2aaaaaaaaa6aaa9a9a9a999669a669a6566666696599665966565656565655556955559555555565515
0 220 3 000020000000088000200002020202028220822088202222228228a288a2888a8a8a8aaaa2aaaaaaaaa6aaa9a9a9a999669a669a6566666696599665966565656565655556955559555555565515
0 221 0 000020000000088000200002020202028220882008222222888888a288228aa2a2a2a28aaaaaa2aaa9aa9a6a6a6a6a9a669a699a999965666696659965595656565656566555599555555565555501
0 221 1 000020000000088000200002020202028220882008222222888888a288228aa2a2a2a28aaaaaa26aaaaa9a6a6a6a6a9a669a699a999965666696659965595656565656566555599555555565555501
0 221 2 000020000000088000200002020202028220882008222222888888a288228aa2a2a2a28aaaaaa8aaa9aa6a6a6a6a6a9a669a699a999965666696659965595656565656566555599555555565555501
0 221 3 000020000000088000200002020202028220882008222222888888a288228aa2a2a2a28aaaaaa8aaa9aa6a6a6a6a6a9a669a699a999965666696659965595656565656566555599555555565555501
0 222 0 000020000000080002200008080202028220082208222288888888228a28a2a8a8a8a8a8aaa8aaaaaaa6aaa6a6a6a6a699669a69666666969959965996655959595956569555595556555595555505
0 222 1 000020000000080002200008080202028220082208222288888888228a28a2a8a8a8a8a8aaa8aaaaaaa6aaa6a6a6a6a699669a69666666969959965996655959595956569555595556555595555505
0 222 2 000020000000080002200008080202028220082208228288888888288a28a2a8a8282aaaaaa8aaaaaaa6aaa6a6a6a6a699669a69666666669659965996655959595956569555595556555595555505
0 222 3 000020000000080002200008080202028220082208228288888888288a28a2a8a8282aaaaaa8aaaaaaa6aaa6a6a6a6a699669a69666666669659965996655959595956569555595556555595555505
0 223 0 00002000000008000220000808080202022208220882888888888828a288222a2a2a2aaaa2aaaa68aaaa9aaaa9a9a9a999669a69666666666696659965999595956565655559955565555555595555
0 223 1 00002000000008000220000808080202022208220882888888888828a288222a2a2a2aaaa2aaaa68aaaa9aaaa9a9a9a999669a69666666666696659965999595956565655559955565555555595555
0 223 2 00002000000008000220000808080202022208220882888888888828a288222a2a2a2aaaa8aa2aaaa9aa9aaaa9a9a9a999669a69666666666696659965999595956565655559955565555555595555
0 223 3 00002000000008000220000808080202022208220882888888888828a288222a2a2a2aaaa8aa2aaaa9aa9aaaa9a9a9a999669a69666666666696659965999595956565655559955565555555595555
0 224 0 0000200000000800022000080808020202220882088288888888a088228a288a8a8a8a8aaa2aaaaaaaa6aa9a9a9a9a9aa699669a69999999995996599665565656969595556555569555555565555501
0 224 1 0000200000000800022000080808020202220882088288888888a088228a288a8a8a8a8aaa2aaaaaaaa6aa9a9a9a9a9aa699669a69999999995996599665565656969595556555569555555565555501
0 224 2 0000200000000800022000080808020202220882088288888888a088228a288a8a8a8a8aaaaaa8aaaaa9aa9a9a9a9a9aa699669a99999999995996599665565656969595556555569555555565555501
0 224 3 0000200000000800022000080808020202220882088288888888a088228a288a8a8a8a8aaaaaa8aaaaa9aa9a9a9a9a9aa699669a99999999995996599665565656969595556555569555555565555501
0 225 0 0000200000000800022000080808080808820882208288882022228a28a288a2a2a2a2a2aaa8aaaaaaaaa6aaa9a9a9a969a699669a999965666699655966595656565656569555595556555595555505
0 225 1 0000200000000800022000080808080808820882208288882022228a28a288a2a2a2a2a2aaa8aaaaaaaaa6aaa9a9a9a969a699669a999965666699655966595656565656569555595556555595555505
0 225 2 0000200000000800022000080808080202820882208288880822228a288a28a2a2a2a2a2aaa8aaaaaaaaa6aaa9a9a9a969a699669a999965666699655966595656565656569555595556555595555505
0 225 3 0000200000000800022000080808080202820882208288880822228a288a28a2a2a2a2a2aaa8aaaaaaaaa6aaa9a9a9a969a699669a999965666699655966595656565656569555595556555595555505
0 226 0 000020000000080002200008080808080882208220880822222222a288a288a2a8a8a8a8a8aa2aaaaaa9aa6a6a6a6a6a9a669a669a999999996566599659966565656565655559955565555555595555
0 226 1 000020000000080002200008080808080882208220880822222222a288a288a2a8a8a8a8a8aa2aaaaaa9aa6a6a6a6a6a9a669a669a999999996566599659966565656565655559955565555555595555
0 226 2 000020000000080002200008080808080882208220828820222222a288a288a2a8a8a8a8a8aa2aaaaaa9aa6a6a6a6a6a9a669a669a999999996566599659966565656565655559955565555555595555
0 226 3 000020000000080002200008080808080882208220828820222222a288a288a2a8a8a8a8a8aa2aaaaaa9aa6a6a6a6a6a9a669a669a999999996566599659966565656565655559955565555555595555
0 227 0 000020000000080002200008080808080882208220882022222222228a228a282a2a2a2aaaaaa8aaaaaaa9aaa6a6a6a6a699669a6666666666669965596659969595959595556555569555555565555501
0 227 1 000020000000080002200008080808080882208220882022222222228a228a282a2a2a2aaaaaa8aaaaaaa9aaa6a6a6a6a699669a6666666666669965596659969595959595556555569555555565555501
0 227 2 000020000000080002200008080808080882208220882022222222228a228a282a2a2a2aaa2aaaaaaaaaa6aaa6a6a6a6a699669a6666666666669965596659969595959595556555569555555565555501
0 227 3 000020000000080002200008080808080882208220882022222222228a228a282a2a2a2aaa2aaaaaaaaaa6aaa6a6a6a6a699669a6666666666669965596659969595959595556555569555555565555501
0 228 0 000020000000080002200008080808080882208820082222222222288a28a2888a8a8a8a2aaaaa8aaaa9aa6aaaa9a9a9a999669a695a666666666659965996655959595959595556655559555555565515
0 228 1 000020000000080002200008080808080882208820082222222222288a28a2888a8a8a8a2aaaaa8aaaa9aa6aaaa9a9a9a999669a695a666666666659965996655959595959595556655559555555565515
0 228 2 000020000000080002200008080808080882208820082222222222288a28a2888a8a8a8a2aaaaa8aaaa9aa6aaaa9a9a9a999669a695a666666666659965996655959595959595556655559555555565515
0 228 3 000020000000080002200008080808080882208820082222222222288a28a2888a8a8a8a2aaaaa8aaaa9aa6aaaa9a9a9a999669a695a666666666659965996655959595959595556655559555555565515
0 229 0 00002000000008000280000808080808088820082208222222828828a288228aa2a2a2a2a2aa2aaaaaaaa9aa9a9a9a9a9aa699669a69669699999965996559666565656565655556955565555555595555
0 229 1 00002000000008000280000808080808088820082208222222828828a288228aa2a2a2a2a2aa2aaaaaaaa9aa9a9a9a9a9aa699669a69669699999965996559666565656565655556955565555555595555
0 229 2 00002000000008000280000808080808088820082208222222828828a288228aa2a2a2a2a2aa2aaaaaaaa9aa9a9a9a9a9aa699669a69669699999965996559666565656565655556955565555555595555
0 229 3 00002000000008000280000808080808088820082208222222828828a288228aa2a2a2a2a2aa8aaaaaaaa6aa9a9a9a9a9aa699669a69669699999965996559666565656565655556955565555555595555
0 230 0 00002000000008000280000808080808088820082208222282888888228a28a2a8a8a8a8a82aaaaa4aaaaa9aaaa6a6a6a6a699669a6966666699995996599665565656565656566555595556555595555505
0 230 1 00002000000008000280000808080808088820082208222282888888228a28a2a8a8a8a8a82aaaaaaaaaaaa6aaa9a9a9a969a699669a99995966669665966599959595959595555955569555555565555501
0 230 2 00002000000008000280000808080808088820082208222282888888228a28a2a8a8a8a8a82aaaaaaaaaaaa6aaa9a9a9a969a699669a99995966669665966599959595959595555955569555555565555501
0 230 3 00002000000008000280000808080808088820082208222282888888228a28a2a8a8a8a8a82aaaaa4aaaaa9aaaa6a6a6a6a699669a6966666699995996599665565656565656566555595556555595555505
0 231 0 0000200000002000028000082008080808082208820882888888888828a288a2282a2a2a2aaaaa8aaaaaa9aa6a6a6a6a6a9aa699669a99999999996599655966595959595956599555655556555555565515
0 231 1 0000200000002000028000082008080808082208820882888888888828a288a2282a2a2a2aaaaa8aaaaaa9aa6a6a6a6a6a9aa699669a99999999996599655966595959595956599555655556555555565515
0 231 2 0000200000002000028000082008080808082208820882888888888828a288a2282a2a2a2aaaaa8aaaaaa9aa6a6a6a6a6a9aa699669a99999999596699655966595959595956599555655556555555565515
0 231 3 0000200000002000028000082008080808082208820882888888888828a288a2282a2a2a2aaaaa8aaaaaa9aa6a6a6a6a6a9aa699669a99999999596699655966595959595956599555655556555555565515
0 232 0 0000200000002000028000082020202008088208822082888888888888228a228a8a8a8a8aaa8aaaaaaaaaa6aaa6a6a6a6a699a6996666666666669659966596656559595959655556955559555555595555
0 232 1 0000200000002000028000082020202008088208822082888888888888228a228a8a8a8a8aaa8aaaaaaaaaa6aaa6a6a6a6a699a6996666666666669659966596656559595959655556955559555555595555
0 232 2 0000200000002000028000082020200808088208820882888888888888a288228a8a8a8a8aaa8aaaaaaaaaa6aaa6a6a6a6a699a6996666666666669665966596656565595959655556955559555555595555
0 232 3 0000200000002000028000082020200808088208820882888888888888a288228a8a8a8a8aaa8aaaaaaaaaa6aaa6a6a6a6a699669a6666666666669665966599656565655959655556955559555555595555
0 233 0 000020000000200002800008202020200808822082208288888820228a228a28a2a2a2a2a22aaaaa8a6aaaaa9aaaa9a9a9a999669a699a99656666669965996559569695959555566555599555555595555505
0 233 1 000020000000200002800008202020200808822082208288888820228a228a28a2a2a2a2a22aaaaa8a6aaaaa9aaaa9a9a9a999669a699a99656666669965996559569695959555566555599555555595555505
0 233 2 000020000000200002800008202020200808822082208288888820228a228a28a2a2a2a2a22aaaaaa2aaa9aa6aaaa9a9a9a999669a699a99656666669965996559569695959555566555599555555595555505
0 233 3 000020000000200002800008202020200808822082208288888820228a228a28a2a2a2a2a22aaaaaa2aaa9aa6aaaa9a9a9a999669a699a99656666669965996559569695959555566555599555555595555505
0 234 0 000020000000200002800008202020202008822082208288882022228a28a288a2a8a8a8a8a8aaa2aaaaaaa6aa9a9a9a9a9aa699669a6966669699996596659665595656565656599555655556555555565515
0 234 1 000020000000200002800008202020202008822082208288882022228a28a288a2a8a8a8a8a8aaa2aaaaaaa6aa9a9a9a9a9aa699669a6966669699996596659665595656565656599555655556555555565515
0 234 2 000020000000200002800008202020202008822082208288882022228a28a288a2a8a8a8a8a8aaa2aaaaaaa6aa9a9a9a9a9aa699669a6966669699996596659665595656565656599555655556555555565515
0 234 3 000020000000200002800008202020202008822082208888082222228a28a288a2a8a8a8a8a8aaa2aaaaaaa6aa9a9a9a9a9aa699669a6966666699995996659665595656565656599555655556555555565515
0 235 0 00002000000020000880002020202020202082208820880822222222a288228a282a2a2a2aaaa2aaaaa8a9aa6aaaa6a6a6a6a699669a696666666696996559665966656565656565555995556555555565555501
0 235 1 00002000000020000880002020202020202082208820880822222222a288228a282a2a2a2aaaa2aaaaa8a9aa6aaaa6a6a6a6a699669a696666666696996599655966656565656565555995556555555565555501
0 235 2 00002000000020000880002020202020202082208820882022222222a288228a282a2a2a2aaaa2aaaaa8a9aa6aaaa6a6a6a6a699669a696666666696996599655966656565656565555995556555555565555501
0 235 3 00002000000020000880002020202020202082208820882022222222a288228a282a2a2a2aaaa2aaaaa8a9aa6aaaa6a6a6a6a699669a696666666696996559665966656565656565555995556555555565555501
0 236 0 00002000000020000880000820202020202088208820082222222222228a28a2288a8a8a8a8aaaaaa2aaaaa9aa6a6a6a6a6a9aa699669a9999999999599665966596959595959555566555569555555595555505
0 236 1 00002000000020000880000820202020202088208820082222222222228a28a2288a8a8a8a8aaaaaa2aaaaa9aa6a6a6a6a6a9aa699669a9999999999599665966596959595959555566555569555555595555505
0 236 2 00002000000020000880000820202020202088200822082222222222228a28a2288a8a8a8a8aaaaaa8aaaaa6aa6a6a6a6a6a6aa699669a9999999999599665966596959595959555566555569555555595555505
0 236 3 00002000000020000880000820202020202088200822082222222222228a28a2288a8a8a8a8aaaaaa8aaaaa6aa6a6a6a6a6a6aa699669a9999999999599665966596959595959555566555569555555595555505
0 237 0 0000200000002000028000202020202020208820082208222222228228a288228aa2a2a2a2a2aaa8aaaaaaaa9aaaa6a6a6a6a669a699669a65666666665966599659565656565656569555655556555555565515
0 237 1 0000200000002000028000202020202020208820082208222222228228a288228aa2a2a2a2a2aaa8aaaaaaaa9aaaa6a6a6a6a669a699669a65666666665966599659565656565656569555655556555555565515
0 237 2 0000200000002000028000202020202020208820082208222222228228a288228aa2a2a2a2a2aaa2aaaaaaaaa6aaa6a6a6a6a699669a665a66666666665966599659565656565656569555655556555555565515
0 237 3 0000200000002000028000202020202020208820082208222222228228a288228aa2a2a2a2a2aaa2aaaaaaaaa6aaa6a6a6a6a699669a665a66666666665966599659565656565656569555655556555555565515
0 238 0 0000200000002000088000208020202020200822082208222222828888a288228aa8a8a8a8a8a2aaaaa8aaa9aa6aaaa9a9a9a999669a699a9959666666966596659665656565655965555995556555555565555501
0 238 1 0000200000002000088000208020202020200822082208222222828888a288228aa8a8a8a8a8a2aaaaa8aaa9aa6aaaa9a9a9a999669a699a9959666666966596659665656565655965555995556555555565555501
0 238 2 0000200000002000088000208020202020200822082208222222828888a288228aa8a8a8a8a8a2aaaaa8aaa9aa6aaaa9a9a9a999669a699a9959666666966596659665656565655965555995556555555565555501
0 238 3 0000200000002000088000208020202020200822082208222222828888a288228aa8a8a8a8a8a2aaaaa8aaa9aa6aaaa9a9a9a999669a699a9959666666966596659665656565655965555995556555555565555501
0 239 0 0000200000002000088000202020202020200822088208228888888888288a28a2282a2a2a2aaaaaa8aaaaaa9aaa9a9a9a9a9aa699669a666666666696596659965996959595959595556555569555555595555505
0 239 1 0000200000002000088000202020202020200822088208228888888888288a28a2282a2a2a2aaaaaa8aaaaaaa6aa9a9a9a9a9aa699669a666666666696596659965996959595959595556555569555555595555505
0 239 2 0000200000002000088000202020202020200822088208228288888888228a28a2282a2a2a2aaaaaa8aaaaaaa6aa9a9a9a9a9aa699669a666666666699596659965996959595959595556555569555555595555505
0 239 3 0000200000002000088000202020202020200822088208228288888888228a28a2282a2a2a2aaaaaa8aaaaaaa6aa9a9a9a9a9aa699669a666666666699596659965996959595959595556555569555555595555505
0 240 0 000020000000200008800020808020202020088208822082888888888828a288228a8a8a8a8aaaa8aa2aaaa9aa6aaaa6a6a6a6a699669a696666666666965996659665595959595656595556655559555555595555
0 240 1 000020000000200008800020808020202020088208822082888888888828a288228a8a8a8a8aaaa2aaaa68aaaa9aaaa6a6a6a6a699669a696666666666965996659665595959595656595556655559555555595555
0 240 2 000020000000200008800020808080202020088208822082888888888828a288228a8a8a8a8aaaa8aa2aaaa9aa6aaaa6a6a6a6a699669a696666666666965996659665595959595656595556655559555555595555
0 240 3 000020000000200008800020808080202020088208822082888888888828a288228a8a8a8a8aaaa8aa2aaaa9aa6aaaa6a6a6a6a699669a696666666666965996659665595959595656595556655559555555595555
0 241 0 00002000000020000880002080808080202008822082208888888808a288228a28a2a2a2a2a2a2aa2aaaaaaaa6aa6a6a6a6a6a6aa699669a699699999999655966599665655959595965555995556555555565555501
0 241 1 00002000000020000880002080808080202008822082208888888808a288228a28a2a2a2a2a2a2aa2aaaaaaaa6aa6a6a6a6a6a6aa699669a699699999999655966599665655959595965555995556555555565555501
0 241 2 00002000000020000880002080808080202008822082208888888808228a228a28a2a2a2a2a2a2aa2aaaaaaaa6aa6a6a6a6a6a6aa699669a699699999999655966599665655959595965555995556555555565555501
0 241 3 00002000000020000880002080808080202008822082208888888808228a228a28a2a2a2a2a2a2aa2aaaaaaaa6aa6a6a6a6a6a6aa699669a699699999999655966599665655959595965555995556555555565555501
0 242 0 00002000000020000800022080808080802020822082208888880822228a28a228a2a8a8a8a8a82aaaaaaaaaaa9aaaa6a6a6a6a699a699669a9959666666966599659995956565656595556555569555555595555505
0 242 1 00002000000020000880002080808080202020822082208888880822228a28a228a2a8a8a8a8a82aaaaaaaaaaa9aaaa6a6a6a6a699a699669a9959666666966599659995656565656595555955569555555595555505
0 242 2 00002000000020000880002080808080202020822082208888880822228a28a288a2a8a8a8a8a82aaaaa8aa9aa6aaa9a9a9a9a9a669a669a696666999999599665966556969595959555566555595556555555565515
0 242 3 00002000000020000880002080808080202020822082208888880822228a28a288a2a8a8a8a8a82aaaaa8aa9aa6aaa9a9a9a9a9a669a669a696666999999599665966556969595959555566555595556555555565515
0 243 0 0000200000002000088000208080808080802088208820888820222222a288a288222a2a2a2aaaa8aa8aaaaaa6aa6aaaa9a9a9a999669a669a9999995966665966596659565656565656595556655559555555595555
0 243 1 0000200000002000088000208080808080802088208820888820222222a288a288222a2a2a2aaaa8aa8aaaaaa6aa6aaaa9a9a9a999669a669a9999995966665966596659565656565656595556655559555555595555
0 243 2 0000200000002000088000208080808080202082208820888820222222a288a288222a2a2a2aaaa8aa2aaaaaa9aa6aaaa9a9a9a999669a669a9999995966665966599659565656565656595556655559555555595555
0 243 3 0000200000002000088000208080808080202082208820888820222222a288a288222a2a2a2aaaa8aa2aaaaaa9aa6aaaa9a9a9a999669a669a9999995966665966599659565656565656595556655559555555595555
0 244 0 0000200000008000080002208080808080802088200822082222222222228a228a288a8a8a8a8aaa2aaaaaaaaaa6aa9a9a9a9a9aa699669a66666666666696659665996559595959595965555695555955555565555501
0 244 1 0000200000008000080002208080808080802088200822082222222222228a228a288a8a8a8a8aaa2aaaaaaaaaa6aa9a9a9a9a9aa699669a66666666666696659665996559595959595965555695555955555565555501
0 244 2 0000200000008000080002208080808080802088200822082222222222228a228a288a8a8a8a8aaa2aaaaaaaaaa6aa9a9a9a9a9aa699669a66666666666696659665996559595959595965555695555955555565555501
0 244 3 0000200000008000080002208080808080802088200822082222222222228a228a288a8a8a8a8aaa2aaaaaaaaaa6aa9a9a9a9a9aa699669a66666666666696659665996559595959595965555695555955555565555501
0 245 0 0000200000008000080002208080808080802008220882082222222222288a28a288a2a2a2a2a28aaaaa8aaaa9aaaaa9a6a6a6a6a699669a695a6666666666996559665996959595959555566555599555555555565515
0 245 1 0000200000008000080002208080808080802008220882082222222222288a28a288a2a2a2a2a28aaaaa8aaaa9aaaaa9a6a6a6a6a699669a695a6666666666996559665996959595959555566555599555555555565515
0 245 2 0000200000008000080002208080808080802008220882082222222222288a28a288a2a2a2a2a28aaaaa8aaaa9aa6aaaa6a6a6a6a699669a695a6666666666996559665996959595959555566555599555555555565515
0 245 3 0000200000008000080002208080808080802008220882082222222222288a28a288a2a2a2a2a28aaaaa8aaaa9aa6aaaa6a6a6a6a699669a69666666666666996559665996959595959555566555599555555555565515
0 246 0 000020000000800008000220808080808080200822088208222222828828a288228aa8a8a8a8a8a8aa2aaaaaaaa9aa6a6a6a6a6a6aa699669a696696999999659665996559565656565656599555655556555555595555
0 246 1 000020000000800008000220808080808080200822088208222222828828a288228aa8a8a8a8a8a8aa2aaaaaaaa9aa6a6a6a6a6a6aa699669a696696999999659665996559565656565656599555655556555555595555
0 246 2 000020000000800008000220808080808080200822088208222222828828a288228aa8a8a8a8a8a8aa8aaaaaaaa6aa6a6a6a6a6a6aa699669a696696999999659665996559565656565656599555655556555555595555
0 246 3 000020000000800008000220808080808080200822088208222222828828a288228aa8a8a8a8a8a8aa8aaaaaaaa6aa6a6a6a6a6a6aa699669a696696999999659665996559565656565656599555655556555555595555
0 247 0 000020000000800008000220000282808080800882088220222288888888228a28a2282a2a2a2aaa8aaaaaa2a9aa6aaa9a9a9a9a9aa699669a69666666969999655966596665656565595995555955566555555595555505
0 247 1 000020000000800008000220000282808080800882088220222288888888228a28a2282a2a2a2aaa8aaaaaa2a9aa6aaa9a9a9a9a9aa699669a69666666969999655966596665656565595995555955566555555595555505
0 247 2 000020000000800008000220000282808080800882088220222288888888228a28a2282a2a2a2aaa8aaaaaa2a9aa6aaa9a9a9a9a9aa699669a69666666969999655966596665656565595995555955566555555595555505
0 247 3 000020000000800008000220000282808080800882088220222288888888228a28a2282a2a2a2aaa8aaaaaa2a9aa6aaa9a9a9a9a9aa699669a69666666969999655966596665656565595995555955566555555595555505
0 248 0 00002000000080002000028000020282808080088220822082888888888828a288a2888a8a8a8a8aaaaaa2aaaaa6aaaaa9a9a9a9a999a699669a999999999965966596659995959565656595556555599555555555565515
0 248 1 00002000000080002000028000020282808080088220822082888888888828a288a2888a8a8a8a8aaaaaa2aaaaa6aaaaa9a9a9a9a999a699669a999999999965966596659995959565656595556555569555555555565515
0 248 2 00002000000080000800028000020282808080088220822088888888888828a288a2888a8a8a8a8aaaaaa2aaaaa6aaaaa9a9a9a9a999a699669a999999999965966596659995959565656595556555569555555555565515
0 248 3 00002000000080000800028000020282808080088220822088888888888828a288a2888a8a8a8a8aaaaaa2aaaaa6aaaaa9a9a9a9a999a699669a999999999965966596659995959565656595556555599555555555565515
0 249 0 00002000000080000800022000020282808080088220822088888888888888228a228aa2a2a2a2a2aa8aaaaaaaaaa6aa9a9a9a9a9aa699a69966666666666666599659966556565696959555599555655556555555595555
0 249 1 00002000000080000800022000020282808080088220822088888888888888228a228aa2a2a2a2a2aa8aaaaaaaaaa6aa9a9a9a9a9aa699a69966666666666666599659966556565696959555599555655556555555595555
0 249 2 00002000000080000800022000020282808080088220822088888888888888228a228aa2a2a2a2a2aa8aaaaaaaaaa6aa9a9a9a9a9aa699a69966666666666666599659966556565696959555599555655556555555595555
0 249 3 00002000000080000800022000020282808080088220822088888888888888228a228aa2a2a2a2a2aa8aaaaaaaaaa6aa9a9a9a9a9aa699a69966666666666666599659966556565696959555599555655556555555595555
0 250 0 0000200000008000080002800002020202028220822088208888888808228a228a28a2a8a8a8a8a8a2aaaaa8aaa6aaaaa9a6a6a6a6a699669a699a596666666696659665996559595959595965555955566555555595555505
0 250 1 0000200000008000080002800002020202028220822088208888888808228a228a28a2a8a8a8a8a8a2aaaaa8aaa6aaaaa9a6a6a6a6a699669a699a596666666696659665996559595959595965555955566555555595555505
0 250 2 0000200000008000080002800002020282808020822088208888888808228a228a28a2a8a8a8a8a88aaaaaa8aaa6aaaaa9a6a6a6a6a699669a699a596666666696659665996559595959595965555955566555555595555505
0 250 3 0000200000008000080002800002020282808020822088208888888808228a228a28a2a8a8a8a8a88aaaaaa8aaa6aaaaa9a6a6a6a6a699669a699a596666666696659665996559595959595965555955566555555595555505
0 251 0 000020000000800020000280000202020202822088200822888888202222a228a288222a2a2a2a2aaaaaa2aaaaaaa6aa6a6a6a6a6a6aa699669a69666696999959665996599665656565656595556555569555555555565515
0 251 1 000020000000800020000280000202020202822088200822888888202222a228a288222a2a2a2a2aaaaaa2aaaaaaa6aa6a6a6a6a6a6aa699669a66666696999959665996599665656565656595556555569555555555565515
0 251 2 0000200000008000200002800002020202028220882008228888882022228a28a288222a2a2a2a2aaaaaa2aaaaaaa6aa6a6a6a6a6a6aa699669a69666696999959665996599665656565656595556555569555555555565515
0 251 3 0000200000008000200002800002020202028220882008228888882022228a28a288222a2a2a2a2aaaaaa2aaaaaaa6aa6a6a6a6a6a6aa699669a69666696999959665996599665656565656595556555569555555555565515
0 252 0 000020000000800008000280000202020202822088200822880822222222a288228a288a8a8a8a8aaaa2aaaaa8a9aa6aaa9a9a9a9a9aa699669a6966666666969965966599655956565656565659555695555955555565555501
0 252 1 000020000000800008000280000202020202822088200822880822222222a288228a288a8a8a8a8aaaa2aaaaa8a9aa6aaa9a9a9a9a9aa699669a6966666666969965966599655956565656565659555695555955555565555501
0 252 2 000020000000800020000280000202020202822008220882882022222222a288228a288a8a8a8a8aaaa2aaaaa8a9aa6aaa9a9a9a9a9aa699669a6966666666969965966599655956565656565659555695555955555565555501
0 252 3 000020000000800020000280000202020202822008220882882022222222a288228a288a8a8a8a8aaaa2aaaaa8a9aa6aaa9a9a9a9a9aa699669a6966666666969965966599655956565656565659555695555955555565555501
0 253 0 000020000000800020000280000202020202822008220822082222222222228a28a288a2a2a2a2a2a2aaaaa8aaaaa6aaaaa9a9a9a9a969a699669a99999999995996599659966559595959595965555995556555555595555505
0 253 1 000020000000800020000280000202020202822008220822082222222222228a28a288a2a2a2a2a2a2aaaaa8aaaaa6aaaaa9a9a9a9a969a699669a99999999995996599659966559595959595965555995556555555595555505
0 253 2 000020000000800020000280000202020202822008220882082222222222228a28a288a2a2a2a2a2a2aaaaa8aaaaa6aaaaa9a9a9a9a969a699669a99999999995966599659966559595959595965555995556555555595555505
0 253 3 000020000000800020000280000202020202822008220882082222222222228a28a288a2a2a2a2a2a2aaaaa8aaaaa6aaaaa9a9a9a9a969a699669a99999999995966599659966559595959595965555995556555555595555505
0 254 0 00002000000080002000028000080202020202220882088208222222222228a288a288a2a8a8a8a8a8aaa8aaaaaaaa9aaa9a9a9a9a9aa699a699665a666666666699659965596665656565655995556555569555555555565515
0 254 1 00002000000080002000028000080202020202220882088208222222222228a288a288a2a8a8a8a8a8aaa8aaaaaaaa9aaa9a9a9a9a9aa699a699665a666666666699659965596665656565655995556555569555555555565515
0 254 2 00002000000080002000028000080202020202220882088208222222228228a288a288a2a8a8a8a8a8aaa8aaaaaaaa9aaa9a9a9a9a9a9a69a699669a596666666699659965596665656565655995556555569555555555565515
0 254 3 00002000000080002000028000080202020202220882088208222222228228a288a288a2a8a8a8a8a8aaa8aaaaaaaa9aaa9a9a9a9a9a9a69a699669a596666666699659965596665656565655995556555569555555555565515
0 255 0 00002000000080002000028000080202020202820882208220222282888888228a288a282a2a2a2aaaa2aaaaa8aaa9aa6aaaa6a6a6a6a699a699669a99995966666659665996595656565656965559555665555955555565555501
0 255 1 00002000000080002000028000080202020202820882208220222282888888228a288a282a2a2a2aaaa2aaaaa8aaa9aa6aaaa6a6a6a6a699a699669a99995966666659665996595656565656965559555665555955555565555501
0 255 2 00002000000080002000028000080202020202820882208220222222888888a288228a282a2a2a2aaaa2aaaaa8aaa9aa6aaaa6a6a6a6a699669a669a99995966666659665996595656565656565659555665555955555565555501
0 255 3 00002000000080002000028000080202020202820882208220222222888888a288228a282a2a2a2aaaa2aaaaa8aaa9aa6aaaa6a6a6a6a699669a669a99995966666659665996595656565656565659555665555955555565555501
0 256 0 0000200000008000200002800008080202020282088220822022888888888828a228a2888a8a8a8a8aaa2aaaaaaaaa9aaa6a6a6a6a6a6aa699a6996666666666969965996559665959595959565665555995556555555595555505
0 256 1 0000200000008000200002800008080202020282088220822022888888888828a228a2888a8a8a8a8aaa2aaaaaaaaa9aaa6a6a6a6a6a6aa699a6996666666666969965996559665959595959565665555995556555555595555505
0 256 2 00002000000080002000028000080802020202820882208220228288888888228a28a2888a8a8a8a8aaaaaa8aaaaaaa6aa6a6a6a6a6a6aa699669a6666666666999965996559665959595959565665555995556555555595555505
0 256 3 00002000000080002000028000080802020202820882208220228288888888228a28a2888a8a8a8a8aaaaaa8aaaaaaa6aa6a6a6a6a6a6aa699669a6666666666999965996559665959595959565665555995556555555595555505
1 1 0 02
1 1 1 02
1 1 2 02
1 1 3 02
1 2 0 0a
1 2 1 18
1 2 2 18
1 2 3 18
1 3 0 68
1 3 1 68
1 3 2 68
1 3 3 68
1 4 0 4806
1 4 1 4806
1 4 2 4806
1 4 3 4806
1 5 0 8819
1 5 1 8819
1 5 2 8819
1 5 3 8819
1 6 0 8866
1 6 1 8866
1 6 2 a066
1 6 3 a066
1 7 0 209a05
1 7 1 209a05
1 7 2 209a05
1 7 3 209a05
1 8 0 206a16
1 8 1 206a16
1 8 2 206a16
1 8 3 206a16
1 9 0 20626601
1 9 1 20626601
1 9 2 20626601
1 9 3 20626601
1 10 0 20a29605
1 10 1 20a29605
1 10 2 20a29905
1 10 3 20a29905
1 11 0 20a85a16
1 11 1 20286959
1 11 2 20286959
1 11 3 20286959
1 12 0 2088a66501
1 12 1 20889a6501
1 12 2 20889a6501
1 12 3 20889a6501
1 13 0 20886a9605
1 13 1 20886a9605
1 13 2 20886a9605
1 13 3 20886a9605
1 14 0 2088985a59
1 14 1 2088985a59
1 14 2 2088926659
1 14 3 2088625a59
1 15 0 20a0a8696501
1 15 1 20a0a8696501
1 15 2 20a0a8696501
1 15 3 20a0a8696501
1 16 0 20204a6a5616
1 16 1 20204a6a5616
1 16 2 20208a695616
1 16 3 20208a695616
1 17 0 20208aa65959
1 17 1 20208aa65959
1 17 2 20208aa65959
1 17 3 20208aa65959
1 18 0 2080a26a5a6501
1 18 1 2080a26a5a6501
1 18 2 2080a26a5a6501
1 18 3 2080a26a5a6501
1 19 0 2080a298a65516
1 19 1 2080a298a65516
1 19 2 2080a298a65516
1 19 3 2080a298a65516
1 20 0 208028aa695659
1 20 1 208028aa695659
1 20 2 208028aa695659
1 20 3 208028aa695659
1 21 0 2080284a9a669505
1 21 1 2080284a9a669505
1 21 2 2080284a9a669505
1 21 3 2080284a9a669505
1 22 0 208088a2a6995516
1 22 1 208088a2a6995516
1 22 2 208088a2a6995516
1 22 3 208088a2a6995516
1 23 0 208088a29a5a5659
1 23 1 208088a29a5a5659
1 23 2 2080a0a29a665659
1 23 3 2080a0a29a665659
1 24 0 2080a0289aa6659505
1 24 1 2080a0289aa6659505
1 24 2 0002a2289aa6595905
1 24 3 0002a2289aa6595905
1 25 0 0008a2886a6a666515
1 25 1 0008a2886a6a666515
1 25 2 0008a2286a6a665915
1 25 3 0008a2286a6a666515
1 26 0 0008228a629a66565601
1 26 1 0008228a629a66565601
1 26 2 0008228a629a66965501
1 26 3 0008228a629a66965501
1 27 0 000282a2a8696a595905
1 27 1 000282a2a8a969595905
1 27 2 000282a2a2a669595905
1 27 3 000282a2a2a669595905
1 28 0 000282a228699a969555
1 28 1 000282a228699a969555
1 28 2 000282a228699a966555
1 28 3 000282a228699a969555
1 29 0 000882288aa6a659565601
1 29 1 000882288aa6a659565601
1 29 2 000882288a9aa659965501
1 29 3 000882288a9aa659965501
1 30 0 000282288a6a9a66595905
1 30 1 000282288a6a9a5a595905
1 30 2 00028288a8aa6666595905
1 30 3 00028288a8aa6666595905
1 31 0 000208a228aa699a659555
1 31 1 000208a228aa699a656555
1 31 2 000208a2a8686a9a656555
1 31 3 000208a2a8686a9a659555
1 32 0 000808228aaa9a6696555601
1 32 1 000808228aaa9a6696555601
1 32 2 000808228aaa9a6696955501
1 32 3 000808228aaa9a6696955501
1 33 0 00020822a28aa96666596515
1 33 1 00020822a28aa96666596515
1 33 2 00020822a28aa96666596515
1 33 3 00020822a28aa96666596515
1 34 0 00020822a2a86a9a99659555
1 34 1 00020822a2a86a9a99656555
1 34 2 00020822a2a86a9a99656555
1 34 3 00020822a2a86a9a99659555
1 35 0 0008088222aaaa665a96555601
1 35 1 0008088222aaaa665a96555601
1 35 2 0008082222aaaa665a96955501
1 35 3 0008082222aaaa665a96955501
1 36 0 00080888288a6a6a9a65596515
1 36 1 00080888288aaa699a65596515
1 36 2 00020888288aaa699a65596515
1 36 3 00020888288aaa699a65596515
1 37 0 0002088888a2aa9a6666656555
1 37 1 0002088888a2aa9a6666656555
1 37 2 0002088288a2aa9a6696659555
1 37 3 0002088288a2aa9a6696659555
1 38 0 0008208888a8a2a9666696555905
1 38 1 0008208888a8a2a9666696555905
1 38 2 0008208888a8a2a9666696555605
1 38 3 0008208888a8a2a9666656565605
1 39 0 000820888828aa6a9a6959566515
1 39 1 000820888828aa6a9a6959566515
1 39 2 000220888828aa6a9a6959566515
1 39 3 000220888828aa6a9a6959566515
1 40 0 000220088a882aa99a699665955501
1 40 1 000220088a882aa99a699665955501
1 40 2 00022008a2882aa69a699665555601
1 40 3 00022008a2882aa69a699665555601
1 41 0 0008200822a28a6a6a9a5996555905
1 41 1 0008200822a28a6a6a9a5996555905
1 41 2 0008200822a28a6aaa995996555605
1 41 3 0008200822a28a6aaa995996555605
1 42 0 0008200822a2a8aa9a666659566515
1 42 1 0008200822a2a8aa9a666659566515
1 42 2 0002200822a2a8aa9a666659566515
1 42 3 0002200822a2a8aa9a666659566515
1 43 0 000220082222aaa8a966a69565955501
1 43 1 000220082222aaa8a966a69565955501
1 43 2 000220082222aaa8a966669665555601
1 43 3 000220082222aaa8a966669665555601
1 44 0 0008202088228aaa6a9a699695555905
1 44 1 0008202088228aaa6a9a699695555905
1 44 2 0008202088228aaa6a9a699695555605
1 44 3 0008202088228aaa6a9a699695555605
1 45 0 000880208888a28aa69a666659569555
1 45 1 000880208888a28aa69a696659566555
1 45 2 000220208828a22aa99a696659599555
1 45 3 000220208828a22aa99a696659599555
1 46 0 000280208888a8a26aaa99996559955501
1 46 1 000280208888a8a26aaa99996559955501
1 46 2 000280208888a8a26a6a9a996559555601
1 46 3 000280208888a8a26a6a9a996559555601
1 47 0 00088020888828aaaa9a66669665555905
1 47 1 00088020888828aaaa9a66669665555905
1 47 2 00088020888828aaaa9a66669665555605
1 47 3 00088020888828aaaa9a66669665555605
1 48 0 000880208888882aaaa966a66559566555
1 48 1 000880208888882aaaa966a66559566555
1 48 2 00028020088a882aaaa966a66559569555
1 48 3 00028020088a882aaaa966a66559569555
1 49 0 0002802008a2888aaa6a9a69966559955501
1 49 1 0002802008a2888aaa6a9a69966559955501
1 49 2 0002802008a2888aaa9a9a69966559555601
1 49 3 0002802008a2888aaa9a9a69966559555601
1 50 0 000880202022a2a8a2a99a66665696556515
1 50 1 000880202022a2a8a2a99a66665696556515
1 50 2 0008802020228aa88aa99a69665696555915
1 50 3 0008802020228aa88aa99a69665696555915
1 51 0 00088080202222aaa86aaa99995956566555
1 51 1 00088080202222aaa86aaa99995956566555
1 51 2 00028020202222aaa86aaa99995959569555
1 51 3 00028020202222aaa86aaa99995959569555
1 52 0 000280802022228aaaa46a9a99966559555605
1 52 1 000280802022228aaaaa9a66a6655956955501
1 52 2 000280802028228aaaaa9a66a6655959555601
1 52 3 000280802028228aaaa46a9a99966565555905
1 53 0 00080082208822a28aaaa966a6599665556515
1 53 1 00080082208822a28aaaa966a6599665556515
1 53 2 00080082208822a28aaaa966a6599665555915
1 53 3 00080082208822a28aaaa966a6599665555915
1 54 0 00080082208888a2a2aa9a9a66665996556555
1 54 1 00080082208888a2a2aa9a9a66665996556555
1 54 2 00020082208828a2a2aa9a9a66665996559555
1 54 3 00020082208828a2a2aa9a9a66665996559555
1 55 0 0002008220888828aaa2a99a6666966559555605
1 55 1 0002008220888828aaa2a99a6666966559555605
1 55 2 0002008220888828aaa2a99a6666966559555905
1 55 3 0002008220888828aaa2a99a6666966559555905
1 56 0 00080082208888882aaa6aaa9999569665555915
1 56 1 00080082208888882aaa6aaa9999599665555915
1 56 2 00080082208888882aaa6aaa9999599665555915
1 56 3 00080082208888882aaa6aaa9999599665556515
1 57 0 0008008280208a88a22aa66a9a9966595956955501
1 57 1 0008008280208a88a22aa96a9a9966655956955501
1 57 2 0002008220208a88a22aa66a9a9966655956555601
1 57 3 0002008220208a88a22aa66a9a9966655956555601
1 58 0 000200828020a288a88a6aaa669a99655959555605
1 58 1 000200828020a288a88a6aaa669a99655959555605
1 58 2 000200828020a288a88a6aaa669a99656559555905
1 58 3 000200828020a288a88a6aaa669a99656559555905
1 59 0 00020002822022a2a8a8aa9a9a6666966559555915
1 59 1 00020002822022a2a8a8aa9a9a6666966559555915
1 59 2 00020002822022a2a8a8aa9a9a6666966565555915
1 59 3 00020002822022a2a8a8aa9a9a6666966565556515
1 60 0 00080008822022228aaaa8a99a666666599655955501
1 60 1 00080008822022228aaaa8a99a666666599655955501
1 60 2 00020002822022228aaaa8a99a666666599655955501
1 60 3 00020002822022228aaaa8a99a666666599655955501
1 61 0 0002000882202822a28aaa6aaa999996655956555605
1 61 1 0002000882202822a28aaa6aaa999996655956555605
1 61 2 0002000882202822a28aaa6aaa999996655956555905
1 61 3 0002000882202822a28aaa6aaa999996655956555905
1 62 0 0002000882208822a2a28aa66a9a6966599665556555
1 62 1 0002000882208822a2a28aa66a9a6966599665556555
1 62 2 0002000882208822a2a22aa99a9a9966599665556555
1 62 3 0002000882208822a2a28aa69a9a9966599665559555
1 63 0 000800088280888822aaa86aaa669a9959599655955501
1 63 1 000800088280888822aaa26aaa669a9959599655955501
1 63 2 000200088280888822aaa86aaa669a9959599655955501
1 63 3 000200088280888822aaa86aaa669a9959599655955501
1 64 0 0002000882808888882aaaaa9a9a666666655956555605
1 64 1 0002000882808888882aaaa46a6a9a9999956559555915
1 64 2 0002000882808888882aaaaa9a9a666666655956555905
1 64 3 0002000882808888882aaaaa9a9a666666655956555905
1 65 0 000200080282888888a22aaaa99a66665a966565556555
1 65 1 000200080282888888a22aaaa99a66665a966565556555
1 65 2 000200080282a08888a22aaaa99a66665a969565559555
1 65 3 000200080282a08888a22aaaa99a66665a969565559555
1 66 0 000800080882208a88a8a2aa6aaa99996659969555955501
1 66 1 000800080882208a88a8a2aa6aaa99996659969555955501
1 66 2 000800080882208a88a8a2aa6aaa99996659969555955501
1 66 3 000800080882208a88a8a2aa6aaa99996659969555955501
1 67 0 00020008088220228aa8a8a2a99a9a696696655956555915
1 67 1 00020008088220228aa8a8a2a99a9a696696655956555915
1 67 2 00020008088220228aa8a8a2a69a9a696696655959556515
1 67 3 00020008088220228aa8a8a2a69a9a696696655959556515
1 68 0 0002002008822022228aaaa86aaaa6999959966559556555
1 68 1 0002002008822022228aaaa86aaaa6999959966559556555
1 68 2 0002002008822022a288aaa86aaa669a9959966559559555
1 68 3 0002002008822022a288aaa86aaa669a9959966559559555
1 69 0 000800200882202222a28a2aa66aaa99999965599655555605
1 69 1 000800200882202222a28a2aa66aaa99999965599655555605
1 69 2 0008002008822022228a8aaaa46aaa99999965599655555605
1 69 3 0008002008822022228a8aaaa46aaa99999965599655555605
1 70 0 000200200802822822a2a28aaaa99a66669a95655956555915
1 70 1 000200200802822822a2a28aaaa99a66669a65655956555915
1 70 2 000200200802822822a2a88aaaa99a66669a65655956556515
1 70 3 000200200802822822a2a88aaaa99a66669a65655956556515
1 71 0 00020020080282882822aaa8aa6aaa99696696656559556555
1 71 1 00020020080282882822aaa8aa9aaa99696696656559556555
1 71 2 00020020080282882822aaa2aa9aaa99696696956559559555
1 71 3 00020020080282882822aaa8aa6aaa99696696956559559555
1 72 0 000800200808828888222aaaa8a99a9a69666659569655555605
1 72 1 000800200808828888222aaaa8a99a9a69666659569655555605
1 72 2 000800200808828888222aaaa8a69a9a69666659569655555605
1 72 3 000800200808828888222aaaa8a69a9a69666659569655555605
1 73 0 00020020080882888888a22aaa6aaaa699999965595656555915
1 73 1 00020020080882888888a22aaa6aaaa699999965595656555915
1 73 2 00020020080882888888a22aaa6aaaa699999965595956556515
1 73 3 00020020080882888888a22aaa6aaaa699999965595956556515
1 74 0 00020020200882a08888a8a22aa66aaa9999695996656555955501
1 74 1 00020020200882a08888a8a22aa66aaa9999695996656555955501
1 74 2 00020020200882a08888a8a22aa66aaa9999695996656555555601
1 74 3 00020020200882a08888a8a22aa66aaa9999695996656555555601
1 75 0 0008008020080222a28828aaa2aaa99a66a6996559969555555605
1 75 1 0008008020080222a28828aaa2aaa99a66a6996559969555555605
1 75 2 0008008020088220a288a8a8a2aaa9a666a6996559966555555605
1 75 3 0008008020088220a288a8a8a2aaa9a666a6996559966555555605
1 76 0 0002002020080222228a88aaa8aa9aaa9969669665595656555915
1 76 1 0002002020080222228a88aaa8aa9aaa9969669665595656555915
1 76 2 0002002020088220228a88aaa8aa9aaa9969669665595656556515
1 76 3 0002002020080222228a88aaa8aa9aaa9969666665595656556515
1 77 0 000200202008022222a2888aaaa8a99a9a6666665696656555955501
1 77 1 000200202008022222a2888aaaa8a99a9a6666665696656555955501
1 77 2 000200202008022222a2888aaaa8a99a9a6666665696656555555601
1 77 3 000200202008022222a2888aaaa8a99a9a6666665696656555555601
1 78 0 00080080200808822222a2a88aaa6aaaa69999695956969555555605
1 78 1 00080080200808822222a2a88aaa6aaaa69999695956969555555605
1 78 2 00080080200808822222a2a88aaa6aaaa69999695956966555555605
1 78 3 00080080200808822222a2a88aaa6aaaa69999695956966555555605
1 79 0 0008008020200882282222aaa88aa66aaa9999669665595959556555
1 79 1 0008008020200882282222aaa88aa66aaa9999669665595959556555
1 79 2 0002002020200882282222aaa88aa66aaa9999699665595959559555
1 79 3 0002002020200882282222aaa88aa66aaa9999699665595959559555
1 80 0 00020020202008828828222aaaa8aaa99a66a699599665596555955501
1 80 1 00020020202008828828222aaaa8aaa99a66a699599665596555955501
1 80 2 00020020202008828828222aaaa86aaaa666669a599665656555555601
1 80 3 00020020202008828828222aaaa86aaaa666669a599665656555555601
1 81 0 0008008080200882888822a22aaaa46aaa66a699996559965556555915
1 81 1 0008008080200882888822a22aaaa46aaa669a99996559965556555915
1 81 2 0008008080200882888822a22aaaaa9aaa996966665996656555555605
1 81 3 0008008080200882888822a22aaa986aaa66a699996559969555555915
1 82 0 00080080802008028a8888a2a22aaaa99a9a6666a69565595659556555
1 82 1 00080080802008028a8888a2a22aaaa99a9a6666a69565595659556555
1 82 2 00020020802008028a8888a2a22aaaa99a9a6666669665595659559555
1 82 3 00020020802008028a8888a2a22aaaa99a9a6666669665595659559555
1 83 0 0002002080200802a2888828aaa2aa6aaaa6999969569665596555955501
1 83 1 0002002080200802a2888828aaa2aa6aaaa6999969569665596555955501
1 83 2 0002002080200808a2888828aaa2aa6aaaa9999969969565596555555601
1 83 3 0002002080200808a2888828aaa2aa6aaaa9999969969565596555555601
1 84 0 000800808020080822a288882aaaa2a66aaa999966665959965556555915
1 84 1 000800808020080822a288882aaaa2a66aaa999966665959965556555915
1 84 2 0008008080200808228a88882aaaa2a66aaa999966665959969555555915
1 84 3 0008008080200808228a88882aaaa2a66aaa999966665959969555555915
1 85 0 000800808020200822228a888aaaa86aaaa666a699996559595659556555
1 85 1 000800808020200822228a888aaaa86aaaa666a699996559595659556555
1 85 2 00020020802020082222a2888a2aaaaaa9a666a699996559595659559555
1 85 3 00020020802020082222a2888a2aaaaaa9a666a699996559595659559555
1 86 0 00020020802020082222228aa88a2aa66aaa669a9999599665659555555605
1 86 1 00020020802020082222228aa88a2aa66aaa669a9999599665659555555605
1 86 2 00020020802020082222228aa88aaaa46aaa669a9999599695659555555905
1 86 3 00020020802020082222228aa88aaaa46aaa669a9999599695659555555905
1 87 0 000800808080200882222222aaa88aaaa99a6a66669a655996955556555915
1 87 1 000800808080200882222222aaa88aaaa99a6a66669a655996955556555915
1 87 2 0008008080802008822222a2a8a88aaaa99a9a6666a6655996959555555915
1 87 3 0008008080802008822222a2a8a88aaaa99a9a6666a6655996955556556515
1 88 0 0008008000822008822822222aaaa8aa6aaaa6999966966559965559556555
1 88 1 0008008000822008822822222aaaa8aa6aaaa6999966966559965559556555
1 88 2 0002002080802008822822222aaaa8aa6aaaa6999969966559565659559555
1 88 3 0002002080802008822822222aaaa8aa6aaaa6999969966559565659559555
1 89 0 000200200082200888882822a22aaaa8a69aaa99996666569665599555555605
1 89 1 000200200082200888882822a22aaaa8a69aaa99996666569665599555555605
1 89 2 000200200082200888882822a22aaaa8a69aaa99996666569665599555555905
1 89 3 000200200082200888882822a22aaaa8a69aaa99996666569665599555555905
1 90 0 000200200082202088888828a2a28aaa6aaaa6669a9999595996655556555915
1 90 1 000200200082202088888828a2a22aaa6aaaa6669a9999595996655556555915
1 90 2 000200200082202088888828a2a22aaa6aaaa6669a9999595996659555555915
1 90 3 000200200082202088888828a2a22aaa6aaaa6669a9999595996655556556515
1 91 0 0008008000822020088a888828aaa22aa66aaa669a999996656559566555955501
1 91 1 0008008000822020088a888828aaa22aa66aaa669a999996656559566555955501
1 91 2 0002002000822020088a888822aaa28a9a6aaaa699999996656559566555555601
1 91 3 0002002000822020088a888822aaa28a9a6aaaa699999996656559566555555601
1 92 0 000200200082202008a28888882aaaa2aaa99a6a66669a59966565599555555605
1 92 1 000200200082202008a28888882aaaa2aaa99a6a66669a59966565599555555605
1 92 2 000200200082202008a28888282aaaa2aaa99a6a6666a659969565599555555905
1 92 3 000200200082202008a28888282aaaa2aaa99a6a6666a659969565599555555905
1 93 0 00020020008280200822a28888a22aaa92aaa9a666669a99655996955559556555
1 93 1 00020020008280200822a28888a22aaa92aaa9a666669a99655996955559556555
1 93 2 00020020008280200822a288888a2aaaaa6aaaa999996666599695659555555915
1 93 3 00020020008280200822a288888a2aaaaa6aaaa999996666599695655556556515
1 94 0 0008008000028220082222a288a88a2aaaa99aaa9969666696655956566555955501
1 94 1 0008008000028220082222a288a88a2aaaa99aaa9969666696655956566555955501
1 94 2 0002002000028220082222a288a88a2aaaa69aaa9969666696655956566555555601
1 94 3 0002002000028220082222a288a88a2aaaa69aaa9969666696655956566555555601
1 95 0 0002002000028220082222228aa8a88aaa6aaaa6669a999959966559569555555605
1 95 1 0002002000028220082222228aa8a88aaa6aaaa6669a999959966559569555555605
1 95 2 0002002000028220082222228aa8a88aaa6aaaa6a699999956966559599555555905
1 95 3 0002002000028220082222228aa8a88aaa6aaaa6a699999956966559599555555905
1 96 0 000008000208822020882222222aaaa88aa66aaa669a996966655996659555655555
1 96 1 000008000208822020882222222aaaa88aa66aaa669a996966655996659555655555
1 96 2 000008000208822008882222228aaaa88aa66aaaa699999966655996659555655555
1 96 3 000008000208822008882222228aaaa88aa66aaaa699999966655996659555655555
1 97 0 00000800020882202088882222a28aaaa8aaa99a6a66669a9965655996555695555501
1 97 1 00000800020882202088882222a28aaaa8aaa99a6a66669a9965655996555695555501
1 97 2 00000800020882202088882222a28aaaa8aaa99a6a66669a9965655996555695555501
1 97 3 00000800020882202088882222a28aaaa8aaa99a6a66669a9965655996555695555501
1 98 0 00002000020882802088888822a2a28aaa98aaa99a66a6999959969565596555595515
1 98 1 00002000020882802088888822a2a28aaa98aaa99a66a6999959969565596555595515
1 98 2 00000800020882802088882822a2a22aaa986aaaa666669a9959969565596555565515
1 98 3 00000800020882802088882822a2a22aaa986aaaa666669a9959969565596555595515
1 99 0 0000200002088280208888882822aaa28aaaa69aaa9969666666599695659555655555
1 99 1 0000200002088280208888882822aaa22aaaa99aaa9969666666599695659555655555
1 99 2 0000200002088280208888882822aaa22aaaa99aaa9969666666599695659555595555
1 99 3 0000200002088280208888882822aaa22aaaa99aaa9969666666599695659555595555
1 100 0 000020000208028220088a8888282aaaa2aa6aaaa6669a99999665595696555695555501
1 100 1 000020000208028220088a8888222aaaa2aa6aaaa6669a99999665595696555695555501
1 100 2 000020000208028220088a8888282aaaa2aa6aaaa6669a99999665595696555665555501
1 100 3 000020000208028220088a8888282aaaa2aa6aaaa6669a99999665595696555665555501
1 101 0 00002000020802822008228a88888a2aaaa2a66aaa699a99696659966559596555595515
1 101 1 00002000020802822008228a88888a2aaaa2a66aaa699a99696659966559596555595515
1 101 2 00002000020808822008228a8888a22aaaa2a66aaaa99999696659966559596555565515
1 101 3 00002000020808822008228a8888a22aaaa2a66aaaa99999696659966559596555565515
1 102 0 0000200002080882202022a28888a88a2aaaaaa9a66a66a6999959599665599555655555
1 102 1 0000200002080882202022a28888a88a2aaaaaa9a66a66a6999959599665599555655555
1 102 2 0000200002080882202022228a88a88a2aaaaaa9a66a66669a9959599665659555595555
1 102 3 0000200002080882202022228a88a88a2aaaaaa9a66a66669a9959599665659555595555
1 103 0 000020000820088220202222a288a8a88a2a9a6aaaa666a699999995655996555955565505
1 103 1 000020000820088220202222a288a8a88a2a9a6aaaa666a699999995655996555955565505
1 103 2 000008000220088220202222a288a8a88a2a9a6aaaa666a699999965655996555695555505
1 103 3 000008000220088220202222a288a8a8a22a9a6aaaa666a699999965655996555955565505
1 104 0 00000800022008828020282222a288aaa88aaaa99aaa996966665a96956559565955595515
1 104 1 00000800022008828020282222a288aaa88aaaa99aaa996966665a96956559565955595515
1 104 2 00000800022008828020282222a288aaa8a2aaa99aaa996966665a96956559566555595515
1 104 3 00000800022008828020282222a288aaa8a2aaa99aaa996966665a96956559566555595515
1 105 0 00000800022008028220882822228a8aaaa8aa6aaaa6a69999696659969565596555655555
1 105 1 00000800022008028220882822228a8aaaa8aa6aaaa6a69999696659969565596555595555
1 105 2 00000800082008028220882822228a8aaaa8aa6aaaa6a69999696659969565599555655555
1 105 3 00000800082008028220882822228a8aaaa8aa6aaaa6a69999696659969565599555655555
1 106 0 0000080008202020088288882222a2a28aaaa8a66aaaa6999966669665595696555695555505
1 106 1 0000080008202020082288882222a2a28aaaa8a66aaaa6999969669665595996555695555505
1 106 2 0000080008202020088288882222a2a22aaaa8a69aaaa9999969666659969595555655565505
1 106 3 0000080008202020088288882222a2a22aaaa8a69aaaa9999969666659969595555655565505
1 107 0 000008000820202008828888282222aaa28aaa6aaaa66a66a699999965595656565955595515
1 107 1 000008000820202008828888282222aaa28aaa6aaaa66a66a699999965595656565955595515
1 107 2 000008000820202008828888282222aaa22aaaaaa9a66a66a699999965595656565955595515
1 107 3 000008000820202008828888282222aaa22aaaaaa9a66a66a699999965595656565955595515
1 108 0 00000800082020200882a0888888222aaaa28aa66aaaa666a69999695966656559955595555501
1 108 1 00000800082020200882a0888888222aaaa28aa66aaaa666a69999695966656559955595555501
1 108 2 00000800082020200882a0888828222aaaa28a9a6aaaa666a69999695996656565955595555501
1 108 3 00000800082020200882a0888828222aaaa28a9a6aaaa666a69999995996656565955595555501
1 109 0 0000080008802020208220a2888828a22aaaa2aaa99aaa996666a6996599959565555655565505
1 109 1 0000080008802020208220a2888828a22aaaa2aaa99aaa996666a6996599959565555655565505
1 109 2 00000800088080202082208a8888288a2aaaa2aaa99a6a9a6666669a6599956565555655565505
1 109 3 00000800088080202082208a888828a22aaaa2aaa99aaa996666669a6599956565555655565505
1 110 0 0000080008808020208220228a8888a8a22aaa92aaa99a9a66669a995966595956566555655555
1 110 1 0000080008808020208220228a8888a8a22aaa92aaa99a9a66669a995966595956566555655555
1 110 2 0000080008808080208820228a8888a28a2aaa92aaa99a6a6666a6995996595956566555595555
1 110 3 0000080008808080208820228a8888a28a2aaa92aaa99a6a6666a6995996595956566555655555
1 111 0 000020000880808020882022228a88a8a8a22aaaa66aaaa999996666669965595959955595555501
1 111 1 000020000880808020882022228a88a8a8a22aaaa66aaaa999996666669965595959955595555501
1 111 2 000020000880808020882022a28888a8a88a2aaaa66aaaa999996966669965595959955565555501
1 111 3 000020000880808020882022a28888a8a88a2aaaa66aaaa999996966669965595959955565555501
1 112 0 00002000088080802008222222228a88aaa8a2aaaaa9a66a66a69999995996656565555655565505
1 112 1 00002000088080802008222222228a88aaa8a2aaaaa9a66a66a69999995996656565555655565505
1 112 2 00002000088080802008222222a28888aaa88aaa6aaaa66a66a69999996596656565555695555505
1 112 3 00002000088080802008222222a28888aaa88aaa6aaaa66a66a69999996596656565555695555505
1 113 0 0000200008808080200882282222a2888aaaa88aa66aaaa6669a9999669965595656566555655555
1 113 1 0000200008808080200882282222a2888aaaa88aa66aaaa6669a9999669965595656566555655555
1 113 2 0000200008808080200822282222a2888aaaa88aa66aaaa6669a9999699965595656566555595555
1 113 3 0000200008808080200822282222a2888aaaa88aa66aaaa6669a9999699965595656566555595555
1 114 0 0000200008808080200882882222228aa28aaaa8aaa99aaa996666a699599665595959955595555501
1 114 1 0000200008808080200882882222228aa28aaaa8aaa99aaa996666a699599665595959955595555501
1 114 2 0000200008808080200882882822228aa28aaaa8aaa99aaa696666a699599665595959955565555501
1 114 3 0000200008808080200882882822228aa28aaaa8aaa99aaa696666a699599665595959955565555501
1 115 0 00002000088080808008828888222222aaa28aaa98aaa99a9a66669a99996599959595555955595515
1 115 1 00002000088080808008828888222222aaa28aaa98aaa99a9a66669a99996599959595555955595515
1 115 2 00000800088080808008828888282222aaa28aaa98aaa9a66a66669a99996599959595555955565515
1 115 3 00000800088080808008828888282222aaa28aaa98aaa9a66a66669a99996599959595555955565515
1 116 0 000008000800828080088288888822222aaaa28aaaa69aaaa999996666669659565696556555655555
1 116 1 000008000800828080088288888822222aaaa28aaaa69aaaa999996666669659565696556555655555
1 116 2 000008000880808080208288888822222aaaa28aaaa69aaaa999996666669659565656566555655555
1 116 3 000008000880808080208288888822222aaaa28aaaa69aaaa999996666669659565656566555655555
1 117 0 0000080008808080802082a088888822a22aaaa2aa6aaaa66a669a999966596659595656655565555501
1 117 1 0000080008808080802082a088888822a22aaaa2aa6aaaa66a669a999966596659595656655565555501
1 117 2 0000080008008280802082a088888822a22aaaa2aa6aaaa69a66a6999969596659595956955595555501
1 117 3 0000080008008280802082a088888822a22aaaa2aa6aaaa69a66a6999969596659595956955595555501
1 118 0 0000080008000202822088208a888828a2a22aaaa8a66aaaa6669a999966965996956565555955565515
1 118 1 0000080008000202822088208a888828a2a22aaaa2a66aaaa6669a999966965996956565555955565515
1 118 2 0000080008000282802088202222a288a2a22aaaa2a66aaaa6a699666666965996956565555955595515
1 118 3 0000080008000282802088202222a288a2a22aaaa2a66aaaa6a699666666965996956565555955595515
1 119 0 0000080020000202822088202222228aa8a8a22aaaaaa99a6a6aa6999999596659969595556555655555
1 119 1 0000080020000202822088202222228aa8a8a22aaaaaa99a6a6aa6699999596659969595556555655555
1 119 2 0000080008000282802088202222228aa8a8a22aaaaaa9a66a6aa6999999596659569695556555655555
1 119 3 0000080008000282802088202222228aa8a8a22aaaaaa99a6a6aa6999999596659569695556555655555
1 120 0 000008000800020282200822228828a288aaa8a22a9a6aaaa66aa699666699599659595959955555565505
1 120 1 000008000800020282200822228828a288aaa8a22a9a6aaaa66aa699666699599659595959955555565505
1 120 2 000008002000020202220822828828a288aaa8a22a9aaaa9a66aa699669699599659595959955555565505
1 120 3 000008002000020202220822828828a288aaa8a22a9aaaa9a66aa699669699599659595959955555565505
1 121 0 000008002000020202220882888888228a8aaaa8a2aaa99aaaa969a6999999655966656565555655595515
1 121 1 000008002000020202220882888888228a8aaaa8a2aaa99aaaa969a6999999655966656565555655595515
1 121 2 000008002000020202220882888888228a8aaaa8a2aaa69aaaa969a6999999655966656565555655595515
1 121 3 000008002000020202220882888888228a8aaaa8a2aaa69aaaa969a6999999655966656565555655595515
1 122 0 00000800200002020282088288888828a2a28aaaa892aaa99aaa69a699999959965956565656655595555501
1 122 1 00000800200002020282088288888828a2a28aaaa892aaa99aaa69a699999959965956565656655595555501
1 122 2 00000800200002020282088288888828a2a88aaaa862aaa99aaa69a699999959965956565656655565555501
1 122 3 00000800200002020282088288888828a2a88aaaa862aaa99aaa69a699999959965956565656655595555501
1 123 0 0000200020000202028208828888888822aaa88aaaa8a66aaaa6a66966666666996559595959955555565505
1 123 1 0000200020000202028208828888888822aaa88aaaa8a66aaaa6a66966666666996559595959955555565505
1 123 2 00002000200002020282088288888828a2a8a28aaaa8a66aaaa9a69966666666596659595959955595555505
1 123 3 00002000200002020282088288888828a2a8a28aaaa8a66aaaa9a69966666666596659595959955595555505
1 124 0 0000200020000202028220828820228a222aaaa88aaaaaa99aaa69a669669699659665656565555655595515
1 124 1 0000200020000202028220828820228a222aaaa88aaaaaa99aaa69a669669699659665656565555655595515
1 124 2 0000200020000202028220828808a288222aaaa28aaaaaa9a66a6aa699669999659665656559555655565515
1 124 3 0000200020000202028220828808a288222aaaa28aaaaaa9a66a6aa699669999659665656565555655565515
1 125 0 0000200020000808028220882022228a28a22aaaa88a9aaaa9a66aa69966666699655956565656655595555501
1 125 1 0000200020000808028220882022228a28a22aaaa88a9aaaa9a66aa69966666699655956565656655595555501
1 125 2 0000200020000202028220882022228a28a22aaaa28a9a6aaaa66aa69966666699655956565656655565555501
1 125 3 0000200020000202028220882022228a28a22aaaa28a9a6aaaa66aa69966666699655956565656655565555501
1 126 0 000020002000020802822088202222a288a2a22aaaa2aaa99aaaa969a699999965966559565656955555565505
1 126 1 000020002000020802822088202222a288a2a22aaaa2aaa99aaaa969a699999965966559565656955555565505
1 126 2 000020002000020802822008222222a288a2a22aaaa2aaa99aaaa969a699999959966559595959955595555505
1 126 3 000020002000020802822008222222a288a2a22aaaa2aaa99aaaa969a699999959966559595959955595555505
1 127 0 000020002000080808822008222222228a28aaa22aaa98aaa99aaa99a699999999655996656595555955655555
1 127 1 000020002000080808822008222222228a28aaa22aaa98aaa99aaa99a699999999655996656595555955655555
1 127 2 000008002000080808082208222222228aa8a8a22aaa92aaa99a6a6aa699999999655966656565555955595555
1 127 3 000020002000080808082208222222228aa8a8a22aaa92aaa99a6a6aa699999999655966656565555955595555
1 128 0 00000800200008080808220822228228a2882aaaa22aaaa66aaaa6a669a659666696659695959555655595555501
1 128 1 00000800200008080808220822228228a288aaa8a22aaaa66aaaa6a669a659666696659695959555655565555501
1 128 2 00000800200002080808220822228828a228aaa8a22aaaa66aaaa9a669a659666696659695955556655595555501
1 128 3 00000800200002080808220822228828a228aaa8a22aaaa66aaaa9a669a659666696659695955556655595555501
1 129 0 00000800200008080808820882888888a2888aaaa8a2aaaaa9a66a6a9a6966666659665956565656955595555505
1 129 1 00000800200008080808820882888888a2888aaaa8a2aaaaa9a66a6a9a6966666659665956565656955595555505
1 129 2 00000800200008080808220822888888a2888aaaa88aaa6aaaa66a6aa69966669659965956565656955555565505
1 129 3 00000800200008080808220822888888a2888aaaa8a2aaaaa9a66a6aa69966669659965956565656955555565505
1 130 0 00000800200008080808820882888888228aa88a2aaaa29a6aaaa66aa69966666696659665656565555955595555
1 130 1 00000800200008080808820882888888228aa88a2aaaa29a6aaaa66aa69966666696659665656565555955595555
1 130 2 00000800200008080808820882888888228aa88aaaa8a29a6aaaa66aa69966666696659665656565555955655555
1 130 3 00000800200008080808820882888888228aa88aaaa8a29a6aaaa66aa69966666696659665656565555955655555
1 131 0 0000080020000808080882208288888828a2a8a88a2aaaaaa99aaaa969a69999995966599695959555655595555501
1 131 1 0000080020000808080882208288888828a2a8a88a2aaaaaa99aaaa969a69999995966599695959555655595555501
1 131 2 0000080020000808080882208288888828a2a8a88aaaa8aaa99aaaa969a69999995966599695959555655595555501
1 131 3 0000080020000808080882208288888828a2a8a88aaaa8aaa99aaaa969a69999995966599695959555655595555501
1 132 0 0000080020000808080882208288888888222aaaa88aaa98aaa99aaa69a69996999965966559595959555655595515
1 132 1 0000080020000808080882208288888888222aaaa88aaa98aaa99aaa69a69996999965966559595959555655595515
1 132 2 000008002000080808088220828888a088222aaaa88aaa98aaa99a6a6aa69996999965966559595959555655595515
1 132 3 000008002000080808088220828888a088222aaaa88aaa98aaa99a6a6aa69996999965966559595959555655595515
1 133 0 000008002000080808088220880822228a288a2aaaa28aaaa66aaaa99a69a699995966596665656565555955655555
1 133 1 000008002000080808088220880822228a288a2aaaa28aaaa66aaaa99a69a699995966596665656565555955655555
1 133 2 000008002000080808088220882022228a288a2aaaa88aaaa66aaaa99a69a699996566599665656565555955655555
1 133 3 000008002000080808088220882022228a28a22aaaa88aaaa66aaaa99a69a699996566599665656565555955655555
1 134 0 00000800800008200808882008222222a288a2a22aaaa8aa6aaaa66a6a9a696666669965999595659555595595555501
1 134 1 00000800800008200808882008222222a288a2a22aaaa8aa6aaaa66a6a9a696666669965999595659555595595555501
1 134 2 00000800200008080808882008222222a288a2a8a8a8aaaaaaaaa9a9699a696666669665999595959555655595555501
1 134 3 00000800200008080808882008222222a288a2a8a8a8aaaaaaaaa9a9699a696666669665999595959555655595555501
1 135 0 00002000800008200808082208222222a288222a2aaa8aaaaaa96a6a6aa6696666666659665959565659955555595515
1 135 1 00002000800008200808082208222222a288222a2aaa8aaaaaa96a6a6aa6696666666659665959565659955555595515
1 135 2 00002000800008202008082208222222a288222a2aaa2aaa6aaa6a6a6aa6996666666659665959565659955555565515
1 135 3 00002000800008202008082208222222a288222a2aaa2aaa6aaa6a6a6aa6996666666659665959565659955555565515
1 136 0 00002000800008202020088208222222228a288a8a2aaaaaaaaaa6a6a669a69999999965996565595965555655655555
1 136 1 00002000800008202020088208222222228a288a8a2aaaaaaaaaa6a6a669a69999999965996565595965555655655555
1 136 2 00002000800008202020082208222222228a288a8a2aaaaaaaaaa9a6a669a69999999965996559595965555655595555
1 136 3 00002000800008202020082208222222228a288a8a2aaaaaaaaaa9a6a669a69999999965996559595965555655595555
1 137 0 0000200080000820202008820822828828a288a2a2a2aaa2aaa9aaa9a969a6996666995966599695955556655555565505
1 137 1 0000200080000820202008820822828828a288a2a2a2aaa26aaaaaa9a969a6996666995966599695955556655555565505
1 137 2 0000200080000820202008820822228828a288a2a2a2aa8a6aaaaaa9a969a6996666995966599695955556655595555505
1 137 3 0000200080000820202008820822228828a288a2a2a2aa8a6aaaaaa9a969a6996666995966599695955556655595555505
1 138 0 0000200080000820202008820882888888228aa8a8a88aaaaaaaa99a9aa669a69999996596655956565659955555595515
1 138 1 0000200080000820202008820882888888228aa8a8a88aaaaaaaa99a9aa669a69999996596655956565659955555595515
1 138 2 0000200080000820202008822082888888228aa8a8a88aaaaaaaa99a9a9a69a69999996596655956565659955555565515
1 138 3 0000200080000820202008822082888888228aa8a8a8a2aaaaaaa99a9a9a69a69999996596655956565659955555565515
1 139 0 000020008000082020200882208288888828a2282a2aaaaa62aaaaa6a6a669a6999999596659666565656555595595555501
1 139 1 000020008000082020200882208288888828a2282a2aaaaa62aaaaa6a6a669a6999999596659666565656555595595555501
1 139 2 000020008000082020202082208288888828a2282a2aaaaaa8a9aaa6a6a669a6999999596659966565659555595565555501
1 139 3 000020008000082020202082208288888828a2282a2aaaaaa8a9aaa6a6a669a6999999596659966565659555595565555501
1 140 0 000008008000202020202082208888888888a2888a8aaaa2aaaaa96a6a6aa669666666669665969595955556655555565505
1 140 1 000008008000202020202082208888888888a2888a8aaaa2aaaaa96a6a6aa669666666669665969595955556655595555505
1 140 2 000008008000082020202082208888888888a2888a8aaaa2aaaaa96a6a6aa669666666669665999595959555655555565505
1 140 3 000008008000082020202082208888888888a2888a8aaaa2aaaaa96a6a6aa669666666669665999595959555655555565505
1 141 0 00000800800008202020208820888820a288228aa2a2a2aaaaaaaaa6a6a669a6696696995996595656565656955555565515
1 141 1 00000800800008202020208820888820a288228aa2a2a2aaaaaaaaa6a6a669a6696696995996595656565656955555565515
1 141 2 00000800800008202020208820888820228a228aa2a2a2aaaaaaaaa6a6a669a6696696995996595656565659955555595515
1 141 3 00000800800008202020208820888820228a228aa2a2a2aaaaaaaaa6a6a669a6696696995996595656565659955555595515
1 142 0 00000800800020202020208820882022228a28a2a8a8a8aaa8aaa9aaa9a969a699666666966596656559596555595565555501
1 142 1 00000800800020202020208820882022228a28a2a8a8a8aaa8aaa9aaa9a969a699666666966596656559596555595565555501
1 142 2 00000800800020802020208820880822228a28a2a8a8a8aaa26aaaaaa9a969a699666696996599656565596555595595555501
1 142 3 00000800800020802020208820880822228a28a2a8a8a8aaa26aaaaaa9a969a699666696996599656565596555595595555501
1 143 0 0000080080002080808020082208222222a288222a2aaaa8aaaaaaa69a9a9a69a6999999599659969595659555655555565505
1 143 1 0000080080002080808020082208222222a288222a2aaaa8aaaaaaa69a9a9a69a6999999599659969595659555655595555505
1 143 2 0000080080000880202020082208222222a288222a2aaaa2aaaaaaa69a9a9a69a6999999599659969565659555655555565505
1 143 3 0000080080000880202020082208222222a288222a2aaaa2aaaaaaa69a9a9a69a6999999599659969565659555655555565505
1 144 0 0000080080002080808020088208222222228a288a8a8aaaaa68aaaaa6a6a669a6999999996596655956565659555655655555
1 144 1 0000080080002080808020088208222222228a288a8a8aaaaa68aaaaa6a6a669a6999999996596655956565659555655655555
1 144 2 0000080080002080802020088208222222228a288a8a8aaaaa68aaaaa6a6a669a6999999996596655959565659555655655555
1 144 3 0000080080002080802020088208222222228a288a8a8aaaaa68aaaaa6a6a669a6999999996596655959565659555655655555
1 145 0 000008008000208080808008820822228228a228a2a2a2aaa8aaaaa96a6a6aa669a6996566665996595959596555595595555501
1 145 1 000008008000208080808008820822228228a228a2a2a2aaa8aaaaa96a6a6aa669a6996566665996595959596555595595555501
1 145 2 000008008000208080808008822022228228a288a2a2a2aaa8aaaaa96a6a6a9a69a6596666665996595959596555595595555501
1 145 3 000008008000208080808008822022228228a288a2a2a2aaa8aaaaa96a6a6a9a69a6596666665996595959596555595595555501
1 146 0 000008008000208080808008822022828828a288a2a8a8a8aaaaaaaaa6a6a669a669666696996599656565659555655555565505
1 146 1 000008008000208080808008822022828828a288a2a8a8a8aaaaaaaaa6a6a669a669666666996599656565659555655555565505
1 146 2 000008008000208080808008822022888888a288a2a8a8a8aaaaaaaaa6a6a669a669666666996599656565659555655555565505
1 146 3 000008008000208080808008822022888888a288a2a8a8a8aaaaaaaaa6a6a669a669666666996599656565659555655555565505
1 147 0 000020008000208080808020822088888888228a282a2aaa2aaaaaa9aaa9a969a669666666665996595656565659555655655555
1 147 1 000020008000208080808020822088888888228a282a2aaa2aaaaaa9aaa9a969a669666666665996595656565659555655655555
1 147 2 000008008000208080808020822088888888228a282a2aaa2aaaaaa9aaa9a969a699666666665996595656565659555655595555
1 147 3 000008008000208080808020822088888888228a282a2aaa2aaaaaa9aaa9a969a699666666665996595656565659555655655555
1 148 0 00002000000220808080802088208888888828a2888a8a2aaaaaaaaaa69a9a9a69a699999999659965595959596555565595555501
1 148 1 00002000000220808080802088208888888828a2888a8a2aaaaaaaaaa69a9a9a69a699999999659965595959596555565595555501
1 148 2 00002000000220808080802088208888888828a2888a8aaaa8aaaaaaa99a9a9a69a699999999659965595959596555565565555501
1 148 3 00002000000220808080802088208888888828a2888a8aaaa8aaaaaaa99a9a9a69a699999999659965595959596555565565555501
1 149 0 00002000000220808080802088208888888888228aa2a2a2aa2a6aaaaaa6a6a669a699969999596659969595955556655555595515
1 149 1 00002000000220808080802088208888888888228aa2a2a2aa2a6aaaaaa6a6a669a699969999596659969595955556655555595515
1 149 2 0000200000022080808080200822888888a088228aa2a2a2aa8aaaa9aaa6a6a669a699999999596659969595955556655555565515
1 149 3 0000200000022080808080200822888888a088228aa2a2a2aa8aaaa9aaa6a6a669a699999999596659969595955556655555565515
1 150 0 0000200000022080808080200822888820228a28a2a8a8a82aaaaaaaa96a6a6aa669a6999965669965595656965559955555655555
1 150 1 0000200000022080808080200822888820228a28a2a8a8a82aaaaaaaa96a6a6aa669a6999965669965595656965559955555655555
1 150 2 0000200000022080808080200822888820228a28a2a8a8a88aaaaaaaa96a6a6a9a69a6995966669965595656565659955555595555
1 150 3 0000200000022080808080200822888820228a28a2a8a8a88aaaaaaaa96a6a6a9a69a6995966669965595656565659955555595555
1 151 0 000020000002200002828020088208222222a288a2282a2aaaaa62aaaa9a9a9aa669a699999959665996656559599555595555565505
1 151 1 000020000002200002828020088208222222a288a2282a2aaaaa62aaaa9a9a9aa669a699999959665996656559599555595555565505
1 151 2 000020000002200082808020088208222222a228a2282a2aaaaa4aaaaa9a9a9a9a69a699999959965996656565599555595595555505
1 151 3 000020000002200082808020088208222222a228a2282a2aaaaa4aaaaa9a9a9a9a69a699999959965996656565599555595595555505
1 152 0 000008000002200002028280088220222222228a222a8a8aaa8aaaaaa9aaa9a969a66966666666996599956565655556655555565515
1 152 1 000008000002200002028280088220222222228a222a8a8aaa8aaaaaa9aaa9a969a66966666666996599956565655556655555565515
1 152 2 000008000002200002020282088208222222228a228a8a8aaa8aaaaaa9aaa9a969a66966666666996599956565655556655555595515
1 152 3 000008000002200002020282088208222222228a228a8a8aaa8aaaaaa9aaa9a969a66966666666996599956565655556655555595515
1 153 0 000008000002200002028280088220222222288a28a2a2a28aaaaaaaaaa69a9a9a69a699999999599665569695955559955555595555
1 153 1 000008000002200002028280088220222222288a28a2a2a28aaaaaaaaaa69a9a9a69a699999999599665569695955559955555595555
1 153 2 000008000002200002020282088220222222228a28a2a2a28aaaaaaaaaa69a9a9a69a699999999599665969595955559955555655555
1 153 3 000008000002200002020282088220222222228a28a2a2a28aaaaaaaaaa69a9a9a69a699999999599665969595955559955555655555
1 154 0 00000800000220000202028220822022228828a288a2a8a8a8aaa2aaa9aaa6a6a669a69966969999659965595959596555595595555505
1 154 1 00000800000220000202028220822022228828a288a2a8a8a8aaa2aaa9aaa6a6a669a69966669999659965595959596555595595555505
1 154 2 00000800000220000202028220822022228828a288a2a8a8a8aa8a6aaaaaa6a6a969a69966969999659965595959599555595555565505
1 154 3 00000800000220000202028220822022228828a288a2a8a8a8aa8a6aaaaaa6a6a969a69966969999659965595959599555595555565505
1 155 0 00000800000280000202028220882088888888228a282a2aaaa2aaaaaaa66a6a6a9a69a699999959965996656565655556655555565515
1 155 1 00000800000280000202028220882088888888228a282a2aaaa2aaaaaaa66a6a6a9a69a699999959965996656565655556655555565515
1 155 2 00000800000280000202028220822082888888228a282a2aaa8aaaaaaaa66a6a6a9a69a699999965965996656565659555655555595515
1 155 3 00000800000280000202028220822082888888228a282a2aaa8aaaaaaaa96a6a6a9a69a699999965965996656565659555655555595515
1 156 0 0000080000022000020202822088208888888828a2288a8a8aaaaa68aaaa9a9a9aa669a69999999965996559565656566555565595555501
1 156 1 0000080000022000020202822088208888888828a2288a8a8aaaaa68aaaa9a9a9aa669a69999999965996559565656565955565595555501
1 156 2 0000080000022000020202822088208888888828a2888a8a8aaaaa68aaaa9a9a9aa669a69999999965996559565656566555565595555501
1 156 3 0000080000022000020202822088208888888828a2888a8a8aaaaa68aaaa9a9a9aa669a69999999965996559565656566555565595555501
1 157 0 0000080000028000020202822008228888888888228aa2a2a2aaa8aaaaa6aaa9a969a6696666666696599665595959566555595555565505
1 157 1 0000080000028000020202822008228888888888228aa2a2a2aaa2aaaaa9aaa9a969a6696666666696599665595959566555595555565505
1 157 2 0000080000028000020202822008228888888888228aa2a2a2aaa2aaaaa9aaa9a969a6696666666696599665595959596555595555565505
1 157 3 0000080000028000020202822008228888888888228aa2a2a2aaa2aaaaa6aaa9a969a6696666666696599665595959596555595555565505
1 158 0 000008000002800002020202220822888808228a228aa8a8a8a2aaaaaaaaa69a9a9a69a66966999959665966656565659555655555595515
1 158 1 000008000002800002020202220822888808228a228aa8a8a8a2aaaaaaaaa69a9a9a69a66966999959665966656565659555655555595515
1 158 2 000008000002800008020202220822888808228a228aa8a8a8a2aaaaaaaaa69a9aa669a66966999959665966656565599555655555595515
1 158 3 000008000002800008020202220822888808228a228aa8a8a8a2aaaaaaaaa69a9aa669a66966999959665966656565599555655555595515
1 159 0 000020000002800008080202220882882022228a28a2282a2aaaaaa8aaa9aaa6a6a669a6696666669659965956569695555955565595555501
1 159 1 000020000002800008080202220882882022228a28a2282a2aaaaaa8aaa9aaa6a6a669a6696666669659965956569695555955565595555501
1 159 2 000008000002800008020202820882082222228a28a2282a2aaaaaa8aaa9aaa6a6a669a6996666669959965956565696555955565565555501
1 159 3 000008000002800008020202820882082222228a28a2282a2aaaaaa8aaa9aaa6a6a669a6996666669959965956565696555955565595555501
1 160 0 00002000000280000808020282088220222222a288228a8a8aaaa8aaaaaaa66a6a6a9a69a69999999965596659595656566555595555565505
1 160 1 00002000000280000808020282088220222222a288228a8a8aaaa8aaaaaaa66a6a6a9a69a69999999965596659595656566555595555565505
1 160 2 00002000000280000808020282088220222222a288228a8a8aaaa2aaaaaaa96a6a6a9a69a69999999965596659595656566555595595555505
1 160 3 00002000000280000808020282088220222222a288228a8a8aaaa2aaaaaaa96a6a6a9a69a69999999965596659595956566555595595555505
1 161 0 00002000000280000808080882208220222222228a28a2a2a2a2aa2aaaa9aa9a9a9a9a69a69999999959965996956565655556955555655555
1 161 1 00002000000280000808080882208220222222228a28a2a2a2a2aa2aaaa9aa9a9a9a9a69a69999999959965996956565655556955555655555
1 161 2 00002000000280000808080282208220222222228a288aa2a2a2aa2aaaa9aa9a9a9a9a69a69999999959965996956565655556955555595555
1 161 3 00002000000280000808080282208220222222228a288aa2a2a2aa2aaaa9aa9a9a9aa669a69999999959965996956565655556955555595555
1 162 0 0000200000088000080808088220822022222228a288a2a8a8a8aaa8aaaaa9aaa9a9699a69a65966666659665996959595555995555595555501
1 162 1 0000200000088000080808088220822022222228a288a2a8a8a8aaa8aaaaa9aaa9a9699a69a65966666659665996959595555995555595555501
1 162 2 0000200000028000080808088220822022228228a228a2a2a8a82aaaaaaaa6aaa9696aa669a66566666659665996959595555955565565555501
1 162 3 0000200000028000080808088220822022228228a228a2a2a8a82aaaaaaaa6aaa9696aa669a66566666659665996959595555955565565555501
1 163 0 0000200000088000080808088220882022888888a288222a2aaaa8aaaaaaaa9a9a9a9a699a696666969965966556565656566555565555565505
1 163 1 0000200000088000080808088220882022888888a288222a2aaaa8aaaaaaaa9a9a9a9a699a696666969965966556565656566555565595555505
1 163 2 0000200000088000080808088820882022888888a288222a2aaaa8aaaaaaaa9a9a9a9a69a6696666969965966559565656566555565595555505
1 163 3 0000200000088000080808088820882022888888a288222a2aaaa8aaaaaaaa9a9a9a9a69a6696666969965966559565656566555565595555505
1 164 0 0000200000088000080808088820082288888888288a288a8a8aaa2aaaaaa9aaa6a6a669a6996666666699655966656565655556655555595555
1 164 1 0000200000088000080808088820082288888888288a288a8a8aaa2aaaaaa9aaa6a6a669a6996666666699655966656565655556655555595555
1 164 2 0000080000028000080808088820082288888888228a288a8a8aaa2aaaaaa9aaa6a6a669a6996666666699655966656565655556955555655555
1 164 3 0000080000028000080808088820082288888888228a288a8a8aaa2aaaaaa9aaa6a6a669a6996666666699655966656565655556955555655555
1 165 0 000008000008800008080808082208228888888828a288a2a2a22aaaaaaaaa9a6a6a6a9a69a6999999996596659695959595555995555565555501
1 165 1 000008000008800008080808082208228888888828a288a2a2a22aaaaaaaaa9a6a6a6a9a69a6999999996596659695959595555995555565555501
1 165 2 000008000002800008080808882008828888888828a288a2a2a22aaaaaaaaaa66a6a6a9a69a6999999995996659995959595555955565595555501
1 165 3 000008000002800008080808882008828888888828a288a2a2a22aaaaaaaaaa66a6a6a9a69a6999999995996659995959595555955565595555501
1 166 0 00000800000880000808080808220882888888a088228aa8a8a8a8aaa2aaa9aa9a9a9a9a69a6999699999965596659595959569555595555565515
1 166 1 00000800000880000808080808220882888888a088228aa8a8a8a8aa8aaaa9aa9a9a9a9a69a6999699999965596659595959569555595555565515
1 166 2 000008000008800008080808082208828888888888228aa2a2a8a8aa8aaaa9aa9a9a9aa669a6999999999965596659595959599555595555595515
1 166 3 000008000008800008080808082208828888888888228aa2a2a8a8aa8aaaa9aa9a9a9aa669a6999999999965596659595959599555595555595515
1 167 0 00000800000880002008080808820882880822228a28a2282a2aaa8aaaaaaaa6aaa9a9699a69a69999596696659665656565595556655555595555
1 167 1 00000800000880002008080808820882880822228a28a2282a2aaa8aaaaaaaa6aaa9a9699a69a69999596696659665656565595556655555595555
1 167 2 00000800000880002020080808820882888820228a288aa8282aaa8aaaaaaaa9aaa9a9699a69a69999656696659665656565595556655555655555
1 167 3 00000800000880002020080808820882888820228a288aa8282aaa8aaaaaaaa6aaa9a9699a69a69999656696659665656565595556655555655555
1 168 0 0000080000088000202020080882208220222222a288a2888a8a2aaaaa62aaaa9a9a6a6aa669a6999999996599655956569695556555565555565505
1 168 1 0000080000088000202020080882208220222222a288228a8a8a2aaaaa62aaaa6a6a6a6a9a69a6999999996599655956569695556555565555565505
1 168 2 0000080000088000202008080882088220222222a228a2888a8a8aaaaaa2a9aa6a6a6a6aa669a6999999996559665956569695556555565555565505
1 168 3 0000080000088000202008080882208220222222a228a2888a8a8aaaaaa2a9aa6a6a6a6aa669a6999999996559665956569695556555565555565505
1 169 0 0000080000088000202020080882208220222222228a228aa2a2a2aaa2aaaaa9aaa6a6a669a669666666669665966559565656569555595555595515
1 169 1 0000080000088000202020080882208220222222228a228aa2a2a2aaa2aaaaa9aaa6a6a669a669666666669665966559565656569555595555595515
1 169 2 0000080000088000202020080882208220222222228a228a8a8a8aaa8aaaaaa6aaa6a6a669a669666666669665966559595656569555595555595515
1 169 3 0000080000088000202020080882208220222222228a228a8a8a8aaa8aaaaaa6aaa6a6a669a669666666669665966559595656569555595555595515
1 170 0 0000080000080002202020200882208820222222228a28a2a2a8a88aaaaaaaaa9a6a6a6a9a69a6999999995966599665595959595556655555655555
1 170 1 0000080000080002202020200882208820222222228a28a2a2a8a88aaaaaaaaa9a6a6a6a9a69a6999999995966599665595959595556655555655555
1 170 2 0000080000080002202020202082208820222222288a28a2a2a8a8a2aaaaaaaaa66a6a6a9a69a6699999995966599659595959599555655555655555
1 170 3 0000080000080002202020202082208820222222288a28a2a2a8a88aaaaaaaaaa66a6a6a9a69a6999999995966599659595959599555655555655555
1 171 0 000008000008000220202020208220082222828828a288a2a8282aaaaaa2aaa9aa9a9a9a9a69a699669699996596659695959595555955565555565505
1 171 1 000008000008000220202020208220082222828828a288a2a8282aaaaaa2aaa9aa9a9a9a9a69a699669699996596659695959595555955565555565505
1 171 2 000008000008000220202020208820082222828828a288222a2a2aaaaaa8aaa6aa9a9a9a9a69a699666699995996659695959595556555565595555505
1 171 3 000008000008000220202020208820082222828828a288222a2a2aaaaaa8aaa6aa9a9a9a9a69a699666699995996659695959595556555565555565505
1 172 0 000020000008000220202020200822082288888888228a288a8a8aaaa2aaaaaaa6aaa9a9699a69a6999999596659665956565656566555595555595515
1 172 1 000020000008000220202020200822082288888888228a288a8a8aaaa2aaaaaaa6aaa9a9699a69a6999999596659665956565656566555595555595515
1 172 2 000020000008000220202020208820082288888888228a288a8a8aaaa2aaaaaaa6aaa9696a9a69a6999999596659965956565656566555595555565515
1 172 3 000020000008000220202020208820082288888888228a288a8a8aaaa2aaaaaaa6aaa9696a9a69a6999999596659965956565656566555595555565515
1 173 0 00002000000800022020202020082208828888888828a2888aa2a2a2aaaaa8a9aa6a6a6a6a9a69a699999999599665966565656565555695555595555501
1 173 1 00002000000800022020202020082208828888888828a2888aa2a2a2aaaaa8a9aa6a6a6a6a9a69a699999999599665966565656565555695555595555501
1 173 2 00002000000800022020202020082208828888888828a288a2a2a2a2aaaaa8a9aa6a9a9a9aa669a699999999599665966565656565555695555565555501
1 173 3 00002000000800022020202020082208828888888828a288a2a2a2a2aaaaa8a9aa9a9a9a9aa669a699999999599665966565656565555695555565555501
1 174 0 00002000000800028020202020088208828888888888a288a2a2a8a8aaa8aaaaa6aaa6a6a6699a6966666666665966599695959595555955565555565505
1 174 1 00002000000800028020202020088208828888888888a288a2a2a8a8aaa8aaaaa6aaa6a6a6699a6966666666665966599695959595555955565555565505
1 174 2 00002000000800022020202020088208828888888888a288a2a2a8a8aaa8aaaaa6aaa6a6a669a66966666666665966599695959595555955565595555505
1 174 3 00002000000800022020202020088208828888888888a288a2a2a8a8aaa8aaaaa6aaa6a6a669a66966666666665966599695959595555955565595555505
1 175 0 0000200000080002202020202008822082888808a288228aa8a828aaa2aaaaaaaa9a9a9a9a9a69a669669699996599655956569655566555595555565515
1 175 1 0000200000080002202020202008822082888808a288228aa8a828aaa2aaaaaaaa9a9a9a9a9a69a669669699996599655956569655566555595555565515
1 175 2 0000200000080002202020202008820882888808228a288a282aaaa8a2aaaaaaaa9a6a6a9a9a69a699669999996599655956565656566555595555565515
1 175 3 0000200000080002202020202008820882888808228a288a282aaaa8a2aaaaaaaa9a6a6a9a9a69a699669999996599655956565656566555595555565515
1 176 0 0000200000080002208020202008822082880822228a28a2888a8a8aaa2aaaaaa6aa9aa6a6a669a66966666696596659666565595959555665555565555501
1 176 1 0000200000080002208020202008822082880822228a28a2888a8a8aaaaaa8aaa9aa9aa6a6a669a66966666696596659666565595959555665555565555501
1 176 2 0000080000080002808020202008822082082222228a28a2888a8a8aaaaaa8aaa9aa9aa6a6a669a69966666699596659966565655959555695555595555501
1 176 3 0000080000080002808020202008822082082222228a28a2888a8a8aaa2aaaaaa6aa9aa6a6a669a69966666699596659966565655959555695555595555501
1 177 0 000008000008000280808020202082208820222222a288228aa2a2a22aaaaaaaaa9aaaa9a9699a69a699999999659665999595656595555995555595555505
1 177 1 000008000008000280808020202082208820222222a288228aa2a2a22aaaaaaaaa9aaaa9a9699a69a699999999659665999595656595555995555595555505
1 177 2 000008000008000220808020202082208820222222a288228aa2a2a22aaaaaaaaa9aaaa9a9699a69a699999999659665999565656565555955565555565505
1 177 3 000008000008000220808020202082208820222222a288228aa2a2a22aaaaaaaaa9aaaa9a9699a69a699999999659665999565656565555955565555565505
1 178 0 000008000008000220808020202082208820222222228a28a2a2a8a8a8aa2aaaa9aa6a6a6a6a9a69a699999999596659665959565656569555595555595555
1 178 1 000008000008000220808020202082208820222222228a28a2a2a8a8a8aa2aaaa9aa6a6a6a6a9a69a699999999596659665959565656569555595555595555
1 178 2 000008000008000280808080202088208820222222228a288aa2a2a2a2aa2aaaa9aa6a6a6a6a9a69a699999999596659665959565656569555655555655555
1 178 3 000008000008000280808080202088208820222222228a288aa2a2a2a2aa2aaaa9aa6a6a6a6a9a69a699999999596659665959565656569555655555655555
1 179 0 00000800000800028080808080208820082222228828a288222a2a2aaa2aaaaaaaa6aaa9a6a6699a69a659666666966596655959595959555665555565555501
1 179 1 00000800000800028080808080208820082222228828a288222a2a2aaa2aaaaaaaa6aaa9a6a6699a69a659666666966596655959595959555665555565555501
1 179 2 00000800002000028080808080208820082222222228a288a2a8282aaa2aaaaaaaa6aaa9a9a9699a69a665666666966599655959595959555665555595555501
1 179 3 00000800002000028080808080208820082222222228a288a2a8282aaa2aaaaaaaa6aaa9a9a9699a69a665666666966599655959595959555665555595555501
1 180 0 00000800002000028080808080200822082222888888228a288a8a8a2aaaaa8aa9aa6aaaa9a969a669a699999965665966599695959595556555565555595515
1 180 1 00000800002000028080808080200822082222888888228a288a8a8a2aaaaa8aa9aa6aaaa9a969a669a699999965665966599695959595556555565555595515
1 180 2 00000800002000028080808080200822082222888888a288222a2a2a2aaaaa8aa9aa6a6a6a6a6aa699a699995966665966599695959595556555565555595515
1 180 3 00000800002000028080808080200822082222888888a288222a2a2a2aaaaa8aa9aa6a6a6a6a6aa699a699995966665966599695959595556555565555595515
1 181 0 00000800002000028080808080200822082288888888288a288a8aa2a2aa2aaaaaa9aaa6a69a9a69a66966666666966596655956565656569555595555655555
1 181 1 00000800002000028080808080200822082288888888288a288a8aa2a2aa2aaaaaa9aaa6a69a9a69a66966666666966596655956565656569555595555655555
1 181 2 00000800002000028080808080200822082288888888228a288a8aa2a2aa8aaaaaa6aa9a9a9a9a69a66966666666996599655956565656569555595555655555
1 181 3 00000800002000028080808080200882088288888888228a288a8aa2a2aa8aaaaaa6aa9a9a9a9a69a66966666666966596655956565656569555595555655555
1 182 0 0000080000200002808080808080088208828888888828a288a2a2a8a82aaaaaaaaa9a6a6a6a6a9a69a69999999959965996595959595959555665555595555501
1 182 1 0000080000200002808080808080088208828888888828a288a2a2a8a82aaaaaaaaa9aaaa9a9699a69a69999999959965996595959595959555665555595555501
1 182 2 0000080000200002808080808020088208828888888828a288a2a8a8a88aaaaaaaaaa6aaa9a9699a69a69999999959965996655959595959555665555595555501
1 182 3 0000080000200002808080808020088208828888888828a288a2a8a8a88aaaaaaaaaa66a6a6a6a9a69a69999999959965996655959595959555665555595555501
1 183 0 000008000020000280808080808008822082888888a088228a282a2a2aaaaaa2aaa6aa6a6a6a9a9a69a69999999999659665969595959595556555565555595515
1 183 1 000008000020000280808080808008822082888888a088228a282a2a2aaaaaa2aaa6aa6a6a6a9a9a69a69999999999659665969595959595556555565555595515
1 183 2 000008000020000880008280808008822082888888a088228aa8a8282aaaaa8aaaa6aa6a6a6a9a9a69a69996999999659665999595956595555955565555595515
1 183 3 000008000020000880008280808008822082888888a088228aa8a8282aaaaa8aaaa6aa6a6a6a9a9a69a69996999999659665999595956595555955565555595515
1 184 0 000020000020000280808080808020822082888820228a28a2888a8a8aaa8aaaaaaaa6aaa6a6a6669a69a699996566665996595656969555569555595555655555
1 184 1 000020000020000280808080808020822082888820228a28a2888a8a8aaa8aaaaaaaa6aaa6a6a6669a69a699996566665996595656969555569555595555655555
1 184 2 000020000020000280808080808020822088888820228a28a2282a2a2aaa8aaaaaaaa6aaa9a9a9699a69a699996566665996595656569655569555595555595555
1 184 3 000020000020000280808080808020822088888820228a28a2282a2a2aaa8aaaaaaaa6aaa9a9a9699a69a699996566665996595656565656569555595555595555
1 185 0 00002000002000088000028280802082208808222222a288228a8a8a8a8aaaaaa8a6aaaaa9a9a969a669a69999999965966599656565595965555695555555565505
1 185 1 00002000002000088000028280802082208808222222a288228a8a8a8a8aaaaaa2a9aaaaa9a9a969a669a69999999965966599656565595965555695555555565505
1 185 2 00002000002000088000028280802082208808222222a288a2888a8a8a8aaaaaa2a9aa6aaaa9a9699a69a69999995966966599656565595965555695555595555505
1 185 3 00002000002000088000028280802082208808222222a288a2888a8a8a8aaaaaa2a9aa6aaaa9a9699a69a69999995966966599656565595965555695555595555505
1 186 0 00002000002000088000020202822088200822222222228a228aa2a8a8a8aaa2aaaaa6aaa6a6a6a6699a696666666666599659969595656595555955565555595515
1 186 1 00002000002000088000020202822088200822222222228a228aa2a8a8a8aaa2aaaaa6aa9a9a9a9a699a696666666666599659969595656595555955565555565515
1 186 2 00002000002000088000020282802088200822222222228a288aa2a2a2a2aaa2aaaaa6aa9a9a9a9a69a6696666666666599659969565656595555955565555565515
1 186 3 00002000002000088000020282802088200822222222228a288aa2a2a2a2aaa2aaaaa6aa9a9a9a9a69a6696666666666599659969565656595555955565555565515
1 187 0 00002000002000088000020202822008220822222222288a28a2a8a8a8a88aaaaaaaaa9aaa696a6a9a69a69999999999659965599695959555566555595555595555
1 187 1 00002000002000088000020202822008220822222222288a28a2a8a8a8a88aaaaaaaaa9aaaa9696a9a69a69999999999659965999595959555566555595555595555
1 187 2 00002000002000088000020282802008220822222222228a28a2a8282aaaa2aaaaaaaa9aaaa9696a9a69a69999999999659965599695959555566555595555595555
1 187 3 00002000002000088000020282802008220822222222228a28a2a8282aaaa2aaaaaaaa9aaaa9696a9a69a69999999999659965599695959555566555595555595555
1 188 0 0000200000200008800002020282200822082222228828a288222a2a2a8aaaaaa8aaa6aa9a9a6a6a9a69a6696696999959965996595959595965555695555595555505
1 188 1 0000200000200008800002020282200822082222228828a288222a2a2a8aaaaaa8aaa6aa9a6a6a6a9a69a6696696999959965996595959595965555695555595555505
1 188 2 0000080000200008800002020202220882082222828828a288222a2a8a8aaaaaa8aaa6aa9a9a9a9a9a69a6996666999959665996595959595965555695555555565505
1 188 3 0000080000200008800002020202220882082222828828a288222a2a8a8aaaaaa8aaa6aa9a9a9a9a9a69a6996666999959665996595959595965555695555555565505
1 189 0 0000080000200008800002020202820882082282888888228a288a8aa2a2aaa8aaaaaa9aaaa6a6a6669a69a69999995966996559666565656595555955565555565515
1 189 1 0000080000200008800002020202820882082282888888228a288a8aa2a2aaa8aaaaaa9aaaa6a6a6669a69a69999995966996559666565656595555955565555565515
1 189 2 0000080000200008000202020202220882082282888888228a28a2a2a2a2aaa8aaaaaa9aaaa6a6a6669a69a69999996566996559666565656595555955565555595515
1 189 3 0000080000200008000202020202220882082282888888228a28a2a2a2a2aaa8aaaaaa9aaaa6a6a6669a69a69999996566996559666565656595555955565555595515
1 190 0 000008000020000880000202020282088220828888888828a288a2a2a2a8a2aaaaa8a9aa6a6a6a6a6a9a69a6999999995966599659565656565659955559555565555501
1 190 1 000008000020000880000202020282088220828888888828a288a2a2a2a8a2aaaaa8a9aa6a6a6a6a6a9a69a6999999995966599659565656565659955559555565555501
1 190 2 000008000020000880000202020282088220828888888828a288a2a8a8a8a8aaaaa8a9aa6a6a6a6a6a9a69a6999999995966599659565656565659955565555595555501
1 190 3 000008000020000880000202020282088220828888888828a288a2a8a8a8a8aaaaa8a9aa6a6a6a6a6a9a69a6999999995966599659565656565659955565555595555501
1 191 0 000008000020000880000202020282208220888888888888228aa2a8282aaaaaa8aaaaa6aa9a9a9a9a669a69666666666699659965595959595659555665555595555505
1 191 1 000008000020000880000202020282208220888888888888228aa2a8282aaaaaa8aaaaa6aa9a9a9a9a669a69666666666699659965595959595659555665555595555505
1 191 2 000008000020000800020202020282208220888888888888228aa2a8a8a8a8aaa8aaaaa6aaa6a6a6a669a669666666666699659965595959595959555695555555565505
1 191 3 000008000020000800020202020282208220888888888888228aa2a8a8a8a8aaa8aaaaa6aaa6a6a6a669a669666666666699659965595959595959555695555555565505
1 192 0 00000800002000080002080202028220822088888888a088228a282a8a8aaaa8aa8aa9aa6aaaa9a9a969a669a69959666666599659969595956555566555595555655555
1 192 1 00000800002000080002080202028220822088888888a088228a282a8a8aaaa8aa8aa9aa6aaaa9a9a969a669a69959666666599659969595956555566555595555655555
1 192 2 00000800002000080002080202028220822088888808228a228a282a2a2aaaa8aaaaaaaa9aaa696a6a9a69a6696699999959966596656565655965555955565555595515
1 192 3 00000800002000080002080202028220822088888808228a228a282a2a2aaaa8aaaaaaaa9aaa696a6a9a69a6696699999959966596656565655965555955565555595515
1 193 0 00000800002000088000080202028220882088882022228a28a2888a8aa2a2aa2aaaaaa6aa9a9a9a9a9a69a669666666999965996559565696955556955559555595555501
1 193 1 00000800002000088000080202028220882088882022228a28a2888a8aa2a2aa2aaaaaa6aa9a9a9a9a9a69a669666666999965996559565696955556955559555595555501
1 193 2 00000800008000080002080802028220882088882022228a28a288a2a2a2a2aa2aaaaaa6aa9a9a9a9a9a69a699666666999965996559565656965556955559555595555501
1 193 3 00000800008000080002080202028220882088882022228a28a2888a8a8a8aaa2aaaaaa6aa9a9a9a9a9a69a699666666999965996559565656965556955559555595555501
1 194 0 0000080000800008000208080802822008220822222222a288228aa2a2a2a22aaaaaaaaa9aaaa9a9a9699a69a6999999995996599665595956565659555665555555565505
1 194 1 0000080000800008000208080802822008220822222222a288228aa2a2a2a22aaaaaaaaa9aaaa9a9a9699a69a6999999995996599665595656565659555665555555565505
1 194 2 0000080000800008000208080802822088200822222222a288228aa8a8a8a82aaaaaaaaa9aaaa9a9a9699a69a6999999995996599665595656565659555665555555565505
1 194 3 0000080000800008000208080802822088200822222222a288228aa8a8a8a82aaaaaaaaa9aaaa9a9a9699a69a6999999995996599665595656565659555665555555565505
1 195 0 0000080000800008000208080808822008220822222222228a28a2a8a8282aaaaa8aaaa6aaaaa9a9a9699a69a6999999999965996599956565656595556555565555655555
1 195 1 0000080000800008000208080808822008220822222222228a28a2a8a8282aaaaa8aaaa9aaaaa9a9a9699a69a6999999999965996599956565656595556555565555655555
1 195 2 0000080000800008000208080808082208220822222222228a28a2a8282a2aaaaa8aaaa6aaaaa9696a6a9a69a6999999999965996599656565656595556555565555655555
1 195 3 0000080000800008000208080808082208220822222222228a28a2a8282a2aaaaa8aaaa6aaaaa9696a6a9a69a6999999999965996599656565656595556555565555655555
1 196 0 000020000080000800020808080802220882082222228228a288a2282a2a2aaa2aaaaaaaa6aaa6a69a9a669a69a6596666669659966596959595955556955559555595555501
1 196 1 000020000080000800020808080802220882082222228228a288a2282a2a2aaa2aaaaaaaa6aaa6a69a9a669a69a6596666669659966596959595955556955559555595555501
1 196 2 000020000080000800020808080808220882082222222228a228a2282a2a8aaa2aaaaaaaa6aaa6a6a6a6699a69a6596666669659966596959595955556955559555565555501
1 196 3 000020000080000800020808080808220882082222222228a228a2282a2a8aaa8aaaaaaaa6aaa6a6a6a6699a69a6596666669659966596959595955556955559555595555501
1 197 0 000020000080000800020808080808820882202222888888228a228a8aa2a28aaaaaa2a9aaaaa9a6a6a669a669a6999959666699659965595959595965555995555555595515
1 197 1 000020000080000800020808080808820882202222888888228a228a8aa2a28aaaaaa2a9aaaaa9a6a6a669a669a6999959666699659965595959595965555995555555595515
1 197 2 000020000080000800020808080808820882082222828888a288228a8a8a8a2aaaaaa2a6aa6aaaa9a9a969a669a6999959666699659965595959595965555995555555565515
1 197 3 000020000080000800020808080808820882082222828888a288228a8a8a8a2aaaaaa2a6aa6aaaa9a9a969a669a6999959666699659965595959595965555995555555565515
1 198 0 000020000080002000020808080808820882208288888888288a28a2a2a8a8a8aaa2aaaaa6aa9a9a9a6a9a69a669666666669659965996656565656595556555565555655555
1 198 1 000020000080002000020808080808820882208288888888288a28a2a2a8a8a8aaa2aaaaa6aa9a9a9a9a9a69a669666666669659965996656565656595556555565555595555
1 198 2 000020000080002000020808080808822082208288888888288a28a2a2a2a2a2aa8aaaaaa6aa6a9a9a9a9a69a669666666669659965996656565656595555955565555595555
1 198 3 000020000080002000020808080808822082208288888888288a28a2a2a2a2a2aa8aaaaaa6aa6a9a9a9a9a69a669666666669659965996656565656595555955565555595555
1 199 0 00002000008000200002080808080882208220888888888828a288a2a8a828aa8aaaaaaaaa9aaaa9a9a9699a69a699999999996559665996959595955556655559555565555501
1 199 1 00002000008000200002080808080882208220888888888828a288a2a8a828aa8aaaaaaaaa9aaaa9a9a9699a69a699999999996559665996959595955556655559555565555501
1 199 2 00002000008000200002080808080882208220888888888828a288a2a8a828aa8aaaaaaaaa9aaaa9a9a9699a69a699999999996559665996959595955556655559555565555501
1 199 3 00002000008000200002080808080882208220888888888828a288a2a8a828aa8aaaaaaaaa9aaaa9a9a9699a69a699999999996559665996959595955556655559555565555501
1 200 0 0000200000800020000208080808088220882088888888a088228a282a2a2a2aaaaaa2aaa6aaaaa9696a6a9a69a699999999995996599665595959565665555695555555565515
1 200 1 0000200000800020000208080808088220882088888888a088228a282a2a2a2aaaaaa2aaa6aaaaa9696a6a9a69a699999999995996599665595959565665555695555555565515
1 200 2 0000080000800008000220080808088220882088888888a088228a282a2a2a2aaaaaa2aaa6aa6a6a6a6a6a9a69a699969999995996599665595959595665555995555555595515
1 200 3 0000080000800008000220080808088220882088888888a088228a282a2a2a2aaaaaa2aaa6aa6a6a6a6a6a9a69a699969999995996599665595959595665555995555555595515
1 201 0 0000080000800020000220200808088820882088880822228a28a2888a8a8aa2aaa2aaaaaa9aaaa6a6a6a6699a69a6995966666659665966656565595995555955565555595555
1 201 1 0000080000800020000220200808088820882088880822228a28a2888a8a8aa2aaa2aaaaaa9aaaa6a6a6a6699a69a6995966666659665966656565595995555955565555595555
1 201 2 0000080000800020000220200808088820882088880822228a28a2888a8aa2a2aaa2aaaaaa9aaa9a9aa6a6669a69a6999965666659665996656565595995555955565555655555
1 201 3 0000080000800020000220200808088820882088880822228a28a2888a8aa2a2aaa2aaaaaa9aaa9a9aa6a6669a69a6999965666659665996656565595995555955565555655555
1 202 0 000008000080002000022020200808882008228808222222a288228aa2a2a2a28aaaaaa8a6aa6aaaa9a9a969a669a699999999599659965956569695955559955565555595555505
1 202 1 000008000080002000022020200808882008228808222222a288228aa2a2a2a28aaaaaa8a6aa6aaaa9a9a969a669a699999999599659965956569695955559955565555595555505
1 202 2 000008000080002000022020200808882008228820222222a288228aa2a2a2a2a2aaaaa2a9aa6aaaa9a9a969a669a699999959669659966556569695955559955565555555565505
1 202 3 000008000080002000022020200808882008228820222222a288228aa2a2a2a2a2aaaaa2a9aa6aaaa9a9a969a669a699999959669659966556569695955559955565555555565505
1 203 0 000008000080002000022020200808082208820822222222228a288aa8282a2aaaaaa8aaaa9aaa6a6a6a6a9a699a6966666666669965596659595656565665555665555555565515
1 203 1 000008000080002000022020200808082208820822222222228a288aa8282a2aaaaaa8aaaa9aaa6a6a6a6a9a699a6966666666669965596659595656565665555665555555565515
1 203 2 000008000080002000022020202008082208820822222222228a228aa8a8a8a8a8aaa2aaaaa6aa9a9a9a9a9a69a66966666666669965596659595656565665555695555555595515
1 203 3 000008000080002000022020202008082208820822222222228a228aa8a8a8a8a8aaa2aaaaa6aa9a9a9a9a9a69a66966666666669965596659595656565665555695555555595515
1 204 0 000008000080002000022020202020088208820822222222228a28a2282a2a8aaaa8aa2aa6aaaaa9a6a6a6a669a669a665666666965996599665656565655556655559555595555501
1 204 1 000008000080002000022020202020088208820822222222228a28a2282a2a8aaaa2aaaaaaaa9aaaa9a9a9699a699a99999999996596659665595959595995555955565555655555
1 204 2 000008000080002000022020202020082208820822222222228a28a2282a2a2aaaa2aaaaaaaa9aaaa9a9a9699a69a699999999996596659965655959595995555955565555655555
1 204 3 000008000080002000022020202020082208820822222222228a28a2282a2a2aaaa2aaaaaaaa9aaaa9a9a9699a69a699999999996596659965655959595995555955565555655555
1 205 0 00000800008000200008202020202008820882202222228828a288228a8a8a8a8aaaaaa8aaa6aa6a6a6a6a6a9a69a66966669999996559665996959595955559955565555555565505
1 205 1 00000800008000200008202020202008820882202222228828a288228a8a8a8a8aaaaaa8aaa6aa6a6a6a6a6a9a69a66966669999996559665996959595955559955565555555565505
1 205 2 00000800008000200002202020202008820882202222228828a288228a8a8aa2a2aaaaa8aaa6aa6a6a6a6a6a9a69a69966969999996559665996959595955559955565555555565505
1 205 3 00000800008000200002202020202008820882202222228828a288228a8a8aa2a2aaaaa8aaa6aa6a6a6a6a6a9a69a69966969999996559665996959595955559955565555555565505
1 206 0 00000800008000200002202020202008822082202282888888228a28a2a2a2a2a8aaa8aaaaaa9aaaa6a6a6a6669a69a699999959669665966559565656565659555695555555595515
1 206 1 00000800008000200002202020202008822082202282888888228a28a2a2a2a2a8aaa8aaaaaa9aaaa6a6a6a6669a69a699999959669665966559565656565659555695555555595515
1 206 2 00000800008000200008202020202008822082202282888888228a28a2a2a2a2a2aaa8aaaaaa9aaaa6a6a6a6669a69a699999965669665966559565656565659555695555555595515
1 206 3 00000800008000200008202020202008822082202282888888228a28a2a2a2a2a2aaa8aaaaaa9aaaa6a6a6a6669a69a699999965669665966559565656565659555695555555595515
1 207 0 0000080000800020000820202020202082208820888888888828a288a2a8a8a8a8a8aa2aaaa6aaaaa9a9a9a9699a69a69999999999659965596665656565655556655556555595555501
1 207 1 0000080000800020000820202020202082208820888888888828a288a2a8a8a8a8a8aa2aaaa6aaaaa9a9a9a9669a69a69999999999659965596665656565655556655556555595555501
1 207 2 0000080000000220000820202020202082208820888888888828a288a2a8a8a8a8a8aa2aaaa6aaaaa9a6a6a6669a69a69999999999659965596665656565659555655556555595555501
1 207 3 0000080000000220000820202020202082208820888888888828a288a2a8a8a8a8a8aa2aaaa6aaaaa9a6a6a6669a69a69999999999659965596665656565659555655556555595555501
1 208 0 0000200000000220000880202020202082208820888888888888228a222a2a2a2aaa2aaaaaaa9aaa9a9a9a9a9a699a696666666666966596659695959595655556955559555555565505
1 208 1 0000200000000220000880202020202082208820888888888888228a222a2a2a2aaa2aaaaaaa9aaa9a9a9a9a9a699a696666666666966596659695959595655556955559555555565505
1 208 2 0000080000000220000820202020202082208820888888888888228a282a2a2a2aaa2aaaaaaa9aaa9a9a9a9a9a669a696666666666966596659995959595955556955559555595555505
1 208 3 0000080000000220000820202020202082208820888888888888228a282a2a2a2aaa2aaaaaaa9aaa9a9a9a9a9a669a696666666666966596659995959595955556955559555555565505
1 209 0 000020000000022000088020202020208820082288888820228a288a288a8aa2a22aaaaa8aa9aaaaa99aa6a6a669a669a699656666669965596659595959565665555995555555655555
1 209 1 000020000000022000088020202020208820082288888820228a288a288a8aa2a22aaaaa8aa9aaaaa99aa6a6a669a669a699656666669965596659595959565665555995555555655555
1 209 2 000020000000022000088080202020208820082288888808228a228a288a8a8a8aaaa8aa2aa9aa6aaaa6a6a6a669a699a659666666669965596659595959565665555995555555595555
1 209 3 000020000000022000088080202020208820082288888808228a228a288a8a8a8aaaa8aa2aa9aa6aaaa6a6a6a669a699a659666666669965596659595959565665555995555555595555
1 210 0 00002000000002200008808020202020082208828808222222a228a288a2a2a2a2a8aa8aaaaaa6aa6a6aaaa9699a699a696666669699659665966565656559599555655556555565555501
1 210 1 00002000000002200008808020202020082208828808222222a228a288a2a2a2a2a8aa8aaaaaa6aa6a6aaaa9699a699a696666669699659665966565656559599555655556555565555501
1 210 2 000020000000022000088080802020200822088288882022228a28a288a2a2a2a2a2aa2aaaaaa6aa6a6a6a6a6a9a69a6696666669999599665966565655959599555655556555565555501
1 210 3 000020000000022000088080802020200822088288882022228a28a288a2a2a2a2a2aa2aaaaaa6aa6a6a6a6a6a9a69a6696666669999599665966565655959599555655556555565555501
1 211 0 00002000000002200008808080802020082208828820222222a288228aa8a8a8a8a82aaaaaaaaa9aaaa6a6a6a6669a69a69999999959665996599695956565655556955559555595555505
1 211 1 00002000000002200008808080802020082208828820222222a288228aa8a8a8a8a82aaaaaaaaa9aaaa6a6a6a6669a69a69999999959665996599695956565655556955559555595555505
1 211 2 00002000000002200008808080202020082208820822222222a288228aa8a8a8a8a82aaaaaaaaa9aaaa6a6a6a6669a69a69999999959665996599695956565655556955559555595555505
1 211 3 00002000000002200008808080202020082208820822222222a288228aa8a8a8a8a82aaaaaaaaa9aaaa6a6a6a6669a69a69999999959665996599695956565655556955559555595555505
1 212 0 00002000000002200008808080808020088208822022222222228a28a2282a2a2a2aaaaa8aaaa6aaaaa9a9a9a9699a69a69999999999599665966559565656565665555695555555595555
1 212 1 00002000000002200008808080808020088208822022222222228a28a2282a2a2a2aaaaa8aaaa6aaaaa9a9a9a9699a69a69999999999599665966559565656565665555695555555595555
1 212 2 00000800000002200008808080802020088208822022222222228a28a2282a2a2a2aaaaa8aaaa6aaaaa9a9a9a9699a69a69999999999599665966556565656565665555995555555655555
1 212 3 00000800000002200008808080802020088208822022222222228a28a2282a2a2a2aaaaa8aaaa6aaaaa9a9a9a9699a69a69999999999599665966556565656565665555995555555655555
1 213 0 0000080000000220000880808080808008822082202222228228a288228a8a8a8a8aaa8aaaaaaa9aaa9a9a9a9a9a699a69a66566666666596659965959595959599555595556555565555501
1 213 1 0000080000000220000880808080808008822082202222228228a288228a8a8a8a8aaa8aaaaaaa9aaa9a9a9a9a9a699a69a66566666666596659965959595959599555595556555565555501
1 213 2 0000080000000220000880808080808008822082202222228828a288228a8a8a8a8aaa8aaaaaaa9aaa9a9a9a9a9a699a69a65966666666596659965959595959599555655556555595555501
1 213 3 0000080000000220000880808080808008822082202222228828a288228a8a8a8a8aaa8aaaaaaa9aaa9a9a9a9a9a699a69a65966666666596659965959595959599555655556555595555501
1 214 0 0000080000000280000880808080808020822088202222888888228a288aa2a2a2a22aaaaaa2a6aaaaa9a6a6a69a699a69a69999596666966596659695959595955559955565555555565515
1 214 1 0000080000000280000880808080808020822088202222888888228a288aa2a2a2a22aaaaaa2a9aa6aaaa6a6a69a699a69a69999596666966596659695959595955559955565555555565515
1 214 2 0000080000000220000880808080808020822082202222888888228a288aa2a2a2a28aaaaaa2a6aaaaa9a6a6a6a669a669a69999596666966596659695959595955559555665555555595515
1 214 3 0000080000000220000880808080808020822082202222888888228a288aa2a2a2a28aaaaaa2a6aaaaa9a6a6a6a669a669a69999596666966596659695959595955559555665555555595515
1 215 0 0000080000000220000880808080808020882088208288888888288a28a2a8a8282aaaaaa2aaaa9aaa6a6a6a6a6a9a699a696666666666596659665956565656565665555695555555595555
1 215 1 0000080000000220000880808080808020882088208288888888288a28a2a8a8282aaaaaa2aaaa9aaaaaa9a9a9699a699a696666666666596659665956565656565665555695555555595555
1 215 2 0000080000000280000880808080808020822088208288888888288a28a2a8a8a8a8a8aa8aaaaaa6aa6a6a6a6a6a9a69a6696666666696596659965956565656565665555695555555655555
1 215 3 0000080000000280000880808080808020822088208288888888288a28a2a8a8a8a8a8aa8aaaaa9aaa6a6a6a6a6a9a69a6696666666696596659965956565656565665555695555555655555
1 216 0 000008000000028000088080808080802088200822888888888828a288222a2a2a2aaaa2aaaaaaaa6aaaa6a6a6a6669a699a999999999965966599655959595956569555595556555595555501
1 216 1 000008000000028000088080808080802088200822888888888828a288222a2a2a2aaaa2aaaaaaaa6aaaa6a6a6a6669a699a999999999965966599655959595956569555595556555595555501
1 216 2 000008000000028000080082808080802088208820888888888828a288222a2a2a2aaa8aaaaaaaaa9aaaa6a6a6a6669a69a6999999999965996599655959595959599555595556555595555501
1 216 3 000008000000028000080082808080802088208820888888888828a288222a2a2a2aaa8aaaaaaaaa9aaaa6a6a6a6669a69a6999999999965996599655959595959599555595556555595555501
1 217 0 00000800000002800008000282808080208820082288888888a088228a288a8a8a8a8aaaaaa2aaa6aaaaa9a9a9a9699a69a6999999999959665966599695959595655559955565555555595515
1 217 1 00000800000002800008000282808080208820082288888888a088228a288a8a8a8a8aaaaaa2aaa6aaaaa9a9a9a9699a69a6999999999959665966599695959595655559955565555555595515
1 217 2 00000800000002800008808080808080200822082288888888a088228a288a8a8a8a8aaaaaa2aaa6aaaaa9a9a9a9699a69a6999699999959665996599695959595955559955565555555595515
1 217 3 00000800000002800008808080808080200822082288888888a088228a288a8a8a8a8aaaaaa2aaa6aaaaa9a9a9a9699a69a6999699999959665996599695959595955559955565555555595515
1 218 0 00000800000002800008000282808080200882088288888820228a28a288a2a2a2a2a2aaa2aaaaaa9aaa9a9a9a9a9a669a69a69999656666966599655956569695955565555695555555655555
1 218 1 00000800000002800008000282808080200882088288888820228a28a288a2a2a2a2a2aaa2aaaaaa9aaa9a9a9a9a9a669a69a69999656666966599655956569695955565555695555555655555
1 218 2 00000800000002800008000282808080200822088288880822228a28a288a2a2a2a2a2aaa2aaaaaa9aaa6a9a9a9a9a699a69a69959666666966599655956565696955565555695555555655555
1 218 3 00000800000002800008000282808080200822088288880822228a28a288a2a2a2a2a2aaa2aaaaaa9aaa6a9a9a9a9a699a69a69959666666966599655956565696955565555695555555655555
1 219 0 0000080000000280000800020282808020088208828808222222a288228aa2a8a8a8a8a2aaaaa8a6aaaaa9a6a6a6a6699a69a6999999995966596659666565595959599555655559555555565505
1 219 1 0000080000000280000800020282808020088208828808222222a288228aa2a8a8a8a8a2aaaaa8a6aaaaa9a6a6a6a6699a69a6999999596666596659666565595959599555655559555555565505
1 219 2 0000080000000280000800020282808020088208828820222222a288228aa2a8a8a8a8a2aaaaa8a6aaaaa9a6a6a6a6699a69a6999999996566596659666565595959595556655559555555565505
1 219 3 0000080000000280000800020282808020088208828820222222a288228aa2a8a8a8a8a2aaaaa8a6aaaaa9a6a6a6a6699a69a6999999996566596659666565595959595556655559555555565505
1 220 0 0000080000000280002000020202828080088208822022222222228a28a2282a2a2a2aaaaaa8aaaa9aaaaa696a6a6a9a699a69666666666696659665999565656565655559955565555555595515
1 220 1 0000080000000280002000020202828080088208822022222222228a28a2282a2a2a2aaaaaa8aaaa9aaaaa696a6a6a9a699a69666666666696659665999565656565655559955565555555595515
1 220 2 0000080000000280000800020202028280088220822022222222228a288a282a2a2a2aaaaaa8aaaa9aaaaa696a6a6a9a699a69666666666696659665999565656565655556955565555555565515
1 220 3 0000080000000280000800020202028280088220822022222222228a288a282a2a2a2aaaaaa8aaaa9aaaaa696a6a6a9a699a69666666666696659665999565656565655556955565555555595515
1 221 0 000020000000088000200002020202028220822082202222222228a228a2888a8a8aa2aaa8aa2aa6aaaaa99a9a9a9a9a69a66966666666666659665966595956565656566555599555555595555501
1 221 1 000020000000088000200002020202028220822082202222222228a228a2888a8a8aa2aaa8aa2aa6aaaaa99a9a9a9a9a69a66966666666666659665966595956565656566555599555555565555501
1 221 2 0000200000000880002000020202020282208220822022222222228a28a2888a8a8a8aaaa2aaaaaaaa6aaaa6a6a6a6669a69a6999999999959965996655696959595955559555665555555595555
1 221 3 0000200000000880002000020202020282208220822022222222228a28a2888a8a8a8aaaa2aaaaaaaa6aaaa6a6a6a6669a69a6999999999959965996655696959595955565555695555555595555
1 222 0 000020000000088000200002020202028220822088202222828888a288228aa2a2a2a2a2aa2aaaaa9aaaaaa9a9a9a9699a69a669666699999965966596655959595959599555655556555595555505
1 222 1 000020000000088000200002020202028220822088202222828888a288228aa2a2a2a2a2aa2aaaaa9aaaaaa9a9a9a9699a69a669666699999965966596655959595959599555655556555595555505
1 222 2 000020000000088000200002020202028220822088202222228828a288228aa2a2a2a2a2aa2aaaaaa6aaaaa9a9a9a9699a69a699669699999965966599655959595959599555655556555595555505
1 222 3 000020000000088000200002020202028220822088202222228828a288228aa2a2a2a2a2aa2aaaaaa6aaaaa9a9a9a9699a69a699669699999965966599655959595959599555655556555595555505
1 223 0 000020000000088000200002020202028220882088202222888888228a28a2a8a8a8a8a8aaa8aaaaaa9aaa9a9a9a9a9a669a69a6999999656696599659966565656565655556955559555555565515
1 223 1 000020000000088000200002020202028220882088202282888888228a28a2a8a8a8a8a8aaa8aaaaaa6aaa9a9a9a9a9a669a69a6999999596666599659966565656565655556955559555555565515
1 223 2 000020000000088000200002020202028220882008222288888888228a28a2a8a8a8a8a8aaa8aaaaaa9aaa9a9a9a9a9a669a69a6999999656666599659966565656565655556955559555555565515
1 223 3 000020000000088000200002020202028220882008222288888888228a28a2a8a8a8a8a8aaa8aaaaaa9aaa9a9a9a9a9a669a69a6999999656666599659966565656565655556955559555555565515
1 224 0 00002000000008800020000202020202822088200822888888888828a288222a2a2a2aaaa8aa8aaaa6aaaaa9a6a6a6a6699a69a699999999996596659965595656565656566555599555555565555501
1 224 1 00002000000008800020000202020202822088200822888888888828a288222a2a2a2aaaa8aa2aaaa6aaaaa9a6a6a6a6699a69a699999999996596659965595656565656566555599555555565555501
1 224 2 00000800000002800020000202020202822088200822888888888828a288222a2a2a2aaaa8aa2aaaa6aaaaa6a6a6a6a6669a69a699999999996596659965595656565656566555599555555565555501
1 224 3 00000800000002800020000202020202822088200822888888888828a288222a2a2a2aaaa8aa2aaa9aaaaaa6a6a6a6a6669a69a699999999996596659965595656565656566555599555555565555501
1 225 0 00000800000008800020000202020202022208220882888888888888228a288a8a8a8a8aaa2aaaaaaa9aaa6a6a6a6a6a9a669a6966666666666659965996655959595956599555655556555595555505
1 225 1 00000800000008800020000202020202022208220882888888888888228a288a8a8a8a8aaa2aaaaaaa9aaa6a6a6a6a6a9a669a6966666666666659965996655959595956599555655556555595555505
1 225 2 00000800000008800020000208020202822008220882888888888888228a228a8a8a8a8aaa2aaaaaaa9aaa6a6a6a6a6a9a699a6966666666666659965996655959595959599555655556555555565505
1 225 3 00000800000008800020000208020202822008220882888888888888228a228a8a8a8a8aaa2aaaaaaa9aaa6a6a6a6a6a9a699a6966666666666659965996655959595959599555655556555555565505
1 226 0 0000080000000880002000080808020202220882088288888808228a288a28a2a2a2a2a82aaaaa8aa6aaaaa69a9a9a9a9a69a669a6996566666696659665999595956565955559555665555555595555
1 226 1 0000080000000880002000080808020202220882088288888808228a288a28a2a2a2a2a82aaaaa8aa6aaaaa69a9a9a9a9a69a669a6996566666696659665999595956565955559555665555555595555
1 226 2 0000080000000880002000080808020202220882088288888820228a288a28a2a2a2a2a22aaaaa8aa6aaaaa99a9a9a9a9a699a69a6995966666696659665999595956565655559555665555555655555
1 226 3 0000080000000880002000080808020202220882088288888820228a288a28a2a2a2a2a22aaaaa8aa6aaaaa99a9a9a9a9a699a69a6995966666696659665999595956565655559555665555555655555
1 227 0 000008000000088000200002080802020282088208828888202222a228a288a2a8a8a8a8a8aa8aaaaa9aaaaaa9a9a9a9699a69a66966666699995996599659565696959555566555569555555565555501
1 227 1 000008000000088000200002080802020282088208828888202222a228a288a2a8a8a8a8a8aa8aaaaa9aaaaaa9a9a9a9699a69a66966666699995996599659565696959555566555569555555565555501
1 227 2 0000080000000880002000020808020202820882088288880822228a28a288a2a8a8a8a8a8aa2aaaaa9aaaaaa9a9a9a9699a69a66966666699995966599659565656969555566555599555555595555501
1 227 3 0000080000000880002000020808020202820882088288880822228a28a288a2a8a8a8a8a8aa2aaaaa9aaaaaa9a9a9a9699a69a66966666699995966599659565656969555566555599555555595555501
1 228 0 000008000000088000200008080808020282088220820822222222a288228a282a2a2a2aaa8aaaaaaaaa6aaa9a9a9a9a9a669a69a699999999996599655966595959565656569555655556555555565505
1 228 1 000008000000088000200008080808020282088220820822222222a288228a282a2a2a2aaa8aaaaaaaaa6aaa9a9a9a9a9a669a69a699999999996599655966595959565656569555655556555555565505
1 228 2 000008000000088000200008080808080282088220820822222222a288228a282a2a2a2aaa8aaaaaaaaa9aaa9a9a9a9a9a669a69a699999999596699655966595956565656569555655556555555565505
1 228 3 000008000000088000200008080808080282088220820822222222a288228a282a2a2a2aaa8aaaaaaaaa9aaa9a9a9a9a9a669a69a699999999596699655966595956565656569555655556555555565505
1 229 0 000008000000080002200008080808080882208220882022222222228a28a2888a8a8a8a2aaaaa8aaaa6aaaaa6a6a6a6a6669a69a699999999995966599659966565656565955559555665555555655555
1 229 1 000008000000080002200008080808080882208220882022222222228a28a2888a8a8a8a2aaaaa8aaaa6aaaaa6a6a6a6a6669a69a699999999995966599659966565656565955559555665555555655555
1 229 2 000008000000080002200008080808080282208220882022222222228a28a2888a8a8a8a2aaaaaa2aaa6aaaaa9a6a6a6a6699a69a699999999995966599659969565656565655559955565555555655555
1 229 3 000008000000080002200008080808080282208220882022222222228a28a2888a8a8a8a2aaaaaa2aaa6aaaaa9a6a6a6a6699a69a699999999995966599659969565656565655559955565555555655555
1 230 0 00000800000008000220000808080808088220882008222222228228a288228aa2a2a2a2a2aa8aaaaaaa9aaa6a6a6a6a6a9a699a69a665666666669665996559969595959595556555569555555595555501
1 230 1 00000800000008000220000808080808088220882008222222228228a288228aa2a2a2a2a2aa8aaaaaaa9aaa6a6a6a6a6a9a699a69a665666666669665996559969595959595556555569555555595555501
1 230 2 00000800000008000220000808080808088220882008222222228228a288228aa2a2a2a2a2aa8aaaaaaa9aaa6a6a6a6a6a9a669a69a659666666669965996559969595959595556555569555555595555501
1 230 3 00000800000008000220000808080808088220882008222222228228a288228aa2a2a2a2a2aa8aaaaaaa9aaa6a6a6a6a6a9a669a69a659666666669965996559969595959595556555569555555595555501
1 231 0 00000800000008000220000808080808088220882008222222828888228a228aa8a8a8a8a88aaaaaa2a6aaaaa99a9a9a9a9a69a669a699996566666659965996595959595959595556655559555555595515
1 231 1 00000800000008000220000808080808088220882008222222828888228a228aa8a8a8a8a88aaaaaa2a6aaaaa99a9a9a9a9a69a669a699996566666659965996595959595959595556655559555555595515
1 231 2 00000800000008000220000808080808088820882008222222888888228a288aa8a8a8a8a88aaaaaa2a6aaaaa99a9a9a9a9a699a69a699995966666659965996595959595959595556655559555555595515
1 231 3 00000800000008000220000808080808088820882008222222888888228a288aa8a8a8a8a88aaaaaa2a6aaaaa99a9a9a9a9a699a69a699995966666659965996595959595959595556655559555555595515
1 232 0 00000800000008000220000808080808088820082208222288888888288a28a2282a2a2a8aaaaaa2aaaa9aaaaaa9a9a9a9699a699a6966666666969965996559666565656565655559955565555555655555
1 232 1 00000800000008000220000808080808088820082208222288888888288a28a2282a2a2a8aaaaaa2aaaa9aaaaaa9a9a9a9699a699a6966666666969965996559666565656565655559955565555555655555
1 232 2 0000080000000800022000080808080808882008220822228888888828a228a2282a2a2a2aaaaaa2aaaa9aaaaaa9a9a9a9699a69a66966666666999965996559666565656565655559955565555555595555
1 232 3 0000080000000800022000080808080808882008220822228888888828a228a2282a2a2a2aaaaaa2aaaa9aaaaaa9a9a9a9699a69a66966666666999965996559666565656565655559955565555555655555
1 233 0 0000200000000800022000080808080808082208820882888888888828a288228a8a8a8a8aaaa2aa2aa6aaaaa96a6a6a6a6a9a69a6696666666666665966599659565656569655569555595556555595555505
1 233 1 0000200000000800022000080808080808082208820882888888888828a288228a8a8a8a8aaaa2aaaaaaaa6aaa9a9a9a9a9a669a699a9999999999599659966596959595956595556555569555555565555501
1 233 2 0000200000000800022000080808080808082208220882888888888828a288228a8a8a8a8aaa8aaaaaaaaa6aaa9a9a9a9a9a669a69a69999999999599665966599959595959595556555569555555565555501
1 233 3 0000200000000800022000080808080808082208220882888888888828a288228a8a8a8a8aaa8aaaaaaaaa6aaa9a9a9a9a9a669a69a69999999999599665966599959595959595556555569555555565555501
1 234 0 000020000000080002200008200808080808820882208288888888a088228a28a2a2a2a2a28aaaaaa8aa9aaaaaa6a6a6a6a6669a69a66996999999996599659965595959595656599555655556555555565515
1 234 1 000020000000080002200008200808080808820882208288888888a088228a28a2a2a2a2a28aaaaaa8aa9aaaaaa6a6a6a6a6669a69a66996999999996599659965595959595656599555655556555555565515
1 234 2 000020000000080002800008200808080808820882088288888888a088228a288aa2a2a2a2a2aaaaa2aaa6aaaaa9a6a6a6a6669a69a69999999999996599659965595959595956595556655559555555565515
1 234 3 000020000000080002800008200808080808820882088288888888a088228a288aa2a2a2a2a2aaaaa8aa9aaaaaa9a6a6a6a6669a69a69999999999996599659965595959595956595556655559555555565515
1 235 0 000020000000200002800008202008080808820882208288888820228a28a288a2a8a8a8a8a8aaa2aaaaaa6aaa6a6a6a6a6a9a669a69a699996566669659966596656565655959655559955559555555595555
1 235 1 000020000000200002800008202008080808820882208288888820228a28a288a2a8a8a8a8a8aaa2aaaaaa6aaa6a6a6a6a6a9a669a69a699996566669659966596656565655959655559955559555555595555
1 235 2 000020000000200002800008202020080808820882208288888820228a28a288a2a8a8a8a8a8aaa8aaaaaa6aaa6a6a6a6a6a9a669a69a699596666669659966596656565595959655556955559555555595555
1 235 3 000020000000200002800008202020080808820882208288888820228a28a288a2a8a8a8a8a8aaa8aaaaaa6aaa6a6a6a6a6a9a669a69a699596666669659966596656565595959655556955559555555595555
1 236 0 00002000000020000280000820202008080882208220888808222222a288228a282a2a2a2aaaa2aaaaa8a6aaaaa99a9a9a9a9a699a69a69999999965669965996559565696959555566555599555555595555505
1 236 1 00002000000020000280000820202008080882208220888808222222a288228a282a2a2a2aaaa2aaaaa8a6aaaaa99a9a9a9a9a699a69a69999999965669965996559565696959555566555599555555595555505
1 236 2 00002000000020000280000820202008080882208220828808222222a288228a222a2a2a2aaaa8aaaaa8a6aaaaa69a9a9a9a9a699a69a69999995966669965996559565696959555566555599555555595555505
1 236 3 00002000000020000280000820202008080882208220828808222222a288228a222a2a2a2aaaa8aaaaa8a6aaaaa69a9a9a9a9a699a69a69999995966669965996559565696959555566555599555555595555505
1 237 0 00000800000008000280000820202020080882208220882022222222228a288a288a8a8a8a8aaaaaa8aaaa9aaaaaa9a9a9a9699a699a696666666666965996599665595656565656599555655556555555565515
1 237 1 00000800000008000280000820202020080882208220882022222222228a288a288a8a8a8a8aaaaaa8aaaa9aaaaaa9a9a9a9699a699a696666666666965996599665595656565656599555655556555555565515
1 237 2 00000800000008000280000820202020080882208220882022222222228a288a288a8a8a8a8aaaaaa8aaaa9aaaaaa9a9a9a9699a699a696666666666965996599665565656565656599555655559555555595515
1 237 3 00000800000008000280000820202020080882208220882022222222228a288a288a8a8a8a8aaaaaa8aaaa9aaaaaa9a9a9a9699a699a696666666666965996599665565656565656599555655559555555595515
1 238 0 0000080000000800028000082020202020088220882008222222222228a228a288a2a2a2a2a2aaa8aa2aa6aaaaa96a6a6a6a6a9a69a669666666666666966599659995656565656595555955566555555565555501
1 238 1 0000080000000800028000082020202020088220882008222222222228a228a288a2a2a2a2a2aaa8aa2aa6aaaaa96a6a6a6a6a9a69a669666666666666966599659995656565656595555955566555555565555501
1 238 2 0000080000000800028000082020202020208820882008222222222222a228a288a2a2a2a2a2aaa8aa8a9aaaaaa96a6a6a6a6a9a69a669a66566666666966599655966656565656595555955569555555595555501
1 238 3 0000080000000800028000082020202020208820882008222222222222a228a288a2a2a2a2a2aaa8aa8a9aaaaaa96a6a6a6a6a9a69a669a66566666666966599655966656565656595555955569555555595555501
1 239 0 0000080000002000028000202020202020208820082208222222828888a288228aa8a8a8a8a8a8aa2aaaaa9aaaaaa6a6a6a6a6669a69a6696696999999599659966556969595959555566555599555555595555505
1 239 1 0000080000002000028000202020202020208820082208222222828888a288228aa8a8a8a8a8a8aa2aaaaa9aaaaaa6a6a6a6a6669a69a6696696999999599659966556969595959555566555599555555595555505
1 239 2 0000080000002000028000082020202020208820882008222222228228a288228aa8a8a8a8a8a2aa2aaaaa9aaaaaa6a6a6a6a6669a69a6996699999999599665966596959595959555566555599555555555565505
1 239 3 0000080000002000028000082020202020208820082208222222228828a288228aa8a8a8a8a8a2aa2aaaaa9aaaaaa6a6a6a6a6669a69a6996699999999599659966596959595959555566555599555555555565505
1 240 0 0000080000002000028000082020202020200822088208222282888888228a28a2282a2a2a2aaa2aaaaaaaaa6aaa6a6a6a6a6a9a669a69a69999996566665966596659565656565656599555655556555555595515
1 240 1 0000080000002000028000082020202020200822088208222282888888228a28a2282a2a2a2aaa2aaaaaaaaa6aaa6a6a6a6a6a9a669a69a69999996566665966596659565656565656599555655556555555595515
1 240 2 0000080000002000028000082020202020208820082208222282888888228a28a2282a2a2a2aaa2aaaaaaaaa9aaa6a6a6a6a6a9a669a69a69999996566665966599659565656565656599555655556555555595515
1 240 3 0000080000002000028000082020202020208820082208222282888888228a28a2282a2a2a2aaa2aaaaaaaaa9aaa6a6a6a6a6a9a669a69a69999996566665966599659565656565656599555655556555555595515
1 241 0 000008000000200002800020202020202020082208820822888888888828a288228a8a8a8a8a2aaaaa8aaaa6aaaaa69a9a9a9a9a669a69a6999999999959965996599665656565656595555955566555555595555501
1 241 1 000008000000200002800020202020202020082208820822888888888828a288228a8a8a8a8a2aaaaa8aaaa6aaaaa69a9a9a9a9a669a69a6999999999959965996599665656565656595555955566555555595555501
1 241 2 000008000000200002800020202020202020088208820822888888888828a288a2888a8a8a8aaaa8aa2aaa9aaaaaa69a9a9a9a9a669a69a6999999999965965996659665656565656565555955566555555595555501
1 241 3 000008000000200002800020202020202020088208820822888888888828a288a2888a8a8a8aaaa8aa2aaa9aaaaaa69a9a9a9a9a669a69a6999999999965965996659665656565656565555955566555555595555501
1 242 0 000008000000200002800020802020202020088208820882888888888888228a228aa2a2a2a2a2aa2aaaaaaa9aaaaaa9a9a9a9699a699a69666666666666996559665996959595956555566555599555555555565505
1 242 1 000008000000200002800020802020202020088208820882888888888888228a228aa2a2a2a2a2aa2aaaaaaa9aaaaaa9a9a9a9699a699a69666666666666996559665996959595956555566555599555555555565505
1 242 2 000008000000200002800008802020202020088208822082888888888888228a288aa2a2a2a2a2aa8aaaaaaa6aaaaaa9a9a9a9699a669a69666666666666996559665996959595959555566555599555555555565505
1 242 3 000008000000200002800008802020202020088208822082888888888888228a288aa2a2a2a2a2aa8aaaaaaa6aaaaaa9a9a9a9699a669a69666666666666996559665996959595959555566555599555555555565505
1 243 0 00000800000020000280002080802020202008822082208288888808228a288a28a2a8a8a8a8a82aaaaaa29aaaaaa66a6a6a6a6a9a69a669a65966666666965996659665595959595656595556655559555555655555
1 243 1 00000800000020000280002080802020202008822082208288888808228a288a28a2a8a8a8a8a82aaaaa8aa6aaaaa96a6a6a6a6a9a69a669a65966666666965996659665595959595656595556655559555555655555
1 243 2 00000800000020000880002080802020202008820882208288888820228a28a228a2a8a8a8a8a82aaaaa8aa6aaaaa96a6a6a6a6a9a69a669a69965666666665996599665595959595656595556955559555555655555
1 243 3 00000800000020000880002080802020202008820882208288888820228a28a228a2a8a8a8a8a82aaaaaa29aaaaaa96a6a6a6a6a9a69a669a69965666666665996599665595959595656595556955559555555655555
1 244 0 0000080000002000088000208080802020200882208220888888202222a228a288222a2a2a2a2aaaaa8aaaaa9aaaaaa6a6a6a6a6669a699a69666666999999655966596665656559595995555995556555555595555501
1 244 1 0000080000002000088000208080802020200882208220888888202222a228a288222a2a2a2a2aaaaa8aaaaa9aaaaaa6a6a6a6a6669a699a69666666999999655966596665656559595995555995556555555565555501
1 244 2 0000080000002000088000208080802020200882208220888888202222a228a288222a2a2a2a2aaaaaa2aaaa6aaaaaa6a6a6a6a6669a69a669666666999999655966596665655959595965555995556555555595555501
1 244 3 0000080000002000088000208080802020200882208220888888202222a228a288222a2a2a2a2aaaaaa2aaaa6aaaaaa6a6a6a6a6669a69a669666666999999655966596665655959595965555995556555555595555501
1 245 0 0000200000002000088000208080808020202082208820880822222222a288228a288a8a8a8a8aaa8aaaaaaaaa6aaa6a6a6a6a6a9a669a699a999999999965966596659995956565656595556555569555555595555505
1 245 1 0000200000002000088000208080808020202082208820880822222222a288228a288a8a8a8a8aaa8aaaaaaaaa6aaa6a6a6a6a6a9a669a699a999999999965966596659995956565656595556555569555555595555505
1 245 2 0000200000002000088000208080808020202082208820880822222222a288228a288a8a8a8a8aaa8aaaaaaaaa6aaa6a6a6a6a6a9a669a69a6999999996566966596659995956565656595556555569555555595555505
1 245 3 0000200000002000088000208080808020202082208820880822222222a288228a288a8a8a8a8aaa8aaaaaaaaa6aaa6a6a6a6a6a9a669a69a6999999996566966596659995956565656595556555569555555595555505
1 246 0 0000200000002000088000208080808080802088200822082222222222228a28a288a2a2a2a2a28aaaaaa2aa9aaaaaa69a9a9a9a9a669a69a6999999999999659965596659595656565656595556655559555555595555
1 246 1 0000200000002000088000208080808080802088200822082222222222228a28a288a2a2a2a2a28aaaaaa2aa9aaaaaa69a9a9a9a9a669a69a6999999999999659965596659595656565656595556655559555555595555
1 246 2 0000200000002000088000208080808080202088200822082222222222228a28a288a2a2a2a2a28aaaaaa2aa9aaaaaa99a9a9a9a9a669a69a6999999999999659965596659595656565656595556655559555555595555
1 246 3 0000200000002000088000208080808080202088200822082222222222228a28a288a2a2a2a2a28aaaaaa2aa9aaaaaa99a9a9a9a9a669a69a6999999999999659965596659595656565656595556655559555555595555
1 247 0 000020000000200008800020808080808080200822082208222222228228a288228aa8a8a8a8a8a8aaa2aaaaaa6aaaaaa9a9a9a9699a669a69a6596666666696659665966559595959595965555995556555555565555501
1 247 1 000020000000200008800020808080808080200822082208222222228228a288228aa8a8a8a8a8a8aaa2aaaaaa6aaaaaa9a9a9a9699a669a69a6596666666696659665966559595959595965555995556555555565555501
1 247 2 000020000000200008800020808080808080208820082208222222228228a288228aa2a8a8a8a8a8aaa2aaaaaa6aaaaaa9a9a9a9699a699a69a6656666666696659665996559595959595965555995556555555565555501
1 247 3 000020000000200008800020808080808080208820082208222222228228a288228aa2a8a8a8a8a8aaa2aaaaaa6aaaaaa9a9a9a9699a699a69a6656666666696659665996559595959595965555995556555555565555501
1 248 0 000020000000200008000220808080808080200822088208222222828888228a288a282a2a2a2aaa8aaaaaa2a6aaaaa96a6a6a6a6a9a699a69a6999959666666996559665996959595959555569555599555555555565515
1 248 1 000020000000200008000220808080808080200822088208222222828888228a288a282a2a2a2aaa8aaaaaa2a6aaaaa96a6a6a6a6a9a699a69a6999959666666996559665996959595959555569555599555555555565515
1 248 2 000020000000200008800020808080808080200822088208222222888888228a288a282a2a2a2aaaa2aaaaa89aaaaaa66a6a6a6a6a9a69a669a6999965666666996559665996959595959555569555595556555555565515
1 248 3 000020000000200008800020808080808080200822088208222222888888228a288a282a2a2a2aaaa2aaaaa89aaaaaa66a6a6a6a6a9a69a669a6999965666666996559665996959595959555569555595556555555565515
1 249 0 000008000000200008800020808080808080200882088220228288888888288a28a2888a8a8a8a8aaaaaa2aaaa6aaaaaa6a6a6a6a6669a699a69666666666699599665966559565656569655599555655556555555595555
1 249 1 000008000000200008800020808080808080200882088220228288888888288a28a2888a8a8a8a8aaaaaa2aaaa6aaaaaa6a6a6a6a6669a699a69666666666699599665966559565656569655599555655556555555595555
1 249 2 00000800000020000880002080808080808020088208822022828888888828a228a2888a8a8a8a8aaaaaa2aaaa9aaaaaa6a6a6a6a6669a699a69666666669699599665966559565656565656595556655559555555655555
1 249 3 00000800000020000880002080808080808020088208822022828888888828a228a2888a8a8a8a8aaaaaa2aaaa9aaaaaa6a6a6a6a6669a699a69666666669699599665966559565656565656595556655559555555655555
1 250 0 00000800000020000880002000828080808080088208822082888888888828a288228aa2a2a2a2a2aaa2aa2aa6aaaaa6aaa9a9a9a9699a69a66966666666666699659965596665656565655995555955566555555595555505
1 250 1 00000800000020000880002000828080808080088208822082888888888828a288228aa2a2a2a2a2aaa2aa2aa6aaaaa6aaa9a9a9a9699a69a66966666666666699659965596665656565655995555955566555555595555505
1 250 2 00000800000020000800022000828080808080088220822082888888888888a288228aa2a2a2a2a2aaa8aaaaa4aaaaa9aaa9a9a9a9699a69a69966666666666699655966599665656565655995555955569555555555565505
1 250 3 00000800000020000800022000828080808080088220822082888888888888a288228aa2a2a2a2a2aaa8aaaaa4aaaaa9aaa9a9a9a9699a69a69966666666666699655966599665656565655995555955569555555555565505
1 251 0 0000080000002000080002200002828080808008822082208888888888208a228a28a2a8a8a8a8a8a2aaaaa8aa9aaaaaa69a9a9a9a9a669a69a669999999999959966596659695959595656555566555599555555555565515
1 251 1 0000080000002000080002200002828080808008822082208888888888208a228a28a2a8a8a8a8a8a2aaaaa8aa9aaaaaa69a9a9a9a9a669a69a669999999999959966596659695959595656555566555599555555555565515
1 251 2 00000800000020000880002000828080808080088220822088888888888888228a28a2a8a8a8a8a8a2aaaaa8aa9aaaaaa69a9a9a9a9a669a69a699999999999959966596659995959595956555569555595556555555595515
1 251 3 00000800000020000880002000828080808080088220822088888888888888228a28a2a8a8a8a8a8a2aaaaa8aa9aaaaaa69a9a9a9a9a669a69a699999999999959966596659995959595956555569555595556555555595515
1 252 0 0000080000002000080002200002028280808020822088208888880822228a28a288222a2a2a2a2aaaaaa8aaaaaa6aaaaaa9a9a9a9a999669a69a6999965666666596659965956565696959555599555655556555555655555
1 252 1 0000080000002000080002200002028280808020822088208888880822228a28a288222a2a2a2a2aaaaaa8aaaaaa6aaaaaa9a9a9a9a999669a69a6999965666666596659965956565696959555599555655556555555655555
1 252 2 0000080000002000080002200002028280808020822088208888888820228a28a288a2282a2a2a2aaaaaa8aaaaaa6aaaaaa9a9a9a9699a669a69a6995966666666596659965956565696959555599555655559555555655555
1 252 3 0000080000002000080002200002028280808020822088208888888820228a28a288a2282a2a2a2aaaaaa8aaaaaa6aaaaaa9a9a9a9699a669a69a6995966666666596659965956565696959555599555655559555555655555
1 253 0 000008000000800008000220000202828080802082200822888820222222a288228a288a8a8a8a8aaaa8aa2aaa9aaaaaa66a6a6a6a6a9a699a69a699999999656696659665966565655959595995555955566555555555565505
1 253 1 000008000000800008000220000202828080802082200822888820222222a288228a288a8a8a8a8aaaa8aa2aaa9aaaaaa66a6a6a6a6a9a699a69a699999999656696659665966565655959595995555955566555555555565505
1 253 2 000008000000800008000220000202028280802088200822888820222222a288228a228a8a8a8a8aaaa2aaaaa8a6aaaaa66a6a6a6a6a9a699a69a699999959666696659665966565655959595995555955566555555555565505
1 253 3 000008000000800008000220000202028280802088200822888820222222a288228a228a8a8a8a8aaaa8aa2aaa9aaaaaa66a6a6a6a6a9a699a69a699999959666696659665966565655959595995555955566555555555565505
1 254 0 000008000000800008000220000202020202822088200822882022222222228a28a228a2a2a2a2a2a2aaaaa8aaaa9aaaaaa6a6a6a6a6669a699a6966666666669659665996599695656565656555566555599555555555595515
1 254 1 000008000000800008000220000202020202822088200822882022222222228a28a228a2a2a2a2a2a2aaaaa8aaaa9aaaaaa6a6a6a6a6669a699a6966666666669659665996599695656565656555566555599555555555595515
1 254 2 000008000000800008000220000202020282802088200822082222222222228a288a28a2a2a2a2a2a2aa2aaaaaaa6aaaaaa6a6a6a6a6669a699a6966666666666659665996599695956565656555566555599555555555595515
1 254 3 000008000000800008000220000202020282802088200822082222222222228a288a28a2a2a2a2a2a2aa2aaaaaaa6aaaaaa6a6a6a6a6669a699a6966666666666659665996599695956565656555566555599555555555595515
1 255 0 00000800000080000800022000020202020282200822088208222222222222a228a288a2a8a8a8a8a82aaaaa8aa6aaaaa6aaa9a9a9a9699a69a6696666666666669665966596655956565656565665555695555955555595555501
1 255 1 00000800000080000800022000020202020282200822088208222222222222a228a288a2a8a8a8a8a82aaaaa8aa6aaaaa6aaa9a9a9a9699a69a6696666666666669665966596655956565656565665555695555955555595555501
1 255 2 00000800000080000800022000020202020202220822088208222222222228a228a288a2a8a8a8a8a82aaaaa8a9aaaaaa6aaa9a9a9a9699a69a669a665666666669659966596655956565656565665555695555955555595555501
1 255 3 00000800000080000800022000020202020202220822088208222222222228a228a288a2a8a8a8a8a82aaaaa8a9aaaaaa6aaa9a9a9a9699a69a669a665666666669659966596655956565656565665555695555955555595555501
1 256 0 00000800000080000800022000020202020202220882088208222222228888a288228a282a2a2a2aaaa8aa8aaaaa6aaaaa9a9a9a9a9a9a669a69a66966969999995966596659965959595959595965555955566555555555565505
1 256 1 00000800000080000800022000020202020202220882088208222222228888a288228a282a2a2a2aaaa8aa8aaaaa6aaaaa9a9a9a9a9a9a669a69a66966969999995966596659965959595959595965555955566555555595555505
1 256 2 00000800000080000800028000020202020202220882088208222222828888a288228a282a2a2a2a2aaaaa8aaaaa6aaaaaa69a9a9a9a9a669a69a66966969999995966596659965959595959595965555955566555555555565505
1 256 3 00000800000080000800028000020202020202220882088208222222828888a288228a282a2a2a2a2aaaaa8aaaaa6aaaaaa69a9a9a9a9a669a69a66966969999995966596659965959595959595965555955566555555555565505
