  0
SECTION
  2
HEADER
  9
$ACADVER
  1
AC1009
  9
$INSBASE
 10
0
 20
0
 30
0
  9
$EXTMIN
 10
0
 20
0
  9
$EXTMAX
 10
42000
 20
29700
  9
$LIMMIN
 10
0
 20
0
  9
$LIMMAX
 10
42000
 20
29700
  9
$LTSCALE
 40
100
  0
ENDSEC
  0
SECTION
  2
TABLES
  0
TABLE
  2
VPORT
  5
    1
100
AcDbSymbolTable
 70
    1
  0
VPORT
  5
    2
100
AcDbSymbolTableRecord
100
AcDbViewportTableRecord
  2
*Active
 70
    0
 10
0
 20
0
 11
1
 21
1
 12
21000
 22
14850
 13
0
 23
0
 14
10
 24
10
 15
10
 25
10
 16
0
 26
0
 36
100
 17
0
 27
0
 37
0
 40
29700
 41
1.5376
 42
50
 43
0
 44
0
 50
0
 51
0
 71
    0
 72
  100
 73
    1
 74
    3
 75
    0
 76
    0
 77
    0
 78
    0
  0
ENDTAB
  0
TABLE
  2
LTYPE
 70
     9
  0
LTYPE
  2
CONTINUOUS
 70
    64
  3
実線
 72
    65
 73
     0
 40
0.0
  0
LTYPE
  2
DASHED1
 70
    64
  3
--  --  --  --  --  --  --  --  
 72
    65
 73
     2
 40
2.5
 49
1.25
 49
-1.25
  0
LTYPE
  2
DASHED2
 70
    64
  3
----    ----    ----    ----    
 72
    65
 73
     2
 40
5.0
 49
2.5
 49
-2.5
  0
LTYPE
  2
DASHED3
 70
    64
  3
------  ------  ------  ------  
 72
    65
 73
     2
 40
5.0
 49
3.75
 49
-1.25
  0
LTYPE
  2
CENTER1
 70
    64
  3
----- - ----- - ----- - ----- - 
 72
    65
 73
     4
 40
10.0
 49
6.25
 49
-1.25
 49
1.25
 49
-1.25
  0
LTYPE
  2
CENTER2
 70
    64
  3
----------  --  ----------  --  
 72
    65
 73
     4
 40
20.0
 49
12.5
 49
-2.5
 49
2.5
 49
-2.5
  0
LTYPE
  2
PHANTOM1
 70
    64
  3
--- - - --- - - --- - - --- - - 
 72
    65
 73
     6
 40
10.0
 49
3.25
 49
-1.25
 49
1.25
 49
-1.25
 49
1.25
 49
-1.25
  0
LTYPE
  2
PHANTOM2
 70
    64
  3
--------  -  -  --------  -  -  
 72
    65
 73
     6
 40
20.0
 49
10.0
 49
-2.5
 49
1.25
 49
-2.5
 49
1.25
 49
-2.5
  0
LTYPE
  2
DOT
 70
    64
  3
-   -   -   -   -   -   -   -   
 72
    65
 73
     2
 40
2.5
 49
0.625
 49
-1.875
  0
LTYPE
  2
DUMMY
 70
    64
  3
ダミー
 72
    65
 73
     0
 40
0.0
  0
LTYPE
  2
RAND1
 70
    64
  3
ランダム線1
 72
    65
 73
     4
 40
10.0
 49
1.0
 49
-2.0
 49
3.0
 49
-4.0
  0
LTYPE
  2
RAND2
 70
    64
  3
ランダム線2
 72
    65
 73
     4
 40
14.0
 49
2.0
 49
-3.0
 49
4.0
 49
-5.0
  0
LTYPE
  2
RAND3
 70
    64
  3
ランダム線3
 72
    65
 73
     4
 40
18.0
 49
3.0
 49
-4.0
 49
5.0
 49
-6.0
  0
LTYPE
  2
RAND4
 70
    64
  3
ランダム線4
 72
    65
 73
     4
 40
22.0
 49
4.0
 49
-5.0
 49
6.0
 49
-7.0
  0
LTYPE
  2
RAND5
 70
    64
  3
ランダム線5
 72
    65
 73
     4
 40
26.0
 49
5.0
 49
-6.0
 49
7.0
 49
-8.0
  0
LTYPE
  2
LONG1
 70
    64
  3
----------  --  ----------  --  
 72
    65
 73
     4
 40
40.0
 49
32.5
 49
-2.5
 49
2.5
 49
-2.5
  0
LTYPE
  2
LONG2
 70
    64
  3
--------  -  -  --------  -  -  
 72
    65
 73
     6
 40
40.0
 49
30.0
 49
-2.5
 49
1.25
 49
-2.5
 49
1.25
 49
-2.5
  0
LTYPE
  2
LONG3
 70
    64
  3
+++++++++++++++..+++++++++++++++
 72
    65
 73
     2
 40
40.0
 49
37.5
 49
-2.5
  0
LTYPE
  2
LONG4
 70
    64
  3
+++++++++++++++..+++++++++++++++
 72
    65
 73
     2
 40
80.0
 49
75.0
 49
-5.0
  0
LTYPE
  2
LONG5
 70
    64
  3
----------  --  ----------  --  
 72
    65
 73
     4
 40
60.0
 49
37.5
 49
-7.5
 49
7.5
 49
-7.5
  0
LTYPE
  2
dashed
 70
   64
  3
-------   -------------   ------
 72
   65
 73
    2
 40
7.5
 49
6
 49
-1.5
  0
LTYPE
  2
dashed_spaced
 70
   64
  3
----        --------        ----
 72
   65
 73
    2
 40
12
 49
6
 49
-6
  0
LTYPE
  2
long_dashed_dotted
 70
   64
  3
------------- --- --------------
 72
   65
 73
    4
 40
15.25
 49
12
 49
-1.5
 49
0.25
 49
-1.5
  0
LTYPE
  2
long_dashed_double-dotted
 70
   64
  3
----------- --- --- ------------
 72
   65
 73
    6
 40
17
 49
12
 49
-1.5
 49
0.25
 49
-1.5
 49
0.25
 49
-1.5
  0
LTYPE
  2
long_dashed_triplicate-dotted
 70
   64
  3
--------- --- --- --- ----------
 72
   65
 73
    8
 40
18.75
 49
12
 49
-1.5
 49
0.25
 49
-1.5
 49
0.25
 49
-1.5
 49
0.25
 49
-1.5
  0
LTYPE
  2
dotted
 70
   64
  3
   -       -       -       -    
 72
   65
 73
    2
 40
1.75
 49
0.25
 49
-1.5
  0
LTYPE
  2
chain
 70
   64
  3
-------------- -- --------------
 72
   65
 73
    4
 40
18.5
 49
12
 49
-1.5
 49
3.5
 49
-1.5
  0
LTYPE
  2
chain_double_dash
 70
   64
  3
------------ -- -- -------------
 72
   65
 73
    6
 40
23.5
 49
12
 49
-1.5
 49
3.5
 49
-1.5
 49
3.5
 49
-1.5
  0
LTYPE
  2
dashed_dotted
 70
   64
  3
-----------     -     ----------
 72
   65
 73
    4
 40
9.25
 49
6
 49
-1.5
 49
0.25
 49
-1.5
  0
LTYPE
  2
double-dashed_dotted
 70
   64
  3
------   -----------   -   -----
 72
   65
 73
    6
 40
16.75
 49
6
 49
-1.5
 49
6
 49
-1.5
 49
0.25
 49
-1.5
  0
LTYPE
  2
dashed_double-dotted
 70
   64
  3
---------    -    -    ---------
 72
   65
 73
    6
 40
11
 49
6
 49
-1.5
 49
0.25
 49
-1.5
 49
0.25
 49
-1.5
  0
LTYPE
  2
double-dashed_double-dotted
 70
   64
  3
-----   ---------   -   -   ----
 72
   65
 73
    8
 40
18.5
 49
6
 49
-1.5
 49
6
 49
-1.5
 49
0.25
 49
-1.5
 49
0.25
 49
-1.5
  0
LTYPE
  2
dashed_triplicate-dotted
 70
   64
  3
-------    -    -    -    ------
 72
   65
 73
    8
 40
12.75
 49
6
 49
-1.5
 49
0.25
 49
-1.5
 49
0.25
 49
-1.5
 49
0.25
 49
-1.5
  0
LTYPE
  2
double-dashed_triplicate-dotted
 70
   64
  3
-----  ---------  -  -  -  -----
 72
   65
 73
   10
 40
20.25
 49
6
 49
-1.5
 49
6
 49
-1.5
 49
0.25
 49
-1.5
 49
0.25
 49
-1.5
 49
0.25
 49
-1.5
  0
LTYPE
  2
undefined
 70
   64
  3
--------------------------------
 72
   65
 73
    0
 40
0
  0
LTYPE
  2
_
 70
   64
  3
                                
 72
   65
 73
    0
 40
0
  0
LTYPE
  2
__18
 70
   64
  3
                                
 72
   65
 73
    0
 40
0
  0
LTYPE
  2
__19
 70
   64
  3
                                
 72
   65
 73
    0
 40
0
  0
LTYPE
  2
__20
 70
   64
  3
                                
 72
   65
 73
    0
 40
0
  0
LTYPE
  2
__21
 70
   64
  3
                                
 72
   65
 73
    0
 40
0
  0
LTYPE
  2
__22
 70
   64
  3
                                
 72
   65
 73
    0
 40
0
  0
LTYPE
  2
__23
 70
   64
  3
                                
 72
   65
 73
    0
 40
0
  0
LTYPE
  2
__24
 70
   64
  3
                                
 72
   65
 73
    0
 40
0
  0
LTYPE
  2
__25
 70
   64
  3
                                
 72
   65
 73
    0
 40
0
  0
LTYPE
  2
__26
 70
   64
  3
                                
 72
   65
 73
    0
 40
0
  0
LTYPE
  2
__27
 70
   64
  3
                                
 72
   65
 73
    0
 40
0
  0
LTYPE
  2
__28
 70
   64
  3
                                
 72
   65
 73
    0
 40
0
  0
LTYPE
  2
__29
 70
   64
  3
                                
 72
   65
 73
    0
 40
0
  0
LTYPE
  2
__30
 70
   64
  3
                                
 72
   65
 73
    0
 40
0
  0
LTYPE
  2
__31
 70
   64
  3
                                
 72
   65
 73
    0
 40
0
  0
LTYPE
  2
__32
 70
   64
  3
                                
 72
   65
 73
    0
 40
0
  0
ENDTAB
  0
TABLE
  2
STYLE
  5
3
100
AcDbSymbolTable
 70
     1
  0
STYLE
  5
10
100
AcDbSymbolTableRecord
100
AcDbTextStyleTableRecord
  2
STANDARD
 70
     0
 40
0.0
 41
1.0
 50
0.0
 71
     0
 42
0.2
  3
txt
  4
bigfont.shx
  0
STYLE
  5
26
100
AcDbSymbolTableRecord
100
AcDbTextStyleTableRecord
  2
TATEGAKI
 70
    68
 40
0.0
 41
1.0
 50
0.0
 71
     0
 42
1.0
  3
txt
  4
bigfont.shx
  0
ENDTAB
  0
TABLE
  2
LAYER
 70
   11
  0
LAYER
  2
_0-0__芯
 70
   64
 62
    7
  6
CONTINUOUS
  0
LAYER
  2
_0-1__躯体
 70
   64
 62
    7
  6
CONTINUOUS
  0
LAYER
  2
_0-2_間仕切り
 70
   64
 62
    7
  6
CONTINUOUS
  0
LAYER
  2
_0-3__建具
 70
   64
 62
    7
  6
CONTINUOUS
  0
LAYER
  2
_0-4_設備機器
 70
   64
 62
    7
  6
CONTINUOUS
  0
LAYER
  2
_0-5__仕上
 70
   64
 62
    7
  6
CONTINUOUS
  0
LAYER
  2
_0-6__室名
 70
   64
 62
    7
  6
CONTINUOUS
  0
LAYER
  2
_0-7__寸法
 70
   64
 62
    7
  6
CONTINUOUS
  0
LAYER
  2
_0-8__ｴﾚﾍﾞ-ﾀ
 70
   64
 62
    7
  6
CONTINUOUS
  0
LAYER
  2
_0-9__図名
 70
   64
 62
    7
  6
CONTINUOUS
  0
LAYER
  2
ADD_LINE
 70
   64
 62
    7
  6
CONTINUOUS
  0
ENDTAB
  0
ENDSEC
  0
SECTION
  2
BLOCKS
  0
ENDSEC
  0
SECTION
  2
ENTITIES
  0
LINE
  8
_0-1__躯体
  6
CONTINUOUS
 62
   18
 10
19560.169491525422
 20
15162.288135593218
 11
19560.169491525422
 21
14062.288135593218
  0
LINE
  8
_0-0__芯
  6
CENTER1
 62
  132
 10
17010.169491525422
 20
13987.288135593218
 11
21010.169491525422
 21
13987.288135593218
  0
LINE
  8
_0-4_設備機器
  6
DASHED1
 62
   18
 10
9685.1694915254229
 20
14737.28813559322
 11
10135.169491525422
 21
15437.28813559322
  0
LINE
  8
_0-4_設備機器
  6
DASHED1
 62
   18
 10
10135.169491525422
 20
14737.28813559322
 11
9685.1694915254229
 21
14737.28813559322
  0
LINE
  8
_0-4_設備機器
  6
DASHED1
 62
   18
 10
9685.1694915254229
 20
14737.28813559322
 11
9685.1694915254229
 21
15437.28813559322
  0
LINE
  8
_0-4_設備機器
  6
DASHED1
 62
   18
 10
9685.1694915254229
 20
15437.28813559322
 11
10135.169491525422
 21
15437.28813559322
  0
LINE
  8
_0-4_設備機器
  6
DASHED1
 62
   18
 10
10135.169491525422
 20
15437.28813559322
 11
10135.169491525422
 21
14737.28813559322
  0
LINE
  8
_0-4_設備機器
  6
DASHED1
 62
   18
 10
10285.169491525422
 20
15487.28813559322
 11
9685.1694915254229
 21
16087.28813559322
  0
LINE
  8
_0-4_設備機器
  6
DASHED1
 62
   18
 10
9685.1694915254229
 20
15487.28813559322
 11
10285.169491525422
 21
16087.28813559322
  0
LINE
  8
_0-4_設備機器
  6
DASHED1
 62
   18
 10
10285.169491525422
 20
15487.28813559322
 11
9685.1694915254229
 21
15487.28813559322
  0
LINE
  8
_0-4_設備機器
  6
DASHED1
 62
   18
 10
9685.1694915254229
 20
15487.28813559322
 11
9685.1694915254229
 21
16087.28813559322
  0
LINE
  8
_0-4_設備機器
  6
DASHED1
 62
   18
 10
9685.1694915254229
 20
16087.28813559322
 11
10285.169491525422
 21
16087.28813559322
  0
LINE
  8
_0-4_設備機器
  6
DASHED1
 62
   18
 10
10285.169491525422
 20
16087.28813559322
 11
10285.169491525422
 21
15487.28813559322
  0
LINE
  8
_0-0__芯
  6
CENTER1
 62
  132
 10
12760.169491525422
 20
18987.288135593218
 11
12760.169491525422
 21
17987.288135593218
  0
LINE
  8
_0-0__芯
  6
CENTER1
 62
  132
 10
17010.169491525422
 20
20293.550703820739
 11
17010.169491525422
 21
10222.881355932204
  0
LINE
  8
_0-0__芯
  6
CENTER1
 62
  132
 10
21010.169491525422
 20
20293.550703820739
 11
21010.169491525422
 21
10222.881355932204
  0
LINE
  8
_0-0__芯
  6
CENTER1
 62
  132
 10
24710.169491525422
 20
20293.550703820739
 11
24710.169491525422
 21
10222.881355932204
  0
LINE
  8
_0-0__芯
  6
CENTER1
 62
  132
 10
8245.7627118644068
 20
11587.288135593218
 11
29601.694915254232
 21
11587.288135593218
  0
LINE
  8
_0-0__芯
  6
CENTER1
 62
  132
 10
8245.7627118644068
 20
18987.288135593218
 11
29601.694915254232
 21
18987.288135593218
  0
LINE
  8
_0-0__芯
  6
CENTER1
 62
  132
 10
28410.169491525426
 20
20293.550703820739
 11
28410.169491525426
 21
10222.881355932204
  0
LINE
  8
_0-1__躯体
  6
CONTINUOUS
 62
   18
 10
10135.169491525422
 20
18912.288135593218
 11
10135.169491525422
 21
18462.288135593218
  0
LINE
  8
_0-1__躯体
  6
CONTINUOUS
 62
   18
 10
10135.169491525422
 20
18462.288135593218
 11
9685.1694915254229
 21
18462.288135593218
  0
LINE
  8
_0-1__躯体
  6
CONTINUOUS
 62
   18
 10
10135.169491525422
 20
12112.288135593218
 11
9685.1694915254229
 21
12112.288135593218
  0
LINE
  8
_0-1__躯体
  6
CONTINUOUS
 62
   18
 10
10135.169491525422
 20
11662.288135593218
 11
10135.169491525422
 21
12112.288135593218
  0
LINE
  8
_0-0__芯
  6
CENTER1
 62
  132
 10
9610.1694915254229
 20
14337.288135593218
 11
13310.169491525422
 21
14337.288135593218
  0
LINE
  8
_0-0__芯
  6
CENTER1
 62
  132
 10
11460.169491525422
 20
16287.288135593218
 11
13310.169491525422
 21
16287.288135593218
  0
LINE
  8
_0-0__芯
  6
CENTER1
 62
  132
 10
11460.169491525422
 20
14937.288135593218
 11
13310.169491525422
 21
14937.288135593218
  0
LINE
  8
_0-0__芯
  6
CENTER1
 62
  132
 10
9610.1694915254229
 20
17987.288135593218
 11
13310.169491525422
 21
17987.288135593218
  0
LINE
  8
_0-0__芯
  6
CENTER1
 62
  132
 10
11460.169491525422
 20
18987.288135593218
 11
11460.169491525422
 21
14337.288135593218
  0
LINE
  8
_0-1__躯体
  6
CONTINUOUS
 62
   18
 10
12710.169491525422
 20
18912.288135593218
 11
12710.169491525422
 21
17937.288135593218
  0
LINE
  8
_0-1__躯体
  6
CONTINUOUS
 62
   18
 10
12860.169491525422
 20
19062.288135593218
 11
12860.169491525422
 21
18087.288135593218
  0
LINE
  8
_0-2_間仕切り
  6
CONTINUOUS
 62
   18
 10
11410.169491525422
 20
14287.288135593218
 11
11510.169491525422
 21
14287.288135593218
  0
LINE
  8
_0-2_間仕切り
  6
CONTINUOUS
 62
   18
 10
13235.169491525422
 20
14887.288135593218
 11
11510.169491525422
 21
14887.288135593218
  0
LINE
  8
_0-2_間仕切り
  6
CONTINUOUS
 62
   18
 10
13235.169491525422
 20
14987.288135593218
 11
11510.169491525422
 21
14987.288135593218
  0
LINE
  8
_0-2_間仕切り
  6
CONTINUOUS
 62
   18
 10
11510.169491525422
 20
14887.288135593218
 11
11510.169491525422
 21
14287.288135593218
  0
LINE
  8
_0-2_間仕切り
  6
CONTINUOUS
 62
   18
 10
11510.169491525422
 20
16237.288135593218
 11
11510.169491525422
 21
14987.288135593218
  0
LINE
  8
_0-2_間仕切り
  6
CONTINUOUS
 62
   18
 10
9685.1694915254229
 20
17937.288135593218
 11
10510.169491525422
 21
17937.288135593218
  0
LINE
  8
_0-2_間仕切り
  6
CONTINUOUS
 62
   18
 10
9685.1694915254229
 20
18037.288135593218
 11
10510.169491525422
 21
18037.288135593218
  0
LINE
  8
_0-2_間仕切り
  6
CONTINUOUS
 62
   18
 10
10510.169491525422
 20
17937.288135593218
 11
10510.169491525422
 21
18037.288135593218
  0
LINE
  8
_0-3__建具
  6
CONTINUOUS
 62
   18
 10
10525.169491525422
 20
19022.288135593218
 11
10545.169491525422
 21
19022.288135593218
  0
LINE
  8
_0-3__建具
  6
CONTINUOUS
 62
   18
 10
10545.169491525422
 20
19022.288135593218
 11
10545.169491525422
 21
18987.288135593218
  0
LINE
  8
_0-3__建具
  6
CONTINUOUS
 62
   18
 10
10545.169491525422
 20
18987.288135593218
 11
10560.169491525422
 21
18987.288135593218
  0
LINE
  8
_0-3__建具
  6
CONTINUOUS
 62
   18
 10
10560.169491525422
 20
18987.288135593218
 11
10560.169491525422
 21
18952.288135593218
  0
LINE
  8
_0-3__建具
  6
CONTINUOUS
 62
   18
 10
10560.169491525422
 20
18952.288135593218
 11
10525.169491525422
 21
18952.288135593218
  0
LINE
  8
_0-3__建具
  6
CONTINUOUS
 62
   18
 10
10550.169491525422
 20
19022.288135593218
 11
10550.169491525422
 21
18992.288135593218
  0
LINE
  8
_0-3__建具
  6
CONTINUOUS
 62
   18
 10
10550.169491525422
 20
19022.288135593218
 11
11370.169491525422
 21
19022.288135593218
  0
LINE
  8
_0-3__建具
  6
CONTINUOUS
 62
   18
 10
10550.169491525422
 20
18992.288135593218
 11
11370.169491525422
 21
18992.288135593218
  0
LINE
  8
_0-3__建具
  6
CONTINUOUS
 62
   18
 10
11395.169491525422
 20
19022.288135593218
 11
11375.169491525422
 21
19022.288135593218
  0
LINE
  8
_0-3__建具
  6
CONTINUOUS
 62
   18
 10
11375.169491525422
 20
19022.288135593218
 11
11375.169491525422
 21
18987.288135593218
  0
LINE
  8
_0-3__建具
  6
CONTINUOUS
 62
   18
 10
11375.169491525422
 20
18987.288135593218
 11
11360.169491525422
 21
18987.288135593218
  0
LINE
  8
_0-3__建具
  6
CONTINUOUS
 62
   18
 10
11360.169491525422
 20
18987.288135593218
 11
11360.169491525422
 21
18952.288135593218
  0
LINE
  8
_0-3__建具
  6
CONTINUOUS
 62
   18
 10
11360.169491525422
 20
18952.288135593218
 11
11395.169491525422
 21
18952.288135593218
  0
LINE
  8
_0-3__建具
  6
CONTINUOUS
 62
   18
 10
11370.169491525422
 20
19022.288135593218
 11
11370.169491525422
 21
18992.288135593218
  0
ARC
  8
_0-3__建具
  6
CONTINUOUS
 62
  132
 10
10550.169491525422
 20
19022.288135593218
 40
819.99999999999886
 50
0
 51
90
  0
LINE
  8
_0-3__建具
  6
CONTINUOUS
 62
  132
 10
10550.169491525422
 20
19022.288135593218
 11
10550.169491525422
 21
19842.288135593218
  0
LINE
  8
_0-1__躯体
  6
CONTINUOUS
 62
   18
 10
10135.169491525422
 20
18912.288135593218
 11
10525.169491525422
 21
18912.288135593218
  0
LINE
  8
_0-1__躯体
  6
CONTINUOUS
 62
   18
 10
10525.169491525422
 20
18912.288135593218
 11
10525.169491525422
 21
19062.288135593218
  0
LINE
  8
_0-1__躯体
  6
CONTINUOUS
 62
   18
 10
9535.1694915254229
 20
19062.288135593218
 11
10525.169491525422
 21
19062.288135593218
  0
LINE
  8
_0-1__躯体
  6
CONTINUOUS
 62
   18
 10
11395.169491525422
 20
18912.288135593218
 11
11395.169491525422
 21
19062.288135593218
  0
LINE
  8
_0-3__建具
  6
CONTINUOUS
 62
   18
 10
10575.169491525422
 20
11552.288135593218
 11
10610.169491525422
 21
11552.288135593218
  0
LINE
  8
_0-3__建具
  6
CONTINUOUS
 62
   18
 10
10595.169491525422
 20
11552.288135593218
 11
10595.169491525422
 21
11622.28813559322
  0
LINE
  8
_0-3__建具
  6
CONTINUOUS
 62
   18
 10
10575.169491525422
 20
11622.28813559322
 11
10610.169491525422
 21
11622.28813559322
  0
LINE
  8
_0-3__建具
  6
CONTINUOUS
 62
   18
 10
10595.169491525422
 20
11587.288135593218
 11
10630.169491525422
 21
11587.288135593218
  0
LINE
  8
_0-3__建具
  6
CONTINUOUS
 62
   18
 10
10630.169491525422
 20
11587.288135593218
 11
10630.169491525422
 21
11611.288135593218
  0
LINE
  8
_0-3__建具
  6
CONTINUOUS
 62
   18
 10
10630.169491525422
 20
11611.288135593218
 11
10595.169491525422
 21
11611.288135593218
  0
LINE
  8
_0-3__建具
  6
CONTINUOUS
 62
   18
 10
10630.169491525422
 20
11599.288135593218
 11
11443.169491525422
 21
11599.288135593218
  0
LINE
  8
_0-3__建具
  6
CONTINUOUS
 62
   18
 10
11443.169491525422
 20
11563.28813559322
 11
11477.169491525422
 21
11563.28813559322
  0
LINE
  8
_0-3__建具
  6
CONTINUOUS
 62
   18
 10
11477.169491525422
 20
11563.28813559322
 11
11477.169491525422
 21
11611.288135593218
  0
LINE
  8
_0-3__建具
  6
CONTINUOUS
 62
   18
 10
11477.169491525422
 20
11611.288135593218
 11
11443.169491525422
 21
11611.288135593218
  0
LINE
  8
_0-3__建具
  6
CONTINUOUS
 62
   18
 10
11443.169491525422
 20
11611.288135593218
 11
11443.169491525422
 21
11563.28813559322
  0
LINE
  8
_0-3__建具
  6
CONTINUOUS
 62
   18
 10
11443.169491525422
 20
11587.288135593218
 11
11477.169491525422
 21
11587.288135593218
  0
LINE
  8
_0-3__建具
  6
CONTINUOUS
 62
   18
 10
11460.169491525422
 20
11532.28813559322
 11
11460.169491525422
 21
11642.288135593218
  0
LINE
  8
_0-3__建具
  6
CONTINUOUS
 62
   18
 10
11477.169491525422
 20
11575.28813559322
 11
12290.169491525422
 21
11575.28813559322
  0
LINE
  8
_0-3__建具
  6
CONTINUOUS
 62
   18
 10
12345.169491525422
 20
11552.288135593218
 11
12310.169491525422
 21
11552.288135593218
  0
LINE
  8
_0-3__建具
  6
CONTINUOUS
 62
   18
 10
12325.169491525422
 20
11552.288135593218
 11
12325.169491525422
 21
11622.28813559322
  0
LINE
  8
_0-3__建具
  6
CONTINUOUS
 62
   18
 10
12345.169491525422
 20
11622.28813559322
 11
12310.169491525422
 21
11622.28813559322
  0
LINE
  8
_0-3__建具
  6
CONTINUOUS
 62
   18
 10
12325.169491525422
 20
11587.288135593218
 11
12290.169491525422
 21
11587.288135593218
  0
LINE
  8
_0-3__建具
  6
CONTINUOUS
 62
   18
 10
12290.169491525422
 20
11587.288135593218
 11
12290.169491525422
 21
11563.28813559322
  0
LINE
  8
_0-3__建具
  6
CONTINUOUS
 62
   18
 10
12290.169491525422
 20
11563.28813559322
 11
12325.169491525422
 21
11563.28813559322
  0
LINE
  8
_0-3__建具
  6
CONTINUOUS
 62
   18
 10
10610.169491525422
 20
11552.288135593218
 11
12310.169491525422
 21
11552.288135593218
  0
LINE
  8
_0-3__建具
  6
CONTINUOUS
 62
   18
 10
10610.169491525422
 20
11622.28813559322
 11
12310.169491525422
 21
11622.28813559322
  0
LINE
  8
_0-3__建具
  6
CONTINUOUS
 62
   18
 10
9645.1694915254229
 20
12277.288135593218
 11
9645.1694915254229
 21
12312.288135593218
  0
LINE
  8
_0-3__建具
  6
CONTINUOUS
 62
   18
 10
9645.1694915254229
 20
12297.28813559322
 11
9575.1694915254229
 21
12297.28813559322
  0
LINE
  8
_0-3__建具
  6
CONTINUOUS
 62
   18
 10
9575.1694915254229
 20
12277.288135593218
 11
9575.1694915254229
 21
12312.288135593218
  0
LINE
  8
_0-3__建具
  6
CONTINUOUS
 62
   18
 10
9610.1694915254229
 20
12297.28813559322
 11
9610.1694915254229
 21
12332.28813559322
  0
LINE
  8
_0-3__建具
  6
CONTINUOUS
 62
   18
 10
9610.1694915254229
 20
12332.28813559322
 11
9586.1694915254229
 21
12332.28813559322
  0
LINE
  8
_0-3__建具
  6
CONTINUOUS
 62
   18
 10
9586.1694915254229
 20
12332.28813559322
 11
9586.1694915254229
 21
12297.28813559322
  0
LINE
  8
_0-3__建具
  6
CONTINUOUS
 62
   18
 10
9598.1694915254229
 20
12332.28813559322
 11
9598.1694915254229
 21
12945.288135593218
  0
LINE
  8
_0-3__建具
  6
CONTINUOUS
 62
   18
 10
9634.1694915254229
 20
12945.288135593218
 11
9634.1694915254229
 21
12979.288135593218
  0
LINE
  8
_0-3__建具
  6
CONTINUOUS
 62
   18
 10
9634.1694915254229
 20
12979.288135593218
 11
9586.1694915254229
 21
12979.288135593218
  0
LINE
  8
_0-3__建具
  6
CONTINUOUS
 62
   18
 10
9586.1694915254229
 20
12979.288135593218
 11
9586.1694915254229
 21
12945.288135593218
  0
LINE
  8
_0-3__建具
  6
CONTINUOUS
 62
   18
 10
9586.1694915254229
 20
12945.288135593218
 11
9634.1694915254229
 21
12945.288135593218
  0
LINE
  8
_0-3__建具
  6
CONTINUOUS
 62
   18
 10
9610.1694915254229
 20
12945.288135593218
 11
9610.1694915254229
 21
12979.288135593218
  0
LINE
  8
_0-3__建具
  6
CONTINUOUS
 62
   18
 10
9665.1694915254229
 20
12962.288135593218
 11
9555.1694915254229
 21
12962.288135593218
  0
LINE
  8
_0-3__建具
  6
CONTINUOUS
 62
   18
 10
9622.1694915254229
 20
12979.288135593218
 11
9622.1694915254229
 21
13592.288135593218
  0
LINE
  8
_0-3__建具
  6
CONTINUOUS
 62
   18
 10
9645.1694915254229
 20
13647.28813559322
 11
9645.1694915254229
 21
13612.288135593218
  0
LINE
  8
_0-3__建具
  6
CONTINUOUS
 62
   18
 10
9645.1694915254229
 20
13627.288135593218
 11
9575.1694915254229
 21
13627.288135593218
  0
LINE
  8
_0-3__建具
  6
CONTINUOUS
 62
   18
 10
9575.1694915254229
 20
13647.28813559322
 11
9575.1694915254229
 21
13612.288135593218
  0
LINE
  8
_0-3__建具
  6
CONTINUOUS
 62
   18
 10
9610.1694915254229
 20
13627.288135593218
 11
9610.1694915254229
 21
13592.288135593218
  0
LINE
  8
_0-3__建具
  6
CONTINUOUS
 62
   18
 10
9610.1694915254229
 20
13592.288135593218
 11
9634.1694915254229
 21
13592.288135593218
  0
LINE
  8
_0-3__建具
  6
CONTINUOUS
 62
   18
 10
9634.1694915254229
 20
13592.288135593218
 11
9634.1694915254229
 21
13627.288135593218
  0
LINE
  8
_0-3__建具
  6
CONTINUOUS
 62
   18
 10
9645.1694915254229
 20
12312.288135593218
 11
9645.1694915254229
 21
13612.288135593218
  0
LINE
  8
_0-3__建具
  6
CONTINUOUS
 62
   18
 10
9575.1694915254229
 20
12312.288135593218
 11
9575.1694915254229
 21
13612.288135593218
  0
LINE
  8
_0-1__躯体
  6
CONTINUOUS
 62
   18
 10
9685.1694915254229
 20
12277.288135593218
 11
9685.1694915254229
 21
12112.288135593218
  0
LINE
  8
_0-1__躯体
  6
CONTINUOUS
 62
   18
 10
9535.1694915254229
 20
12277.288135593218
 11
9685.1694915254229
 21
12277.288135593218
  0
LINE
  8
_0-1__躯体
  6
CONTINUOUS
 62
   18
 10
9535.1694915254229
 20
12277.288135593218
 11
9535.1694915254229
 21
11512.288135593218
  0
LINE
  8
_0-1__躯体
  6
CONTINUOUS
 62
   18
 10
9685.1694915254229
 20
18462.288135593218
 11
9685.1694915254229
 21
13647.28813559322
  0
LINE
  8
_0-1__躯体
  6
CONTINUOUS
 62
   18
 10
9535.1694915254229
 20
13647.28813559322
 11
9685.1694915254229
 21
13647.28813559322
  0
LINE
  8
_0-1__躯体
  6
CONTINUOUS
 62
   18
 10
9535.1694915254229
 20
19062.288135593218
 11
9535.1694915254229
 21
13647.28813559322
  0
LINE
  8
_0-1__躯体
  6
CONTINUOUS
 62
   18
 10
10575.169491525422
 20
11512.288135593218
 11
9535.1694915254229
 21
11512.288135593218
  0
LINE
  8
_0-1__躯体
  6
CONTINUOUS
 62
   18
 10
10575.169491525422
 20
11662.288135593218
 11
10575.169491525422
 21
11512.288135593218
  0
LINE
  8
_0-1__躯体
  6
CONTINUOUS
 62
   18
 10
10575.169491525422
 20
11662.288135593218
 11
10135.169491525422
 21
11662.288135593218
  0
LINE
  8
_0-1__躯体
  6
CONTINUOUS
 62
   18
 10
12345.169491525422
 20
11662.288135593218
 11
12345.169491525422
 21
11512.288135593218
  0
LINE
  8
_0-3__建具
  6
CONTINUOUS
 62
   18
 10
11785.169491525422
 20
18952.288135593218
 11
11810.169491525422
 21
18952.288135593218
  0
LINE
  8
_0-3__建具
  6
CONTINUOUS
 62
   18
 10
11810.169491525422
 20
18952.288135593218
 11
11810.169491525422
 21
18987.288135593218
  0
LINE
  8
_0-3__建具
  6
CONTINUOUS
 62
   18
 10
11810.169491525422
 20
18987.288135593218
 11
11795.169491525422
 21
18987.288135593218
  0
LINE
  8
_0-3__建具
  6
CONTINUOUS
 62
   18
 10
11795.169491525422
 20
18952.288135593218
 11
11795.169491525422
 21
19022.288135593218
  0
LINE
  8
_0-3__建具
  6
CONTINUOUS
 62
   18
 10
11785.169491525422
 20
19022.288135593218
 11
11810.169491525422
 21
19022.288135593218
  0
LINE
  8
_0-3__建具
  6
CONTINUOUS
 62
   18
 10
11810.169491525422
 20
18975.288135593218
 11
12410.169491525422
 21
18975.288135593218
  0
LINE
  8
_0-3__建具
  6
CONTINUOUS
 62
   18
 10
12435.169491525422
 20
18952.288135593218
 11
12410.169491525422
 21
18952.288135593218
  0
LINE
  8
_0-3__建具
  6
CONTINUOUS
 62
   18
 10
12410.169491525422
 20
18952.288135593218
 11
12410.169491525422
 21
18987.288135593218
  0
LINE
  8
_0-3__建具
  6
CONTINUOUS
 62
   18
 10
12410.169491525422
 20
18987.288135593218
 11
12425.169491525422
 21
18987.288135593218
  0
LINE
  8
_0-3__建具
  6
CONTINUOUS
 62
   18
 10
12425.169491525422
 20
18952.288135593218
 11
12425.169491525422
 21
19022.288135593218
  0
LINE
  8
_0-3__建具
  6
CONTINUOUS
 62
   18
 10
12435.169491525422
 20
19022.288135593218
 11
12410.169491525422
 21
19022.288135593218
  0
LINE
  8
_0-3__建具
  6
CONTINUOUS
 62
   18
 10
11810.169491525422
 20
18952.288135593218
 11
12410.169491525422
 21
18952.288135593218
  0
LINE
  8
_0-3__建具
  6
CONTINUOUS
 62
   18
 10
11810.169491525422
 20
19022.288135593218
 11
12410.169491525422
 21
19022.288135593218
  0
LINE
  8
_0-1__躯体
  6
CONTINUOUS
 62
   18
 10
11395.169491525422
 20
18912.288135593218
 11
11785.169491525422
 21
18912.288135593218
  0
LINE
  8
_0-1__躯体
  6
CONTINUOUS
 62
   18
 10
11785.169491525422
 20
19062.288135593218
 11
11785.169491525422
 21
18912.288135593218
  0
LINE
  8
_0-1__躯体
  6
CONTINUOUS
 62
   18
 10
11395.169491525422
 20
19062.288135593218
 11
11785.169491525422
 21
19062.288135593218
  0
LINE
  8
_0-1__躯体
  6
CONTINUOUS
 62
   18
 10
12435.169491525422
 20
18912.288135593218
 11
12710.169491525422
 21
18912.288135593218
  0
LINE
  8
_0-1__躯体
  6
CONTINUOUS
 62
   18
 10
12435.169491525422
 20
19062.288135593218
 11
12435.169491525422
 21
18912.288135593218
  0
LINE
  8
_0-1__躯体
  6
CONTINUOUS
 62
   18
 10
12435.169491525422
 20
19062.288135593218
 11
12860.169491525422
 21
19062.288135593218
  0
SOLID
  8
_0-1__躯体
  6
CONTINUOUS
 62
    9
 10
9535.1694915254229
 20
19062.288135593218
 11
9535.1694915254229
 21
18462.288135593218
 12
10135.169491525422
 22
19062.288135593218
 13
10135.169491525422
 23
18462.288135593218
  0
SOLID
  8
_0-1__躯体
  6
CONTINUOUS
 62
    9
 10
10135.169491525422
 20
19062.288135593218
 11
10135.169491525422
 21
18912.288135593218
 12
10525.169491525422
 22
19062.288135593218
 13
10525.169491525422
 23
18912.288135593218
  0
SOLID
  8
_0-1__躯体
  6
CONTINUOUS
 62
    9
 10
11395.169491525422
 20
19062.288135593218
 11
11395.169491525422
 21
18912.288135593218
 12
11785.169491525422
 22
19062.288135593218
 13
11785.169491525422
 23
18912.288135593218
  0
SOLID
  8
_0-1__躯体
  6
CONTINUOUS
 62
    9
 10
12435.169491525422
 20
19062.288135593218
 11
12435.169491525422
 21
18912.288135593218
 12
12710.169491525422
 22
19062.288135593218
 13
12710.169491525422
 23
18912.288135593218
  0
SOLID
  8
_0-1__躯体
  6
CONTINUOUS
 62
    9
 10
12860.169491525422
 20
19062.288135593218
 11
12860.169491525422
 21
17937.288135593218
 12
12710.169491525422
 22
19062.288135593218
 13
12710.169491525422
 23
17937.288135593218
  0
SOLID
  8
_0-1__躯体
  6
CONTINUOUS
 62
    9
 10
12860.169491525422
 20
18087.288135593218
 11
12860.169491525422
 21
17937.288135593218
 12
13235.169491525422
 22
18087.288135593218
 13
13235.169491525422
 23
17937.288135593218
  0
SOLID
  8
_0-1__躯体
  6
CONTINUOUS
 62
    9
 10
13235.169491525422
 20
18087.288135593218
 11
13235.169491525422
 21
11512.288135593218
 12
13385.169491525422
 22
18087.288135593218
 13
13385.169491525422
 23
11512.288135593218
  0
SOLID
  8
_0-1__躯体
  6
CONTINUOUS
 62
    9
 10
13235.169491525422
 20
11512.288135593218
 11
13235.169491525422
 21
11662.288135593218
 12
12345.169491525422
 22
11512.288135593218
 13
12345.169491525422
 23
11662.288135593218
  0
SOLID
  8
_0-1__躯体
  6
CONTINUOUS
 62
    9
 10
10135.169491525422
 20
12112.288135593218
 11
10135.169491525422
 21
11512.288135593218
 12
9535.1694915254229
 22
12112.288135593218
 13
9535.1694915254229
 23
11512.288135593218
  0
SOLID
  8
_0-1__躯体
  6
CONTINUOUS
 62
    9
 10
9535.1694915254229
 20
12277.288135593218
 11
9535.1694915254229
 21
12112.288135593218
 12
9685.1694915254229
 22
12277.288135593218
 13
9685.1694915254229
 23
12112.288135593218
  0
SOLID
  8
_0-1__躯体
  6
CONTINUOUS
 62
    9
 10
10575.169491525422
 20
11662.288135593218
 11
10575.169491525422
 21
11512.288135593218
 12
10135.169491525422
 22
11662.288135593218
 13
10135.169491525422
 23
11512.288135593218
  0
SOLID
  8
_0-1__躯体
  6
CONTINUOUS
 62
    9
 10
9535.1694915254229
 20
13647.28813559322
 11
9535.1694915254229
 21
18462.288135593218
 12
9685.1694915254229
 22
13647.28813559322
 13
9685.1694915254229
 23
18462.288135593218
  0
LINE
  8
_0-3__建具
  6
CONTINUOUS
 62
   18
 10
9685.1694915254229
 20
14365.859564164647
 11
9685.1694915254229
 21
14337.288135593218
  0
LINE
  8
_0-3__建具
  6
CONTINUOUS
 62
   18
 10
9685.1694915254229
 20
14365.859564164647
 11
10567.669491525422
 21
14365.859564164647
  0
LINE
  8
_0-3__建具
  6
CONTINUOUS
 62
   18
 10
10547.669491525422
 20
14258.716707021791
 11
10547.669491525422
 21
14415.859564164647
  0
LINE
  8
_0-3__建具
  6
CONTINUOUS
 62
   18
 10
10567.669491525422
 20
14365.859564164647
 11
10567.669491525422
 21
14337.288135593218
  0
LINE
  8
_0-3__建具
  6
CONTINUOUS
 62
   18
 10
10527.669491525422
 20
14337.288135593218
 11
10527.669491525422
 21
14308.716707021791
  0
LINE
  8
_0-3__建具
  6
CONTINUOUS
 62
   18
 10
10527.669491525422
 20
14308.716707021791
 11
11410.169491525422
 21
14308.716707021791
  0
LINE
  8
_0-3__建具
  6
CONTINUOUS
 62
   18
 10
11410.169491525422
 20
14308.716707021791
 11
11410.169491525422
 21
14337.288135593218
  0
LINE
  8
_0-3__建具
  6
CONTINUOUS
 62
   18
 10
9685.1694915254229
 20
14337.288135593218
 11
11410.169491525422
 21
14337.288135593218
  0
LINE
  8
_0-3__建具
  6
CONTINUOUS
 62
   18
 10
9685.1694915254229
 20
14287.288135593218
 11
11410.169491525422
 21
14287.288135593218
  0
LINE
  8
_0-3__建具
  6
CONTINUOUS
 62
   18
 10
9685.1694915254229
 20
14387.288135593218
 11
11410.169491525422
 21
14387.288135593218
  0
LINE
  8
_0-3__建具
  6
CONTINUOUS
 62
   18
 10
11510.169491525422
 20
14287.288135593218
 11
13235.169491525422
 21
14287.288135593218
  0
LINE
  8
_0-3__建具
  6
CONTINUOUS
 62
   18
 10
12372.669491525422
 20
14358.716707021791
 11
12372.669491525422
 21
14215.859564164647
  0
LINE
  8
_0-3__建具
  6
DASHED1
 62
   18
 10
11510.169491525422
 20
14287.288135593218
 11
11725.794491525422
 21
13913.81468021118
  0
LINE
  8
_0-3__建具
  6
DASHED1
 62
   18
 10
11536.149491525422
 20
14308.716707021791
 11
11751.774491525422
 21
13935.243251639752
  0
LINE
  8
_0-3__建具
  6
DASHED1
 62
   18
 10
11725.794491525422
 20
13913.81468021118
 11
11751.774491525422
 21
13935.243251639752
  0
LINE
  8
_0-3__建具
  6
DASHED1
 62
   18
 10
11510.169491525422
 20
14287.288135593218
 11
11536.149491525422
 21
14308.716707021791
  0
LINE
  8
_0-3__建具
  6
DASHED1
 62
   18
 10
11967.399491525422
 20
14308.716707021791
 11
11751.774491525422
 21
13935.243251639752
  0
LINE
  8
_0-3__建具
  6
DASHED1
 62
   18
 10
11993.379491525422
 20
14287.288135593218
 11
11777.754491525422
 21
13913.81468021118
  0
LINE
  8
_0-3__建具
  6
DASHED1
 62
   18
 10
11751.774491525422
 20
13935.243251639752
 11
11777.754491525422
 21
13913.81468021118
  0
LINE
  8
_0-3__建具
  6
DASHED1
 62
   18
 10
11993.379491525422
 20
14287.288135593218
 11
11967.399491525422
 21
14308.716707021791
  0
LINE
  8
_0-3__建具
  6
DASHED1
 62
   18
 10
13235.169491525422
 20
14287.288135593218
 11
13019.544491525422
 21
13913.81468021118
  0
LINE
  8
_0-3__建具
  6
DASHED1
 62
   18
 10
13209.189491525421
 20
14308.716707021791
 11
12993.564491525421
 21
13935.243251639752
  0
LINE
  8
_0-3__建具
  6
DASHED1
 62
   18
 10
13019.544491525422
 20
13913.81468021118
 11
12993.564491525421
 21
13935.243251639752
  0
LINE
  8
_0-3__建具
  6
DASHED1
 62
   18
 10
13235.169491525422
 20
14287.288135593218
 11
13209.189491525421
 21
14308.716707021791
  0
LINE
  8
_0-3__建具
  6
DASHED1
 62
   18
 10
12777.939491525423
 20
14308.716707021791
 11
12993.564491525421
 21
13935.243251639752
  0
LINE
  8
_0-3__建具
  6
DASHED1
 62
   18
 10
12751.959491525423
 20
14287.288135593218
 11
12967.584491525423
 21
13913.81468021118
  0
LINE
  8
_0-3__建具
  6
DASHED1
 62
   18
 10
12993.564491525421
 20
13935.243251639752
 11
12967.584491525423
 21
13913.81468021118
  0
LINE
  8
_0-3__建具
  6
DASHED1
 62
   18
 10
12751.959491525423
 20
14287.288135593218
 11
12777.939491525423
 21
14308.716707021791
  0
LINE
  8
_0-3__建具
  6
CONTINUOUS
 62
   18
 10
11545.169491525422
 20
18047.288135593218
 11
11510.169491525422
 21
18047.288135593218
  0
LINE
  8
_0-3__建具
  6
CONTINUOUS
 62
   18
 10
11510.169491525422
 20
18047.288135593218
 11
11510.169491525422
 21
17927.288135593218
  0
LINE
  8
_0-3__建具
  6
CONTINUOUS
 62
   18
 10
11510.169491525422
 20
17927.288135593218
 11
11545.169491525422
 21
17927.288135593218
  0
LINE
  8
_0-3__建具
  6
CONTINUOUS
 62
   18
 10
11545.169491525422
 20
17927.288135593218
 11
11545.169491525422
 21
18047.288135593218
  0
LINE
  8
_0-3__建具
  6
CONTINUOUS
 62
   18
 10
11545.169491525422
 20
17961.573849878932
 11
12145.169491525422
 21
17961.573849878932
  0
LINE
  8
_0-3__建具
  6
CONTINUOUS
 62
   18
 10
11545.169491525422
 20
17927.288135593218
 11
12145.169491525422
 21
17927.288135593218
  0
LINE
  8
_0-3__建具
  6
CONTINUOUS
 62
   18
 10
12145.169491525422
 20
18047.288135593218
 11
12145.169491525422
 21
17927.288135593218
  0
LINE
  8
_0-3__建具
  6
CONTINUOUS
 62
   18
 10
12145.169491525422
 20
17927.288135593218
 11
12180.169491525422
 21
17927.288135593218
  0
LINE
  8
_0-3__建具
  6
CONTINUOUS
 62
   18
 10
12180.169491525422
 20
17927.288135593218
 11
12180.169491525422
 21
18047.288135593218
  0
LINE
  8
_0-3__建具
  6
CONTINUOUS
 62
   18
 10
12180.169491525422
 20
18047.288135593218
 11
12145.169491525422
 21
18047.288135593218
  0
ARC
  8
_0-3__建具
  6
CONTINUOUS
 62
  132
 10
11545.169491525422
 20
17927.288135593218
 40
600
 50
270
 51
0
  0
LINE
  8
_0-3__建具
  6
CONTINUOUS
 62
  132
 10
11545.169491525422
 20
17927.288135593218
 11
11545.169491525422
 21
17327.288135593218
  0
LINE
  8
_0-3__建具
  6
CONTINUOUS
 62
   18
 10
11520.169491525422
 20
16972.288135593218
 11
11520.169491525422
 21
17007.288135593218
  0
LINE
  8
_0-3__建具
  6
CONTINUOUS
 62
   18
 10
11520.169491525422
 20
17007.288135593218
 11
11400.169491525422
 21
17007.288135593218
  0
LINE
  8
_0-3__建具
  6
CONTINUOUS
 62
   18
 10
11400.169491525422
 20
17007.288135593218
 11
11400.169491525422
 21
16972.288135593218
  0
LINE
  8
_0-3__建具
  6
CONTINUOUS
 62
   18
 10
11400.169491525422
 20
16972.288135593218
 11
11520.169491525422
 21
16972.288135593218
  0
LINE
  8
_0-3__建具
  6
CONTINUOUS
 62
   18
 10
11434.455205811136
 20
16972.288135593218
 11
11434.455205811136
 21
16372.28813559322
  0
LINE
  8
_0-3__建具
  6
CONTINUOUS
 62
   18
 10
11400.169491525422
 20
16972.288135593218
 11
11400.169491525422
 21
16372.28813559322
  0
LINE
  8
_0-3__建具
  6
CONTINUOUS
 62
   18
 10
11520.169491525422
 20
16372.28813559322
 11
11400.169491525422
 21
16372.28813559322
  0
LINE
  8
_0-3__建具
  6
CONTINUOUS
 62
   18
 10
11400.169491525422
 20
16372.28813559322
 11
11400.169491525422
 21
16337.288135593218
  0
LINE
  8
_0-3__建具
  6
CONTINUOUS
 62
   18
 10
11400.169491525422
 20
16337.288135593218
 11
11520.169491525422
 21
16337.288135593218
  0
LINE
  8
_0-3__建具
  6
CONTINUOUS
 62
   18
 10
11520.169491525422
 20
16337.288135593218
 11
11520.169491525422
 21
16372.28813559322
  0
ARC
  8
_0-3__建具
  6
CONTINUOUS
 62
  132
 10
11400.169491525422
 20
16972.288135593218
 40
600
 50
180
 51
270
  0
LINE
  8
_0-3__建具
  6
CONTINUOUS
 62
  132
 10
11400.169491525422
 20
16972.288135593218
 11
10800.169491525422
 21
16972.288135593218
  0
LINE
  8
_0-2_間仕切り
  6
CONTINUOUS
 62
   18
 10
12710.169491525422
 20
18037.288135593218
 11
12180.169491525422
 21
18037.288135593218
  0
LINE
  8
_0-2_間仕切り
  6
CONTINUOUS
 62
   18
 10
12710.169491525422
 20
17937.288135593218
 11
12180.169491525422
 21
17937.288135593218
  0
LINE
  8
_0-2_間仕切り
  6
CONTINUOUS
 62
   18
 10
11510.169491525422
 20
18912.288135593218
 11
11510.169491525422
 21
17007.288135593218
  0
LINE
  8
_0-2_間仕切り
  6
CONTINUOUS
 62
   18
 10
11410.169491525422
 20
18912.288135593218
 11
11410.169491525422
 21
17007.288135593218
  0
LINE
  8
_0-2_間仕切り
  6
CONTINUOUS
 62
   18
 10
11410.169491525422
 20
16337.288135593218
 11
11410.169491525422
 21
14287.288135593218
  0
LINE
  8
_0-4_設備機器
  6
CONTINUOUS
 62
   18
 10
12660.169491525422
 20
18269.788135593218
 11
12528.923977609407
 21
18269.788135593218
  0
LINE
  8
_0-4_設備機器
  6
CONTINUOUS
 62
   18
 10
12660.169491525422
 20
18679.788135593218
 11
12528.923977609407
 21
18679.788135593218
  0
LINE
  8
_0-4_設備機器
  6
CONTINUOUS
 62
   18
 10
12690.169491525422
 20
18649.788135593218
 11
12690.169491525422
 21
18299.788135593218
  0
LINE
  8
_0-4_設備機器
  6
CONTINUOUS
 62
   18
 10
12479.08392023636
 20
18315.792026584429
 11
12228.016567941438
 21
18289.138706271929
  0
LINE
  8
_0-4_設備機器
  6
CONTINUOUS
 62
   18
 10
12479.08392023636
 20
18633.784244602007
 11
12228.016567941438
 21
18660.437564914507
  0
ARC
  8
_0-4_設備機器
  6
CONTINUOUS
 62
   18
 10
12528.923977609407
 20
18319.788135593218
 40
50
 50
184.58407592773437
 51
270
  0
ARC
  8
_0-4_設備機器
  6
CONTINUOUS
 62
   18
 10
14462.10833429886
 20
18474.788135593218
 40
1989.38818359375
 50
175.41590881347661
 51
184.58407592773443
  0
ARC
  8
_0-4_設備機器
  6
CONTINUOUS
 62
   18
 10
12528.923977609407
 20
18629.788135593218
 40
50
 50
90
 51
175.41590881347656
  0
ARC
  8
_0-4_設備機器
  6
CONTINUOUS
 62
   18
 10
12660.169491525422
 20
18299.788135593218
 40
30
 50
270
 51
0
  0
ARC
  8
_0-4_設備機器
  6
CONTINUOUS
 62
   18
 10
12660.169491525422
 20
18649.788135593218
 40
30
 50
0
 51
90
  0
LINE
  8
_0-4_設備機器
  6
CONTINUOUS
 62
   18
 10
12228.016589883489
 20
18660.437567175544
 11
12228.016589883489
 21
18660.437567175544
  0
LINE
  8
_0-4_設備機器
  6
CONTINUOUS
 62
   18
 10
12228.016589883489
 20
18660.437567175544
 11
12184.500711391943
 21
18662.180279380118
  0
LINE
  8
_0-4_設備機器
  6
CONTINUOUS
 62
   18
 10
12184.500711391943
 20
18662.180279380118
 11
12141.24244514297
 21
18658.22917612073
  0
LINE
  8
_0-4_設備機器
  6
CONTINUOUS
 62
   18
 10
12141.24244514297
 20
18658.22917612073
 11
12099.556171666803
 21
18648.704309670556
  0
LINE
  8
_0-4_設備機器
  6
CONTINUOUS
 62
   18
 10
12099.556171666803
 20
18648.704309670556
 11
12060.708507288743
 21
18633.895088276876
  0
LINE
  8
_0-4_設備機器
  6
CONTINUOUS
 62
   18
 10
12060.708507288743
 20
18633.895088276876
 11
12025.879818633055
 21
18614.251482637904
  0
LINE
  8
_0-4_設備機器
  6
CONTINUOUS
 62
   18
 10
12025.879818633055
 20
18614.251482637904
 11
11996.128357780371
 21
18590.370353770838
  0
LINE
  8
_0-4_設備機器
  6
CONTINUOUS
 62
   18
 10
11996.128357780371
 20
18590.370353770838
 11
11972.358107813734
 21
18562.977317691867
  0
LINE
  8
_0-4_設備機器
  6
CONTINUOUS
 62
   18
 10
11972.358107813734
 20
18562.977317691867
 11
11955.291315750057
 21
18532.90469794071
  0
LINE
  8
_0-4_設備機器
  6
CONTINUOUS
 62
   18
 10
11955.291315750057
 20
18532.90469794071
 11
11945.446547429977
 21
18501.066235851027
  0
LINE
  8
_0-4_設備機器
  6
CONTINUOUS
 62
   18
 10
11945.446547429977
 20
18501.066235851027
 11
11943.122931157211
 21
18468.429326982368
  0
LINE
  8
_0-4_設備機器
  6
CONTINUOUS
 62
   18
 10
11943.122931157211
 20
18468.429326982368
 11
11948.391068836397
 21
18435.985627295634
  0
LINE
  8
_0-4_設備機器
  6
CONTINUOUS
 62
   18
 10
11948.391068836397
 20
18435.985627295634
 11
11961.090890769961
 21
18404.720922188513
  0
LINE
  8
_0-4_設備機器
  6
CONTINUOUS
 62
   18
 10
11961.090890769961
 20
18404.720922188513
 11
11980.836519294869
 21
18375.585173904968
  0
LINE
  8
_0-4_設備機器
  6
CONTINUOUS
 62
   18
 10
11980.836519294869
 20
18375.585173904968
 11
12007.027993480165
 21
18349.463657413201
  0
LINE
  8
_0-4_設備機器
  6
CONTINUOUS
 62
   18
 10
12007.027993480165
 20
18349.463657413201
 11
12038.869498636255
 21
18327.150061773685
  0
LINE
  8
_0-4_設備機器
  6
CONTINUOUS
 62
   18
 10
12038.869498636255
 20
18327.150061773685
 11
12075.393546741544
 21
18309.32237429871
  0
LINE
  8
_0-4_設備機器
  6
CONTINUOUS
 62
   18
 10
12075.393546741544
 20
18309.32237429871
 11
12115.490373076421
 21
18296.522280250952
  0
LINE
  8
_0-4_設備機器
  6
CONTINUOUS
 62
   18
 10
12115.490373076421
 20
18296.522280250952
 11
12157.941655862668
 21
18289.138704010892
  0
LINE
  8
_0-4_設備機器
  6
CONTINUOUS
 62
   18
 10
12157.941655862668
 20
18289.138704010892
 11
12201.457534354214
 21
18287.395991806319
  0
LINE
  8
_0-4_設備機器
  6
CONTINUOUS
 62
   18
 10
12201.457534354214
 20
18287.395991806319
 11
12228.016523961576
 21
18289.138697012618
  0
ARC
  8
_0-4_設備機器
  6
CONTINUOUS
 62
   18
 10
12210.895657296907
 20
18474.788135588882
 40
186.43722534179687
 50
275.26899719238281
 51
84.730987548828125
  0
LINE
  8
_0-4_設備機器
  6
CONTINUOUS
 62
   18
 10
12585.169491525422
 20
17932.288135593218
 11
12585.169491525422
 21
17142.288135593218
  0
LINE
  8
_0-4_設備機器
  6
CONTINUOUS
 62
   18
 10
12635.169491525422
 20
17167.288135593218
 11
13185.169491525422
 21
17167.288135593218
  0
LINE
  8
_0-4_設備機器
  6
CONTINUOUS
 62
   18
 10
12615.169491525422
 20
17887.288135593218
 11
12615.169491525422
 21
17187.288135593218
  0
LINE
  8
_0-4_設備機器
  6
CONTINUOUS
 62
   18
 10
13185.169491525422
 20
17907.288135593218
 11
12635.169491525422
 21
17907.288135593218
  0
LINE
  8
_0-4_設備機器
  6
CONTINUOUS
 62
   18
 10
13205.169491525424
 20
17887.288135593218
 11
13205.169491525424
 21
17187.288135593218
  0
LINE
  8
_0-4_設備機器
  6
CONTINUOUS
 62
   18
 10
12590.169491525422
 20
17137.288135593218
 11
13235.169491525422
 21
17137.288135593218
  0
LINE
  8
_0-4_設備機器
  6
CONTINUOUS
 62
   18
 10
13235.169491525422
 20
17937.288135593218
 11
13235.169491525422
 21
17137.288135593218
  0
LINE
  8
_0-4_設備機器
  6
CONTINUOUS
 62
   18
 10
13235.169491525422
 20
17937.288135593218
 11
12590.169491525422
 21
17937.288135593218
  0
ARC
  8
_0-4_設備機器
  6
CONTINUOUS
 62
   18
 10
12590.169491525422
 20
17932.288135593218
 40
5
 50
90
 51
180
  0
ARC
  8
_0-4_設備機器
  6
CONTINUOUS
 62
   18
 10
12590.169491525422
 20
17142.288135593218
 40
5
 50
180
 51
270
  0
ARC
  8
_0-4_設備機器
  6
CONTINUOUS
 62
   18
 10
13185.169491525422
 20
17187.288135593218
 40
20
 50
270
 51
0
  0
ARC
  8
_0-4_設備機器
  6
CONTINUOUS
 62
   18
 10
12635.169491525422
 20
17187.288135593218
 40
20
 50
180
 51
270
  0
ARC
  8
_0-4_設備機器
  6
CONTINUOUS
 62
   18
 10
12635.169491525422
 20
17887.288135593218
 40
20
 50
90
 51
180
  0
ARC
  8
_0-4_設備機器
  6
CONTINUOUS
 62
   18
 10
13185.169491525422
 20
17887.288135593218
 40
20
 50
0
 51
90
  0
CIRCLE
  8
_0-4_設備機器
  6
CONTINUOUS
 62
   18
 10
12910.169491525422
 20
17232.263355319781
 40
25
  0
CIRCLE
  8
_0-4_設備機器
  6
CONTINUOUS
 62
   18
 10
12910.169491525422
 20
17232.263355319781
 40
25
  0
CIRCLE
  8
_0-4_設備機器
  6
CONTINUOUS
 62
   18
 10
12910.169491525422
 20
17232.263355319781
 40
40
  0
LINE
  8
_0-4_設備機器
  6
CONTINUOUS
 62
   18
 10
12585.169491525422
 20
16337.28813559322
 11
12585.169491525422
 21
17117.288135593218
  0
LINE
  8
_0-4_設備機器
  6
CONTINUOUS
 62
   18
 10
13235.169491525422
 20
16337.288135593218
 11
13235.169491525422
 21
17117.288135593218
  0
LINE
  8
_0-4_設備機器
  6
CONTINUOUS
 62
   18
 10
13079.169491525422
 20
17104.288135593218
 11
13079.169491525422
 21
16350.288135593222
  0
LINE
  8
_0-4_設備機器
  6
CONTINUOUS
 62
   18
 10
12585.169491525422
 20
16337.28813559322
 11
13235.169491525422
 21
16337.288135593218
  0
LINE
  8
_0-4_設備機器
  6
CONTINUOUS
 62
   18
 10
12585.169491525422
 20
17117.288135593218
 11
13235.169491525422
 21
17117.288135593218
  0
LINE
  8
_0-4_設備機器
  6
CONTINUOUS
 62
   18
 10
12819.1297332558
 20
16425.030434303582
 11
12819.1297332558
 21
16425.030434303582
  0
LINE
  8
_0-4_設備機器
  6
CONTINUOUS
 62
   18
 10
12819.1297332558
 20
16425.030434303582
 11
12854.226955977428
 21
16429.438938222869
  0
LINE
  8
_0-4_設備機器
  6
CONTINUOUS
 62
   18
 10
12854.226955977428
 20
16429.438938222869
 11
12888.288502159008
 21
16442.897439285286
  0
LINE
  8
_0-4_設備機器
  6
CONTINUOUS
 62
   18
 10
12888.288502159008
 20
16442.897439285286
 11
12920.279428955789
 21
16464.997007746384
  0
LINE
  8
_0-4_設備機器
  6
CONTINUOUS
 62
   18
 10
12920.279428955789
 20
16464.997007746384
 11
12949.22770824524
 21
16495.066159401394
  0
LINE
  8
_0-4_設備機器
  6
CONTINUOUS
 62
   18
 10
12949.22770824524
 20
16495.066159401394
 11
12974.253761209687
 21
16532.191258293001
  0
LINE
  8
_0-4_設備機器
  6
CONTINUOUS
 62
   18
 10
12974.253761209687
 20
16532.191258293001
 11
12994.5971838936
 21
16575.244277077592
  0
LINE
  8
_0-4_設備機器
  6
CONTINUOUS
 62
   18
 10
12994.5971838936
 20
16575.244277077592
 11
13009.639851692994
 21
16622.917071565276
  0
LINE
  8
_0-4_設備機器
  6
CONTINUOUS
 62
   18
 10
13009.639851692994
 20
16622.917071565276
 11
13018.924700758745
 21
16673.761128019144
  0
LINE
  8
_0-4_設備機器
  6
CONTINUOUS
 62
   18
 10
13018.924700758745
 20
16673.761128019144
 11
13022.169615650349
 21
16726.231575512178
  0
LINE
  8
_0-4_設備機器
  6
CONTINUOUS
 62
   18
 10
13022.169615650349
 20
16726.231575512178
 11
13019.276001270833
 21
16778.734126048628
  0
LINE
  8
_0-4_設備機器
  6
CONTINUOUS
 62
   18
 10
13019.276001270833
 20
16778.734126048628
 11
13010.331778628873
 21
16829.673516198017
  0
LINE
  8
_0-4_設備機器
  6
CONTINUOUS
 62
   18
 10
13010.331778628873
 20
16829.673516198017
 11
12995.608713403456
 21
16877.501978367232
  0
LINE
  8
_0-4_設備機器
  6
CONTINUOUS
 62
   18
 10
12995.608713403456
 20
16877.501978367232
 11
12975.554158481225
 21
16920.766268935632
  0
LINE
  8
_0-4_設備機器
  6
CONTINUOUS
 62
   18
 10
12975.554158481225
 20
16920.766268935632
 11
12950.777461365394
 21
16958.15182432708
  0
LINE
  8
_0-4_設備機器
  6
CONTINUOUS
 62
   18
 10
12950.777461365394
 20
16958.15182432708
 11
12922.031449460217
 21
16988.522703359016
  0
LINE
  8
_0-4_設備機器
  6
CONTINUOUS
 62
   18
 10
12922.031449460217
 20
16988.522703359016
 11
12890.189555791248
 21
17010.956102240455
  0
LINE
  8
_0-4_設備機器
  6
CONTINUOUS
 62
   18
 10
12890.189555791248
 20
17010.956102240455
 11
12856.219280184843
 21
17024.770393498238
  0
LINE
  8
_0-4_設備機器
  6
CONTINUOUS
 62
   18
 10
12856.219280184843
 20
17024.770393498238
 11
12821.152792275514
 21
17029.545836882862
  0
LINE
  8
_0-4_設備機器
  6
CONTINUOUS
 62
   18
 10
12821.152792275514
 20
17029.545836882862
 11
12786.055569553887
 21
17025.137332963575
  0
LINE
  8
_0-4_設備機器
  6
CONTINUOUS
 62
   18
 10
12786.055569553887
 20
17025.137332963575
 11
12751.994023372306
 21
17011.678831901157
  0
LINE
  8
_0-4_設備機器
  6
CONTINUOUS
 62
   18
 10
12751.994023372306
 20
17011.678831901157
 11
12720.003096575524
 21
16989.57926344006
  0
LINE
  8
_0-4_設備機器
  6
CONTINUOUS
 62
   18
 10
12720.003096575524
 20
16989.57926344006
 11
12691.054817286074
 21
16959.510111785053
  0
LINE
  8
_0-4_設備機器
  6
CONTINUOUS
 62
   18
 10
12691.054817286074
 20
16959.510111785053
 11
12666.028764321627
 21
16922.385012893442
  0
LINE
  8
_0-4_設備機器
  6
CONTINUOUS
 62
   18
 10
12666.028764321627
 20
16922.385012893442
 11
12645.685341637714
 21
16879.331994108852
  0
LINE
  8
_0-4_設備機器
  6
CONTINUOUS
 62
   18
 10
12645.685341637714
 20
16879.331994108852
 11
12630.642673838319
 21
16831.659199621168
  0
LINE
  8
_0-4_設備機器
  6
CONTINUOUS
 62
   18
 10
12630.642673838319
 20
16831.659199621168
 11
12621.357824772569
 21
16780.815143167299
  0
LINE
  8
_0-4_設備機器
  6
CONTINUOUS
 62
   18
 10
12621.357824772569
 20
16780.815143167299
 11
12618.112909880965
 21
16728.344695674266
  0
LINE
  8
_0-4_設備機器
  6
CONTINUOUS
 62
   18
 10
12618.112909880965
 20
16728.344695674266
 11
12621.006524260481
 21
16675.842145137816
  0
LINE
  8
_0-4_設備機器
  6
CONTINUOUS
 62
   18
 10
12621.006524260481
 20
16675.842145137816
 11
12629.950746902439
 21
16624.902754988426
  0
LINE
  8
_0-4_設備機器
  6
CONTINUOUS
 62
   18
 10
12629.950746902439
 20
16624.902754988426
 11
12644.673812127857
 21
16577.074292819212
  0
LINE
  8
_0-4_設備機器
  6
CONTINUOUS
 62
   18
 10
12644.673812127857
 20
16577.074292819212
 11
12664.728367050089
 21
16533.810002250811
  0
LINE
  8
_0-4_設備機器
  6
CONTINUOUS
 62
   18
 10
12664.728367050089
 20
16533.810002250811
 11
12689.505064165919
 21
16496.424446859364
  0
LINE
  8
_0-4_設備機器
  6
CONTINUOUS
 62
   18
 10
12689.505064165919
 20
16496.424446859364
 11
12718.251076071095
 21
16466.053567827428
  0
LINE
  8
_0-4_設備機器
  6
CONTINUOUS
 62
   18
 10
12718.251076071095
 20
16466.053567827428
 11
12750.092969740064
 21
16443.620168945988
  0
LINE
  8
_0-4_設備機器
  6
CONTINUOUS
 62
   18
 10
12750.092969740064
 20
16443.620168945988
 11
12784.063245346469
 21
16429.805877688206
  0
LINE
  8
_0-4_設備機器
  6
CONTINUOUS
 62
   18
 10
12784.063245346469
 20
16429.805877688206
 11
12819.129733255798
 21
16425.030434303582
  0
LINE
  8
_0-4_設備機器
  6
CONTINUOUS
 62
   18
 10
12819.129733255798
 20
16425.030434303582
 11
12819.1297332558
 21
16425.030434303582
  0
LINE
  8
_0-4_設備機器
  6
CONTINUOUS
 62
   18
 10
12819.291335448027
 20
16473.337956284729
 11
12819.291335448027
 21
16473.337956284729
  0
LINE
  8
_0-4_設備機器
  6
CONTINUOUS
 62
   18
 10
12819.291335448027
 20
16473.337956284729
 11
12847.676784111634
 21
16477.047650280761
  0
LINE
  8
_0-4_設備機器
  6
CONTINUOUS
 62
   18
 10
12847.676784111634
 20
16477.047650280761
 11
12875.22557989279
 21
16488.360774795219
  0
LINE
  8
_0-4_設備機器
  6
CONTINUOUS
 62
   18
 10
12875.22557989279
 20
16488.360774795219
 11
12901.100666572048
 21
16506.933586264447
  0
LINE
  8
_0-4_設備機器
  6
CONTINUOUS
 62
   18
 10
12901.100666572048
 20
16506.933586264447
 11
12924.515842734084
 21
16532.201759210245
  0
LINE
  8
_0-4_設備機器
  6
CONTINUOUS
 62
   18
 10
12924.515842734084
 20
16532.201759210245
 11
12944.759650099864
 21
16563.39753298397
  0
LINE
  8
_0-4_設備機器
  6
CONTINUOUS
 62
   18
 10
12944.759650099864
 20
16563.39753298397
 11
12961.216990826442
 21
16599.573039785333
  0
LINE
  8
_0-4_設備機器
  6
CONTINUOUS
 62
   18
 10
12961.216990826442
 20
16599.573039785333
 11
12973.387816943655
 21
16639.629105145861
  0
LINE
  8
_0-4_設備機器
  6
CONTINUOUS
 62
   18
 10
12973.387816943655
 20
16639.629105145861
 11
12980.902324058668
 21
16682.348645788919
  0
LINE
  8
_0-4_設備機器
  6
CONTINUOUS
 62
   18
 10
12980.902324058668
 20
16682.348645788919
 11
12983.532187675315
 21
16726.433650089205
  0
LINE
  8
_0-4_設備機器
  6
CONTINUOUS
 62
   18
 10
12983.532187675315
 20
16726.433650089205
 11
12981.197500718379
 21
16770.544617499141
  0
LINE
  8
_0-4_設備機器
  6
CONTINUOUS
 62
   18
 10
12981.197500718379
 20
16770.544617499141
 11
12973.969201469639
 21
16813.341258595199
  0
LINE
  8
_0-4_設備機器
  6
CONTINUOUS
 62
   18
 10
12973.969201469639
 20
16813.341258595199
 11
12962.066918144071
 21
16853.523219093825
  0
LINE
  8
_0-4_設備機器
  6
CONTINUOUS
 62
   18
 10
12962.066918144071
 20
16853.523219093825
 11
12945.852295597678
 21
16889.869590458318
  0
LINE
  8
_0-4_設備機器
  6
CONTINUOUS
 62
   18
 10
12945.852295597678
 20
16889.869590458318
 11
12925.818006931534
 21
16921.276006586922
  0
LINE
  8
_0-4_設備機器
  6
CONTINUOUS
 62
   18
 10
12925.818006931534
 20
16921.276006586922
 11
12902.572783868923
 21
16946.78819941798
  0
LINE
  8
_0-4_設備機器
  6
CONTINUOUS
 62
   18
 10
12902.572783868923
 20
16946.78819941798
 11
12876.822920749953
 21
16965.630993882117
  0
LINE
  8
_0-4_設備機器
  6
CONTINUOUS
 62
   18
 10
12876.822920749953
 20
16965.630993882117
 11
12849.350814135432
 21
16977.23186120445
  0
LINE
  8
_0-4_設備機器
  6
CONTINUOUS
 62
   18
 10
12849.350814135432
 20
16977.23186120445
 11
12820.991190083286
 21
16981.238314901715
  0
LINE
  8
_0-4_設備機器
  6
CONTINUOUS
 62
   18
 10
12820.991190083286
 20
16981.238314901715
 11
12792.60574141968
 21
16977.528620905683
  0
LINE
  8
_0-4_設備機器
  6
CONTINUOUS
 62
   18
 10
12792.60574141968
 20
16977.528620905683
 11
12765.056945638523
 21
16966.215496391225
  0
LINE
  8
_0-4_設備機器
  6
CONTINUOUS
 62
   18
 10
12765.056945638523
 20
16966.215496391225
 11
12739.181858959265
 21
16947.642684921996
  0
LINE
  8
_0-4_設備機器
  6
CONTINUOUS
 62
   18
 10
12739.181858959265
 20
16947.642684921996
 11
12715.766682797231
 21
16922.374511976198
  0
LINE
  8
_0-4_設備機器
  6
CONTINUOUS
 62
   18
 10
12715.766682797231
 20
16922.374511976198
 11
12695.52287543145
 21
16891.178738202474
  0
LINE
  8
_0-4_設備機器
  6
CONTINUOUS
 62
   18
 10
12695.52287543145
 20
16891.178738202474
 11
12679.065534704872
 21
16855.003231401111
  0
LINE
  8
_0-4_設備機器
  6
CONTINUOUS
 62
   18
 10
12679.065534704872
 20
16855.003231401111
 11
12666.894708587658
 21
16814.947166040583
  0
LINE
  8
_0-4_設備機器
  6
CONTINUOUS
 62
   18
 10
12666.894708587658
 20
16814.947166040583
 11
12659.380201472646
 21
16772.227625397525
  0
LINE
  8
_0-4_設備機器
  6
CONTINUOUS
 62
   18
 10
12659.380201472646
 20
16772.227625397525
 11
12656.750337855999
 21
16728.142621097238
  0
LINE
  8
_0-4_設備機器
  6
CONTINUOUS
 62
   18
 10
12656.750337855999
 20
16728.142621097238
 11
12659.085024812935
 21
16684.031653687303
  0
LINE
  8
_0-4_設備機器
  6
CONTINUOUS
 62
   18
 10
12659.085024812935
 20
16684.031653687303
 11
12666.313324061675
 21
16641.235012591245
  0
LINE
  8
_0-4_設備機器
  6
CONTINUOUS
 62
   18
 10
12666.313324061675
 20
16641.235012591245
 11
12678.215607387242
 21
16601.053052092618
  0
LINE
  8
_0-4_設備機器
  6
CONTINUOUS
 62
   18
 10
12678.215607387242
 20
16601.053052092618
 11
12694.430229933635
 21
16564.706680728126
  0
LINE
  8
_0-4_設備機器
  6
CONTINUOUS
 62
   18
 10
12694.430229933635
 20
16564.706680728126
 11
12714.464518599779
 21
16533.300264599522
  0
LINE
  8
_0-4_設備機器
  6
CONTINUOUS
 62
   18
 10
12714.464518599779
 20
16533.300264599522
 11
12737.709741662389
 21
16507.788071768463
  0
LINE
  8
_0-4_設備機器
  6
CONTINUOUS
 62
   18
 10
12737.709741662389
 20
16507.788071768463
 11
12763.459604781361
 21
16488.945277304326
  0
LINE
  8
_0-4_設備機器
  6
CONTINUOUS
 62
   18
 10
12763.459604781361
 20
16488.945277304326
 11
12790.931711395882
 21
16477.344409981993
  0
LINE
  8
_0-4_設備機器
  6
CONTINUOUS
 62
   18
 10
12790.931711395882
 20
16477.344409981993
 11
12819.291335448026
 21
16473.337956284729
  0
LINE
  8
_0-4_設備機器
  6
CONTINUOUS
 62
   18
 10
12819.291335448026
 20
16473.337956284729
 11
12819.291335448027
 21
16473.337956284729
  0
CIRCLE
  8
_0-4_設備機器
  6
CONTINUOUS
 62
   18
 10
12870.942440744172
 20
16727.288135593222
 40
29.752727508544925
  0
ARC
  8
_0-4_設備機器
  6
CONTINUOUS
 62
   18
 10
13092.169491525422
 20
16350.288135593222
 40
13
 50
180
 51
270
  0
ARC
  8
_0-4_設備機器
  6
CONTINUOUS
 62
   18
 10
13092.169491525424
 20
17104.288135593218
 40
13
 50
90
 51
180
  0
ARC
  8
_0-4_設備機器
  6
DASHED1
 62
  132
 10
13079.169491525422
 20
16350.288135593222
 40
376.99999999999818
 50
90
 51
134.99999999999988
  0
LINE
  8
_0-4_設備機器
  6
DASHED1
 62
  132
 10
13079.169491525422
 20
16350.288135593222
 11
12812.590235018098
 21
16616.86739210055
  0
ARC
  8
_0-4_設備機器
  6
DASHED1
 62
  132
 10
13079.169491525422
 20
17104.288135593218
 40
377.00000000000102
 50
225.00000000000014
 51
270
  0
LINE
  8
_0-4_設備機器
  6
DASHED1
 62
  132
 10
13079.169491525422
 20
17104.288135593218
 11
12812.590235018091
 21
16837.70887908589
  0
LINE
  8
_0-4_設備機器
  6
CONTINUOUS
 62
   18
 10
13190.169491525424
 20
16217.288135593218
 11
11530.169491525421
 21
16217.288135593218
  0
LINE
  8
_0-4_設備機器
  6
CONTINUOUS
 62
   18
 10
13150.16936945511
 20
16177.288135593222
 11
11570.169491525422
 21
16177.288135593222
  0
LINE
  8
_0-4_設備機器
  6
CONTINUOUS
 62
   18
 10
12402.878048654329
 20
16152.288135593222
 11
11595.169491525422
 21
16152.288135593222
  0
LINE
  8
_0-4_設備機器
  6
CONTINUOUS
 62
   18
 10
12430.169491525421
 20
15087.288135593218
 11
12430.169735666046
 21
16177.288135593222
  0
LINE
  8
_0-4_設備機器
  6
CONTINUOUS
 62
   18
 10
13190.169491525424
 20
16217.288135593218
 11
13190.169491525424
 21
15047.28813559322
  0
LINE
  8
_0-4_設備機器
  6
CONTINUOUS
 62
   18
 10
13150.16936945511
 20
16177.288135593222
 11
13150.16936945511
 21
15087.288135593218
  0
LINE
  8
_0-4_設備機器
  6
CONTINUOUS
 62
   18
 10
12402.878048654329
 20
15112.288135593218
 11
12402.878048654329
 21
16152.288135593222
  0
LINE
  8
_0-4_設備機器
  6
CONTINUOUS
 62
   18
 10
11570.169491525422
 20
16177.288135593222
 11
11570.169491525422
 21
15087.288135593218
  0
LINE
  8
_0-4_設備機器
  6
CONTINUOUS
 62
   18
 10
11530.169491525421
 20
15047.28813559322
 11
11530.169491525421
 21
16217.288135593218
  0
LINE
  8
_0-4_設備機器
  6
CONTINUOUS
 62
   18
 10
13190.169491525424
 20
15047.28813559322
 11
11530.169491525421
 21
15047.28813559322
  0
LINE
  8
_0-4_設備機器
  6
CONTINUOUS
 62
   18
 10
13150.16936945511
 20
15087.287159030716
 11
11570.169491525422
 21
15087.287159030716
  0
LINE
  8
_0-4_設備機器
  6
CONTINUOUS
 62
   18
 10
11595.169491525422
 20
15112.288135593218
 11
11595.169491525422
 21
16152.288135593222
  0
LINE
  8
_0-4_設備機器
  6
CONTINUOUS
 62
   18
 10
11595.169491525422
 20
15112.288135593218
 11
12402.878048654329
 21
15112.288135593218
  0
LINE
  8
ADD_LINE
  6
DOT
 62
   18
 10
11510.169491525422
 20
14987.288135593218
 11
11510.169491525422
 21
16237.288135593218
  0
LINE
  8
ADD_LINE
  6
DOT
 62
   18
 10
13210.169613595735
 20
14987.288135593218
 11
13210.169613595735
 21
16237.288135593218
  0
LINE
  8
ADD_LINE
  6
DOT
 62
   18
 10
11510.169491525422
 20
14987.288135593218
 11
13210.169613595735
 21
14987.288135593218
  0
LINE
  8
_0-4_設備機器
  6
CONTINUOUS
 62
   18
 10
12255.357174630889
 20
16177.288135593222
 11
12255.357174630889
 21
16197.288135593214
  0
LINE
  8
_0-4_設備機器
  6
CONTINUOUS
 62
   18
 10
11590.169491525424
 20
16177.288135593222
 11
11590.169491525424
 21
16197.288135593214
  0
LINE
  8
_0-4_設備機器
  6
CONTINUOUS
 62
   18
 10
12282.802609201204
 20
15112.288135593218
 11
12282.802609201204
 21
15276.499683444779
  0
LINE
  8
_0-4_設備機器
  6
CONTINUOUS
 62
   18
 10
12282.802609201204
 20
15276.499683444779
 11
12402.878048654329
 21
15276.499683444779
  0
LINE
  8
_0-4_設備機器
  6
CONTINUOUS
 62
   18
 10
12390.108883615266
 20
15128.910327976029
 11
12302.578671212921
 21
15128.910327976029
  0
LINE
  8
_0-4_設備機器
  6
CONTINUOUS
 62
   18
 10
12390.108883615266
 20
15145.007862155716
 11
12302.578671212921
 21
15145.007862155716
  0
LINE
  8
_0-4_設備機器
  6
CONTINUOUS
 62
   18
 10
12390.108883615266
 20
15161.105396335404
 11
12302.578671212921
 21
15161.105396335404
  0
LINE
  8
_0-4_設備機器
  6
CONTINUOUS
 62
   18
 10
12390.108883615266
 20
15177.202930515089
 11
12302.578671212921
 21
15177.202930515089
  0
LINE
  8
_0-4_設備機器
  6
CONTINUOUS
 62
   18
 10
12390.108883615266
 20
15193.300464694782
 11
12302.578671212921
 21
15193.300464694782
  0
LINE
  8
_0-4_設備機器
  6
CONTINUOUS
 62
   18
 10
12390.108883615266
 20
15209.397876804156
 11
12302.578671212921
 21
15209.397876804156
  0
LINE
  8
_0-4_設備機器
  6
CONTINUOUS
 62
   18
 10
12390.108883615266
 20
15225.495410983841
 11
12302.578671212921
 21
15225.495410983841
  0
LINE
  8
_0-4_設備機器
  6
CONTINUOUS
 62
   18
 10
12390.108883615266
 20
15241.592945163529
 11
12302.578671212921
 21
15241.592945163529
  0
LINE
  8
_0-4_設備機器
  6
CONTINUOUS
 62
   18
 10
12390.108883615266
 20
15257.690418308062
 11
12302.578671212921
 21
15257.690418308062
  0
LINE
  8
_0-4_設備機器
  6
CONTINUOUS
 62
   18
 10
11590.169491525424
 20
16197.288135593214
 11
12255.357174630889
 21
16197.288135593214
  0
LINE
  8
_0-4_設備機器
  6
CONTINUOUS
 62
  132
 10
11590.169491525424
 20
16197.288135593214
 11
11863.076321359407
 21
15607.285083835404
  0
CIRCLE
  8
_0-4_設備機器
  6
CONTINUOUS
 62
   18
 10
12790.169491525424
 20
15247.287159030718
 40
27.500000000000003
  0
CIRCLE
  8
_0-4_設備機器
  6
CONTINUOUS
 62
   18
 10
12790.180966134797
 20
15240.891223972124
 40
22.832340240478515
  0
ARC
  8
_0-4_設備機器
  6
CONTINUOUS
 62
   18
 10
13005.932308908233
 20
15210.914478366652
 40
60
 50
277.7420654296875
 51
352.30537414550781
  0
ARC
  8
_0-4_設備機器
  6
CONTINUOUS
 62
   18
 10
9921.6533782441729
 20
15627.630298679159
 40
3172.302734375
 50
352.30537414550781
 51
7.588958740234375
  0
ARC
  8
_0-4_設備機器
  6
CONTINUOUS
 62
   18
 10
13006.695492501983
 20
16038.657917087357
 40
60
 50
7.5889587402343963
 51
79.31147766113284
  0
ARC
  8
_0-4_設備機器
  6
CONTINUOUS
 62
   18
 10
12788.904598947297
 20
14884.763721530714
 40
1234.267822265625
 50
79.311477661132855
 51
100.68850708007816
  0
ARC
  8
_0-4_設備機器
  6
CONTINUOUS
 62
   18
 10
12571.113583322297
 20
16038.657917087357
 40
60
 50
100.68850708007813
 51
172.41102600097659
  0
ARC
  8
_0-4_設備機器
  6
CONTINUOUS
 62
   18
 10
12788.904598947297
 20
16807.254139011183
 40
1671.0249023437502
 50
262.25790405273437
 51
277.74208068847656
  0
ARC
  8
_0-4_設備機器
  6
CONTINUOUS
 62
   18
 10
15656.155819650422
 20
15627.630298679156
 40
3172.302734375
 50
172.41102600097656
 51
187.69461059570312
  0
ARC
  8
_0-4_設備機器
  6
CONTINUOUS
 62
   18
 10
12571.876766916047
 20
15210.914478366652
 40
60
 50
187.69461059570312
 51
262.25790405273437
  0
ARC
  8
_0-4_設備機器
  6
CONTINUOUS
 62
   18
 10
13005.932308908233
 20
15210.914478366652
 40
35.386459350585937
 50
277.7420654296875
 51
352.30537414550781
  0
ARC
  8
_0-4_設備機器
  6
CONTINUOUS
 62
   18
 10
12788.904598947297
 20
16807.254139011183
 40
1646.4113769531247
 50
262.25790405273437
 51
277.74208068847656
  0
ARC
  8
_0-4_設備機器
  6
CONTINUOUS
 62
   18
 10
12571.876766916047
 20
15210.914478366652
 40
35.386459350585937
 50
187.69461059570312
 51
262.25790405273437
  0
ARC
  8
_0-4_設備機器
  6
CONTINUOUS
 62
   18
 10
9921.6533782441729
 20
15627.630298679159
 40
3147.689208984375
 50
352.30537414550781
 51
4.2696990966796875
  0
ARC
  8
_0-4_設備機器
  6
CONTINUOUS
 62
   18
 10
13000.773251291047
 20
15857.513080661577
 40
60
 50
4.269683837890625
 51
79.38031005859375
  0
ARC
  8
_0-4_設備機器
  6
CONTINUOUS
 62
   18
 10
12788.904598947297
 20
14727.549976413531
 40
1209.6541748046875
 50
79.380310058593764
 51
100.61967468261718
  0
ARC
  8
_0-4_設備機器
  6
CONTINUOUS
 62
   18
 10
15656.155819650422
 20
15627.630298679156
 40
3147.689208984375
 50
175.73028564453125
 51
187.69461059570312
  0
ARC
  8
_0-4_設備機器
  6
CONTINUOUS
 62
   18
 10
12577.035946603547
 20
15857.513080661577
 40
60
 50
100.61967468261718
 51
175.73028564453125
  0
ARC
  8
_0-4_設備機器
  6
CONTINUOUS
 62
  132
 10
11596.814755197297
 20
16204.788135593218
 40
654.14459228515625
 50
294.01887512207031
 51
359.34748840332031
  0
LINE
  8
_0-4_設備機器
  6
CONTINUOUS
 62
   18
 10
12245.494625802766
 20
16197.288135593214
 11
12245.494625802766
 21
16237.288135593218
  0
LINE
  8
_0-4_設備機器
  6
CONTINUOUS
 62
   18
 10
11605.415417428741
 20
16197.288135593214
 11
11605.415417428741
 21
16237.288135593218
  0
LINE
  8
_0-4_設備機器
  6
CONTINUOUS
 62
   18
 10
10285.168942209014
 20
17937.288135593218
 11
10285.168942209014
 21
16137.28813559322
  0
LINE
  8
_0-4_設備機器
  6
CONTINUOUS
 62
   18
 10
10285.168942209014
 20
16137.28813559322
 11
9685.1694915254229
 21
16137.28813559322
  0
LINE
  8
_0-4_設備機器
  6
CONTINUOUS
 62
   18
 10
9685.1694915254229
 20
17937.288135593218
 11
9685.1694915254229
 21
16137.28813559322
  0
LINE
  8
_0-4_設備機器
  6
CONTINUOUS
 62
   18
 10
10285.168942209014
 20
17937.288135593218
 11
9685.1694915254229
 21
17937.288135593218
  0
LINE
  8
_0-4_設備機器
  6
CONTINUOUS
 62
   18
 10
10233.502577674567
 20
17937.288135593218
 11
10233.502577674567
 21
17337.288013522909
  0
LINE
  8
_0-4_設備機器
  6
CONTINUOUS
 62
   18
 10
10162.758284461677
 20
17937.288135593218
 11
10162.758284461677
 21
17337.288013522909
  0
ARC
  8
_0-4_設備機器
  6
CONTINUOUS
 62
   18
 10
10169.440121408231
 20
16258.337703769489
 40
29.999999999999992
 50
270
 51
0
  0
ARC
  8
_0-4_設備機器
  6
CONTINUOUS
 62
   18
 10
10169.440121408231
 20
16780.006092136187
 40
29.999999999999992
 50
0
 51
90
  0
ARC
  8
_0-4_設備機器
  6
CONTINUOUS
 62
   18
 10
9804.9786117036437
 20
16780.006092136187
 40
29.999999999999992
 50
90
 51
180
  0
ARC
  8
_0-4_設備機器
  6
CONTINUOUS
 62
   18
 10
9804.9786117036455
 20
16258.337703769489
 40
29.999999999999992
 50
180
 51
270
  0
LINE
  8
_0-4_設備機器
  6
CONTINUOUS
 62
   18
 10
10285.168942209014
 20
17337.288013522909
 11
9715.1690947969054
 21
17337.288013522909
  0
LINE
  8
_0-4_設備機器
  6
CONTINUOUS
 62
   18
 10
10169.440121408231
 20
16228.337635104939
 11
9804.9786117036455
 21
16228.337635104939
  0
LINE
  8
_0-4_設備機器
  6
CONTINUOUS
 62
   18
 10
10199.439755197297
 20
16258.337703769489
 11
10199.439755197297
 21
16780.006092136187
  0
LINE
  8
_0-4_設備機器
  6
CONTINUOUS
 62
   18
 10
10169.440121408231
 20
16810.006153171347
 11
9804.9786117036437
 21
16810.006153171343
  0
LINE
  8
_0-4_設備機器
  6
CONTINUOUS
 62
   18
 10
9774.9790084321575
 20
16780.006092136187
 11
9774.9790084321612
 21
16258.337703769489
  0
LINE
  8
_0-4_設備機器
  6
CONTINUOUS
 62
   18
 10
9715.1690947969054
 20
17937.288135593218
 11
9715.1690947969054
 21
16137.28813559322
  0
LINE
  8
_0-4_設備機器
  6
CONTINUOUS
 62
   18
 10
9811.4921721947303
 20
17702.484256493218
 11
9811.4921721947303
 21
17572.091892622906
  0
LINE
  8
_0-4_設備機器
  6
CONTINUOUS
 62
   18
 10
9772.8876400547287
 20
17702.484256493218
 11
9772.8876400547287
 21
17572.091892622906
  0
LINE
  8
_0-4_設備機器
  6
CONTINUOUS
 62
   18
 10
9880.6597285512525
 20
17586.573169772906
 11
9923.0870051625788
 21
17544.146411960406
  0
LINE
  8
_0-4_設備機器
  6
CONTINUOUS
 62
   18
 10
10007.939071202621
 20
17544.146411960406
 11
10050.366317296369
 21
17586.572803561968
  0
LINE
  8
_0-4_設備機器
  6
CONTINUOUS
 62
   18
 10
10007.939071202621
 20
17459.293750827593
 11
10050.366317296369
 21
17416.867481296343
  0
LINE
  8
_0-4_設備機器
  6
CONTINUOUS
 62
   18
 10
9880.6597285512525
 20
17416.867481296343
 11
9923.0870051625788
 21
17459.293750827593
  0
LINE
  8
_0-4_設備機器
  6
CONTINUOUS
 62
   18
 10
9880.6597285512525
 20
17691.980884616656
 11
9923.0870051625788
 21
17734.407276218218
  0
LINE
  8
_0-4_設備機器
  6
CONTINUOUS
 62
   18
 10
9923.0870051625788
 20
17819.259937351031
 11
9880.6597285512525
 21
17861.686328952593
  0
LINE
  8
_0-4_設備機器
  6
CONTINUOUS
 62
   18
 10
10007.939071202621
 20
17819.259937351031
 11
10050.366317296366
 21
17861.686573093218
  0
LINE
  8
_0-4_設備機器
  6
CONTINUOUS
 62
   18
 10
10050.366317296369
 20
17691.980884616656
 11
10007.939071202621
 21
17734.407520358843
  0
CIRCLE
  8
_0-4_設備機器
  6
CONTINUOUS
 62
   18
 10
9965.5130458119947
 20
17776.833667819784
 40
99.999999999999971
  0
CIRCLE
  8
_0-4_設備機器
  6
CONTINUOUS
 62
   18
 10
9965.5130458119947
 20
17501.720142429156
 40
99.999999999999971
  0
ARC
  8
_0-4_設備機器
  6
CONTINUOUS
 62
   18
 10
9792.1899061247295
 20
17572.091892622906
 40
19.302266070000229
 50
180
 51
0
  0
ARC
  8
_0-4_設備機器
  6
CONTINUOUS
 62
   18
 10
9792.1899061247295
 20
17702.484256493218
 40
19.302266070000229
 50
0
 51
180
  0
LINE
  8
_0-4_設備機器
  6
CONTINUOUS
 62
   18
 10
10173.250617711675
 20
17730.096445408689
 11
10173.250617711675
 21
17544.479703707438
  0
LINE
  8
_0-4_設備機器
  6
CONTINUOUS
 62
   18
 10
10223.010244424569
 20
17544.479703707438
 11
10173.250617711675
 21
17544.479703707438
  0
LINE
  8
_0-4_設備機器
  6
CONTINUOUS
 62
   18
 10
10223.010244424569
 20
17730.096445408689
 11
10223.010244424569
 21
17544.479703707438
  0
LINE
  8
_0-4_設備機器
  6
CONTINUOUS
 62
   18
 10
10173.250617711675
 20
17730.096445408689
 11
10223.010244424569
 21
17730.096445408689
  0
LINE
  8
_0-4_設備機器
  6
CONTINUOUS
 62
   18
 10
10188.130431068122
 20
17415.883858615172
 11
10208.130431068122
 21
17415.883858615172
  0
LINE
  8
_0-4_設備機器
  6
CONTINUOUS
 62
   18
 10
10208.130431068122
 20
17415.883858615172
 11
10208.130431068122
 21
17465.883858615172
  0
LINE
  8
_0-4_設備機器
  6
CONTINUOUS
 62
   18
 10
10208.130431068122
 20
17465.883858615172
 11
10188.130431068122
 21
17465.883858615172
  0
LINE
  8
_0-4_設備機器
  6
CONTINUOUS
 62
   18
 10
10188.130431068122
 20
17465.883858615172
 11
10188.130431068122
 21
17415.883858615172
  0
LINE
  8
_0-4_設備機器
  6
CONTINUOUS
 62
   18
 10
10188.130431068122
 20
17808.692290500956
 11
10208.130431068122
 21
17808.692290500956
  0
LINE
  8
_0-4_設備機器
  6
CONTINUOUS
 62
   18
 10
10208.130431068122
 20
17808.692290500956
 11
10208.130431068122
 21
17858.692290500956
  0
LINE
  8
_0-4_設備機器
  6
CONTINUOUS
 62
   18
 10
10208.130431068122
 20
17858.692290500956
 11
10188.130431068122
 21
17858.692290500956
  0
LINE
  8
_0-4_設備機器
  6
CONTINUOUS
 62
   18
 10
10188.130431068122
 20
17858.692290500956
 11
10188.130431068122
 21
17808.692290500956
  0
LINE
  8
_0-4_設備機器
  6
CONTINUOUS
 62
   18
 10
10187.559082823478
 20
17745.41162575579
 11
10207.559082823476
 21
17745.41162575579
  0
LINE
  8
_0-4_設備機器
  6
CONTINUOUS
 62
   18
 10
10207.559082823476
 20
17745.41162575579
 11
10207.559082823476
 21
17765.41162575579
  0
LINE
  8
_0-4_設備機器
  6
CONTINUOUS
 62
   18
 10
10207.559082823476
 20
17765.41162575579
 11
10187.559082823478
 21
17765.41162575579
  0
LINE
  8
_0-4_設備機器
  6
CONTINUOUS
 62
   18
 10
10187.559082823478
 20
17765.41162575579
 11
10187.559082823478
 21
17745.41162575579
  0
LINE
  8
_0-4_設備機器
  6
DASHED1
 62
  132
 10
10115.169094796905
 20
17337.288013522909
 11
10115.169094796905
 21
16137.28813559322
  0
LINE
  8
_0-4_設備機器
  6
DASHED1
 62
  132
 10
9715.1690947969054
 20
17337.288013522909
 11
10285.168942209014
 21
17937.288135593218
  0
LINE
  8
_0-4_設備機器
  6
DASHED1
 62
  132
 10
10285.168942209014
 20
17337.288013522909
 11
9715.1690947969054
 21
17937.288135593218
  0
LINE
  8
_0-4_設備機器
  6
DASHED1
 62
  132
 10
10115.169094796905
 20
16137.28813559322
 11
9715.1690947969054
 21
17337.288013522909
  0
LINE
  8
_0-2_間仕切り
  6
CONTINUOUS
 62
   18
 10
11510.169491525422
 20
16237.288135593218
 11
11605.415417428741
 21
16237.288135593218
  0
LINE
  8
_0-2_間仕切り
  6
CONTINUOUS
 62
   18
 10
11510.169491525422
 20
16337.288135593218
 11
11605.415417428741
 21
16337.288135593218
  0
LINE
  8
_0-4_設備機器
  6
CONTINUOUS
 62
   18
 10
11605.415417428741
 20
16237.288135593218
 11
11605.415417428741
 21
16337.288135593218
  0
LINE
  8
_0-2_間仕切り
  6
CONTINUOUS
 62
   18
 10
12245.494625802766
 20
16337.288135593218
 11
13235.169491525422
 21
16337.288135593218
  0
LINE
  8
_0-4_設備機器
  6
CONTINUOUS
 62
   18
 10
12245.494625802766
 20
16237.288135593218
 11
12245.494625802766
 21
16337.288135593218
  0
LINE
  8
_0-2_間仕切り
  6
CONTINUOUS
 62
   18
 10
12245.494625802766
 20
16237.288135593218
 11
13235.169491525422
 21
16237.288135593218
  0
SOLID
  8
_0-2_間仕切り
  6
CONTINUOUS
 62
    9
 10
11410.169491525422
 20
16337.288135593218
 11
11410.169491525422
 21
14287.288135593218
 12
11510.169491525422
 22
16337.288135593218
 13
11510.169491525422
 23
14287.288135593218
  0
SOLID
  8
_0-2_間仕切り
  6
CONTINUOUS
 62
    9
 10
11605.415417428741
 20
16237.288135593218
 11
11605.415417428741
 21
16337.288135593218
 12
11510.169491525422
 22
16237.288135593218
 13
11510.169491525422
 23
16337.288135593218
  0
SOLID
  8
_0-2_間仕切り
  6
CONTINUOUS
 62
    9
 10
12245.494625802766
 20
16337.288135593218
 11
12245.494625802766
 21
16237.288135593218
 12
13235.169491525422
 22
16337.288135593218
 13
13235.169491525422
 23
16237.288135593218
  0
SOLID
  8
_0-2_間仕切り
  6
CONTINUOUS
 62
    9
 10
13235.169491525422
 20
14987.288135593218
 11
13235.169491525422
 21
14887.288135593218
 12
11510.169491525422
 22
14987.288135593218
 13
11510.169491525422
 23
14887.288135593218
  0
SOLID
  8
_0-2_間仕切り
  6
CONTINUOUS
 62
    9
 10
9685.1694915254229
 20
18037.288135593218
 11
9685.1694915254229
 21
17937.288135593218
 12
10510.169491525422
 22
18037.288135593218
 13
10510.169491525422
 23
17937.288135593218
  0
SOLID
  8
_0-2_間仕切り
  6
CONTINUOUS
 62
    9
 10
11410.169491525422
 20
18912.288135593218
 11
11410.169491525422
 21
17007.288135593218
 12
11510.169491525422
 22
18912.288135593218
 13
11510.169491525422
 23
17007.288135593218
  0
SOLID
  8
_0-2_間仕切り
  6
CONTINUOUS
 62
    9
 10
12180.169491525422
 20
18037.288135593218
 11
12180.169491525422
 21
17937.288135593218
 12
12710.169491525422
 22
18037.288135593218
 13
12710.169491525422
 23
17937.288135593218
  0
LINE
  8
_0-5__仕上
  6
CONTINUOUS
 62
  132
 10
11510.169491525422
 20
14337.288135593218
 11
13235.169491525422
 21
14887.288135593218
  0
LINE
  8
_0-5__仕上
  6
CONTINUOUS
 62
  132
 10
9685.1694915254229
 20
13647.28813559322
 11
9685.1694915254229
 21
12277.288135593218
  0
LINE
  8
_0-5__仕上
  6
CONTINUOUS
 62
  132
 10
10575.169491525422
 20
11662.288135593218
 11
12345.169491525422
 21
11662.288135593218
  0
LINE
  8
_0-5__仕上
  6
CONTINUOUS
 62
  132
 10
10135.169491525422
 20
11750
 11
13235.169491525422
 21
11750
  0
LINE
  8
_0-5__仕上
  6
CONTINUOUS
 62
  132
 10
10135.169491525422
 20
11850
 11
13235.169491525422
 21
11850
  0
LINE
  8
_0-5__仕上
  6
CONTINUOUS
 62
  132
 10
10135.169491525422
 20
11950
 11
13235.169491525422
 21
11950
  0
LINE
  8
_0-5__仕上
  6
CONTINUOUS
 62
  132
 10
10135.169491525422
 20
12050
 11
13235.169491525422
 21
12050
  0
LINE
  8
_0-5__仕上
  6
CONTINUOUS
 62
  132
 10
9685.1694915254229
 20
12150
 11
13235.169491525422
 21
12150
  0
LINE
  8
_0-5__仕上
  6
CONTINUOUS
 62
  132
 10
9685.1694915254229
 20
12250
 11
13235.169491525422
 21
12250
  0
LINE
  8
_0-5__仕上
  6
CONTINUOUS
 62
  132
 10
9685.1694915254229
 20
12350
 11
13235.169491525422
 21
12350
  0
LINE
  8
_0-5__仕上
  6
CONTINUOUS
 62
  132
 10
9685.1694915254229
 20
12450
 11
13235.169491525422
 21
12450
  0
LINE
  8
_0-5__仕上
  6
CONTINUOUS
 62
  132
 10
9685.1694915254229
 20
12550
 11
13235.169491525422
 21
12550
  0
LINE
  8
_0-5__仕上
  6
CONTINUOUS
 62
  132
 10
9685.1694915254229
 20
12650
 11
13235.169491525422
 21
12650
  0
LINE
  8
_0-5__仕上
  6
CONTINUOUS
 62
  132
 10
9685.1694915254229
 20
12750
 11
13235.169491525422
 21
12750
  0
LINE
  8
_0-5__仕上
  6
CONTINUOUS
 62
  132
 10
9685.1694915254229
 20
12850
 11
13235.169491525422
 21
12850
  0
LINE
  8
_0-5__仕上
  6
CONTINUOUS
 62
  132
 10
9685.1694915254229
 20
12950
 11
13235.169491525422
 21
12950
  0
LINE
  8
_0-5__仕上
  6
CONTINUOUS
 62
  132
 10
9685.1694915254229
 20
13050
 11
13235.169491525422
 21
13050
  0
LINE
  8
_0-5__仕上
  6
CONTINUOUS
 62
  132
 10
9685.1694915254229
 20
13150
 11
13235.169491525422
 21
13150
  0
LINE
  8
_0-5__仕上
  6
CONTINUOUS
 62
  132
 10
9685.1694915254229
 20
13250
 11
13235.169491525422
 21
13250
  0
LINE
  8
_0-5__仕上
  6
CONTINUOUS
 62
  132
 10
9685.1694915254229
 20
13350
 11
13235.169491525422
 21
13350
  0
LINE
  8
_0-5__仕上
  6
CONTINUOUS
 62
  132
 10
9685.1694915254229
 20
13450
 11
13235.169491525422
 21
13450
  0
LINE
  8
_0-5__仕上
  6
CONTINUOUS
 62
  132
 10
9685.1694915254229
 20
13550
 11
13235.169491525422
 21
13550
  0
LINE
  8
_0-5__仕上
  6
CONTINUOUS
 62
  132
 10
9685.1694915254229
 20
13650
 11
13235.169491525422
 21
13650
  0
LINE
  8
_0-5__仕上
  6
CONTINUOUS
 62
  132
 10
9685.1694915254229
 20
13750
 11
13235.169491525422
 21
13750
  0
LINE
  8
_0-5__仕上
  6
CONTINUOUS
 62
  132
 10
9685.1694915254229
 20
13850
 11
13235.169491525422
 21
13850
  0
LINE
  8
_0-5__仕上
  6
CONTINUOUS
 62
  132
 10
9685.1694915254229
 20
13950
 11
13235.169491525422
 21
13950
  0
LINE
  8
_0-5__仕上
  6
CONTINUOUS
 62
  132
 10
9685.1694915254229
 20
14050
 11
13235.169491525422
 21
14050
  0
LINE
  8
_0-5__仕上
  6
CONTINUOUS
 62
  132
 10
9685.1694915254229
 20
14150
 11
13235.169491525422
 21
14150
  0
LINE
  8
_0-5__仕上
  6
CONTINUOUS
 62
  132
 10
9685.1694915254229
 20
14250
 11
13235.169491525422
 21
14250
  0
LINE
  8
_0-5__仕上
  6
CONTINUOUS
 62
  132
 10
10510.169491525422
 20
18037.288135593218
 11
10510.169491525422
 21
18912.288135593218
  0
LINE
  8
_0-5__仕上
  6
CONTINUOUS
 62
  132
 10
10510.169491525422
 20
18037.288135593218
 11
11410.169491525422
 21
18037.288135593218
  0
TEXT
  8
_0-6__室名
 62
   18
 10
11081.805251873392
 20
12927.024646018637
 40
300
 41
1
 50
0
  1
洋室
  0
TEXT
  8
_0-6__室名
 62
   18
 10
11773.76610694801
 20
14452.887044388307
 40
300
 41
1
 50
0
  1
ｸﾛｰｾﾞｯﾄ
  0
TEXT
  8
_0-6__室名
 62
   18
 10
11649.568004755132
 20
15481.957033986454
 40
300
 41
1
 50
0
  1
浴室
  0
TEXT
  8
_0-6__室名
 62
   18
 10
11720.538348865347
 20
17167.502706604114
 40
300
 41
1
 50
0
  1
脱衣
  0
TEXT
  8
_0-6__室名
 62
   18
 10
11543.112488589806
 20
16865.87874413569
 40
300
 41
1
 50
0
  1
化粧室
  0
TEXT
  8
_0-6__室名
 62
   18
 10
11702.795762837795
 20
18338.513384422698
 40
300
 41
1
 50
0
  1
ﾄｲﾚ
  0
TEXT
  8
_0-6__室名
 62
   18
 10
10655.98318721209
 20
18356.255970450252
 40
300
 41
1
 50
0
  1
玄関
  0
TEXT
  8
_0-6__室名
 62
  132
 10
10407.586982826331
 20
18196.572696202263
 40
200
 41
1
 50
90
  1
下駄箱
  0
TEXT
  8
_0-6__室名
 62
   18
 10
10904.379391597851
 20
15428.729275903793
 40
300
 41
1
 50
90
  1
キッチン
  0
LINE
  8
_0-4_設備機器
  6
DASHED1
 62
   18
 10
16935.169491525422
 20
14737.28813559322
 11
16485.169491525422
 21
15437.28813559322
  0
LINE
  8
_0-4_設備機器
  6
DASHED1
 62
   18
 10
16485.169491525422
 20
14737.28813559322
 11
16935.169491525422
 21
14737.28813559322
  0
LINE
  8
_0-4_設備機器
  6
DASHED1
 62
   18
 10
16935.169491525422
 20
14737.28813559322
 11
16935.169491525422
 21
15437.28813559322
  0
LINE
  8
_0-4_設備機器
  6
DASHED1
 62
   18
 10
16935.169491525422
 20
15437.28813559322
 11
16485.169491525422
 21
15437.28813559322
  0
LINE
  8
_0-4_設備機器
  6
DASHED1
 62
   18
 10
16485.169491525422
 20
15437.28813559322
 11
16485.169491525422
 21
14737.28813559322
  0
LINE
  8
_0-4_設備機器
  6
DASHED1
 62
   18
 10
16335.169491525422
 20
15487.28813559322
 11
16935.169491525422
 21
16087.28813559322
  0
LINE
  8
_0-4_設備機器
  6
DASHED1
 62
   18
 10
16935.169491525422
 20
15487.28813559322
 11
16335.169491525422
 21
16087.28813559322
  0
LINE
  8
_0-4_設備機器
  6
DASHED1
 62
   18
 10
16335.169491525422
 20
15487.28813559322
 11
16935.169491525422
 21
15487.28813559322
  0
LINE
  8
_0-4_設備機器
  6
DASHED1
 62
   18
 10
16935.169491525422
 20
15487.28813559322
 11
16935.169491525422
 21
16087.28813559322
  0
LINE
  8
_0-4_設備機器
  6
DASHED1
 62
   18
 10
16935.169491525422
 20
16087.28813559322
 11
16335.169491525422
 21
16087.28813559322
  0
LINE
  8
_0-4_設備機器
  6
DASHED1
 62
   18
 10
16335.169491525422
 20
16087.28813559322
 11
16335.169491525422
 21
15487.28813559322
  0
LINE
  8
_0-0__芯
  6
CENTER1
 62
  132
 10
13860.169491525422
 20
18987.288135593218
 11
13860.169491525422
 21
17987.288135593218
  0
LINE
  8
_0-1__躯体
  6
CONTINUOUS
 62
   18
 10
16485.169491525422
 20
18912.288135593218
 11
16485.169491525422
 21
18462.288135593218
  0
LINE
  8
_0-1__躯体
  6
CONTINUOUS
 62
   18
 10
16485.169491525422
 20
18462.288135593218
 11
16935.169491525422
 21
18462.288135593218
  0
LINE
  8
_0-1__躯体
  6
CONTINUOUS
 62
   18
 10
16485.169491525422
 20
12112.288135593218
 11
16935.169491525422
 21
12112.288135593218
  0
LINE
  8
_0-1__躯体
  6
CONTINUOUS
 62
   18
 10
16485.169491525422
 20
11662.288135593218
 11
16485.169491525422
 21
12112.288135593218
  0
LINE
  8
_0-0__芯
  6
CENTER1
 62
  132
 10
17010.169491525422
 20
14337.288135593218
 11
13310.169491525422
 21
14337.288135593218
  0
LINE
  8
_0-0__芯
  6
CENTER1
 62
  132
 10
15160.169491525422
 20
16287.288135593218
 11
13310.169491525422
 21
16287.288135593218
  0
LINE
  8
_0-0__芯
  6
CENTER1
 62
  132
 10
15160.169491525422
 20
14937.288135593218
 11
13310.169491525422
 21
14937.288135593218
  0
LINE
  8
_0-0__芯
  6
CENTER1
 62
  132
 10
17010.169491525422
 20
17987.288135593218
 11
13310.169491525422
 21
17987.288135593218
  0
LINE
  8
_0-0__芯
  6
CENTER1
 62
  132
 10
15160.169491525422
 20
18987.288135593218
 11
15160.169491525422
 21
14337.288135593218
  0
LINE
  8
_0-1__躯体
  6
CONTINUOUS
 62
   18
 10
13910.169491525422
 20
18912.288135593218
 11
13910.169491525422
 21
17937.288135593218
  0
LINE
  8
_0-1__躯体
  6
CONTINUOUS
 62
   18
 10
13760.169491525422
 20
19062.288135593218
 11
13760.169491525422
 21
18087.288135593218
  0
LINE
  8
_0-2_間仕切り
  6
CONTINUOUS
 62
   18
 10
15210.169491525422
 20
14287.288135593218
 11
15110.169491525422
 21
14287.288135593218
  0
LINE
  8
_0-2_間仕切り
  6
CONTINUOUS
 62
   18
 10
13385.169491525422
 20
14887.288135593218
 11
15110.169491525422
 21
14887.288135593218
  0
LINE
  8
_0-2_間仕切り
  6
CONTINUOUS
 62
   18
 10
13385.169491525422
 20
14987.288135593218
 11
15110.169491525422
 21
14987.288135593218
  0
LINE
  8
_0-2_間仕切り
  6
CONTINUOUS
 62
   18
 10
15110.169491525422
 20
14887.288135593218
 11
15110.169491525422
 21
14287.288135593218
  0
LINE
  8
_0-2_間仕切り
  6
CONTINUOUS
 62
   18
 10
15110.169491525422
 20
16237.288135593218
 11
15110.169491525422
 21
14987.288135593218
  0
LINE
  8
_0-2_間仕切り
  6
CONTINUOUS
 62
   18
 10
16935.169491525422
 20
17937.288135593218
 11
16110.169491525422
 21
17937.288135593218
  0
LINE
  8
_0-2_間仕切り
  6
CONTINUOUS
 62
   18
 10
16935.169491525422
 20
18037.288135593218
 11
16110.169491525422
 21
18037.288135593218
  0
LINE
  8
_0-2_間仕切り
  6
CONTINUOUS
 62
   18
 10
16110.169491525422
 20
17937.288135593218
 11
16110.169491525422
 21
18037.288135593218
  0
LINE
  8
_0-3__建具
  6
CONTINUOUS
 62
   18
 10
16095.169491525422
 20
19022.288135593218
 11
16075.169491525422
 21
19022.288135593218
  0
LINE
  8
_0-3__建具
  6
CONTINUOUS
 62
   18
 10
16075.169491525422
 20
19022.288135593218
 11
16075.169491525422
 21
18987.288135593218
  0
LINE
  8
_0-3__建具
  6
CONTINUOUS
 62
   18
 10
16075.169491525422
 20
18987.288135593218
 11
16060.169491525422
 21
18987.288135593218
  0
LINE
  8
_0-3__建具
  6
CONTINUOUS
 62
   18
 10
16060.169491525422
 20
18987.288135593218
 11
16060.169491525422
 21
18952.288135593218
  0
LINE
  8
_0-3__建具
  6
CONTINUOUS
 62
   18
 10
16060.169491525422
 20
18952.288135593218
 11
16095.169491525422
 21
18952.288135593218
  0
LINE
  8
_0-3__建具
  6
CONTINUOUS
 62
   18
 10
16070.169491525422
 20
19022.288135593218
 11
16070.169491525422
 21
18992.288135593218
  0
LINE
  8
_0-3__建具
  6
CONTINUOUS
 62
   18
 10
16070.169491525422
 20
19022.288135593218
 11
15250.169491525422
 21
19022.288135593218
  0
LINE
  8
_0-3__建具
  6
CONTINUOUS
 62
   18
 10
16070.169491525422
 20
18992.288135593218
 11
15250.169491525422
 21
18992.288135593218
  0
LINE
  8
_0-3__建具
  6
CONTINUOUS
 62
   18
 10
15225.169491525422
 20
19022.288135593218
 11
15245.169491525422
 21
19022.288135593218
  0
LINE
  8
_0-3__建具
  6
CONTINUOUS
 62
   18
 10
15245.169491525422
 20
19022.288135593218
 11
15245.169491525422
 21
18987.288135593218
  0
LINE
  8
_0-3__建具
  6
CONTINUOUS
 62
   18
 10
15245.169491525422
 20
18987.288135593218
 11
15260.169491525422
 21
18987.288135593218
  0
LINE
  8
_0-3__建具
  6
CONTINUOUS
 62
   18
 10
15260.169491525422
 20
18987.288135593218
 11
15260.169491525422
 21
18952.288135593218
  0
LINE
  8
_0-3__建具
  6
CONTINUOUS
 62
   18
 10
15260.169491525422
 20
18952.288135593218
 11
15225.169491525422
 21
18952.288135593218
  0
LINE
  8
_0-3__建具
  6
CONTINUOUS
 62
   18
 10
15250.169491525422
 20
19022.288135593218
 11
15250.169491525422
 21
18992.288135593218
  0
ARC
  8
_0-3__建具
  6
CONTINUOUS
 62
  132
 10
16070.169491525422
 20
19022.288135593218
 40
819.99999999999886
 50
90
 51
180
  0
LINE
  8
_0-3__建具
  6
CONTINUOUS
 62
  132
 10
16070.169491525422
 20
19022.288135593218
 11
16070.169491525422
 21
19842.288135593218
  0
LINE
  8
_0-1__躯体
  6
CONTINUOUS
 62
   18
 10
16485.169491525422
 20
18912.288135593218
 11
16095.169491525422
 21
18912.288135593218
  0
LINE
  8
_0-1__躯体
  6
CONTINUOUS
 62
   18
 10
16095.169491525422
 20
18912.288135593218
 11
16095.169491525422
 21
19062.288135593218
  0
LINE
  8
_0-1__躯体
  6
CONTINUOUS
 62
   18
 10
17085.169491525422
 20
19062.288135593218
 11
16095.169491525422
 21
19062.288135593218
  0
LINE
  8
_0-1__躯体
  6
CONTINUOUS
 62
   18
 10
15225.169491525422
 20
18912.288135593218
 11
15225.169491525422
 21
19062.288135593218
  0
LINE
  8
_0-3__建具
  6
CONTINUOUS
 62
   18
 10
16045.169491525422
 20
11552.288135593218
 11
16010.169491525422
 21
11552.288135593218
  0
LINE
  8
_0-3__建具
  6
CONTINUOUS
 62
   18
 10
16025.169491525422
 20
11552.288135593218
 11
16025.169491525422
 21
11622.28813559322
  0
LINE
  8
_0-3__建具
  6
CONTINUOUS
 62
   18
 10
16045.169491525422
 20
11622.28813559322
 11
16010.169491525422
 21
11622.28813559322
  0
LINE
  8
_0-3__建具
  6
CONTINUOUS
 62
   18
 10
16025.169491525422
 20
11587.288135593218
 11
15990.169491525421
 21
11587.288135593218
  0
LINE
  8
_0-3__建具
  6
CONTINUOUS
 62
   18
 10
15990.169491525421
 20
11587.288135593218
 11
15990.169491525421
 21
11611.288135593218
  0
LINE
  8
_0-3__建具
  6
CONTINUOUS
 62
   18
 10
15990.169491525421
 20
11611.288135593218
 11
16025.169491525422
 21
11611.288135593218
  0
LINE
  8
_0-3__建具
  6
CONTINUOUS
 62
   18
 10
15990.169491525421
 20
11599.288135593218
 11
15177.169491525421
 21
11599.288135593218
  0
LINE
  8
_0-3__建具
  6
CONTINUOUS
 62
   18
 10
15177.169491525421
 20
11563.28813559322
 11
15143.169491525424
 21
11563.28813559322
  0
LINE
  8
_0-3__建具
  6
CONTINUOUS
 62
   18
 10
15143.169491525424
 20
11563.28813559322
 11
15143.169491525424
 21
11611.288135593218
  0
LINE
  8
_0-3__建具
  6
CONTINUOUS
 62
   18
 10
15143.169491525424
 20
11611.288135593218
 11
15177.169491525421
 21
11611.288135593218
  0
LINE
  8
_0-3__建具
  6
CONTINUOUS
 62
   18
 10
15177.169491525421
 20
11611.288135593218
 11
15177.169491525421
 21
11563.28813559322
  0
LINE
  8
_0-3__建具
  6
CONTINUOUS
 62
   18
 10
15177.169491525421
 20
11587.288135593218
 11
15143.169491525424
 21
11587.288135593218
  0
LINE
  8
_0-3__建具
  6
CONTINUOUS
 62
   18
 10
15160.169491525422
 20
11532.28813559322
 11
15160.169491525422
 21
11642.288135593218
  0
LINE
  8
_0-3__建具
  6
CONTINUOUS
 62
   18
 10
15143.169491525424
 20
11575.28813559322
 11
14330.169491525424
 21
11575.28813559322
  0
LINE
  8
_0-3__建具
  6
CONTINUOUS
 62
   18
 10
14275.169491525422
 20
11552.288135593218
 11
14310.169491525422
 21
11552.288135593218
  0
LINE
  8
_0-3__建具
  6
CONTINUOUS
 62
   18
 10
14295.169491525422
 20
11552.288135593218
 11
14295.169491525422
 21
11622.28813559322
  0
LINE
  8
_0-3__建具
  6
CONTINUOUS
 62
   18
 10
14275.169491525422
 20
11622.28813559322
 11
14310.169491525422
 21
11622.28813559322
  0
LINE
  8
_0-3__建具
  6
CONTINUOUS
 62
   18
 10
14295.169491525422
 20
11587.288135593218
 11
14330.169491525424
 21
11587.288135593218
  0
LINE
  8
_0-3__建具
  6
CONTINUOUS
 62
   18
 10
14330.169491525424
 20
11587.288135593218
 11
14330.169491525424
 21
11563.28813559322
  0
LINE
  8
_0-3__建具
  6
CONTINUOUS
 62
   18
 10
14330.169491525424
 20
11563.28813559322
 11
14295.169491525422
 21
11563.28813559322
  0
LINE
  8
_0-3__建具
  6
CONTINUOUS
 62
   18
 10
16010.169491525422
 20
11552.288135593218
 11
14310.169491525422
 21
11552.288135593218
  0
LINE
  8
_0-3__建具
  6
CONTINUOUS
 62
   18
 10
16010.169491525422
 20
11622.28813559322
 11
14310.169491525422
 21
11622.28813559322
  0
LINE
  8
_0-3__建具
  6
CONTINUOUS
 62
   18
 10
16975.169491525422
 20
12277.288135593218
 11
16975.169491525422
 21
12312.288135593218
  0
LINE
  8
_0-3__建具
  6
CONTINUOUS
 62
   18
 10
16975.169491525422
 20
12297.28813559322
 11
17045.169491525422
 21
12297.28813559322
  0
LINE
  8
_0-3__建具
  6
CONTINUOUS
 62
   18
 10
17045.169491525422
 20
12277.288135593218
 11
17045.169491525422
 21
12312.288135593218
  0
LINE
  8
_0-3__建具
  6
CONTINUOUS
 62
   18
 10
17010.169491525422
 20
12297.28813559322
 11
17010.169491525422
 21
12332.28813559322
  0
LINE
  8
_0-3__建具
  6
CONTINUOUS
 62
   18
 10
17010.169491525422
 20
12332.28813559322
 11
17034.169491525419
 21
12332.28813559322
  0
LINE
  8
_0-3__建具
  6
CONTINUOUS
 62
   18
 10
17034.169491525419
 20
12332.28813559322
 11
17034.169491525419
 21
12297.28813559322
  0
LINE
  8
_0-3__建具
  6
CONTINUOUS
 62
   18
 10
17022.169491525422
 20
12332.28813559322
 11
17022.169491525422
 21
12945.288135593218
  0
LINE
  8
_0-3__建具
  6
CONTINUOUS
 62
   18
 10
16986.169491525426
 20
12945.288135593218
 11
16986.169491525426
 21
12979.288135593218
  0
LINE
  8
_0-3__建具
  6
CONTINUOUS
 62
   18
 10
16986.169491525426
 20
12979.288135593218
 11
17034.169491525419
 21
12979.288135593218
  0
LINE
  8
_0-3__建具
  6
CONTINUOUS
 62
   18
 10
17034.169491525419
 20
12979.288135593218
 11
17034.169491525419
 21
12945.288135593218
  0
LINE
  8
_0-3__建具
  6
CONTINUOUS
 62
   18
 10
17034.169491525419
 20
12945.288135593218
 11
16986.169491525426
 21
12945.288135593218
  0
LINE
  8
_0-3__建具
  6
CONTINUOUS
 62
   18
 10
17010.169491525422
 20
12945.288135593218
 11
17010.169491525422
 21
12979.288135593218
  0
LINE
  8
_0-3__建具
  6
CONTINUOUS
 62
   18
 10
16955.169491525422
 20
12962.288135593218
 11
17065.169491525419
 21
12962.288135593218
  0
LINE
  8
_0-3__建具
  6
CONTINUOUS
 62
   18
 10
16998.169491525422
 20
12979.288135593218
 11
16998.169491525422
 21
13592.288135593218
  0
LINE
  8
_0-3__建具
  6
CONTINUOUS
 62
   18
 10
16975.169491525422
 20
13647.28813559322
 11
16975.169491525422
 21
13612.288135593218
  0
LINE
  8
_0-3__建具
  6
CONTINUOUS
 62
   18
 10
16975.169491525422
 20
13627.288135593218
 11
17045.169491525422
 21
13627.288135593218
  0
LINE
  8
_0-3__建具
  6
CONTINUOUS
 62
   18
 10
17045.169491525422
 20
13647.28813559322
 11
17045.169491525422
 21
13612.288135593218
  0
LINE
  8
_0-3__建具
  6
CONTINUOUS
 62
   18
 10
17010.169491525422
 20
13627.288135593218
 11
17010.169491525422
 21
13592.288135593218
  0
LINE
  8
_0-3__建具
  6
CONTINUOUS
 62
   18
 10
17010.169491525422
 20
13592.288135593218
 11
16986.169491525426
 21
13592.288135593218
  0
LINE
  8
_0-3__建具
  6
CONTINUOUS
 62
   18
 10
16986.169491525426
 20
13592.288135593218
 11
16986.169491525426
 21
13627.288135593218
  0
LINE
  8
_0-3__建具
  6
CONTINUOUS
 62
   18
 10
16975.169491525422
 20
12312.288135593218
 11
16975.169491525422
 21
13612.288135593218
  0
LINE
  8
_0-3__建具
  6
CONTINUOUS
 62
   18
 10
17045.169491525422
 20
12312.288135593218
 11
17045.169491525422
 21
13612.288135593218
  0
LINE
  8
_0-1__躯体
  6
CONTINUOUS
 62
   18
 10
16935.169491525422
 20
12277.288135593218
 11
16935.169491525422
 21
12112.288135593218
  0
LINE
  8
_0-1__躯体
  6
CONTINUOUS
 62
   18
 10
17085.169491525422
 20
12277.288135593218
 11
16935.169491525422
 21
12277.288135593218
  0
LINE
  8
_0-1__躯体
  6
CONTINUOUS
 62
   18
 10
17085.169491525422
 20
12277.288135593218
 11
17085.169491525422
 21
11512.288135593218
  0
LINE
  8
_0-1__躯体
  6
CONTINUOUS
 62
   18
 10
16935.169491525422
 20
18462.288135593218
 11
16935.169491525422
 21
13647.28813559322
  0
LINE
  8
_0-1__躯体
  6
CONTINUOUS
 62
   18
 10
17085.169491525422
 20
13647.28813559322
 11
16935.169491525422
 21
13647.28813559322
  0
LINE
  8
_0-1__躯体
  6
CONTINUOUS
 62
   18
 10
16045.169491525422
 20
11512.288135593218
 11
17085.169491525422
 21
11512.288135593218
  0
LINE
  8
_0-1__躯体
  6
CONTINUOUS
 62
   18
 10
16045.169491525422
 20
11662.288135593218
 11
16045.169491525422
 21
11512.288135593218
  0
LINE
  8
_0-1__躯体
  6
CONTINUOUS
 62
   18
 10
16045.169491525422
 20
11662.288135593218
 11
16485.169491525422
 21
11662.288135593218
  0
LINE
  8
_0-1__躯体
  6
CONTINUOUS
 62
   18
 10
14275.169491525422
 20
11662.288135593218
 11
14275.169491525422
 21
11512.288135593218
  0
LINE
  8
_0-3__建具
  6
CONTINUOUS
 62
   18
 10
14835.169491525422
 20
18952.288135593218
 11
14810.169491525422
 21
18952.288135593218
  0
LINE
  8
_0-3__建具
  6
CONTINUOUS
 62
   18
 10
14810.169491525422
 20
18952.288135593218
 11
14810.169491525422
 21
18987.288135593218
  0
LINE
  8
_0-3__建具
  6
CONTINUOUS
 62
   18
 10
14810.169491525422
 20
18987.288135593218
 11
14825.169491525422
 21
18987.288135593218
  0
LINE
  8
_0-3__建具
  6
CONTINUOUS
 62
   18
 10
14825.169491525422
 20
18952.288135593218
 11
14825.169491525422
 21
19022.288135593218
  0
LINE
  8
_0-3__建具
  6
CONTINUOUS
 62
   18
 10
14835.169491525422
 20
19022.288135593218
 11
14810.169491525422
 21
19022.288135593218
  0
LINE
  8
_0-3__建具
  6
CONTINUOUS
 62
   18
 10
14810.169491525422
 20
18975.288135593218
 11
14210.169491525422
 21
18975.288135593218
  0
LINE
  8
_0-3__建具
  6
CONTINUOUS
 62
   18
 10
14185.169491525422
 20
18952.288135593218
 11
14210.169491525422
 21
18952.288135593218
  0
LINE
  8
_0-3__建具
  6
CONTINUOUS
 62
   18
 10
14210.169491525422
 20
18952.288135593218
 11
14210.169491525422
 21
18987.288135593218
  0
LINE
  8
_0-3__建具
  6
CONTINUOUS
 62
   18
 10
14210.169491525422
 20
18987.288135593218
 11
14195.169491525422
 21
18987.288135593218
  0
LINE
  8
_0-3__建具
  6
CONTINUOUS
 62
   18
 10
14195.169491525422
 20
18952.288135593218
 11
14195.169491525422
 21
19022.288135593218
  0
LINE
  8
_0-3__建具
  6
CONTINUOUS
 62
   18
 10
14185.169491525422
 20
19022.288135593218
 11
14210.169491525422
 21
19022.288135593218
  0
LINE
  8
_0-3__建具
  6
CONTINUOUS
 62
   18
 10
14810.169491525422
 20
18952.288135593218
 11
14210.169491525422
 21
18952.288135593218
  0
LINE
  8
_0-3__建具
  6
CONTINUOUS
 62
   18
 10
14810.169491525422
 20
19022.288135593218
 11
14210.169491525422
 21
19022.288135593218
  0
LINE
  8
_0-1__躯体
  6
CONTINUOUS
 62
   18
 10
15225.169491525422
 20
18912.288135593218
 11
14835.169491525422
 21
18912.288135593218
  0
LINE
  8
_0-1__躯体
  6
CONTINUOUS
 62
   18
 10
14835.169491525422
 20
19062.288135593218
 11
14835.169491525422
 21
18912.288135593218
  0
LINE
  8
_0-1__躯体
  6
CONTINUOUS
 62
   18
 10
15225.169491525422
 20
19062.288135593218
 11
14835.169491525422
 21
19062.288135593218
  0
LINE
  8
_0-1__躯体
  6
CONTINUOUS
 62
   18
 10
14185.169491525422
 20
18912.288135593218
 11
13910.169491525422
 21
18912.288135593218
  0
LINE
  8
_0-1__躯体
  6
CONTINUOUS
 62
   18
 10
14185.169491525422
 20
19062.288135593218
 11
14185.169491525422
 21
18912.288135593218
  0
LINE
  8
_0-1__躯体
  6
CONTINUOUS
 62
   18
 10
14185.169491525422
 20
19062.288135593218
 11
13760.169491525422
 21
19062.288135593218
  0
SOLID
  8
_0-1__躯体
  6
CONTINUOUS
 62
    9
 10
17085.169491525422
 20
19062.288135593218
 11
17085.169491525422
 21
18462.288135593218
 12
16485.169491525422
 22
19062.288135593218
 13
16485.169491525422
 23
18462.288135593218
  0
SOLID
  8
_0-1__躯体
  6
CONTINUOUS
 62
    9
 10
16485.169491525422
 20
19062.288135593218
 11
16485.169491525422
 21
18912.288135593218
 12
16095.169491525422
 22
19062.288135593218
 13
16095.169491525422
 23
18912.288135593218
  0
SOLID
  8
_0-1__躯体
  6
CONTINUOUS
 62
    9
 10
15225.169491525422
 20
19062.288135593218
 11
15225.169491525422
 21
18912.288135593218
 12
14835.169491525422
 22
19062.288135593218
 13
14835.169491525422
 23
18912.288135593218
  0
SOLID
  8
_0-1__躯体
  6
CONTINUOUS
 62
    9
 10
14185.169491525422
 20
19062.288135593218
 11
14185.169491525422
 21
18912.288135593218
 12
13910.169491525422
 22
19062.288135593218
 13
13910.169491525422
 23
18912.288135593218
  0
SOLID
  8
_0-1__躯体
  6
CONTINUOUS
 62
    9
 10
13760.169491525422
 20
19062.288135593218
 11
13760.169491525422
 21
17937.288135593218
 12
13910.169491525422
 22
19062.288135593218
 13
13910.169491525422
 23
17937.288135593218
  0
SOLID
  8
_0-1__躯体
  6
CONTINUOUS
 62
    9
 10
13760.169491525422
 20
18087.288135593218
 11
13760.169491525422
 21
17937.288135593218
 12
13385.169491525422
 22
18087.288135593218
 13
13385.169491525422
 23
17937.288135593218
  0
SOLID
  8
_0-1__躯体
  6
CONTINUOUS
 62
    9
 10
13385.169491525422
 20
11512.288135593218
 11
13385.169491525422
 21
11662.288135593218
 12
14275.169491525422
 22
11512.288135593218
 13
14275.169491525422
 23
11662.288135593218
  0
SOLID
  8
_0-1__躯体
  6
CONTINUOUS
 62
    9
 10
16485.169491525422
 20
12112.288135593218
 11
16485.169491525422
 21
11512.288135593218
 12
17085.169491525422
 22
12112.288135593218
 13
17085.169491525422
 23
11512.288135593218
  0
SOLID
  8
_0-1__躯体
  6
CONTINUOUS
 62
    9
 10
17085.169491525422
 20
12277.288135593218
 11
17085.169491525422
 21
12112.288135593218
 12
16935.169491525422
 22
12277.288135593218
 13
16935.169491525422
 23
12112.288135593218
  0
SOLID
  8
_0-1__躯体
  6
CONTINUOUS
 62
    9
 10
16045.169491525422
 20
11662.288135593218
 11
16045.169491525422
 21
11512.288135593218
 12
16485.169491525422
 22
11662.288135593218
 13
16485.169491525422
 23
11512.288135593218
  0
SOLID
  8
_0-1__躯体
  6
CONTINUOUS
 62
    9
 10
17085.169491525422
 20
13647.28813559322
 11
17085.169491525422
 21
18462.288135593218
 12
16935.169491525422
 22
13647.28813559322
 13
16935.169491525422
 23
18462.288135593218
  0
LINE
  8
_0-3__建具
  6
CONTINUOUS
 62
   18
 10
16935.169491525422
 20
14365.859564164647
 11
16935.169491525422
 21
14337.288135593218
  0
LINE
  8
_0-3__建具
  6
CONTINUOUS
 62
   18
 10
16935.169491525422
 20
14365.859564164647
 11
16052.669491525421
 21
14365.859564164647
  0
LINE
  8
_0-3__建具
  6
CONTINUOUS
 62
   18
 10
16072.669491525422
 20
14258.716707021791
 11
16072.669491525422
 21
14415.859564164647
  0
LINE
  8
_0-3__建具
  6
CONTINUOUS
 62
   18
 10
16052.669491525421
 20
14365.859564164647
 11
16052.669491525421
 21
14337.288135593218
  0
LINE
  8
_0-3__建具
  6
CONTINUOUS
 62
   18
 10
16092.669491525424
 20
14337.288135593218
 11
16092.669491525424
 21
14308.716707021791
  0
LINE
  8
_0-3__建具
  6
CONTINUOUS
 62
   18
 10
16092.669491525424
 20
14308.716707021791
 11
15210.169491525422
 21
14308.716707021791
  0
LINE
  8
_0-3__建具
  6
CONTINUOUS
 62
   18
 10
15210.169491525422
 20
14308.716707021791
 11
15210.169491525422
 21
14337.288135593218
  0
LINE
  8
_0-3__建具
  6
CONTINUOUS
 62
   18
 10
16935.169491525422
 20
14337.288135593218
 11
15210.169491525422
 21
14337.288135593218
  0
LINE
  8
_0-3__建具
  6
CONTINUOUS
 62
   18
 10
16935.169491525422
 20
14287.288135593218
 11
15210.169491525422
 21
14287.288135593218
  0
LINE
  8
_0-3__建具
  6
CONTINUOUS
 62
   18
 10
16935.169491525422
 20
14387.288135593218
 11
15210.169491525422
 21
14387.288135593218
  0
LINE
  8
_0-3__建具
  6
CONTINUOUS
 62
   18
 10
15110.169491525422
 20
14287.288135593218
 11
13385.169491525422
 21
14287.288135593218
  0
LINE
  8
_0-3__建具
  6
CONTINUOUS
 62
   18
 10
14247.669491525422
 20
14358.716707021791
 11
14247.669491525422
 21
14215.859564164647
  0
LINE
  8
_0-3__建具
  6
DASHED1
 62
   18
 10
15110.169491525422
 20
14287.288135593218
 11
14894.544491525422
 21
13913.81468021118
  0
LINE
  8
_0-3__建具
  6
DASHED1
 62
   18
 10
15084.189491525421
 20
14308.716707021791
 11
14868.564491525421
 21
13935.243251639752
  0
LINE
  8
_0-3__建具
  6
DASHED1
 62
   18
 10
14894.544491525422
 20
13913.81468021118
 11
14868.564491525421
 21
13935.243251639752
  0
LINE
  8
_0-3__建具
  6
DASHED1
 62
   18
 10
15110.169491525422
 20
14287.288135593218
 11
15084.189491525421
 21
14308.716707021791
  0
LINE
  8
_0-3__建具
  6
DASHED1
 62
   18
 10
14652.939491525421
 20
14308.716707021791
 11
14868.564491525421
 21
13935.243251639752
  0
LINE
  8
_0-3__建具
  6
DASHED1
 62
   18
 10
14626.959491525423
 20
14287.288135593218
 11
14842.584491525423
 21
13913.81468021118
  0
LINE
  8
_0-3__建具
  6
DASHED1
 62
   18
 10
14868.564491525421
 20
13935.243251639752
 11
14842.584491525423
 21
13913.81468021118
  0
LINE
  8
_0-3__建具
  6
DASHED1
 62
   18
 10
14626.959491525423
 20
14287.288135593218
 11
14652.939491525421
 21
14308.716707021791
  0
LINE
  8
_0-3__建具
  6
DASHED1
 62
   18
 10
13385.169491525422
 20
14287.288135593218
 11
13600.794491525422
 21
13913.81468021118
  0
LINE
  8
_0-3__建具
  6
DASHED1
 62
   18
 10
13411.149491525424
 20
14308.716707021791
 11
13626.774491525424
 21
13935.243251639752
  0
LINE
  8
_0-3__建具
  6
DASHED1
 62
   18
 10
13600.794491525422
 20
13913.81468021118
 11
13626.774491525424
 21
13935.243251639752
  0
LINE
  8
_0-3__建具
  6
DASHED1
 62
   18
 10
13385.169491525422
 20
14287.288135593218
 11
13411.149491525424
 21
14308.716707021791
  0
LINE
  8
_0-3__建具
  6
DASHED1
 62
   18
 10
13842.399491525424
 20
14308.716707021791
 11
13626.774491525424
 21
13935.243251639752
  0
LINE
  8
_0-3__建具
  6
DASHED1
 62
   18
 10
13868.379491525422
 20
14287.288135593218
 11
13652.754491525422
 21
13913.81468021118
  0
LINE
  8
_0-3__建具
  6
DASHED1
 62
   18
 10
13626.774491525424
 20
13935.243251639752
 11
13652.754491525422
 21
13913.81468021118
  0
LINE
  8
_0-3__建具
  6
DASHED1
 62
   18
 10
13868.379491525422
 20
14287.288135593218
 11
13842.399491525424
 21
14308.716707021791
  0
LINE
  8
_0-3__建具
  6
CONTINUOUS
 62
   18
 10
15075.169491525422
 20
18047.288135593218
 11
15110.169491525422
 21
18047.288135593218
  0
LINE
  8
_0-3__建具
  6
CONTINUOUS
 62
   18
 10
15110.169491525422
 20
18047.288135593218
 11
15110.169491525422
 21
17927.288135593218
  0
LINE
  8
_0-3__建具
  6
CONTINUOUS
 62
   18
 10
15110.169491525422
 20
17927.288135593218
 11
15075.169491525422
 21
17927.288135593218
  0
LINE
  8
_0-3__建具
  6
CONTINUOUS
 62
   18
 10
15075.169491525422
 20
17927.288135593218
 11
15075.169491525422
 21
18047.288135593218
  0
LINE
  8
_0-3__建具
  6
CONTINUOUS
 62
   18
 10
15075.169491525422
 20
17961.573849878932
 11
14475.169491525422
 21
17961.573849878932
  0
LINE
  8
_0-3__建具
  6
CONTINUOUS
 62
   18
 10
15075.169491525422
 20
17927.288135593218
 11
14475.169491525422
 21
17927.288135593218
  0
LINE
  8
_0-3__建具
  6
CONTINUOUS
 62
   18
 10
14475.169491525422
 20
18047.288135593218
 11
14475.169491525422
 21
17927.288135593218
  0
LINE
  8
_0-3__建具
  6
CONTINUOUS
 62
   18
 10
14475.169491525422
 20
17927.288135593218
 11
14440.169491525421
 21
17927.288135593218
  0
LINE
  8
_0-3__建具
  6
CONTINUOUS
 62
   18
 10
14440.169491525421
 20
17927.288135593218
 11
14440.169491525421
 21
18047.288135593218
  0
LINE
  8
_0-3__建具
  6
CONTINUOUS
 62
   18
 10
14440.169491525421
 20
18047.288135593218
 11
14475.169491525422
 21
18047.288135593218
  0
ARC
  8
_0-3__建具
  6
CONTINUOUS
 62
  132
 10
15075.169491525422
 20
17927.288135593218
 40
600
 50
180
 51
270
  0
LINE
  8
_0-3__建具
  6
CONTINUOUS
 62
  132
 10
15075.169491525422
 20
17927.288135593218
 11
15075.169491525422
 21
17327.288135593218
  0
LINE
  8
_0-3__建具
  6
CONTINUOUS
 62
   18
 10
15100.169491525422
 20
16972.288135593218
 11
15100.169491525422
 21
17007.288135593218
  0
LINE
  8
_0-3__建具
  6
CONTINUOUS
 62
   18
 10
15100.169491525422
 20
17007.288135593218
 11
15220.169491525422
 21
17007.288135593218
  0
LINE
  8
_0-3__建具
  6
CONTINUOUS
 62
   18
 10
15220.169491525422
 20
17007.288135593218
 11
15220.169491525422
 21
16972.288135593218
  0
LINE
  8
_0-3__建具
  6
CONTINUOUS
 62
   18
 10
15220.169491525422
 20
16972.288135593218
 11
15100.169491525422
 21
16972.288135593218
  0
LINE
  8
_0-3__建具
  6
CONTINUOUS
 62
   18
 10
15185.883777239707
 20
16972.288135593218
 11
15185.883777239707
 21
16372.28813559322
  0
LINE
  8
_0-3__建具
  6
CONTINUOUS
 62
   18
 10
15220.169491525422
 20
16972.288135593218
 11
15220.169491525422
 21
16372.28813559322
  0
LINE
  8
_0-3__建具
  6
CONTINUOUS
 62
   18
 10
15100.169491525422
 20
16372.28813559322
 11
15220.169491525422
 21
16372.28813559322
  0
LINE
  8
_0-3__建具
  6
CONTINUOUS
 62
   18
 10
15220.169491525422
 20
16372.28813559322
 11
15220.169491525422
 21
16337.288135593218
  0
LINE
  8
_0-3__建具
  6
CONTINUOUS
 62
   18
 10
15220.169491525422
 20
16337.288135593218
 11
15100.169491525422
 21
16337.288135593218
  0
LINE
  8
_0-3__建具
  6
CONTINUOUS
 62
   18
 10
15100.169491525422
 20
16337.288135593218
 11
15100.169491525422
 21
16372.28813559322
  0
ARC
  8
_0-3__建具
  6
CONTINUOUS
 62
  132
 10
15220.169491525422
 20
16972.288135593218
 40
600
 50
270
 51
0
  0
LINE
  8
_0-3__建具
  6
CONTINUOUS
 62
  132
 10
15220.169491525422
 20
16972.288135593218
 11
15820.169491525422
 21
16972.288135593218
  0
LINE
  8
_0-2_間仕切り
  6
CONTINUOUS
 62
   18
 10
13910.169491525422
 20
18037.288135593218
 11
14440.169491525421
 21
18037.288135593218
  0
LINE
  8
_0-2_間仕切り
  6
CONTINUOUS
 62
   18
 10
13910.169491525422
 20
17937.288135593218
 11
14440.169491525421
 21
17937.288135593218
  0
LINE
  8
_0-2_間仕切り
  6
CONTINUOUS
 62
   18
 10
15110.169491525422
 20
18912.288135593218
 11
15110.169491525422
 21
17007.288135593218
  0
LINE
  8
_0-2_間仕切り
  6
CONTINUOUS
 62
   18
 10
15210.169491525422
 20
18912.288135593218
 11
15210.169491525422
 21
17007.288135593218
  0
LINE
  8
_0-2_間仕切り
  6
CONTINUOUS
 62
   18
 10
15210.169491525422
 20
16337.288135593218
 11
15210.169491525422
 21
14287.288135593218
  0
LINE
  8
_0-4_設備機器
  6
CONTINUOUS
 62
   18
 10
13960.169491525422
 20
18269.788135593218
 11
14091.415005441438
 21
18269.788135593218
  0
LINE
  8
_0-4_設備機器
  6
CONTINUOUS
 62
   18
 10
13960.169491525422
 20
18679.788135593218
 11
14091.415005441438
 21
18679.788135593218
  0
LINE
  8
_0-4_設備機器
  6
CONTINUOUS
 62
   18
 10
13930.169491525424
 20
18649.788135593218
 11
13930.169491525424
 21
18299.788135593218
  0
LINE
  8
_0-4_設備機器
  6
CONTINUOUS
 62
   18
 10
14141.255062814485
 20
18315.792026584429
 11
14392.322415109407
 21
18289.138706271929
  0
LINE
  8
_0-4_設備機器
  6
CONTINUOUS
 62
   18
 10
14141.255062814485
 20
18633.784244602007
 11
14392.322415109407
 21
18660.437564914507
  0
ARC
  8
_0-4_設備機器
  6
CONTINUOUS
 62
   18
 10
14091.415005441438
 20
18319.788135593218
 40
50
 50
270
 51
355.41592407226562
  0
ARC
  8
_0-4_設備機器
  6
CONTINUOUS
 62
   18
 10
12158.230648751983
 20
18474.788135593218
 40
1989.38818359375
 50
355.41592407226556
 51
4.5840911865233948
  0
ARC
  8
_0-4_設備機器
  6
CONTINUOUS
 62
   18
 10
14091.415005441438
 20
18629.788135593218
 40
50
 50
4.5840911865234295
 51
90
  0
ARC
  8
_0-4_設備機器
  6
CONTINUOUS
 62
   18
 10
13960.169491525422
 20
18299.788135593218
 40
30
 50
180
 51
270
  0
ARC
  8
_0-4_設備機器
  6
CONTINUOUS
 62
   18
 10
13960.169491525422
 20
18649.788135593218
 40
30
 50
90
 51
180
  0
LINE
  8
_0-4_設備機器
  6
CONTINUOUS
 62
   18
 10
14392.322459089271
 20
18289.138697012618
 11
14392.322459089271
 21
18289.138697012618
  0
LINE
  8
_0-4_設備機器
  6
CONTINUOUS
 62
   18
 10
14392.322459089271
 20
18289.138697012618
 11
14435.838338199631
 21
18287.395993499776
  0
LINE
  8
_0-4_設備機器
  6
CONTINUOUS
 62
   18
 10
14435.838338199631
 20
18287.395993499776
 11
14479.096603045614
 21
18291.347105399447
  0
LINE
  8
_0-4_設備機器
  6
CONTINUOUS
 62
   18
 10
14479.096603045614
 20
18291.347105399447
 11
14520.782873139613
 21
18300.871980175914
  0
LINE
  8
_0-4_設備機器
  6
CONTINUOUS
 62
   18
 10
14520.782873139613
 20
18300.871980175914
 11
14559.63053225909
 21
18315.681209328915
  0
LINE
  8
_0-4_設備機器
  6
CONTINUOUS
 62
   18
 10
14559.63053225909
 20
18315.681209328915
 11
14594.459213939568
 21
18335.324821924466
  0
LINE
  8
_0-4_設備機器
  6
CONTINUOUS
 62
   18
 10
14594.459213939568
 20
18335.324821924466
 11
14624.210666312344
 21
18359.205956734
  0
LINE
  8
_0-4_設備機器
  6
CONTINUOUS
 62
   18
 10
14624.210666312344
 20
18359.205956734
 11
14647.980906552038
 21
18386.598997560769
  0
LINE
  8
_0-4_設備機器
  6
CONTINUOUS
 62
   18
 10
14647.980906552038
 20
18386.598997560769
 11
14665.047687937285
 21
18416.671620720797
  0
LINE
  8
_0-4_設備機器
  6
CONTINUOUS
 62
   18
 10
14665.047687937285
 20
18416.671620720797
 11
14674.892444951901
 21
18448.510084776848
  0
LINE
  8
_0-4_設備機器
  6
CONTINUOUS
 62
   18
 10
14674.892444951901
 20
18448.510084776848
 11
14677.21604963569
 21
18481.146994109614
  0
LINE
  8
_0-4_設備機器
  6
CONTINUOUS
 62
   18
 10
14677.21604963569
 20
18481.146994109614
 11
14671.947900436131
 21
18513.590692744102
  0
LINE
  8
_0-4_設備機器
  6
CONTINUOUS
 62
   18
 10
14671.947900436131
 20
18513.590692744102
 11
14659.248067400842
 21
18544.855395314603
  0
LINE
  8
_0-4_設備機器
  6
CONTINUOUS
 62
   18
 10
14659.248067400842
 20
18544.855395314603
 11
14639.502428530175
 21
18573.991139654212
  0
LINE
  8
_0-4_設備機器
  6
CONTINUOUS
 62
   18
 10
14639.502428530175
 20
18573.991139654212
 11
14613.310945069439
 21
18600.112650914568
  0
LINE
  8
_0-4_設備機器
  6
CONTINUOUS
 62
   18
 10
14613.310945069439
 20
18600.112650914568
 11
14581.469431990057
 21
18622.426240194152
  0
LINE
  8
_0-4_設備機器
  6
CONTINUOUS
 62
   18
 10
14581.469431990057
 20
18622.426240194152
 11
14544.945377554367
 21
18640.253920373921
  0
LINE
  8
_0-4_設備機器
  6
CONTINUOUS
 62
   18
 10
14544.945377554367
 20
18640.253920373921
 11
14504.848546674331
 21
18653.054006412854
  0
LINE
  8
_0-4_設備機器
  6
CONTINUOUS
 62
   18
 10
14504.848546674331
 20
18653.054006412854
 11
14462.397261266265
 21
18660.437574173818
  0
LINE
  8
_0-4_設備機器
  6
CONTINUOUS
 62
   18
 10
14462.397261266265
 20
18660.437574173818
 11
14418.881382155905
 21
18662.18027768666
  0
LINE
  8
_0-4_設備機器
  6
CONTINUOUS
 62
   18
 10
14418.881382155905
 20
18662.18027768666
 11
14392.322393167358
 21
18660.437567175544
  0
ARC
  8
_0-4_設備機器
  6
CONTINUOUS
 62
   18
 10
14409.443325753938
 20
18474.788135588882
 40
186.43722534179687
 50
95.269012451171903
 51
264.73100280761724
  0
LINE
  8
_0-4_設備機器
  6
CONTINUOUS
 62
   18
 10
14035.169491525422
 20
17932.288135593218
 11
14035.169491525422
 21
17142.288135593218
  0
LINE
  8
_0-4_設備機器
  6
CONTINUOUS
 62
   18
 10
13985.169491525422
 20
17167.288135593218
 11
13435.169491525422
 21
17167.288135593218
  0
LINE
  8
_0-4_設備機器
  6
CONTINUOUS
 62
   18
 10
14005.169491525424
 20
17887.288135593218
 11
14005.169491525424
 21
17187.288135593218
  0
LINE
  8
_0-4_設備機器
  6
CONTINUOUS
 62
   18
 10
13435.169491525422
 20
17907.288135593218
 11
13985.169491525422
 21
17907.288135593218
  0
LINE
  8
_0-4_設備機器
  6
CONTINUOUS
 62
   18
 10
13415.169491525421
 20
17887.288135593218
 11
13415.169491525421
 21
17187.288135593218
  0
LINE
  8
_0-4_設備機器
  6
CONTINUOUS
 62
   18
 10
14030.169491525424
 20
17137.288135593218
 11
13385.169491525422
 21
17137.288135593218
  0
LINE
  8
_0-4_設備機器
  6
CONTINUOUS
 62
   18
 10
13385.169491525422
 20
17937.288135593218
 11
13385.169491525422
 21
17137.288135593218
  0
LINE
  8
_0-4_設備機器
  6
CONTINUOUS
 62
   18
 10
13385.169491525422
 20
17937.288135593218
 11
14030.169491525424
 21
17937.288135593218
  0
ARC
  8
_0-4_設備機器
  6
CONTINUOUS
 62
   18
 10
14030.169491525424
 20
17932.288135593218
 40
5
 50
0
 51
90
  0
ARC
  8
_0-4_設備機器
  6
CONTINUOUS
 62
   18
 10
14030.169491525424
 20
17142.288135593218
 40
5
 50
270
 51
0
  0
ARC
  8
_0-4_設備機器
  6
CONTINUOUS
 62
   18
 10
13435.169491525422
 20
17187.288135593218
 40
20
 50
180
 51
270
  0
ARC
  8
_0-4_設備機器
  6
CONTINUOUS
 62
   18
 10
13985.169491525422
 20
17187.288135593218
 40
20
 50
270
 51
0
  0
ARC
  8
_0-4_設備機器
  6
CONTINUOUS
 62
   18
 10
13985.169491525422
 20
17887.288135593218
 40
20
 50
0
 51
90
  0
ARC
  8
_0-4_設備機器
  6
CONTINUOUS
 62
   18
 10
13435.169491525422
 20
17887.288135593218
 40
20
 50
90
 51
180
  0
CIRCLE
  8
_0-4_設備機器
  6
CONTINUOUS
 62
   18
 10
13710.169491525422
 20
17232.263355319781
 40
25
  0
CIRCLE
  8
_0-4_設備機器
  6
CONTINUOUS
 62
   18
 10
13710.169491525422
 20
17232.263355319781
 40
25
  0
CIRCLE
  8
_0-4_設備機器
  6
CONTINUOUS
 62
   18
 10
13710.169491525422
 20
17232.263355319781
 40
40
  0
LINE
  8
_0-4_設備機器
  6
CONTINUOUS
 62
   18
 10
14035.169491525422
 20
16337.28813559322
 11
14035.169491525422
 21
17117.288135593218
  0
LINE
  8
_0-4_設備機器
  6
CONTINUOUS
 62
   18
 10
13385.169491525422
 20
16337.288135593218
 11
13385.169491525422
 21
17117.288135593218
  0
LINE
  8
_0-4_設備機器
  6
CONTINUOUS
 62
   18
 10
13541.169491525422
 20
17104.288135593218
 11
13541.169491525422
 21
16350.288135593222
  0
LINE
  8
_0-4_設備機器
  6
CONTINUOUS
 62
   18
 10
14035.169491525422
 20
16337.28813559322
 11
13385.169491525422
 21
16337.288135593218
  0
LINE
  8
_0-4_設備機器
  6
CONTINUOUS
 62
   18
 10
14035.169491525422
 20
17117.288135593218
 11
13385.169491525422
 21
17117.288135593218
  0
LINE
  8
_0-4_設備機器
  6
CONTINUOUS
 62
   18
 10
13801.209249795045
 20
16425.030434303582
 11
13801.209249795045
 21
16425.030434303582
  0
LINE
  8
_0-4_設備機器
  6
CONTINUOUS
 62
   18
 10
13801.209249795045
 20
16425.030434303582
 11
13836.275737704374
 21
16429.805877688206
  0
LINE
  8
_0-4_設備機器
  6
CONTINUOUS
 62
   18
 10
13836.275737704374
 20
16429.805877688206
 11
13870.246013310779
 21
16443.620168945988
  0
LINE
  8
_0-4_設備機器
  6
CONTINUOUS
 62
   18
 10
13870.246013310779
 20
16443.620168945988
 11
13902.087906979748
 21
16466.053567827428
  0
LINE
  8
_0-4_設備機器
  6
CONTINUOUS
 62
   18
 10
13902.087906979748
 20
16466.053567827428
 11
13930.833918884925
 21
16496.424446859364
  0
LINE
  8
_0-4_設備機器
  6
CONTINUOUS
 62
   18
 10
13930.833918884925
 20
16496.424446859364
 11
13955.610616000756
 21
16533.810002250811
  0
LINE
  8
_0-4_設備機器
  6
CONTINUOUS
 62
   18
 10
13955.610616000756
 20
16533.810002250811
 11
13975.665170922988
 21
16577.074292819212
  0
LINE
  8
_0-4_設備機器
  6
CONTINUOUS
 62
   18
 10
13975.665170922988
 20
16577.074292819212
 11
13990.388236148404
 21
16624.902754988426
  0
LINE
  8
_0-4_設備機器
  6
CONTINUOUS
 62
   18
 10
13990.388236148404
 20
16624.902754988426
 11
13999.332458790364
 21
16675.842145137816
  0
LINE
  8
_0-4_設備機器
  6
CONTINUOUS
 62
   18
 10
13999.332458790364
 20
16675.842145137816
 11
14002.22607316988
 21
16728.344695674266
  0
LINE
  8
_0-4_設備機器
  6
CONTINUOUS
 62
   18
 10
14002.22607316988
 20
16728.344695674266
 11
13998.981158278276
 21
16780.815143167299
  0
LINE
  8
_0-4_設備機器
  6
CONTINUOUS
 62
   18
 10
13998.981158278276
 20
16780.815143167299
 11
13989.696309212526
 21
16831.659199621168
  0
LINE
  8
_0-4_設備機器
  6
CONTINUOUS
 62
   18
 10
13989.696309212526
 20
16831.659199621168
 11
13974.653641413131
 21
16879.331994108852
  0
LINE
  8
_0-4_設備機器
  6
CONTINUOUS
 62
   18
 10
13974.653641413131
 20
16879.331994108852
 11
13954.310218729218
 21
16922.385012893442
  0
LINE
  8
_0-4_設備機器
  6
CONTINUOUS
 62
   18
 10
13954.310218729218
 20
16922.385012893442
 11
13929.284165764771
 21
16959.510111785049
  0
LINE
  8
_0-4_設備機器
  6
CONTINUOUS
 62
   18
 10
13929.284165764771
 20
16959.510111785049
 11
13900.33588647532
 21
16989.57926344006
  0
LINE
  8
_0-4_設備機器
  6
CONTINUOUS
 62
   18
 10
13900.33588647532
 20
16989.57926344006
 11
13868.344959678539
 21
17011.678831901157
  0
LINE
  8
_0-4_設備機器
  6
CONTINUOUS
 62
   18
 10
13868.344959678539
 20
17011.678831901157
 11
13834.283413496959
 21
17025.137332963575
  0
LINE
  8
_0-4_設備機器
  6
CONTINUOUS
 62
   18
 10
13834.283413496959
 20
17025.137332963575
 11
13799.186190775331
 21
17029.545836882862
  0
LINE
  8
_0-4_設備機器
  6
CONTINUOUS
 62
   18
 10
13799.186190775331
 20
17029.545836882862
 11
13764.119702866002
 21
17024.770393498238
  0
LINE
  8
_0-4_設備機器
  6
CONTINUOUS
 62
   18
 10
13764.119702866002
 20
17024.770393498238
 11
13730.149427259597
 21
17010.956102240455
  0
LINE
  8
_0-4_設備機器
  6
CONTINUOUS
 62
   18
 10
13730.149427259597
 20
17010.956102240455
 11
13698.307533590628
 21
16988.522703359016
  0
LINE
  8
_0-4_設備機器
  6
CONTINUOUS
 62
   18
 10
13698.307533590628
 20
16988.522703359016
 11
13669.561521685451
 21
16958.151824327083
  0
LINE
  8
_0-4_設備機器
  6
CONTINUOUS
 62
   18
 10
13669.561521685451
 20
16958.151824327083
 11
13644.78482456962
 21
16920.766268935632
  0
LINE
  8
_0-4_設備機器
  6
CONTINUOUS
 62
   18
 10
13644.78482456962
 20
16920.766268935632
 11
13624.730269647388
 21
16877.501978367232
  0
LINE
  8
_0-4_設備機器
  6
CONTINUOUS
 62
   18
 10
13624.730269647388
 20
16877.501978367232
 11
13610.007204421972
 21
16829.673516198017
  0
LINE
  8
_0-4_設備機器
  6
CONTINUOUS
 62
   18
 10
13610.007204421972
 20
16829.673516198017
 11
13601.062981780012
 21
16778.734126048628
  0
LINE
  8
_0-4_設備機器
  6
CONTINUOUS
 62
   18
 10
13601.062981780012
 20
16778.734126048628
 11
13598.169367400496
 21
16726.231575512178
  0
LINE
  8
_0-4_設備機器
  6
CONTINUOUS
 62
   18
 10
13598.169367400496
 20
16726.231575512178
 11
13601.4142822921
 21
16673.761128019144
  0
LINE
  8
_0-4_設備機器
  6
CONTINUOUS
 62
   18
 10
13601.4142822921
 20
16673.761128019144
 11
13610.699131357851
 21
16622.917071565279
  0
LINE
  8
_0-4_設備機器
  6
CONTINUOUS
 62
   18
 10
13610.699131357851
 20
16622.917071565279
 11
13625.741799157245
 21
16575.244277077596
  0
LINE
  8
_0-4_設備機器
  6
CONTINUOUS
 62
   18
 10
13625.741799157245
 20
16575.244277077596
 11
13646.085221841158
 21
16532.191258293001
  0
LINE
  8
_0-4_設備機器
  6
CONTINUOUS
 62
   18
 10
13646.085221841158
 20
16532.191258293001
 11
13671.111274805603
 21
16495.066159401394
  0
LINE
  8
_0-4_設備機器
  6
CONTINUOUS
 62
   18
 10
13671.111274805603
 20
16495.066159401394
 11
13700.059554095054
 21
16464.997007746384
  0
LINE
  8
_0-4_設備機器
  6
CONTINUOUS
 62
   18
 10
13700.059554095054
 20
16464.997007746384
 11
13732.050480891835
 21
16442.897439285286
  0
LINE
  8
_0-4_設備機器
  6
CONTINUOUS
 62
   18
 10
13732.050480891835
 20
16442.897439285286
 11
13766.112027073417
 21
16429.438938222869
  0
LINE
  8
_0-4_設備機器
  6
CONTINUOUS
 62
   18
 10
13766.112027073417
 20
16429.438938222869
 11
13801.209249795045
 21
16425.030434303582
  0
LINE
  8
_0-4_設備機器
  6
CONTINUOUS
 62
   18
 10
13801.209249795045
 20
16425.030434303582
 11
13801.209249795045
 21
16425.030434303582
  0
LINE
  8
_0-4_設備機器
  6
CONTINUOUS
 62
   18
 10
13801.047647602817
 20
16473.337956284729
 11
13801.047647602817
 21
16473.337956284729
  0
LINE
  8
_0-4_設備機器
  6
CONTINUOUS
 62
   18
 10
13801.047647602817
 20
16473.337956284729
 11
13829.407271654963
 21
16477.344409981993
  0
LINE
  8
_0-4_設備機器
  6
CONTINUOUS
 62
   18
 10
13829.407271654963
 20
16477.344409981993
 11
13856.879378269484
 21
16488.945277304326
  0
LINE
  8
_0-4_設備機器
  6
CONTINUOUS
 62
   18
 10
13856.879378269484
 20
16488.945277304326
 11
13882.629241388454
 21
16507.788071768463
  0
LINE
  8
_0-4_設備機器
  6
CONTINUOUS
 62
   18
 10
13882.629241388454
 20
16507.788071768463
 11
13905.874464451066
 21
16533.300264599522
  0
LINE
  8
_0-4_設備機器
  6
CONTINUOUS
 62
   18
 10
13905.874464451066
 20
16533.300264599522
 11
13925.908753117208
 21
16564.706680728126
  0
LINE
  8
_0-4_設備機器
  6
CONTINUOUS
 62
   18
 10
13925.908753117208
 20
16564.706680728126
 11
13942.123375663602
 21
16601.053052092618
  0
LINE
  8
_0-4_設備機器
  6
CONTINUOUS
 62
   18
 10
13942.123375663602
 20
16601.053052092618
 11
13954.02565898917
 21
16641.235012591245
  0
LINE
  8
_0-4_設備機器
  6
CONTINUOUS
 62
   18
 10
13954.02565898917
 20
16641.235012591245
 11
13961.25395823791
 21
16684.031653687303
  0
LINE
  8
_0-4_設備機器
  6
CONTINUOUS
 62
   18
 10
13961.25395823791
 20
16684.031653687303
 11
13963.588645194846
 21
16728.142621097238
  0
LINE
  8
_0-4_設備機器
  6
CONTINUOUS
 62
   18
 10
13963.588645194846
 20
16728.142621097238
 11
13960.958781578199
 21
16772.227625397525
  0
LINE
  8
_0-4_設備機器
  6
CONTINUOUS
 62
   18
 10
13960.958781578199
 20
16772.227625397525
 11
13953.444274463186
 21
16814.947166040583
  0
LINE
  8
_0-4_設備機器
  6
CONTINUOUS
 62
   18
 10
13953.444274463186
 20
16814.947166040583
 11
13941.273448345973
 21
16855.003231401111
  0
LINE
  8
_0-4_設備機器
  6
CONTINUOUS
 62
   18
 10
13941.273448345973
 20
16855.003231401111
 11
13924.816107619395
 21
16891.178738202474
  0
LINE
  8
_0-4_設備機器
  6
CONTINUOUS
 62
   18
 10
13924.816107619395
 20
16891.178738202474
 11
13904.572300253616
 21
16922.374511976198
  0
LINE
  8
_0-4_設備機器
  6
CONTINUOUS
 62
   18
 10
13904.572300253616
 20
16922.374511976198
 11
13881.15712409158
 21
16947.642684921996
  0
LINE
  8
_0-4_設備機器
  6
CONTINUOUS
 62
   18
 10
13881.15712409158
 20
16947.642684921996
 11
13855.282037412322
 21
16966.215496391225
  0
LINE
  8
_0-4_設備機器
  6
CONTINUOUS
 62
   18
 10
13855.282037412322
 20
16966.215496391225
 11
13827.733241631165
 21
16977.528620905683
  0
LINE
  8
_0-4_設備機器
  6
CONTINUOUS
 62
   18
 10
13827.733241631165
 20
16977.528620905683
 11
13799.347792967559
 21
16981.238314901715
  0
LINE
  8
_0-4_設備機器
  6
CONTINUOUS
 62
   18
 10
13799.347792967559
 20
16981.238314901715
 11
13770.988168915413
 21
16977.23186120445
  0
LINE
  8
_0-4_設備機器
  6
CONTINUOUS
 62
   18
 10
13770.988168915413
 20
16977.23186120445
 11
13743.516062300892
 21
16965.630993882117
  0
LINE
  8
_0-4_設備機器
  6
CONTINUOUS
 62
   18
 10
13743.516062300892
 20
16965.630993882117
 11
13717.766199181922
 21
16946.788199417984
  0
LINE
  8
_0-4_設備機器
  6
CONTINUOUS
 62
   18
 10
13717.766199181922
 20
16946.788199417984
 11
13694.52097611931
 21
16921.276006586922
  0
LINE
  8
_0-4_設備機器
  6
CONTINUOUS
 62
   18
 10
13694.52097611931
 20
16921.276006586922
 11
13674.486687453168
 21
16889.869590458318
  0
LINE
  8
_0-4_設備機器
  6
CONTINUOUS
 62
   18
 10
13674.486687453168
 20
16889.869590458318
 11
13658.272064906774
 21
16853.523219093825
  0
LINE
  8
_0-4_設備機器
  6
CONTINUOUS
 62
   18
 10
13658.272064906774
 20
16853.523219093825
 11
13646.369781581206
 21
16813.341258595199
  0
LINE
  8
_0-4_設備機器
  6
CONTINUOUS
 62
   18
 10
13646.369781581206
 20
16813.341258595199
 11
13639.141482332466
 21
16770.544617499141
  0
LINE
  8
_0-4_設備機器
  6
CONTINUOUS
 62
   18
 10
13639.141482332466
 20
16770.544617499141
 11
13636.80679537553
 21
16726.433650089205
  0
LINE
  8
_0-4_設備機器
  6
CONTINUOUS
 62
   18
 10
13636.80679537553
 20
16726.433650089205
 11
13639.436658992177
 21
16682.348645788923
  0
LINE
  8
_0-4_設備機器
  6
CONTINUOUS
 62
   18
 10
13639.436658992177
 20
16682.348645788923
 11
13646.95116610719
 21
16639.629105145861
  0
LINE
  8
_0-4_設備機器
  6
CONTINUOUS
 62
   18
 10
13646.95116610719
 20
16639.629105145861
 11
13659.121992224403
 21
16599.573039785333
  0
LINE
  8
_0-4_設備機器
  6
CONTINUOUS
 62
   18
 10
13659.121992224403
 20
16599.573039785333
 11
13675.579332950981
 21
16563.39753298397
  0
LINE
  8
_0-4_設備機器
  6
CONTINUOUS
 62
   18
 10
13675.579332950981
 20
16563.39753298397
 11
13695.823140316761
 21
16532.201759210245
  0
LINE
  8
_0-4_設備機器
  6
CONTINUOUS
 62
   18
 10
13695.823140316761
 20
16532.201759210245
 11
13719.238316478797
 21
16506.933586264447
  0
LINE
  8
_0-4_設備機器
  6
CONTINUOUS
 62
   18
 10
13719.238316478797
 20
16506.933586264447
 11
13745.113403158053
 21
16488.360774795219
  0
LINE
  8
_0-4_設備機器
  6
CONTINUOUS
 62
   18
 10
13745.113403158053
 20
16488.360774795219
 11
13772.662198939209
 21
16477.047650280761
  0
LINE
  8
_0-4_設備機器
  6
CONTINUOUS
 62
   18
 10
13772.662198939209
 20
16477.047650280761
 11
13801.047647602817
 21
16473.337956284729
  0
LINE
  8
_0-4_設備機器
  6
CONTINUOUS
 62
   18
 10
13801.047647602817
 20
16473.337956284729
 11
13801.047647602817
 21
16473.337956284729
  0
CIRCLE
  8
_0-4_設備機器
  6
CONTINUOUS
 62
   18
 10
13749.396542306672
 20
16727.288135593222
 40
29.752727508544925
  0
ARC
  8
_0-4_設備機器
  6
CONTINUOUS
 62
   18
 10
13528.169491525422
 20
16350.288135593222
 40
13
 50
270
 51
0
  0
ARC
  8
_0-4_設備機器
  6
CONTINUOUS
 62
   18
 10
13528.169491525421
 20
17104.288135593218
 40
13
 50
0
 51
90
  0
ARC
  8
_0-4_設備機器
  6
DASHED1
 62
  132
 10
13541.169491525422
 20
16350.288135593222
 40
376.99999999999818
 50
45.000000000000099
 51
90
  0
LINE
  8
_0-4_設備機器
  6
DASHED1
 62
  132
 10
13541.169491525422
 20
16350.288135593222
 11
13807.748748032747
 21
16616.86739210055
  0
ARC
  8
_0-4_設備機器
  6
DASHED1
 62
  132
 10
13541.169491525422
 20
17104.288135593218
 40
377.00000000000102
 50
270
 51
314.99999999999982
  0
LINE
  8
_0-4_設備機器
  6
DASHED1
 62
  132
 10
13541.169491525422
 20
17104.288135593218
 11
13807.748748032752
 21
16837.70887908589
  0
LINE
  8
_0-4_設備機器
  6
CONTINUOUS
 62
   18
 10
13430.169491525421
 20
16217.288135593218
 11
15090.169491525424
 21
16217.288135593218
  0
LINE
  8
_0-4_設備機器
  6
CONTINUOUS
 62
   18
 10
13470.169613595735
 20
16177.288135593222
 11
15050.169491525422
 21
16177.288135593222
  0
LINE
  8
_0-4_設備機器
  6
CONTINUOUS
 62
   18
 10
14217.460934396516
 20
16152.288135593222
 11
15025.169491525422
 21
16152.288135593222
  0
LINE
  8
_0-4_設備機器
  6
CONTINUOUS
 62
   18
 10
14190.169491525424
 20
15087.288135593218
 11
14190.169247384797
 21
16177.288135593222
  0
LINE
  8
_0-4_設備機器
  6
CONTINUOUS
 62
   18
 10
13430.169491525421
 20
16217.288135593218
 11
13430.169491525421
 21
15047.28813559322
  0
LINE
  8
_0-4_設備機器
  6
CONTINUOUS
 62
   18
 10
13470.169613595735
 20
16177.288135593222
 11
13470.169613595735
 21
15087.288135593218
  0
LINE
  8
_0-4_設備機器
  6
CONTINUOUS
 62
   18
 10
14217.460934396516
 20
15112.288135593218
 11
14217.460934396516
 21
16152.288135593222
  0
LINE
  8
_0-4_設備機器
  6
CONTINUOUS
 62
   18
 10
15050.169491525422
 20
16177.288135593222
 11
15050.169491525422
 21
15087.288135593218
  0
LINE
  8
_0-4_設備機器
  6
CONTINUOUS
 62
   18
 10
15090.169491525424
 20
15047.28813559322
 11
15090.169491525424
 21
16217.288135593218
  0
LINE
  8
_0-4_設備機器
  6
CONTINUOUS
 62
   18
 10
13430.169491525421
 20
15047.28813559322
 11
15090.169491525424
 21
15047.28813559322
  0
LINE
  8
_0-4_設備機器
  6
CONTINUOUS
 62
   18
 10
13470.169613595735
 20
15087.287159030716
 11
15050.169491525422
 21
15087.287159030716
  0
LINE
  8
_0-4_設備機器
  6
CONTINUOUS
 62
   18
 10
15025.169491525422
 20
15112.288135593218
 11
15025.169491525422
 21
16152.288135593222
  0
LINE
  8
_0-4_設備機器
  6
CONTINUOUS
 62
   18
 10
15025.169491525422
 20
15112.288135593218
 11
14217.460934396516
 21
15112.288135593218
  0
LINE
  8
ADD_LINE
  6
DOT
 62
   18
 10
15110.169491525422
 20
14987.288135593218
 11
15110.169491525422
 21
16237.288135593218
  0
LINE
  8
ADD_LINE
  6
DOT
 62
   18
 10
13410.16936945511
 20
14987.288135593218
 11
13410.16936945511
 21
16237.288135593218
  0
LINE
  8
ADD_LINE
  6
DOT
 62
   18
 10
15110.169491525422
 20
14987.288135593218
 11
13410.16936945511
 21
14987.288135593218
  0
LINE
  8
_0-4_設備機器
  6
CONTINUOUS
 62
   18
 10
14364.981808419955
 20
16177.288135593222
 11
14364.981808419955
 21
16197.288135593214
  0
LINE
  8
_0-4_設備機器
  6
CONTINUOUS
 62
   18
 10
15030.169491525421
 20
16177.288135593222
 11
15030.169491525421
 21
16197.288135593214
  0
LINE
  8
_0-4_設備機器
  6
CONTINUOUS
 62
   18
 10
14337.536373849641
 20
15112.288135593218
 11
14337.536373849641
 21
15276.499683444779
  0
LINE
  8
_0-4_設備機器
  6
CONTINUOUS
 62
   18
 10
14337.536373849641
 20
15276.499683444779
 11
14217.460934396516
 21
15276.499683444779
  0
LINE
  8
_0-4_設備機器
  6
CONTINUOUS
 62
   18
 10
14230.230099435579
 20
15128.910327976029
 11
14317.760311837922
 21
15128.910327976029
  0
LINE
  8
_0-4_設備機器
  6
CONTINUOUS
 62
   18
 10
14230.230099435579
 20
15145.007862155716
 11
14317.760311837922
 21
15145.007862155716
  0
LINE
  8
_0-4_設備機器
  6
CONTINUOUS
 62
   18
 10
14230.230099435579
 20
15161.105396335404
 11
14317.760311837922
 21
15161.105396335404
  0
LINE
  8
_0-4_設備機器
  6
CONTINUOUS
 62
   18
 10
14230.230099435579
 20
15177.202930515089
 11
14317.760311837922
 21
15177.202930515089
  0
LINE
  8
_0-4_設備機器
  6
CONTINUOUS
 62
   18
 10
14230.230099435579
 20
15193.300464694782
 11
14317.760311837922
 21
15193.300464694782
  0
LINE
  8
_0-4_設備機器
  6
CONTINUOUS
 62
   18
 10
14230.230099435579
 20
15209.397876804156
 11
14317.760311837922
 21
15209.397876804156
  0
LINE
  8
_0-4_設備機器
  6
CONTINUOUS
 62
   18
 10
14230.230099435579
 20
15225.495410983841
 11
14317.760311837922
 21
15225.495410983841
  0
LINE
  8
_0-4_設備機器
  6
CONTINUOUS
 62
   18
 10
14230.230099435579
 20
15241.592945163529
 11
14317.760311837922
 21
15241.592945163529
  0
LINE
  8
_0-4_設備機器
  6
CONTINUOUS
 62
   18
 10
14230.230099435579
 20
15257.690418308062
 11
14317.760311837922
 21
15257.690418308062
  0
LINE
  8
_0-4_設備機器
  6
CONTINUOUS
 62
   18
 10
15030.169491525421
 20
16197.288135593214
 11
14364.981808419955
 21
16197.288135593214
  0
LINE
  8
_0-4_設備機器
  6
CONTINUOUS
 62
  132
 10
15030.169491525421
 20
16197.288135593214
 11
14757.262661691438
 21
15607.285083835404
  0
CIRCLE
  8
_0-4_設備機器
  6
CONTINUOUS
 62
   18
 10
13830.169491525421
 20
15247.287159030718
 40
27.500000000000003
  0
CIRCLE
  8
_0-4_設備機器
  6
CONTINUOUS
 62
   18
 10
13830.158016916047
 20
15240.891223972124
 40
22.832340240478515
  0
ARC
  8
_0-4_設備機器
  6
CONTINUOUS
 62
   18
 10
13614.406674142612
 20
15210.914478366652
 40
60
 50
187.69462585449215
 51
262.2579345703125
  0
ARC
  8
_0-4_設備機器
  6
CONTINUOUS
 62
   18
 10
16698.685604806672
 20
15627.630298679159
 40
3172.302734375
 50
172.41104125976559
 51
187.69462585449215
  0
ARC
  8
_0-4_設備機器
  6
CONTINUOUS
 62
   18
 10
13613.64349054886
 20
16038.657917087357
 40
60
 50
100.68852233886715
 51
172.41104125976559
  0
ARC
  8
_0-4_設備機器
  6
CONTINUOUS
 62
   18
 10
13831.434384103547
 20
14884.763721530714
 40
1234.267822265625
 50
79.311492919921832
 51
100.68852233886714
  0
ARC
  8
_0-4_設備機器
  6
CONTINUOUS
 62
   18
 10
14049.225399728547
 20
16038.657917087357
 40
60
 50
7.5889739990234206
 51
79.31149291992186
  0
ARC
  8
_0-4_設備機器
  6
CONTINUOUS
 62
   18
 10
13831.434384103547
 20
16807.254139011183
 40
1671.0249023437502
 50
262.25791931152343
 51
277.74209594726562
  0
ARC
  8
_0-4_設備機器
  6
CONTINUOUS
 62
   18
 10
10964.183163400422
 20
15627.630298679156
 40
3172.302734375
 50
352.30538940429687
 51
7.588973999023449
  0
ARC
  8
_0-4_設備機器
  6
CONTINUOUS
 62
   18
 10
14048.462216134797
 20
15210.914478366652
 40
60
 50
277.74209594726562
 51
352.30538940429687
  0
ARC
  8
_0-4_設備機器
  6
CONTINUOUS
 62
   18
 10
13614.406674142612
 20
15210.914478366652
 40
35.386459350585937
 50
187.69462585449215
 51
262.2579345703125
  0
ARC
  8
_0-4_設備機器
  6
CONTINUOUS
 62
   18
 10
13831.434384103547
 20
16807.254139011183
 40
1646.4113769531247
 50
262.25791931152343
 51
277.74209594726562
  0
ARC
  8
_0-4_設備機器
  6
CONTINUOUS
 62
   18
 10
14048.462216134797
 20
15210.914478366652
 40
35.386459350585937
 50
277.74209594726562
 51
352.30538940429687
  0
ARC
  8
_0-4_設備機器
  6
CONTINUOUS
 62
   18
 10
16698.685604806672
 20
15627.630298679159
 40
3147.689208984375
 50
175.73030090332031
 51
187.69462585449215
  0
ARC
  8
_0-4_設備機器
  6
CONTINUOUS
 62
   18
 10
13619.565731759797
 20
15857.513080661577
 40
60
 50
100.61968994140625
 51
175.73031616210937
  0
ARC
  8
_0-4_設備機器
  6
CONTINUOUS
 62
   18
 10
13831.434384103547
 20
14727.549976413531
 40
1209.6541748046875
 50
79.380325317382798
 51
100.61968994140623
  0
ARC
  8
_0-4_設備機器
  6
CONTINUOUS
 62
   18
 10
10964.183163400422
 20
15627.630298679156
 40
3147.689208984375
 50
352.30538940429687
 51
4.2697143554687491
  0
ARC
  8
_0-4_設備機器
  6
CONTINUOUS
 62
   18
 10
14043.303036447297
 20
15857.513080661577
 40
60
 50
4.2697143554687464
 51
79.380325317382798
  0
ARC
  8
_0-4_設備機器
  6
CONTINUOUS
 62
  132
 10
15023.524227853547
 20
16204.788135593218
 40
654.14459228515625
 50
180.65251159667968
 51
245.98112487792968
  0
LINE
  8
_0-4_設備機器
  6
CONTINUOUS
 62
   18
 10
14374.844357248079
 20
16197.288135593214
 11
14374.844357248079
 21
16237.288135593218
  0
LINE
  8
_0-4_設備機器
  6
CONTINUOUS
 62
   18
 10
15014.923565622104
 20
16197.288135593214
 11
15014.923565622104
 21
16237.288135593218
  0
LINE
  8
_0-4_設備機器
  6
CONTINUOUS
 62
   18
 10
16335.17004084183
 20
17937.288135593218
 11
16335.17004084183
 21
16137.28813559322
  0
LINE
  8
_0-4_設備機器
  6
CONTINUOUS
 62
   18
 10
16335.17004084183
 20
16137.28813559322
 11
16935.169491525422
 21
16137.28813559322
  0
LINE
  8
_0-4_設備機器
  6
CONTINUOUS
 62
   18
 10
16935.169491525422
 20
17937.288135593218
 11
16935.169491525422
 21
16137.28813559322
  0
LINE
  8
_0-4_設備機器
  6
CONTINUOUS
 62
   18
 10
16335.17004084183
 20
17937.288135593218
 11
16935.169491525422
 21
17937.288135593218
  0
LINE
  8
_0-4_設備機器
  6
CONTINUOUS
 62
   18
 10
16386.836405376277
 20
17937.288135593218
 11
16386.836405376277
 21
17337.288013522909
  0
LINE
  8
_0-4_設備機器
  6
CONTINUOUS
 62
   18
 10
16457.580698589168
 20
17937.288135593218
 11
16457.580698589168
 21
17337.288013522909
  0
ARC
  8
_0-4_設備機器
  6
CONTINUOUS
 62
   18
 10
16450.898861642614
 20
16258.337703769489
 40
29.999999999999992
 50
180
 51
270
  0
ARC
  8
_0-4_設備機器
  6
CONTINUOUS
 62
   18
 10
16450.898861642614
 20
16780.006092136187
 40
29.999999999999992
 50
90.000000000000014
 51
180
  0
ARC
  8
_0-4_設備機器
  6
CONTINUOUS
 62
   18
 10
16815.360371347203
 20
16780.006092136187
 40
29.999999999999992
 50
0
 51
90
  0
ARC
  8
_0-4_設備機器
  6
CONTINUOUS
 62
   18
 10
16815.3603713472
 20
16258.337703769489
 40
29.999999999999992
 50
270
 51
0.0000000000000127
  0
LINE
  8
_0-4_設備機器
  6
CONTINUOUS
 62
   18
 10
16335.17004084183
 20
17337.288013522909
 11
16905.169888253938
 21
17337.288013522909
  0
LINE
  8
_0-4_設備機器
  6
CONTINUOUS
 62
   18
 10
16450.898861642614
 20
16228.337635104939
 11
16815.3603713472
 21
16228.337635104939
  0
LINE
  8
_0-4_設備機器
  6
CONTINUOUS
 62
   18
 10
16420.899227853547
 20
16258.337703769489
 11
16420.899227853547
 21
16780.006092136187
  0
LINE
  8
_0-4_設備機器
  6
CONTINUOUS
 62
   18
 10
16450.898861642614
 20
16810.006153171347
 11
16815.360371347203
 21
16810.006153171343
  0
LINE
  8
_0-4_設備機器
  6
CONTINUOUS
 62
   18
 10
16845.359974618688
 20
16780.006092136187
 11
16845.359974618684
 21
16258.337703769489
  0
LINE
  8
_0-4_設備機器
  6
CONTINUOUS
 62
   18
 10
16905.169888253938
 20
17937.288135593218
 11
16905.169888253938
 21
16137.28813559322
  0
LINE
  8
_0-4_設備機器
  6
CONTINUOUS
 62
   18
 10
16808.846810856117
 20
17702.484256493218
 11
16808.846810856117
 21
17572.091892622906
  0
LINE
  8
_0-4_設備機器
  6
CONTINUOUS
 62
   18
 10
16847.451342996118
 20
17702.484256493218
 11
16847.451342996118
 21
17572.091892622906
  0
LINE
  8
_0-4_設備機器
  6
CONTINUOUS
 62
   18
 10
16739.679254499595
 20
17586.573169772906
 11
16697.251977888266
 21
17544.146411960406
  0
LINE
  8
_0-4_設備機器
  6
CONTINUOUS
 62
   18
 10
16612.399911848224
 20
17544.146411960406
 11
16569.972665754477
 21
17586.572803561968
  0
LINE
  8
_0-4_設備機器
  6
CONTINUOUS
 62
   18
 10
16612.399911848224
 20
17459.293750827593
 11
16569.972665754477
 21
17416.867481296343
  0
LINE
  8
_0-4_設備機器
  6
CONTINUOUS
 62
   18
 10
16739.679254499595
 20
17416.867481296343
 11
16697.251977888266
 21
17459.293750827593
  0
LINE
  8
_0-4_設備機器
  6
CONTINUOUS
 62
   18
 10
16739.679254499595
 20
17691.980884616656
 11
16697.251977888266
 21
17734.407276218218
  0
LINE
  8
_0-4_設備機器
  6
CONTINUOUS
 62
   18
 10
16697.251977888266
 20
17819.259937351031
 11
16739.679254499595
 21
17861.686328952593
  0
LINE
  8
_0-4_設備機器
  6
CONTINUOUS
 62
   18
 10
16612.399911848224
 20
17819.259937351031
 11
16569.972665754477
 21
17861.686573093218
  0
LINE
  8
_0-4_設備機器
  6
CONTINUOUS
 62
   18
 10
16569.972665754477
 20
17691.980884616656
 11
16612.399911848224
 21
17734.407520358843
  0
CIRCLE
  8
_0-4_設備機器
  6
CONTINUOUS
 62
   18
 10
16654.825937238849
 20
17776.833667819784
 40
99.999999999999971
  0
CIRCLE
  8
_0-4_設備機器
  6
CONTINUOUS
 62
   18
 10
16654.825937238849
 20
17501.720142429156
 40
99.999999999999971
  0
ARC
  8
_0-4_設備機器
  6
CONTINUOUS
 62
   18
 10
16828.149076926114
 20
17572.091892622906
 40
19.302266070000229
 50
180
 51
0
  0
ARC
  8
_0-4_設備機器
  6
CONTINUOUS
 62
   18
 10
16828.149076926114
 20
17702.484256493218
 40
19.302266070000229
 50
0
 51
180
  0
LINE
  8
_0-4_設備機器
  6
CONTINUOUS
 62
   18
 10
16447.088365339168
 20
17730.096445408689
 11
16447.088365339168
 21
17544.479703707438
  0
LINE
  8
_0-4_設備機器
  6
CONTINUOUS
 62
   18
 10
16397.328738626278
 20
17544.479703707438
 11
16447.088365339168
 21
17544.479703707438
  0
LINE
  8
_0-4_設備機器
  6
CONTINUOUS
 62
   18
 10
16397.328738626278
 20
17730.096445408689
 11
16397.328738626278
 21
17544.479703707438
  0
LINE
  8
_0-4_設備機器
  6
CONTINUOUS
 62
   18
 10
16447.088365339168
 20
17730.096445408689
 11
16397.328738626278
 21
17730.096445408689
  0
LINE
  8
_0-4_設備機器
  6
CONTINUOUS
 62
   18
 10
16432.208551982723
 20
17415.883858615172
 11
16412.208551982723
 21
17415.883858615172
  0
LINE
  8
_0-4_設備機器
  6
CONTINUOUS
 62
   18
 10
16412.208551982723
 20
17415.883858615172
 11
16412.208551982723
 21
17465.883858615172
  0
LINE
  8
_0-4_設備機器
  6
CONTINUOUS
 62
   18
 10
16412.208551982723
 20
17465.883858615172
 11
16432.208551982723
 21
17465.883858615172
  0
LINE
  8
_0-4_設備機器
  6
CONTINUOUS
 62
   18
 10
16432.208551982723
 20
17465.883858615172
 11
16432.208551982723
 21
17415.883858615172
  0
LINE
  8
_0-4_設備機器
  6
CONTINUOUS
 62
   18
 10
16432.208551982723
 20
17808.692290500956
 11
16412.208551982723
 21
17808.692290500956
  0
LINE
  8
_0-4_設備機器
  6
CONTINUOUS
 62
   18
 10
16412.208551982723
 20
17808.692290500956
 11
16412.208551982723
 21
17858.692290500956
  0
LINE
  8
_0-4_設備機器
  6
CONTINUOUS
 62
   18
 10
16412.208551982723
 20
17858.692290500956
 11
16432.208551982723
 21
17858.692290500956
  0
LINE
  8
_0-4_設備機器
  6
CONTINUOUS
 62
   18
 10
16432.208551982723
 20
17858.692290500956
 11
16432.208551982723
 21
17808.692290500956
  0
LINE
  8
_0-4_設備機器
  6
CONTINUOUS
 62
   18
 10
16432.779900227367
 20
17745.41162575579
 11
16412.779900227367
 21
17745.41162575579
  0
LINE
  8
_0-4_設備機器
  6
CONTINUOUS
 62
   18
 10
16412.779900227367
 20
17745.41162575579
 11
16412.779900227367
 21
17765.41162575579
  0
LINE
  8
_0-4_設備機器
  6
CONTINUOUS
 62
   18
 10
16412.779900227367
 20
17765.41162575579
 11
16432.779900227367
 21
17765.41162575579
  0
LINE
  8
_0-4_設備機器
  6
CONTINUOUS
 62
   18
 10
16432.779900227367
 20
17765.41162575579
 11
16432.779900227367
 21
17745.41162575579
  0
LINE
  8
_0-4_設備機器
  6
DASHED1
 62
  132
 10
16505.169888253938
 20
17337.288013522909
 11
16505.169888253938
 21
16137.28813559322
  0
LINE
  8
_0-4_設備機器
  6
DASHED1
 62
  132
 10
16905.169888253938
 20
17337.288013522909
 11
16335.17004084183
 21
17937.288135593218
  0
LINE
  8
_0-4_設備機器
  6
DASHED1
 62
  132
 10
16335.17004084183
 20
17337.288013522909
 11
16905.169888253938
 21
17937.288135593218
  0
LINE
  8
_0-4_設備機器
  6
DASHED1
 62
  132
 10
16505.169888253938
 20
16137.28813559322
 11
16905.169888253938
 21
17337.288013522909
  0
LINE
  8
_0-2_間仕切り
  6
CONTINUOUS
 62
   18
 10
15110.169491525422
 20
16237.288135593218
 11
15014.923565622104
 21
16237.288135593218
  0
LINE
  8
_0-2_間仕切り
  6
CONTINUOUS
 62
   18
 10
15110.169491525422
 20
16337.288135593218
 11
15014.923565622104
 21
16337.288135593218
  0
LINE
  8
_0-4_設備機器
  6
CONTINUOUS
 62
   18
 10
15014.923565622104
 20
16237.288135593218
 11
15014.923565622104
 21
16337.288135593218
  0
LINE
  8
_0-2_間仕切り
  6
CONTINUOUS
 62
   18
 10
14374.844357248079
 20
16337.288135593218
 11
13385.169491525422
 21
16337.288135593218
  0
LINE
  8
_0-4_設備機器
  6
CONTINUOUS
 62
   18
 10
14374.844357248079
 20
16237.288135593218
 11
14374.844357248079
 21
16337.288135593218
  0
LINE
  8
_0-2_間仕切り
  6
CONTINUOUS
 62
   18
 10
14374.844357248079
 20
16237.288135593218
 11
13385.169491525422
 21
16237.288135593218
  0
SOLID
  8
_0-2_間仕切り
  6
CONTINUOUS
 62
    9
 10
15210.169491525422
 20
16337.288135593218
 11
15210.169491525422
 21
14287.288135593218
 12
15110.169491525422
 22
16337.288135593218
 13
15110.169491525422
 23
14287.288135593218
  0
SOLID
  8
_0-2_間仕切り
  6
CONTINUOUS
 62
    9
 10
15014.923565622104
 20
16237.288135593218
 11
15014.923565622104
 21
16337.288135593218
 12
15110.169491525422
 22
16237.288135593218
 13
15110.169491525422
 23
16337.288135593218
  0
SOLID
  8
_0-2_間仕切り
  6
CONTINUOUS
 62
    9
 10
14374.844357248079
 20
16337.288135593218
 11
14374.844357248079
 21
16237.288135593218
 12
13385.169491525422
 22
16337.288135593218
 13
13385.169491525422
 23
16237.288135593218
  0
SOLID
  8
_0-2_間仕切り
  6
CONTINUOUS
 62
    9
 10
13385.169491525422
 20
14987.288135593218
 11
13385.169491525422
 21
14887.288135593218
 12
15110.169491525422
 22
14987.288135593218
 13
15110.169491525422
 23
14887.288135593218
  0
SOLID
  8
_0-2_間仕切り
  6
CONTINUOUS
 62
    9
 10
16935.169491525422
 20
18037.288135593218
 11
16935.169491525422
 21
17937.288135593218
 12
16110.169491525422
 22
18037.288135593218
 13
16110.169491525422
 23
17937.288135593218
  0
SOLID
  8
_0-2_間仕切り
  6
CONTINUOUS
 62
    9
 10
15210.169491525422
 20
18912.288135593218
 11
15210.169491525422
 21
17007.288135593218
 12
15110.169491525422
 22
18912.288135593218
 13
15110.169491525422
 23
17007.288135593218
  0
SOLID
  8
_0-2_間仕切り
  6
CONTINUOUS
 62
    9
 10
14440.169491525421
 20
18037.288135593218
 11
14440.169491525421
 21
17937.288135593218
 12
13910.169491525422
 22
18037.288135593218
 13
13910.169491525422
 23
17937.288135593218
  0
LINE
  8
_0-5__仕上
  6
CONTINUOUS
 62
  132
 10
15110.169491525422
 20
14337.288135593218
 11
13385.169491525422
 21
14887.288135593218
  0
LINE
  8
_0-5__仕上
  6
CONTINUOUS
 62
  132
 10
16935.169491525422
 20
13647.28813559322
 11
16935.169491525422
 21
12277.288135593218
  0
LINE
  8
_0-5__仕上
  6
CONTINUOUS
 62
  132
 10
16045.169491525422
 20
11662.288135593218
 11
14275.169491525422
 21
11662.288135593218
  0
LINE
  8
_0-5__仕上
  6
CONTINUOUS
 62
  132
 10
16485.169491525422
 20
11750
 11
13385.169491525422
 21
11750
  0
LINE
  8
_0-5__仕上
  6
CONTINUOUS
 62
  132
 10
16485.169491525422
 20
11850
 11
13385.169491525422
 21
11850
  0
LINE
  8
_0-5__仕上
  6
CONTINUOUS
 62
  132
 10
16485.169491525422
 20
11950
 11
13385.169491525422
 21
11950
  0
LINE
  8
_0-5__仕上
  6
CONTINUOUS
 62
  132
 10
16485.169491525422
 20
12050
 11
13385.169491525422
 21
12050
  0
LINE
  8
_0-5__仕上
  6
CONTINUOUS
 62
  132
 10
16935.169491525422
 20
12150
 11
13385.169491525422
 21
12150
  0
LINE
  8
_0-5__仕上
  6
CONTINUOUS
 62
  132
 10
16935.169491525422
 20
12250
 11
13385.169491525422
 21
12250
  0
LINE
  8
_0-5__仕上
  6
CONTINUOUS
 62
  132
 10
16935.169491525422
 20
12350
 11
13385.169491525422
 21
12350
  0
LINE
  8
_0-5__仕上
  6
CONTINUOUS
 62
  132
 10
16935.169491525422
 20
12450
 11
13385.169491525422
 21
12450
  0
LINE
  8
_0-5__仕上
  6
CONTINUOUS
 62
  132
 10
16935.169491525422
 20
12550
 11
13385.169491525422
 21
12550
  0
LINE
  8
_0-5__仕上
  6
CONTINUOUS
 62
  132
 10
16935.169491525422
 20
12650
 11
13385.169491525422
 21
12650
  0
LINE
  8
_0-5__仕上
  6
CONTINUOUS
 62
  132
 10
16935.169491525422
 20
12750
 11
13385.169491525422
 21
12750
  0
LINE
  8
_0-5__仕上
  6
CONTINUOUS
 62
  132
 10
16935.169491525422
 20
12850
 11
13385.169491525422
 21
12850
  0
LINE
  8
_0-5__仕上
  6
CONTINUOUS
 62
  132
 10
16935.169491525422
 20
12950
 11
13385.169491525422
 21
12950
  0
LINE
  8
_0-5__仕上
  6
CONTINUOUS
 62
  132
 10
16935.169491525422
 20
13050
 11
13385.169491525422
 21
13050
  0
LINE
  8
_0-5__仕上
  6
CONTINUOUS
 62
  132
 10
16935.169491525422
 20
13150
 11
13385.169491525422
 21
13150
  0
LINE
  8
_0-5__仕上
  6
CONTINUOUS
 62
  132
 10
16935.169491525422
 20
13250
 11
13385.169491525422
 21
13250
  0
LINE
  8
_0-5__仕上
  6
CONTINUOUS
 62
  132
 10
16935.169491525422
 20
13350
 11
13385.169491525422
 21
13350
  0
LINE
  8
_0-5__仕上
  6
CONTINUOUS
 62
  132
 10
16935.169491525422
 20
13450
 11
13385.169491525422
 21
13450
  0
LINE
  8
_0-5__仕上
  6
CONTINUOUS
 62
  132
 10
16935.169491525422
 20
13550
 11
13385.169491525422
 21
13550
  0
LINE
  8
_0-5__仕上
  6
CONTINUOUS
 62
  132
 10
16935.169491525422
 20
13650
 11
13385.169491525422
 21
13650
  0
LINE
  8
_0-5__仕上
  6
CONTINUOUS
 62
  132
 10
16935.169491525422
 20
13750
 11
13385.169491525422
 21
13750
  0
LINE
  8
_0-5__仕上
  6
CONTINUOUS
 62
  132
 10
16935.169491525422
 20
13850
 11
13385.169491525422
 21
13850
  0
LINE
  8
_0-5__仕上
  6
CONTINUOUS
 62
  132
 10
16935.169491525422
 20
13950
 11
13385.169491525422
 21
13950
  0
LINE
  8
_0-5__仕上
  6
CONTINUOUS
 62
  132
 10
16935.169491525422
 20
14050
 11
13385.169491525422
 21
14050
  0
LINE
  8
_0-5__仕上
  6
CONTINUOUS
 62
  132
 10
16935.169491525422
 20
14150
 11
13385.169491525422
 21
14150
  0
LINE
  8
_0-5__仕上
  6
CONTINUOUS
 62
  132
 10
16935.169491525422
 20
14250
 11
13385.169491525422
 21
14250
  0
LINE
  8
_0-5__仕上
  6
CONTINUOUS
 62
  132
 10
16110.169491525422
 20
18037.288135593218
 11
16110.169491525422
 21
18912.288135593218
  0
LINE
  8
_0-5__仕上
  6
CONTINUOUS
 62
  132
 10
16110.169491525422
 20
18037.288135593218
 11
15210.169491525422
 21
18037.288135593218
  0
TEXT
  8
_0-6__室名
 62
   18
 10
14888.533731177452
 20
12927.024646018637
 40
300
 41
1
 50
0
  1
洋室
  0
TEXT
  8
_0-6__室名
 62
   18
 10
13646.572876102834
 20
14452.887044388307
 40
300
 41
1
 50
0
  1
ｸﾛｰｾﾞｯﾄ
  0
TEXT
  8
_0-6__室名
 62
   18
 10
14320.770978295711
 20
15481.957033986454
 40
300
 41
1
 50
0
  1
浴室
  0
TEXT
  8
_0-6__室名
 62
   18
 10
14249.800634185499
 20
17167.502706604114
 40
300
 41
1
 50
0
  1
脱衣
  0
TEXT
  8
_0-6__室名
 62
   18
 10
14077.226494461041
 20
16865.87874413569
 40
300
 41
1
 50
0
  1
化粧室
  0
TEXT
  8
_0-6__室名
 62
   18
 10
14417.54322021305
 20
18338.513384422698
 40
300
 41
1
 50
0
  1
ﾄｲﾚ
  0
TEXT
  8
_0-6__室名
 62
   18
 10
15314.355795838753
 20
18356.255970450252
 40
300
 41
1
 50
0
  1
玄関
  0
TEXT
  8
_0-6__室名
 62
  132
 10
16412.752000224514
 20
18196.572696202263
 40
200
 41
1
 50
90
  1
下駄箱
  0
TEXT
  8
_0-6__室名
 62
   18
 10
16015.959591452994
 20
15428.729275903793
 40
300
 41
1
 50
90
  1
キッチン
  0
TEXT
  8
_0-6__室名
 62
   18
 10
12989.949626493187
 20
18396.42170200956
 40
300
 41
1
 50
0
  1
ＰＳ
  0
LINE
  8
_0-5__仕上
  6
CONTINUOUS
 62
   18
 10
12860.169491525422
 20
18972.288135593218
 11
13760.169491525422
 21
18972.288135593218
  0
LINE
  8
_0-5__仕上
  6
CONTINUOUS
 62
   18
 10
13760.169491525422
 20
18972.288135593218
 11
13760.169491525422
 21
19002.288135593218
  0
LINE
  8
_0-5__仕上
  6
CONTINUOUS
 62
   18
 10
13760.169491525422
 20
19002.288135593218
 11
12860.169491525422
 21
19002.288135593218
  0
LINE
  8
_0-5__仕上
  6
CONTINUOUS
 62
   18
 10
12860.169491525422
 20
19002.288135593218
 11
12860.169491525422
 21
18972.288135593218
  0
LINE
  8
_0-1__躯体
  6
CONTINUOUS
 62
   18
 10
12860.169491525422
 20
18087.288135593218
 11
13760.169491525422
 21
18087.288135593218
  0
LINE
  8
_0-1__躯体
  6
CONTINUOUS
 62
   18
 10
12710.169491525422
 20
17937.288135593218
 11
13235.169491525422
 21
17937.288135593218
  0
LINE
  8
_0-1__躯体
  6
CONTINUOUS
 62
   18
 10
13385.169491525422
 20
17937.288135593218
 11
13910.169491525422
 21
17937.288135593218
  0
LINE
  8
_0-1__躯体
  6
CONTINUOUS
 62
   18
 10
13385.169491525422
 20
17937.288135593218
 11
13385.169491525422
 21
11662.288135593218
  0
LINE
  8
_0-1__躯体
  6
CONTINUOUS
 62
   18
 10
13235.169491525422
 20
17937.288135593218
 11
13235.169491525422
 21
11662.288135593218
  0
LINE
  8
_0-1__躯体
  6
CONTINUOUS
 62
   18
 10
14275.169491525422
 20
11662.288135593218
 11
13385.169491525422
 21
11662.288135593218
  0
LINE
  8
_0-1__躯体
  6
CONTINUOUS
 62
   18
 10
13235.169491525422
 20
11662.288135593218
 11
12345.169491525422
 21
11662.288135593218
  0
LINE
  8
_0-1__躯体
  6
CONTINUOUS
 62
   18
 10
14275.169491525422
 20
11512.288135593218
 11
12345.169491525422
 21
11512.288135593218
  0
LINE
  8
_0-4_設備機器
  6
DASHED1
 62
   18
 10
21085.169491525422
 20
14737.28813559322
 11
21535.169491525422
 21
15437.28813559322
  0
LINE
  8
_0-4_設備機器
  6
DASHED1
 62
   18
 10
21535.169491525422
 20
14737.28813559322
 11
21085.169491525422
 21
14737.28813559322
  0
LINE
  8
_0-4_設備機器
  6
DASHED1
 62
   18
 10
21085.169491525422
 20
14737.28813559322
 11
21085.169491525422
 21
15437.28813559322
  0
LINE
  8
_0-4_設備機器
  6
DASHED1
 62
   18
 10
21085.169491525422
 20
15437.28813559322
 11
21535.169491525422
 21
15437.28813559322
  0
LINE
  8
_0-4_設備機器
  6
DASHED1
 62
   18
 10
21535.169491525422
 20
15437.28813559322
 11
21535.169491525422
 21
14737.28813559322
  0
LINE
  8
_0-4_設備機器
  6
DASHED1
 62
   18
 10
21685.169491525422
 20
15487.28813559322
 11
21085.169491525422
 21
16087.28813559322
  0
LINE
  8
_0-4_設備機器
  6
DASHED1
 62
   18
 10
21085.169491525422
 20
15487.28813559322
 11
21685.169491525422
 21
16087.28813559322
  0
LINE
  8
_0-4_設備機器
  6
DASHED1
 62
   18
 10
21685.169491525422
 20
15487.28813559322
 11
21085.169491525422
 21
15487.28813559322
  0
LINE
  8
_0-4_設備機器
  6
DASHED1
 62
   18
 10
21085.169491525422
 20
15487.28813559322
 11
21085.169491525422
 21
16087.28813559322
  0
LINE
  8
_0-4_設備機器
  6
DASHED1
 62
   18
 10
21085.169491525422
 20
16087.28813559322
 11
21685.169491525422
 21
16087.28813559322
  0
LINE
  8
_0-4_設備機器
  6
DASHED1
 62
   18
 10
21685.169491525422
 20
16087.28813559322
 11
21685.169491525422
 21
15487.28813559322
  0
LINE
  8
_0-0__芯
  6
CENTER1
 62
  132
 10
24160.169491525422
 20
18987.288135593218
 11
24160.169491525422
 21
17987.288135593218
  0
LINE
  8
_0-1__躯体
  6
CONTINUOUS
 62
   18
 10
21535.169491525422
 20
18912.288135593218
 11
21535.169491525422
 21
18462.288135593218
  0
LINE
  8
_0-1__躯体
  6
CONTINUOUS
 62
   18
 10
21535.169491525422
 20
18462.288135593218
 11
21085.169491525422
 21
18462.288135593218
  0
LINE
  8
_0-1__躯体
  6
CONTINUOUS
 62
   18
 10
21535.169491525422
 20
12112.288135593218
 11
21085.169491525422
 21
12112.288135593218
  0
LINE
  8
_0-1__躯体
  6
CONTINUOUS
 62
   18
 10
21535.169491525422
 20
11662.288135593218
 11
21535.169491525422
 21
12112.288135593218
  0
LINE
  8
_0-0__芯
  6
CENTER1
 62
  132
 10
21010.169491525422
 20
14337.288135593218
 11
24710.169491525422
 21
14337.288135593218
  0
LINE
  8
_0-0__芯
  6
CENTER1
 62
  132
 10
22860.169491525422
 20
16287.288135593218
 11
24710.169491525422
 21
16287.288135593218
  0
LINE
  8
_0-0__芯
  6
CENTER1
 62
  132
 10
22860.169491525422
 20
14937.288135593218
 11
24710.169491525422
 21
14937.288135593218
  0
LINE
  8
_0-0__芯
  6
CENTER1
 62
  132
 10
21010.169491525422
 20
17987.288135593218
 11
24710.169491525422
 21
17987.288135593218
  0
LINE
  8
_0-0__芯
  6
CENTER1
 62
  132
 10
22860.169491525422
 20
18987.288135593218
 11
22860.169491525422
 21
14337.288135593218
  0
LINE
  8
_0-1__躯体
  6
CONTINUOUS
 62
   18
 10
24110.169491525422
 20
18912.288135593218
 11
24110.169491525422
 21
17937.288135593218
  0
LINE
  8
_0-1__躯体
  6
CONTINUOUS
 62
   18
 10
24260.169491525422
 20
19062.288135593218
 11
24260.169491525422
 21
18087.288135593218
  0
LINE
  8
_0-2_間仕切り
  6
CONTINUOUS
 62
   18
 10
22810.169491525422
 20
14287.288135593218
 11
22910.169491525422
 21
14287.288135593218
  0
LINE
  8
_0-2_間仕切り
  6
CONTINUOUS
 62
   18
 10
24635.169491525422
 20
14887.288135593218
 11
22910.169491525422
 21
14887.288135593218
  0
LINE
  8
_0-2_間仕切り
  6
CONTINUOUS
 62
   18
 10
24635.169491525422
 20
14987.288135593218
 11
22910.169491525422
 21
14987.288135593218
  0
LINE
  8
_0-2_間仕切り
  6
CONTINUOUS
 62
   18
 10
22910.169491525422
 20
14887.288135593218
 11
22910.169491525422
 21
14287.288135593218
  0
LINE
  8
_0-2_間仕切り
  6
CONTINUOUS
 62
   18
 10
22910.169491525422
 20
16237.288135593218
 11
22910.169491525422
 21
14987.288135593218
  0
LINE
  8
_0-2_間仕切り
  6
CONTINUOUS
 62
   18
 10
21085.169491525422
 20
17937.288135593218
 11
21910.169491525422
 21
17937.288135593218
  0
LINE
  8
_0-2_間仕切り
  6
CONTINUOUS
 62
   18
 10
21085.169491525422
 20
18037.288135593218
 11
21910.169491525422
 21
18037.288135593218
  0
LINE
  8
_0-2_間仕切り
  6
CONTINUOUS
 62
   18
 10
21910.169491525422
 20
17937.288135593218
 11
21910.169491525422
 21
18037.288135593218
  0
LINE
  8
_0-3__建具
  6
CONTINUOUS
 62
   18
 10
21925.169491525422
 20
19022.288135593218
 11
21945.169491525422
 21
19022.288135593218
  0
LINE
  8
_0-3__建具
  6
CONTINUOUS
 62
   18
 10
21945.169491525422
 20
19022.288135593218
 11
21945.169491525422
 21
18987.288135593218
  0
LINE
  8
_0-3__建具
  6
CONTINUOUS
 62
   18
 10
21945.169491525422
 20
18987.288135593218
 11
21960.169491525422
 21
18987.288135593218
  0
LINE
  8
_0-3__建具
  6
CONTINUOUS
 62
   18
 10
21960.169491525422
 20
18987.288135593218
 11
21960.169491525422
 21
18952.288135593218
  0
LINE
  8
_0-3__建具
  6
CONTINUOUS
 62
   18
 10
21960.169491525422
 20
18952.288135593218
 11
21925.169491525422
 21
18952.288135593218
  0
LINE
  8
_0-3__建具
  6
CONTINUOUS
 62
   18
 10
21950.169491525422
 20
19022.288135593218
 11
21950.169491525422
 21
18992.288135593218
  0
LINE
  8
_0-3__建具
  6
CONTINUOUS
 62
   18
 10
21950.169491525422
 20
19022.288135593218
 11
22770.169491525422
 21
19022.288135593218
  0
LINE
  8
_0-3__建具
  6
CONTINUOUS
 62
   18
 10
21950.169491525422
 20
18992.288135593218
 11
22770.169491525422
 21
18992.288135593218
  0
LINE
  8
_0-3__建具
  6
CONTINUOUS
 62
   18
 10
22795.169491525422
 20
19022.288135593218
 11
22775.169491525422
 21
19022.288135593218
  0
LINE
  8
_0-3__建具
  6
CONTINUOUS
 62
   18
 10
22775.169491525422
 20
19022.288135593218
 11
22775.169491525422
 21
18987.288135593218
  0
LINE
  8
_0-3__建具
  6
CONTINUOUS
 62
   18
 10
22775.169491525422
 20
18987.288135593218
 11
22760.169491525422
 21
18987.288135593218
  0
LINE
  8
_0-3__建具
  6
CONTINUOUS
 62
   18
 10
22760.169491525422
 20
18987.288135593218
 11
22760.169491525422
 21
18952.288135593218
  0
LINE
  8
_0-3__建具
  6
CONTINUOUS
 62
   18
 10
22760.169491525422
 20
18952.288135593218
 11
22795.169491525422
 21
18952.288135593218
  0
LINE
  8
_0-3__建具
  6
CONTINUOUS
 62
   18
 10
22770.169491525422
 20
19022.288135593218
 11
22770.169491525422
 21
18992.288135593218
  0
ARC
  8
_0-3__建具
  6
CONTINUOUS
 62
  132
 10
21950.169491525422
 20
19022.288135593218
 40
819.99999999999886
 50
0
 51
90
  0
LINE
  8
_0-3__建具
  6
CONTINUOUS
 62
  132
 10
21950.169491525422
 20
19022.288135593218
 11
21950.169491525422
 21
19842.288135593218
  0
LINE
  8
_0-1__躯体
  6
CONTINUOUS
 62
   18
 10
21535.169491525422
 20
18912.288135593218
 11
21925.169491525422
 21
18912.288135593218
  0
LINE
  8
_0-1__躯体
  6
CONTINUOUS
 62
   18
 10
21925.169491525422
 20
18912.288135593218
 11
21925.169491525422
 21
19062.288135593218
  0
LINE
  8
_0-1__躯体
  6
CONTINUOUS
 62
   18
 10
20935.169491525422
 20
19062.288135593218
 11
21925.169491525422
 21
19062.288135593218
  0
LINE
  8
_0-1__躯体
  6
CONTINUOUS
 62
   18
 10
22795.169491525422
 20
18912.288135593218
 11
22795.169491525422
 21
19062.288135593218
  0
LINE
  8
_0-3__建具
  6
CONTINUOUS
 62
   18
 10
21975.169491525422
 20
11552.288135593218
 11
22010.169491525422
 21
11552.288135593218
  0
LINE
  8
_0-3__建具
  6
CONTINUOUS
 62
   18
 10
21995.169491525422
 20
11552.288135593218
 11
21995.169491525422
 21
11622.28813559322
  0
LINE
  8
_0-3__建具
  6
CONTINUOUS
 62
   18
 10
21975.169491525422
 20
11622.28813559322
 11
22010.169491525422
 21
11622.28813559322
  0
LINE
  8
_0-3__建具
  6
CONTINUOUS
 62
   18
 10
21995.169491525422
 20
11587.288135593218
 11
22030.169491525422
 21
11587.288135593218
  0
LINE
  8
_0-3__建具
  6
CONTINUOUS
 62
   18
 10
22030.169491525422
 20
11587.288135593218
 11
22030.169491525422
 21
11611.288135593218
  0
LINE
  8
_0-3__建具
  6
CONTINUOUS
 62
   18
 10
22030.169491525422
 20
11611.288135593218
 11
21995.169491525422
 21
11611.288135593218
  0
LINE
  8
_0-3__建具
  6
CONTINUOUS
 62
   18
 10
22030.169491525422
 20
11599.288135593218
 11
22843.169491525422
 21
11599.288135593218
  0
LINE
  8
_0-3__建具
  6
CONTINUOUS
 62
   18
 10
22843.169491525422
 20
11563.28813559322
 11
22877.169491525422
 21
11563.28813559322
  0
LINE
  8
_0-3__建具
  6
CONTINUOUS
 62
   18
 10
22877.169491525422
 20
11563.28813559322
 11
22877.169491525422
 21
11611.288135593218
  0
LINE
  8
_0-3__建具
  6
CONTINUOUS
 62
   18
 10
22877.169491525422
 20
11611.288135593218
 11
22843.169491525422
 21
11611.288135593218
  0
LINE
  8
_0-3__建具
  6
CONTINUOUS
 62
   18
 10
22843.169491525422
 20
11611.288135593218
 11
22843.169491525422
 21
11563.28813559322
  0
LINE
  8
_0-3__建具
  6
CONTINUOUS
 62
   18
 10
22843.169491525422
 20
11587.288135593218
 11
22877.169491525422
 21
11587.288135593218
  0
LINE
  8
_0-3__建具
  6
CONTINUOUS
 62
   18
 10
22860.169491525422
 20
11532.28813559322
 11
22860.169491525422
 21
11642.288135593218
  0
LINE
  8
_0-3__建具
  6
CONTINUOUS
 62
   18
 10
22877.169491525422
 20
11575.28813559322
 11
23690.169491525419
 21
11575.28813559322
  0
LINE
  8
_0-3__建具
  6
CONTINUOUS
 62
   18
 10
23745.169491525422
 20
11552.288135593218
 11
23710.169491525422
 21
11552.288135593218
  0
LINE
  8
_0-3__建具
  6
CONTINUOUS
 62
   18
 10
23725.169491525422
 20
11552.288135593218
 11
23725.169491525422
 21
11622.28813559322
  0
LINE
  8
_0-3__建具
  6
CONTINUOUS
 62
   18
 10
23745.169491525422
 20
11622.28813559322
 11
23710.169491525422
 21
11622.28813559322
  0
LINE
  8
_0-3__建具
  6
CONTINUOUS
 62
   18
 10
23725.169491525422
 20
11587.288135593218
 11
23690.169491525419
 21
11587.288135593218
  0
LINE
  8
_0-3__建具
  6
CONTINUOUS
 62
   18
 10
23690.169491525419
 20
11587.288135593218
 11
23690.169491525419
 21
11563.28813559322
  0
LINE
  8
_0-3__建具
  6
CONTINUOUS
 62
   18
 10
23690.169491525419
 20
11563.28813559322
 11
23725.169491525422
 21
11563.28813559322
  0
LINE
  8
_0-3__建具
  6
CONTINUOUS
 62
   18
 10
22010.169491525422
 20
11552.288135593218
 11
23710.169491525422
 21
11552.288135593218
  0
LINE
  8
_0-3__建具
  6
CONTINUOUS
 62
   18
 10
22010.169491525422
 20
11622.28813559322
 11
23710.169491525422
 21
11622.28813559322
  0
LINE
  8
_0-3__建具
  6
CONTINUOUS
 62
   18
 10
21045.169491525422
 20
12277.288135593218
 11
21045.169491525422
 21
12312.288135593218
  0
LINE
  8
_0-3__建具
  6
CONTINUOUS
 62
   18
 10
21045.169491525422
 20
12297.28813559322
 11
20975.169491525422
 21
12297.28813559322
  0
LINE
  8
_0-3__建具
  6
CONTINUOUS
 62
   18
 10
20975.169491525422
 20
12277.288135593218
 11
20975.169491525422
 21
12312.288135593218
  0
LINE
  8
_0-3__建具
  6
CONTINUOUS
 62
   18
 10
21010.169491525422
 20
12297.28813559322
 11
21010.169491525422
 21
12332.28813559322
  0
LINE
  8
_0-3__建具
  6
CONTINUOUS
 62
   18
 10
21010.169491525422
 20
12332.28813559322
 11
20986.169491525426
 21
12332.28813559322
  0
LINE
  8
_0-3__建具
  6
CONTINUOUS
 62
   18
 10
20986.169491525426
 20
12332.28813559322
 11
20986.169491525426
 21
12297.28813559322
  0
LINE
  8
_0-3__建具
  6
CONTINUOUS
 62
   18
 10
20998.169491525422
 20
12332.28813559322
 11
20998.169491525422
 21
12945.288135593218
  0
LINE
  8
_0-3__建具
  6
CONTINUOUS
 62
   18
 10
21034.169491525419
 20
12945.288135593218
 11
21034.169491525419
 21
12979.288135593218
  0
LINE
  8
_0-3__建具
  6
CONTINUOUS
 62
   18
 10
21034.169491525419
 20
12979.288135593218
 11
20986.169491525426
 21
12979.288135593218
  0
LINE
  8
_0-3__建具
  6
CONTINUOUS
 62
   18
 10
20986.169491525426
 20
12979.288135593218
 11
20986.169491525426
 21
12945.288135593218
  0
LINE
  8
_0-3__建具
  6
CONTINUOUS
 62
   18
 10
20986.169491525426
 20
12945.288135593218
 11
21034.169491525419
 21
12945.288135593218
  0
LINE
  8
_0-3__建具
  6
CONTINUOUS
 62
   18
 10
21010.169491525422
 20
12945.288135593218
 11
21010.169491525422
 21
12979.288135593218
  0
LINE
  8
_0-3__建具
  6
CONTINUOUS
 62
   18
 10
21065.169491525419
 20
12962.288135593218
 11
20955.169491525422
 21
12962.288135593218
  0
LINE
  8
_0-3__建具
  6
CONTINUOUS
 62
   18
 10
21022.169491525422
 20
12979.288135593218
 11
21022.169491525422
 21
13592.288135593218
  0
LINE
  8
_0-3__建具
  6
CONTINUOUS
 62
   18
 10
21045.169491525422
 20
13647.28813559322
 11
21045.169491525422
 21
13612.288135593218
  0
LINE
  8
_0-3__建具
  6
CONTINUOUS
 62
   18
 10
21045.169491525422
 20
13627.288135593218
 11
20975.169491525422
 21
13627.288135593218
  0
LINE
  8
_0-3__建具
  6
CONTINUOUS
 62
   18
 10
20975.169491525422
 20
13647.28813559322
 11
20975.169491525422
 21
13612.288135593218
  0
LINE
  8
_0-3__建具
  6
CONTINUOUS
 62
   18
 10
21010.169491525422
 20
13627.288135593218
 11
21010.169491525422
 21
13592.288135593218
  0
LINE
  8
_0-3__建具
  6
CONTINUOUS
 62
   18
 10
21010.169491525422
 20
13592.288135593218
 11
21034.169491525419
 21
13592.288135593218
  0
LINE
  8
_0-3__建具
  6
CONTINUOUS
 62
   18
 10
21034.169491525419
 20
13592.288135593218
 11
21034.169491525419
 21
13627.288135593218
  0
LINE
  8
_0-3__建具
  6
CONTINUOUS
 62
   18
 10
21045.169491525422
 20
12312.288135593218
 11
21045.169491525422
 21
13612.288135593218
  0
LINE
  8
_0-3__建具
  6
CONTINUOUS
 62
   18
 10
20975.169491525422
 20
12312.288135593218
 11
20975.169491525422
 21
13612.288135593218
  0
LINE
  8
_0-1__躯体
  6
CONTINUOUS
 62
   18
 10
21085.169491525422
 20
12277.288135593218
 11
21085.169491525422
 21
12112.288135593218
  0
LINE
  8
_0-1__躯体
  6
CONTINUOUS
 62
   18
 10
20935.169491525422
 20
12277.288135593218
 11
21085.169491525422
 21
12277.288135593218
  0
LINE
  8
_0-1__躯体
  6
CONTINUOUS
 62
   18
 10
20935.169491525422
 20
12277.288135593218
 11
20935.169491525422
 21
11512.288135593218
  0
LINE
  8
_0-1__躯体
  6
CONTINUOUS
 62
   18
 10
21085.169491525422
 20
18462.288135593218
 11
21085.169491525422
 21
13647.28813559322
  0
LINE
  8
_0-1__躯体
  6
CONTINUOUS
 62
   18
 10
20935.169491525422
 20
13647.28813559322
 11
21085.169491525422
 21
13647.28813559322
  0
LINE
  8
_0-1__躯体
  6
CONTINUOUS
 62
   18
 10
21975.169491525422
 20
11512.288135593218
 11
20935.169491525422
 21
11512.288135593218
  0
LINE
  8
_0-1__躯体
  6
CONTINUOUS
 62
   18
 10
21975.169491525422
 20
11662.288135593218
 11
21975.169491525422
 21
11512.288135593218
  0
LINE
  8
_0-1__躯体
  6
CONTINUOUS
 62
   18
 10
21975.169491525422
 20
11662.288135593218
 11
21535.169491525422
 21
11662.288135593218
  0
LINE
  8
_0-1__躯体
  6
CONTINUOUS
 62
   18
 10
23745.169491525422
 20
11662.288135593218
 11
23745.169491525422
 21
11512.288135593218
  0
LINE
  8
_0-3__建具
  6
CONTINUOUS
 62
   18
 10
23185.169491525422
 20
18952.288135593218
 11
23210.169491525422
 21
18952.288135593218
  0
LINE
  8
_0-3__建具
  6
CONTINUOUS
 62
   18
 10
23210.169491525422
 20
18952.288135593218
 11
23210.169491525422
 21
18987.288135593218
  0
LINE
  8
_0-3__建具
  6
CONTINUOUS
 62
   18
 10
23210.169491525422
 20
18987.288135593218
 11
23195.169491525422
 21
18987.288135593218
  0
LINE
  8
_0-3__建具
  6
CONTINUOUS
 62
   18
 10
23195.169491525422
 20
18952.288135593218
 11
23195.169491525422
 21
19022.288135593218
  0
LINE
  8
_0-3__建具
  6
CONTINUOUS
 62
   18
 10
23185.169491525422
 20
19022.288135593218
 11
23210.169491525422
 21
19022.288135593218
  0
LINE
  8
_0-3__建具
  6
CONTINUOUS
 62
   18
 10
23210.169491525422
 20
18975.288135593218
 11
23810.169491525422
 21
18975.288135593218
  0
LINE
  8
_0-3__建具
  6
CONTINUOUS
 62
   18
 10
23835.169491525422
 20
18952.288135593218
 11
23810.169491525422
 21
18952.288135593218
  0
LINE
  8
_0-3__建具
  6
CONTINUOUS
 62
   18
 10
23810.169491525422
 20
18952.288135593218
 11
23810.169491525422
 21
18987.288135593218
  0
LINE
  8
_0-3__建具
  6
CONTINUOUS
 62
   18
 10
23810.169491525422
 20
18987.288135593218
 11
23825.169491525422
 21
18987.288135593218
  0
LINE
  8
_0-3__建具
  6
CONTINUOUS
 62
   18
 10
23825.169491525422
 20
18952.288135593218
 11
23825.169491525422
 21
19022.288135593218
  0
LINE
  8
_0-3__建具
  6
CONTINUOUS
 62
   18
 10
23835.169491525422
 20
19022.288135593218
 11
23810.169491525422
 21
19022.288135593218
  0
LINE
  8
_0-3__建具
  6
CONTINUOUS
 62
   18
 10
23210.169491525422
 20
18952.288135593218
 11
23810.169491525422
 21
18952.288135593218
  0
LINE
  8
_0-3__建具
  6
CONTINUOUS
 62
   18
 10
23210.169491525422
 20
19022.288135593218
 11
23810.169491525422
 21
19022.288135593218
  0
LINE
  8
_0-1__躯体
  6
CONTINUOUS
 62
   18
 10
22795.169491525422
 20
18912.288135593218
 11
23185.169491525422
 21
18912.288135593218
  0
LINE
  8
_0-1__躯体
  6
CONTINUOUS
 62
   18
 10
23185.169491525422
 20
19062.288135593218
 11
23185.169491525422
 21
18912.288135593218
  0
LINE
  8
_0-1__躯体
  6
CONTINUOUS
 62
   18
 10
22795.169491525422
 20
19062.288135593218
 11
23185.169491525422
 21
19062.288135593218
  0
LINE
  8
_0-1__躯体
  6
CONTINUOUS
 62
   18
 10
23835.169491525422
 20
18912.288135593218
 11
24110.169491525422
 21
18912.288135593218
  0
LINE
  8
_0-1__躯体
  6
CONTINUOUS
 62
   18
 10
23835.169491525422
 20
19062.288135593218
 11
23835.169491525422
 21
18912.288135593218
  0
LINE
  8
_0-1__躯体
  6
CONTINUOUS
 62
   18
 10
23835.169491525422
 20
19062.288135593218
 11
24260.169491525422
 21
19062.288135593218
  0
SOLID
  8
_0-1__躯体
  6
CONTINUOUS
 62
    9
 10
20935.169491525422
 20
19062.288135593218
 11
20935.169491525422
 21
18462.288135593218
 12
21535.169491525422
 22
19062.288135593218
 13
21535.169491525422
 23
18462.288135593218
  0
SOLID
  8
_0-1__躯体
  6
CONTINUOUS
 62
    9
 10
21535.169491525422
 20
19062.288135593218
 11
21535.169491525422
 21
18912.288135593218
 12
21925.169491525422
 22
19062.288135593218
 13
21925.169491525422
 23
18912.288135593218
  0
SOLID
  8
_0-1__躯体
  6
CONTINUOUS
 62
    9
 10
22795.169491525422
 20
19062.288135593218
 11
22795.169491525422
 21
18912.288135593218
 12
23185.169491525422
 22
19062.288135593218
 13
23185.169491525422
 23
18912.288135593218
  0
SOLID
  8
_0-1__躯体
  6
CONTINUOUS
 62
    9
 10
23835.169491525422
 20
19062.288135593218
 11
23835.169491525422
 21
18912.288135593218
 12
24110.169491525422
 22
19062.288135593218
 13
24110.169491525422
 23
18912.288135593218
  0
SOLID
  8
_0-1__躯体
  6
CONTINUOUS
 62
    9
 10
24260.169491525422
 20
19062.288135593218
 11
24260.169491525422
 21
17937.288135593218
 12
24110.169491525422
 22
19062.288135593218
 13
24110.169491525422
 23
17937.288135593218
  0
SOLID
  8
_0-1__躯体
  6
CONTINUOUS
 62
    9
 10
24260.169491525422
 20
18087.288135593218
 11
24260.169491525422
 21
17937.288135593218
 12
24635.169491525422
 22
18087.288135593218
 13
24635.169491525422
 23
17937.288135593218
  0
SOLID
  8
_0-1__躯体
  6
CONTINUOUS
 62
    9
 10
24635.169491525422
 20
18087.288135593218
 11
24635.169491525422
 21
11512.288135593218
 12
24785.169491525422
 22
18087.288135593218
 13
24785.169491525422
 23
11512.288135593218
  0
SOLID
  8
_0-1__躯体
  6
CONTINUOUS
 62
    9
 10
24635.169491525422
 20
11512.288135593218
 11
24635.169491525422
 21
11662.288135593218
 12
23745.169491525422
 22
11512.288135593218
 13
23745.169491525422
 23
11662.288135593218
  0
SOLID
  8
_0-1__躯体
  6
CONTINUOUS
 62
    9
 10
21535.169491525422
 20
12112.288135593218
 11
21535.169491525422
 21
11512.288135593218
 12
20935.169491525422
 22
12112.288135593218
 13
20935.169491525422
 23
11512.288135593218
  0
SOLID
  8
_0-1__躯体
  6
CONTINUOUS
 62
    9
 10
20935.169491525422
 20
12277.288135593218
 11
20935.169491525422
 21
12112.288135593218
 12
21085.169491525422
 22
12277.288135593218
 13
21085.169491525422
 23
12112.288135593218
  0
SOLID
  8
_0-1__躯体
  6
CONTINUOUS
 62
    9
 10
21975.169491525422
 20
11662.288135593218
 11
21975.169491525422
 21
11512.288135593218
 12
21535.169491525422
 22
11662.288135593218
 13
21535.169491525422
 23
11512.288135593218
  0
SOLID
  8
_0-1__躯体
  6
CONTINUOUS
 62
    9
 10
20935.169491525422
 20
13647.28813559322
 11
20935.169491525422
 21
18462.288135593218
 12
21085.169491525422
 22
13647.28813559322
 13
21085.169491525422
 23
18462.288135593218
  0
LINE
  8
_0-3__建具
  6
CONTINUOUS
 62
   18
 10
21085.169491525422
 20
14365.859564164647
 11
21085.169491525422
 21
14337.288135593218
  0
LINE
  8
_0-3__建具
  6
CONTINUOUS
 62
   18
 10
21085.169491525422
 20
14365.859564164647
 11
21967.669491525422
 21
14365.859564164647
  0
LINE
  8
_0-3__建具
  6
CONTINUOUS
 62
   18
 10
21947.669491525422
 20
14258.716707021791
 11
21947.669491525422
 21
14415.859564164647
  0
LINE
  8
_0-3__建具
  6
CONTINUOUS
 62
   18
 10
21967.669491525422
 20
14365.859564164647
 11
21967.669491525422
 21
14337.288135593218
  0
LINE
  8
_0-3__建具
  6
CONTINUOUS
 62
   18
 10
21927.669491525419
 20
14337.288135593218
 11
21927.669491525419
 21
14308.716707021791
  0
LINE
  8
_0-3__建具
  6
CONTINUOUS
 62
   18
 10
21927.669491525419
 20
14308.716707021791
 11
22810.169491525422
 21
14308.716707021791
  0
LINE
  8
_0-3__建具
  6
CONTINUOUS
 62
   18
 10
22810.169491525422
 20
14308.716707021791
 11
22810.169491525422
 21
14337.288135593218
  0
LINE
  8
_0-3__建具
  6
CONTINUOUS
 62
   18
 10
21085.169491525422
 20
14337.288135593218
 11
22810.169491525422
 21
14337.288135593218
  0
LINE
  8
_0-3__建具
  6
CONTINUOUS
 62
   18
 10
21085.169491525422
 20
14287.288135593218
 11
22810.169491525422
 21
14287.288135593218
  0
LINE
  8
_0-3__建具
  6
CONTINUOUS
 62
   18
 10
21085.169491525422
 20
14387.288135593218
 11
22810.169491525422
 21
14387.288135593218
  0
LINE
  8
_0-3__建具
  6
CONTINUOUS
 62
   18
 10
22910.169491525422
 20
14287.288135593218
 11
24635.169491525422
 21
14287.288135593218
  0
LINE
  8
_0-3__建具
  6
CONTINUOUS
 62
   18
 10
23772.669491525422
 20
14358.716707021791
 11
23772.669491525422
 21
14215.859564164647
  0
LINE
  8
_0-3__建具
  6
DASHED1
 62
   18
 10
22910.169491525422
 20
14287.288135593218
 11
23125.794491525422
 21
13913.81468021118
  0
LINE
  8
_0-3__建具
  6
DASHED1
 62
   18
 10
22936.149491525422
 20
14308.716707021791
 11
23151.774491525422
 21
13935.243251639752
  0
LINE
  8
_0-3__建具
  6
DASHED1
 62
   18
 10
23125.794491525422
 20
13913.81468021118
 11
23151.774491525422
 21
13935.243251639752
  0
LINE
  8
_0-3__建具
  6
DASHED1
 62
   18
 10
22910.169491525422
 20
14287.288135593218
 11
22936.149491525422
 21
14308.716707021791
  0
LINE
  8
_0-3__建具
  6
DASHED1
 62
   18
 10
23367.399491525422
 20
14308.716707021791
 11
23151.774491525422
 21
13935.243251639752
  0
LINE
  8
_0-3__建具
  6
DASHED1
 62
   18
 10
23393.379491525422
 20
14287.288135593218
 11
23177.754491525422
 21
13913.81468021118
  0
LINE
  8
_0-3__建具
  6
DASHED1
 62
   18
 10
23151.774491525422
 20
13935.243251639752
 11
23177.754491525422
 21
13913.81468021118
  0
LINE
  8
_0-3__建具
  6
DASHED1
 62
   18
 10
23393.379491525422
 20
14287.288135593218
 11
23367.399491525422
 21
14308.716707021791
  0
LINE
  8
_0-3__建具
  6
DASHED1
 62
   18
 10
24635.169491525422
 20
14287.288135593218
 11
24419.544491525422
 21
13913.81468021118
  0
LINE
  8
_0-3__建具
  6
DASHED1
 62
   18
 10
24609.189491525423
 20
14308.716707021791
 11
24393.564491525423
 21
13935.243251639752
  0
LINE
  8
_0-3__建具
  6
DASHED1
 62
   18
 10
24419.544491525422
 20
13913.81468021118
 11
24393.564491525423
 21
13935.243251639752
  0
LINE
  8
_0-3__建具
  6
DASHED1
 62
   18
 10
24635.169491525422
 20
14287.288135593218
 11
24609.189491525423
 21
14308.716707021791
  0
LINE
  8
_0-3__建具
  6
DASHED1
 62
   18
 10
24177.939491525423
 20
14308.716707021791
 11
24393.564491525423
 21
13935.243251639752
  0
LINE
  8
_0-3__建具
  6
DASHED1
 62
   18
 10
24151.959491525423
 20
14287.288135593218
 11
24367.584491525423
 21
13913.81468021118
  0
LINE
  8
_0-3__建具
  6
DASHED1
 62
   18
 10
24393.564491525423
 20
13935.243251639752
 11
24367.584491525423
 21
13913.81468021118
  0
LINE
  8
_0-3__建具
  6
DASHED1
 62
   18
 10
24151.959491525423
 20
14287.288135593218
 11
24177.939491525423
 21
14308.716707021791
  0
LINE
  8
_0-3__建具
  6
CONTINUOUS
 62
   18
 10
22945.169491525422
 20
18047.288135593218
 11
22910.169491525422
 21
18047.288135593218
  0
LINE
  8
_0-3__建具
  6
CONTINUOUS
 62
   18
 10
22910.169491525422
 20
18047.288135593218
 11
22910.169491525422
 21
17927.288135593218
  0
LINE
  8
_0-3__建具
  6
CONTINUOUS
 62
   18
 10
22910.169491525422
 20
17927.288135593218
 11
22945.169491525422
 21
17927.288135593218
  0
LINE
  8
_0-3__建具
  6
CONTINUOUS
 62
   18
 10
22945.169491525422
 20
17927.288135593218
 11
22945.169491525422
 21
18047.288135593218
  0
LINE
  8
_0-3__建具
  6
CONTINUOUS
 62
   18
 10
22945.169491525422
 20
17961.573849878932
 11
23545.169491525422
 21
17961.573849878932
  0
LINE
  8
_0-3__建具
  6
CONTINUOUS
 62
   18
 10
22945.169491525422
 20
17927.288135593218
 11
23545.169491525422
 21
17927.288135593218
  0
LINE
  8
_0-3__建具
  6
CONTINUOUS
 62
   18
 10
23545.169491525422
 20
18047.288135593218
 11
23545.169491525422
 21
17927.288135593218
  0
LINE
  8
_0-3__建具
  6
CONTINUOUS
 62
   18
 10
23545.169491525422
 20
17927.288135593218
 11
23580.169491525422
 21
17927.288135593218
  0
LINE
  8
_0-3__建具
  6
CONTINUOUS
 62
   18
 10
23580.169491525422
 20
17927.288135593218
 11
23580.169491525422
 21
18047.288135593218
  0
LINE
  8
_0-3__建具
  6
CONTINUOUS
 62
   18
 10
23580.169491525422
 20
18047.288135593218
 11
23545.169491525422
 21
18047.288135593218
  0
ARC
  8
_0-3__建具
  6
CONTINUOUS
 62
  132
 10
22945.169491525422
 20
17927.288135593218
 40
600
 50
270
 51
0
  0
LINE
  8
_0-3__建具
  6
CONTINUOUS
 62
  132
 10
22945.169491525422
 20
17927.288135593218
 11
22945.169491525422
 21
17327.288135593218
  0
LINE
  8
_0-3__建具
  6
CONTINUOUS
 62
   18
 10
22920.169491525422
 20
16972.288135593218
 11
22920.169491525422
 21
17007.288135593218
  0
LINE
  8
_0-3__建具
  6
CONTINUOUS
 62
   18
 10
22920.169491525422
 20
17007.288135593218
 11
22800.169491525422
 21
17007.288135593218
  0
LINE
  8
_0-3__建具
  6
CONTINUOUS
 62
   18
 10
22800.169491525422
 20
17007.288135593218
 11
22800.169491525422
 21
16972.288135593218
  0
LINE
  8
_0-3__建具
  6
CONTINUOUS
 62
   18
 10
22800.169491525422
 20
16972.288135593218
 11
22920.169491525422
 21
16972.288135593218
  0
LINE
  8
_0-3__建具
  6
CONTINUOUS
 62
   18
 10
22834.45520581114
 20
16972.288135593218
 11
22834.45520581114
 21
16372.28813559322
  0
LINE
  8
_0-3__建具
  6
CONTINUOUS
 62
   18
 10
22800.169491525422
 20
16972.288135593218
 11
22800.169491525422
 21
16372.28813559322
  0
LINE
  8
_0-3__建具
  6
CONTINUOUS
 62
   18
 10
22920.169491525422
 20
16372.28813559322
 11
22800.169491525422
 21
16372.28813559322
  0
LINE
  8
_0-3__建具
  6
CONTINUOUS
 62
   18
 10
22800.169491525422
 20
16372.28813559322
 11
22800.169491525422
 21
16337.288135593218
  0
LINE
  8
_0-3__建具
  6
CONTINUOUS
 62
   18
 10
22800.169491525422
 20
16337.288135593218
 11
22920.169491525422
 21
16337.288135593218
  0
LINE
  8
_0-3__建具
  6
CONTINUOUS
 62
   18
 10
22920.169491525422
 20
16337.288135593218
 11
22920.169491525422
 21
16372.28813559322
  0
ARC
  8
_0-3__建具
  6
CONTINUOUS
 62
  132
 10
22800.169491525422
 20
16972.288135593218
 40
600
 50
180
 51
270
  0
LINE
  8
_0-3__建具
  6
CONTINUOUS
 62
  132
 10
22800.169491525422
 20
16972.288135593218
 11
22200.169491525422
 21
16972.288135593218
  0
LINE
  8
_0-2_間仕切り
  6
CONTINUOUS
 62
   18
 10
24110.169491525422
 20
18037.288135593218
 11
23580.169491525422
 21
18037.288135593218
  0
LINE
  8
_0-2_間仕切り
  6
CONTINUOUS
 62
   18
 10
24110.169491525422
 20
17937.288135593218
 11
23580.169491525422
 21
17937.288135593218
  0
LINE
  8
_0-2_間仕切り
  6
CONTINUOUS
 62
   18
 10
22910.169491525422
 20
18912.288135593218
 11
22910.169491525422
 21
17007.288135593218
  0
LINE
  8
_0-2_間仕切り
  6
CONTINUOUS
 62
   18
 10
22810.169491525422
 20
18912.288135593218
 11
22810.169491525422
 21
17007.288135593218
  0
LINE
  8
_0-2_間仕切り
  6
CONTINUOUS
 62
   18
 10
22810.169491525422
 20
16337.288135593218
 11
22810.169491525422
 21
14287.288135593218
  0
LINE
  8
_0-4_設備機器
  6
CONTINUOUS
 62
   18
 10
24060.169491525422
 20
18269.788135593218
 11
23928.923977609407
 21
18269.788135593218
  0
LINE
  8
_0-4_設備機器
  6
CONTINUOUS
 62
   18
 10
24060.169491525422
 20
18679.788135593218
 11
23928.923977609407
 21
18679.788135593218
  0
LINE
  8
_0-4_設備機器
  6
CONTINUOUS
 62
   18
 10
24090.169491525419
 20
18649.788135593218
 11
24090.169491525419
 21
18299.788135593218
  0
LINE
  8
_0-4_設備機器
  6
CONTINUOUS
 62
   18
 10
23879.08392023636
 20
18315.792026584429
 11
23628.016567941438
 21
18289.138706271929
  0
LINE
  8
_0-4_設備機器
  6
CONTINUOUS
 62
   18
 10
23879.08392023636
 20
18633.784244602007
 11
23628.016567941438
 21
18660.437564914507
  0
ARC
  8
_0-4_設備機器
  6
CONTINUOUS
 62
   18
 10
23928.923977609407
 20
18319.788135593218
 40
50
 50
184.58407592773437
 51
270
  0
ARC
  8
_0-4_設備機器
  6
CONTINUOUS
 62
   18
 10
25862.108334298864
 20
18474.788135593218
 40
1989.38818359375
 50
175.41590881347661
 51
184.58407592773443
  0
ARC
  8
_0-4_設備機器
  6
CONTINUOUS
 62
   18
 10
23928.923977609407
 20
18629.788135593218
 40
50
 50
90
 51
175.41590881347656
  0
ARC
  8
_0-4_設備機器
  6
CONTINUOUS
 62
   18
 10
24060.169491525422
 20
18299.788135593218
 40
30
 50
270
 51
0
  0
ARC
  8
_0-4_設備機器
  6
CONTINUOUS
 62
   18
 10
24060.169491525422
 20
18649.788135593218
 40
30
 50
0
 51
90
  0
LINE
  8
_0-4_設備機器
  6
CONTINUOUS
 62
   18
 10
23628.016589883489
 20
18660.437567175544
 11
23628.016589883489
 21
18660.437567175544
  0
LINE
  8
_0-4_設備機器
  6
CONTINUOUS
 62
   18
 10
23628.016589883489
 20
18660.437567175544
 11
23584.500711391945
 21
18662.180279380118
  0
LINE
  8
_0-4_設備機器
  6
CONTINUOUS
 62
   18
 10
23584.500711391945
 20
18662.180279380118
 11
23541.242445142968
 21
18658.22917612073
  0
LINE
  8
_0-4_設備機器
  6
CONTINUOUS
 62
   18
 10
23541.242445142968
 20
18658.22917612073
 11
23499.556171666801
 21
18648.704309670556
  0
LINE
  8
_0-4_設備機器
  6
CONTINUOUS
 62
   18
 10
23499.556171666801
 20
18648.704309670556
 11
23460.708507288745
 21
18633.895088276876
  0
LINE
  8
_0-4_設備機器
  6
CONTINUOUS
 62
   18
 10
23460.708507288745
 20
18633.895088276876
 11
23425.879818633053
 21
18614.251482637904
  0
LINE
  8
_0-4_設備機器
  6
CONTINUOUS
 62
   18
 10
23425.879818633053
 20
18614.251482637904
 11
23396.128357780369
 21
18590.370353770838
  0
LINE
  8
_0-4_設備機器
  6
CONTINUOUS
 62
   18
 10
23396.128357780369
 20
18590.370353770838
 11
23372.358107813735
 21
18562.977317691867
  0
LINE
  8
_0-4_設備機器
  6
CONTINUOUS
 62
   18
 10
23372.358107813735
 20
18562.977317691867
 11
23355.291315750055
 21
18532.90469794071
  0
LINE
  8
_0-4_設備機器
  6
CONTINUOUS
 62
   18
 10
23355.291315750055
 20
18532.90469794071
 11
23345.446547429979
 21
18501.066235851027
  0
LINE
  8
_0-4_設備機器
  6
CONTINUOUS
 62
   18
 10
23345.446547429979
 20
18501.066235851027
 11
23343.122931157209
 21
18468.429326982368
  0
LINE
  8
_0-4_設備機器
  6
CONTINUOUS
 62
   18
 10
23343.122931157209
 20
18468.429326982368
 11
23348.391068836397
 21
18435.985627295634
  0
LINE
  8
_0-4_設備機器
  6
CONTINUOUS
 62
   18
 10
23348.391068836397
 20
18435.985627295634
 11
23361.090890769959
 21
18404.720922188513
  0
LINE
  8
_0-4_設備機器
  6
CONTINUOUS
 62
   18
 10
23361.090890769959
 20
18404.720922188513
 11
23380.836519294869
 21
18375.585173904968
  0
LINE
  8
_0-4_設備機器
  6
CONTINUOUS
 62
   18
 10
23380.836519294869
 20
18375.585173904968
 11
23407.027993480165
 21
18349.463657413201
  0
LINE
  8
_0-4_設備機器
  6
CONTINUOUS
 62
   18
 10
23407.027993480165
 20
18349.463657413201
 11
23438.869498636253
 21
18327.150061773685
  0
LINE
  8
_0-4_設備機器
  6
CONTINUOUS
 62
   18
 10
23438.869498636253
 20
18327.150061773685
 11
23475.393546741546
 21
18309.32237429871
  0
LINE
  8
_0-4_設備機器
  6
CONTINUOUS
 62
   18
 10
23475.393546741546
 20
18309.32237429871
 11
23515.490373076419
 21
18296.522280250952
  0
LINE
  8
_0-4_設備機器
  6
CONTINUOUS
 62
   18
 10
23515.490373076419
 20
18296.522280250952
 11
23557.941655862668
 21
18289.138704010892
  0
LINE
  8
_0-4_設備機器
  6
CONTINUOUS
 62
   18
 10
23557.941655862668
 20
18289.138704010892
 11
23601.457534354212
 21
18287.395991806319
  0
LINE
  8
_0-4_設備機器
  6
CONTINUOUS
 62
   18
 10
23601.457534354212
 20
18287.395991806319
 11
23628.016523961574
 21
18289.138697012618
  0
ARC
  8
_0-4_設備機器
  6
CONTINUOUS
 62
   18
 10
23610.895657296907
 20
18474.788135588882
 40
186.43722534179687
 50
275.26899719238281
 51
84.730987548828125
  0
LINE
  8
_0-4_設備機器
  6
CONTINUOUS
 62
   18
 10
23985.169491525422
 20
17932.288135593218
 11
23985.169491525422
 21
17142.288135593218
  0
LINE
  8
_0-4_設備機器
  6
CONTINUOUS
 62
   18
 10
24035.169491525422
 20
17167.288135593218
 11
24585.169491525422
 21
17167.288135593218
  0
LINE
  8
_0-4_設備機器
  6
CONTINUOUS
 62
   18
 10
24015.169491525419
 20
17887.288135593218
 11
24015.169491525419
 21
17187.288135593218
  0
LINE
  8
_0-4_設備機器
  6
CONTINUOUS
 62
   18
 10
24585.169491525422
 20
17907.288135593218
 11
24035.169491525422
 21
17907.288135593218
  0
LINE
  8
_0-4_設備機器
  6
CONTINUOUS
 62
   18
 10
24605.169491525422
 20
17887.288135593218
 11
24605.169491525422
 21
17187.288135593218
  0
LINE
  8
_0-4_設備機器
  6
CONTINUOUS
 62
   18
 10
23990.169491525419
 20
17137.288135593218
 11
24635.169491525422
 21
17137.288135593218
  0
LINE
  8
_0-4_設備機器
  6
CONTINUOUS
 62
   18
 10
24635.169491525422
 20
17937.288135593218
 11
24635.169491525422
 21
17137.288135593218
  0
LINE
  8
_0-4_設備機器
  6
CONTINUOUS
 62
   18
 10
24635.169491525422
 20
17937.288135593218
 11
23990.169491525419
 21
17937.288135593218
  0
ARC
  8
_0-4_設備機器
  6
CONTINUOUS
 62
   18
 10
23990.169491525419
 20
17932.288135593218
 40
5
 50
90
 51
180
  0
ARC
  8
_0-4_設備機器
  6
CONTINUOUS
 62
   18
 10
23990.169491525419
 20
17142.288135593218
 40
5
 50
180
 51
270
  0
ARC
  8
_0-4_設備機器
  6
CONTINUOUS
 62
   18
 10
24585.169491525422
 20
17187.288135593218
 40
20
 50
270
 51
0
  0
ARC
  8
_0-4_設備機器
  6
CONTINUOUS
 62
   18
 10
24035.169491525422
 20
17187.288135593218
 40
20
 50
180
 51
270
  0
ARC
  8
_0-4_設備機器
  6
CONTINUOUS
 62
   18
 10
24035.169491525422
 20
17887.288135593218
 40
20
 50
90
 51
180
  0
ARC
  8
_0-4_設備機器
  6
CONTINUOUS
 62
   18
 10
24585.169491525422
 20
17887.288135593218
 40
20
 50
0
 51
90
  0
CIRCLE
  8
_0-4_設備機器
  6
CONTINUOUS
 62
   18
 10
24310.169491525422
 20
17232.263355319781
 40
25
  0
CIRCLE
  8
_0-4_設備機器
  6
CONTINUOUS
 62
   18
 10
24310.169491525422
 20
17232.263355319781
 40
25
  0
CIRCLE
  8
_0-4_設備機器
  6
CONTINUOUS
 62
   18
 10
24310.169491525422
 20
17232.263355319781
 40
40
  0
LINE
  8
_0-4_設備機器
  6
CONTINUOUS
 62
   18
 10
23985.169491525422
 20
16337.28813559322
 11
23985.169491525422
 21
17117.288135593218
  0
LINE
  8
_0-4_設備機器
  6
CONTINUOUS
 62
   18
 10
24635.169491525422
 20
16337.288135593218
 11
24635.169491525422
 21
17117.288135593218
  0
LINE
  8
_0-4_設備機器
  6
CONTINUOUS
 62
   18
 10
24479.169491525422
 20
17104.288135593218
 11
24479.169491525422
 21
16350.288135593222
  0
LINE
  8
_0-4_設備機器
  6
CONTINUOUS
 62
   18
 10
23985.169491525422
 20
16337.28813559322
 11
24635.169491525422
 21
16337.288135593218
  0
LINE
  8
_0-4_設備機器
  6
CONTINUOUS
 62
   18
 10
23985.169491525422
 20
17117.288135593218
 11
24635.169491525422
 21
17117.288135593218
  0
LINE
  8
_0-4_設備機器
  6
CONTINUOUS
 62
   18
 10
24219.129733255798
 20
16425.030434303582
 11
24219.129733255798
 21
16425.030434303582
  0
LINE
  8
_0-4_設備機器
  6
CONTINUOUS
 62
   18
 10
24219.129733255798
 20
16425.030434303582
 11
24254.226955977428
 21
16429.438938222869
  0
LINE
  8
_0-4_設備機器
  6
CONTINUOUS
 62
   18
 10
24254.226955977428
 20
16429.438938222869
 11
24288.288502159008
 21
16442.897439285286
  0
LINE
  8
_0-4_設備機器
  6
CONTINUOUS
 62
   18
 10
24288.288502159008
 20
16442.897439285286
 11
24320.279428955789
 21
16464.997007746384
  0
LINE
  8
_0-4_設備機器
  6
CONTINUOUS
 62
   18
 10
24320.279428955789
 20
16464.997007746384
 11
24349.227708245241
 21
16495.066159401394
  0
LINE
  8
_0-4_設備機器
  6
CONTINUOUS
 62
   18
 10
24349.227708245241
 20
16495.066159401394
 11
24374.253761209689
 21
16532.191258293001
  0
LINE
  8
_0-4_設備機器
  6
CONTINUOUS
 62
   18
 10
24374.253761209689
 20
16532.191258293001
 11
24394.597183893598
 21
16575.244277077592
  0
LINE
  8
_0-4_設備機器
  6
CONTINUOUS
 62
   18
 10
24394.597183893598
 20
16575.244277077592
 11
24409.639851692994
 21
16622.917071565276
  0
LINE
  8
_0-4_設備機器
  6
CONTINUOUS
 62
   18
 10
24409.639851692994
 20
16622.917071565276
 11
24418.924700758747
 21
16673.761128019144
  0
LINE
  8
_0-4_設備機器
  6
CONTINUOUS
 62
   18
 10
24418.924700758747
 20
16673.761128019144
 11
24422.169615650349
 21
16726.231575512178
  0
LINE
  8
_0-4_設備機器
  6
CONTINUOUS
 62
   18
 10
24422.169615650349
 20
16726.231575512178
 11
24419.276001270831
 21
16778.734126048628
  0
LINE
  8
_0-4_設備機器
  6
CONTINUOUS
 62
   18
 10
24419.276001270831
 20
16778.734126048628
 11
24410.331778628875
 21
16829.673516198017
  0
LINE
  8
_0-4_設備機器
  6
CONTINUOUS
 62
   18
 10
24410.331778628875
 20
16829.673516198017
 11
24395.608713403456
 21
16877.501978367232
  0
LINE
  8
_0-4_設備機器
  6
CONTINUOUS
 62
   18
 10
24395.608713403456
 20
16877.501978367232
 11
24375.554158481223
 21
16920.766268935632
  0
LINE
  8
_0-4_設備機器
  6
CONTINUOUS
 62
   18
 10
24375.554158481223
 20
16920.766268935632
 11
24350.777461365396
 21
16958.15182432708
  0
LINE
  8
_0-4_設備機器
  6
CONTINUOUS
 62
   18
 10
24350.777461365396
 20
16958.15182432708
 11
24322.031449460217
 21
16988.522703359016
  0
LINE
  8
_0-4_設備機器
  6
CONTINUOUS
 62
   18
 10
24322.031449460217
 20
16988.522703359016
 11
24290.18955579125
 21
17010.956102240455
  0
LINE
  8
_0-4_設備機器
  6
CONTINUOUS
 62
   18
 10
24290.18955579125
 20
17010.956102240455
 11
24256.219280184843
 21
17024.770393498238
  0
LINE
  8
_0-4_設備機器
  6
CONTINUOUS
 62
   18
 10
24256.219280184843
 20
17024.770393498238
 11
24221.152792275515
 21
17029.545836882862
  0
LINE
  8
_0-4_設備機器
  6
CONTINUOUS
 62
   18
 10
24221.152792275515
 20
17029.545836882862
 11
24186.055569553886
 21
17025.137332963575
  0
LINE
  8
_0-4_設備機器
  6
CONTINUOUS
 62
   18
 10
24186.055569553886
 20
17025.137332963575
 11
24151.994023372306
 21
17011.678831901157
  0
LINE
  8
_0-4_設備機器
  6
CONTINUOUS
 62
   18
 10
24151.994023372306
 20
17011.678831901157
 11
24120.003096575524
 21
16989.57926344006
  0
LINE
  8
_0-4_設備機器
  6
CONTINUOUS
 62
   18
 10
24120.003096575524
 20
16989.57926344006
 11
24091.054817286072
 21
16959.510111785053
  0
LINE
  8
_0-4_設備機器
  6
CONTINUOUS
 62
   18
 10
24091.054817286072
 20
16959.510111785053
 11
24066.028764321625
 21
16922.385012893442
  0
LINE
  8
_0-4_設備機器
  6
CONTINUOUS
 62
   18
 10
24066.028764321625
 20
16922.385012893442
 11
24045.685341637716
 21
16879.331994108852
  0
LINE
  8
_0-4_設備機器
  6
CONTINUOUS
 62
   18
 10
24045.685341637716
 20
16879.331994108852
 11
24030.642673838319
 21
16831.659199621168
  0
LINE
  8
_0-4_設備機器
  6
CONTINUOUS
 62
   18
 10
24030.642673838319
 20
16831.659199621168
 11
24021.357824772567
 21
16780.815143167299
  0
LINE
  8
_0-4_設備機器
  6
CONTINUOUS
 62
   18
 10
24021.357824772567
 20
16780.815143167299
 11
24018.112909880965
 21
16728.344695674266
  0
LINE
  8
_0-4_設備機器
  6
CONTINUOUS
 62
   18
 10
24018.112909880965
 20
16728.344695674266
 11
24021.006524260483
 21
16675.842145137816
  0
LINE
  8
_0-4_設備機器
  6
CONTINUOUS
 62
   18
 10
24021.006524260483
 20
16675.842145137816
 11
24029.950746902439
 21
16624.902754988426
  0
LINE
  8
_0-4_設備機器
  6
CONTINUOUS
 62
   18
 10
24029.950746902439
 20
16624.902754988426
 11
24044.673812127857
 21
16577.074292819212
  0
LINE
  8
_0-4_設備機器
  6
CONTINUOUS
 62
   18
 10
24044.673812127857
 20
16577.074292819212
 11
24064.728367050091
 21
16533.810002250811
  0
LINE
  8
_0-4_設備機器
  6
CONTINUOUS
 62
   18
 10
24064.728367050091
 20
16533.810002250811
 11
24089.505064165918
 21
16496.424446859364
  0
LINE
  8
_0-4_設備機器
  6
CONTINUOUS
 62
   18
 10
24089.505064165918
 20
16496.424446859364
 11
24118.251076071097
 21
16466.053567827428
  0
LINE
  8
_0-4_設備機器
  6
CONTINUOUS
 62
   18
 10
24118.251076071097
 20
16466.053567827428
 11
24150.092969740064
 21
16443.620168945988
  0
LINE
  8
_0-4_設備機器
  6
CONTINUOUS
 62
   18
 10
24150.092969740064
 20
16443.620168945988
 11
24184.063245346471
 21
16429.805877688206
  0
LINE
  8
_0-4_設備機器
  6
CONTINUOUS
 62
   18
 10
24184.063245346471
 20
16429.805877688206
 11
24219.129733255798
 21
16425.030434303582
  0
LINE
  8
_0-4_設備機器
  6
CONTINUOUS
 62
   18
 10
24219.129733255798
 20
16425.030434303582
 11
24219.129733255798
 21
16425.030434303582
  0
LINE
  8
_0-4_設備機器
  6
CONTINUOUS
 62
   18
 10
24219.291335448026
 20
16473.337956284729
 11
24219.291335448026
 21
16473.337956284729
  0
LINE
  8
_0-4_設備機器
  6
CONTINUOUS
 62
   18
 10
24219.291335448026
 20
16473.337956284729
 11
24247.676784111634
 21
16477.047650280761
  0
LINE
  8
_0-4_設備機器
  6
CONTINUOUS
 62
   18
 10
24247.676784111634
 20
16477.047650280761
 11
24275.22557989279
 21
16488.360774795219
  0
LINE
  8
_0-4_設備機器
  6
CONTINUOUS
 62
   18
 10
24275.22557989279
 20
16488.360774795219
 11
24301.100666572048
 21
16506.933586264447
  0
LINE
  8
_0-4_設備機器
  6
CONTINUOUS
 62
   18
 10
24301.100666572048
 20
16506.933586264447
 11
24324.515842734082
 21
16532.201759210245
  0
LINE
  8
_0-4_設備機器
  6
CONTINUOUS
 62
   18
 10
24324.515842734082
 20
16532.201759210245
 11
24344.759650099866
 21
16563.39753298397
  0
LINE
  8
_0-4_設備機器
  6
CONTINUOUS
 62
   18
 10
24344.759650099866
 20
16563.39753298397
 11
24361.21699082644
 21
16599.573039785333
  0
LINE
  8
_0-4_設備機器
  6
CONTINUOUS
 62
   18
 10
24361.21699082644
 20
16599.573039785333
 11
24373.387816943653
 21
16639.629105145861
  0
LINE
  8
_0-4_設備機器
  6
CONTINUOUS
 62
   18
 10
24373.387816943653
 20
16639.629105145861
 11
24380.902324058668
 21
16682.348645788919
  0
LINE
  8
_0-4_設備機器
  6
CONTINUOUS
 62
   18
 10
24380.902324058668
 20
16682.348645788919
 11
24383.532187675315
 21
16726.433650089205
  0
LINE
  8
_0-4_設備機器
  6
CONTINUOUS
 62
   18
 10
24383.532187675315
 20
16726.433650089205
 11
24381.197500718379
 21
16770.544617499141
  0
LINE
  8
_0-4_設備機器
  6
CONTINUOUS
 62
   18
 10
24381.197500718379
 20
16770.544617499141
 11
24373.969201469641
 21
16813.341258595199
  0
LINE
  8
_0-4_設備機器
  6
CONTINUOUS
 62
   18
 10
24373.969201469641
 20
16813.341258595199
 11
24362.066918144071
 21
16853.523219093825
  0
LINE
  8
_0-4_設備機器
  6
CONTINUOUS
 62
   18
 10
24362.066918144071
 20
16853.523219093825
 11
24345.852295597676
 21
16889.869590458318
  0
LINE
  8
_0-4_設備機器
  6
CONTINUOUS
 62
   18
 10
24345.852295597676
 20
16889.869590458318
 11
24325.818006931534
 21
16921.276006586922
  0
LINE
  8
_0-4_設備機器
  6
CONTINUOUS
 62
   18
 10
24325.818006931534
 20
16921.276006586922
 11
24302.572783868923
 21
16946.78819941798
  0
LINE
  8
_0-4_設備機器
  6
CONTINUOUS
 62
   18
 10
24302.572783868923
 20
16946.78819941798
 11
24276.822920749953
 21
16965.630993882117
  0
LINE
  8
_0-4_設備機器
  6
CONTINUOUS
 62
   18
 10
24276.822920749953
 20
16965.630993882117
 11
24249.350814135432
 21
16977.23186120445
  0
LINE
  8
_0-4_設備機器
  6
CONTINUOUS
 62
   18
 10
24249.350814135432
 20
16977.23186120445
 11
24220.991190083288
 21
16981.238314901715
  0
LINE
  8
_0-4_設備機器
  6
CONTINUOUS
 62
   18
 10
24220.991190083288
 20
16981.238314901715
 11
24192.60574141968
 21
16977.528620905683
  0
LINE
  8
_0-4_設備機器
  6
CONTINUOUS
 62
   18
 10
24192.60574141968
 20
16977.528620905683
 11
24165.056945638523
 21
16966.215496391225
  0
LINE
  8
_0-4_設備機器
  6
CONTINUOUS
 62
   18
 10
24165.056945638523
 20
16966.215496391225
 11
24139.181858959265
 21
16947.642684921996
  0
LINE
  8
_0-4_設備機器
  6
CONTINUOUS
 62
   18
 10
24139.181858959265
 20
16947.642684921996
 11
24115.766682797231
 21
16922.374511976198
  0
LINE
  8
_0-4_設備機器
  6
CONTINUOUS
 62
   18
 10
24115.766682797231
 20
16922.374511976198
 11
24095.522875431448
 21
16891.178738202474
  0
LINE
  8
_0-4_設備機器
  6
CONTINUOUS
 62
   18
 10
24095.522875431448
 20
16891.178738202474
 11
24079.065534704874
 21
16855.003231401111
  0
LINE
  8
_0-4_設備機器
  6
CONTINUOUS
 62
   18
 10
24079.065534704874
 20
16855.003231401111
 11
24066.89470858766
 21
16814.947166040583
  0
LINE
  8
_0-4_設備機器
  6
CONTINUOUS
 62
   18
 10
24066.89470858766
 20
16814.947166040583
 11
24059.380201472646
 21
16772.227625397525
  0
LINE
  8
_0-4_設備機器
  6
CONTINUOUS
 62
   18
 10
24059.380201472646
 20
16772.227625397525
 11
24056.750337855999
 21
16728.142621097238
  0
LINE
  8
_0-4_設備機器
  6
CONTINUOUS
 62
   18
 10
24056.750337855999
 20
16728.142621097238
 11
24059.085024812935
 21
16684.031653687303
  0
LINE
  8
_0-4_設備機器
  6
CONTINUOUS
 62
   18
 10
24059.085024812935
 20
16684.031653687303
 11
24066.313324061673
 21
16641.235012591245
  0
LINE
  8
_0-4_設備機器
  6
CONTINUOUS
 62
   18
 10
24066.313324061673
 20
16641.235012591245
 11
24078.215607387242
 21
16601.053052092618
  0
LINE
  8
_0-4_設備機器
  6
CONTINUOUS
 62
   18
 10
24078.215607387242
 20
16601.053052092618
 11
24094.430229933637
 21
16564.706680728126
  0
LINE
  8
_0-4_設備機器
  6
CONTINUOUS
 62
   18
 10
24094.430229933637
 20
16564.706680728126
 11
24114.464518599779
 21
16533.300264599522
  0
LINE
  8
_0-4_設備機器
  6
CONTINUOUS
 62
   18
 10
24114.464518599779
 20
16533.300264599522
 11
24137.709741662391
 21
16507.788071768463
  0
LINE
  8
_0-4_設備機器
  6
CONTINUOUS
 62
   18
 10
24137.709741662391
 20
16507.788071768463
 11
24163.459604781361
 21
16488.945277304326
  0
LINE
  8
_0-4_設備機器
  6
CONTINUOUS
 62
   18
 10
24163.459604781361
 20
16488.945277304326
 11
24190.931711395882
 21
16477.344409981993
  0
LINE
  8
_0-4_設備機器
  6
CONTINUOUS
 62
   18
 10
24190.931711395882
 20
16477.344409981993
 11
24219.291335448026
 21
16473.337956284729
  0
LINE
  8
_0-4_設備機器
  6
CONTINUOUS
 62
   18
 10
24219.291335448026
 20
16473.337956284729
 11
24219.291335448026
 21
16473.337956284729
  0
CIRCLE
  8
_0-4_設備機器
  6
CONTINUOUS
 62
   18
 10
24270.942440744172
 20
16727.288135593222
 40
29.752727508544925
  0
ARC
  8
_0-4_設備機器
  6
CONTINUOUS
 62
   18
 10
24492.169491525422
 20
16350.288135593222
 40
13
 50
180
 51
270
  0
ARC
  8
_0-4_設備機器
  6
CONTINUOUS
 62
   18
 10
24492.169491525426
 20
17104.288135593218
 40
13
 50
90
 51
180
  0
ARC
  8
_0-4_設備機器
  6
DASHED1
 62
  132
 10
24479.169491525422
 20
16350.288135593222
 40
376.99999999999818
 50
90
 51
134.99999999999988
  0
LINE
  8
_0-4_設備機器
  6
DASHED1
 62
  132
 10
24479.169491525422
 20
16350.288135593222
 11
24212.590235018098
 21
16616.86739210055
  0
ARC
  8
_0-4_設備機器
  6
DASHED1
 62
  132
 10
24479.169491525422
 20
17104.288135593218
 40
377.00000000000102
 50
225.00000000000014
 51
270
  0
LINE
  8
_0-4_設備機器
  6
DASHED1
 62
  132
 10
24479.169491525422
 20
17104.288135593218
 11
24212.590235018091
 21
16837.70887908589
  0
LINE
  8
_0-4_設備機器
  6
CONTINUOUS
 62
   18
 10
24590.169491525422
 20
16217.288135593218
 11
22930.169491525422
 21
16217.288135593218
  0
LINE
  8
_0-4_設備機器
  6
CONTINUOUS
 62
   18
 10
24550.16936945511
 20
16177.288135593222
 11
22970.169491525422
 21
16177.288135593222
  0
LINE
  8
_0-4_設備機器
  6
CONTINUOUS
 62
   18
 10
23802.878048654329
 20
16152.288135593222
 11
22995.169491525422
 21
16152.288135593222
  0
LINE
  8
_0-4_設備機器
  6
CONTINUOUS
 62
   18
 10
23830.169491525422
 20
15087.288135593218
 11
23830.169735666047
 21
16177.288135593222
  0
LINE
  8
_0-4_設備機器
  6
CONTINUOUS
 62
   18
 10
24590.169491525422
 20
16217.288135593218
 11
24590.169491525422
 21
15047.28813559322
  0
LINE
  8
_0-4_設備機器
  6
CONTINUOUS
 62
   18
 10
24550.16936945511
 20
16177.288135593222
 11
24550.16936945511
 21
15087.288135593218
  0
LINE
  8
_0-4_設備機器
  6
CONTINUOUS
 62
   18
 10
23802.878048654329
 20
15112.288135593218
 11
23802.878048654329
 21
16152.288135593222
  0
LINE
  8
_0-4_設備機器
  6
CONTINUOUS
 62
   18
 10
22970.169491525422
 20
16177.288135593222
 11
22970.169491525422
 21
15087.288135593218
  0
LINE
  8
_0-4_設備機器
  6
CONTINUOUS
 62
   18
 10
22930.169491525422
 20
15047.28813559322
 11
22930.169491525422
 21
16217.288135593218
  0
LINE
  8
_0-4_設備機器
  6
CONTINUOUS
 62
   18
 10
24590.169491525422
 20
15047.28813559322
 11
22930.169491525422
 21
15047.28813559322
  0
LINE
  8
_0-4_設備機器
  6
CONTINUOUS
 62
   18
 10
24550.16936945511
 20
15087.287159030716
 11
22970.169491525422
 21
15087.287159030716
  0
LINE
  8
_0-4_設備機器
  6
CONTINUOUS
 62
   18
 10
22995.169491525422
 20
15112.288135593218
 11
22995.169491525422
 21
16152.288135593222
  0
LINE
  8
_0-4_設備機器
  6
CONTINUOUS
 62
   18
 10
22995.169491525422
 20
15112.288135593218
 11
23802.878048654329
 21
15112.288135593218
  0
LINE
  8
ADD_LINE
  6
DOT
 62
   18
 10
22910.169491525422
 20
14987.288135593218
 11
22910.169491525422
 21
16237.288135593218
  0
LINE
  8
ADD_LINE
  6
DOT
 62
   18
 10
24610.169613595735
 20
14987.288135593218
 11
24610.169613595735
 21
16237.288135593218
  0
LINE
  8
ADD_LINE
  6
DOT
 62
   18
 10
22910.169491525422
 20
14987.288135593218
 11
24610.169613595735
 21
14987.288135593218
  0
LINE
  8
_0-4_設備機器
  6
CONTINUOUS
 62
   18
 10
23655.357174630891
 20
16177.288135593222
 11
23655.357174630891
 21
16197.288135593214
  0
LINE
  8
_0-4_設備機器
  6
CONTINUOUS
 62
   18
 10
22990.169491525422
 20
16177.288135593222
 11
22990.169491525422
 21
16197.288135593214
  0
LINE
  8
_0-4_設備機器
  6
CONTINUOUS
 62
   18
 10
23682.802609201204
 20
15112.288135593218
 11
23682.802609201204
 21
15276.499683444779
  0
LINE
  8
_0-4_設備機器
  6
CONTINUOUS
 62
   18
 10
23682.802609201204
 20
15276.499683444779
 11
23802.878048654329
 21
15276.499683444779
  0
LINE
  8
_0-4_設備機器
  6
CONTINUOUS
 62
   18
 10
23790.108883615266
 20
15128.910327976029
 11
23702.578671212922
 21
15128.910327976029
  0
LINE
  8
_0-4_設備機器
  6
CONTINUOUS
 62
   18
 10
23790.108883615266
 20
15145.007862155716
 11
23702.578671212922
 21
15145.007862155716
  0
LINE
  8
_0-4_設備機器
  6
CONTINUOUS
 62
   18
 10
23790.108883615266
 20
15161.105396335404
 11
23702.578671212922
 21
15161.105396335404
  0
LINE
  8
_0-4_設備機器
  6
CONTINUOUS
 62
   18
 10
23790.108883615266
 20
15177.202930515089
 11
23702.578671212922
 21
15177.202930515089
  0
LINE
  8
_0-4_設備機器
  6
CONTINUOUS
 62
   18
 10
23790.108883615266
 20
15193.300464694782
 11
23702.578671212922
 21
15193.300464694782
  0
LINE
  8
_0-4_設備機器
  6
CONTINUOUS
 62
   18
 10
23790.108883615266
 20
15209.397876804156
 11
23702.578671212922
 21
15209.397876804156
  0
LINE
  8
_0-4_設備機器
  6
CONTINUOUS
 62
   18
 10
23790.108883615266
 20
15225.495410983841
 11
23702.578671212922
 21
15225.495410983841
  0
LINE
  8
_0-4_設備機器
  6
CONTINUOUS
 62
   18
 10
23790.108883615266
 20
15241.592945163529
 11
23702.578671212922
 21
15241.592945163529
  0
LINE
  8
_0-4_設備機器
  6
CONTINUOUS
 62
   18
 10
23790.108883615266
 20
15257.690418308062
 11
23702.578671212922
 21
15257.690418308062
  0
LINE
  8
_0-4_設備機器
  6
CONTINUOUS
 62
   18
 10
22990.169491525422
 20
16197.288135593214
 11
23655.357174630891
 21
16197.288135593214
  0
LINE
  8
_0-4_設備機器
  6
CONTINUOUS
 62
  132
 10
22990.169491525422
 20
16197.288135593214
 11
23263.076321359407
 21
15607.285083835404
  0
CIRCLE
  8
_0-4_設備機器
  6
CONTINUOUS
 62
   18
 10
24190.169491525422
 20
15247.287159030718
 40
27.500000000000003
  0
CIRCLE
  8
_0-4_設備機器
  6
CONTINUOUS
 62
   18
 10
24190.180966134797
 20
15240.891223972124
 40
22.832340240478515
  0
ARC
  8
_0-4_設備機器
  6
CONTINUOUS
 62
   18
 10
24405.932308908235
 20
15210.914478366652
 40
60
 50
277.7420654296875
 51
352.30537414550781
  0
ARC
  8
_0-4_設備機器
  6
CONTINUOUS
 62
   18
 10
21321.653378244172
 20
15627.630298679159
 40
3172.302734375
 50
352.30537414550781
 51
7.588958740234375
  0
ARC
  8
_0-4_設備機器
  6
CONTINUOUS
 62
   18
 10
24406.695492501985
 20
16038.657917087357
 40
60
 50
7.5889587402343963
 51
79.31147766113284
  0
ARC
  8
_0-4_設備機器
  6
CONTINUOUS
 62
   18
 10
24188.904598947297
 20
14884.763721530714
 40
1234.267822265625
 50
79.311477661132855
 51
100.68850708007816
  0
ARC
  8
_0-4_設備機器
  6
CONTINUOUS
 62
   18
 10
23971.113583322297
 20
16038.657917087357
 40
60
 50
100.68850708007813
 51
172.41102600097659
  0
ARC
  8
_0-4_設備機器
  6
CONTINUOUS
 62
   18
 10
24188.904598947297
 20
16807.254139011183
 40
1671.0249023437502
 50
262.25790405273437
 51
277.74208068847656
  0
ARC
  8
_0-4_設備機器
  6
CONTINUOUS
 62
   18
 10
27056.155819650422
 20
15627.630298679156
 40
3172.302734375
 50
172.41102600097656
 51
187.69461059570312
  0
ARC
  8
_0-4_設備機器
  6
CONTINUOUS
 62
   18
 10
23971.876766916047
 20
15210.914478366652
 40
60
 50
187.69461059570312
 51
262.25790405273437
  0
ARC
  8
_0-4_設備機器
  6
CONTINUOUS
 62
   18
 10
24405.932308908235
 20
15210.914478366652
 40
35.386459350585937
 50
277.7420654296875
 51
352.30537414550781
  0
ARC
  8
_0-4_設備機器
  6
CONTINUOUS
 62
   18
 10
24188.904598947297
 20
16807.254139011183
 40
1646.4113769531247
 50
262.25790405273437
 51
277.74208068847656
  0
ARC
  8
_0-4_設備機器
  6
CONTINUOUS
 62
   18
 10
23971.876766916047
 20
15210.914478366652
 40
35.386459350585937
 50
187.69461059570312
 51
262.25790405273437
  0
ARC
  8
_0-4_設備機器
  6
CONTINUOUS
 62
   18
 10
21321.653378244172
 20
15627.630298679159
 40
3147.689208984375
 50
352.30537414550781
 51
4.2696990966796875
  0
ARC
  8
_0-4_設備機器
  6
CONTINUOUS
 62
   18
 10
24400.773251291047
 20
15857.513080661577
 40
60
 50
4.269683837890625
 51
79.38031005859375
  0
ARC
  8
_0-4_設備機器
  6
CONTINUOUS
 62
   18
 10
24188.904598947297
 20
14727.549976413531
 40
1209.6541748046875
 50
79.380310058593764
 51
100.61967468261718
  0
ARC
  8
_0-4_設備機器
  6
CONTINUOUS
 62
   18
 10
27056.155819650422
 20
15627.630298679156
 40
3147.689208984375
 50
175.73028564453125
 51
187.69461059570312
  0
ARC
  8
_0-4_設備機器
  6
CONTINUOUS
 62
   18
 10
23977.035946603547
 20
15857.513080661577
 40
60
 50
100.61967468261718
 51
175.73028564453125
  0
ARC
  8
_0-4_設備機器
  6
CONTINUOUS
 62
  132
 10
22996.814755197297
 20
16204.788135593218
 40
654.14459228515625
 50
294.01887512207031
 51
359.34748840332031
  0
LINE
  8
_0-4_設備機器
  6
CONTINUOUS
 62
   18
 10
23645.494625802766
 20
16197.288135593214
 11
23645.494625802766
 21
16237.288135593218
  0
LINE
  8
_0-4_設備機器
  6
CONTINUOUS
 62
   18
 10
23005.415417428743
 20
16197.288135593214
 11
23005.415417428743
 21
16237.288135593218
  0
LINE
  8
_0-4_設備機器
  6
CONTINUOUS
 62
   18
 10
21685.168942209013
 20
17937.288135593218
 11
21685.168942209013
 21
16137.28813559322
  0
LINE
  8
_0-4_設備機器
  6
CONTINUOUS
 62
   18
 10
21685.168942209013
 20
16137.28813559322
 11
21085.169491525422
 21
16137.28813559322
  0
LINE
  8
_0-4_設備機器
  6
CONTINUOUS
 62
   18
 10
21085.169491525422
 20
17937.288135593218
 11
21085.169491525422
 21
16137.28813559322
  0
LINE
  8
_0-4_設備機器
  6
CONTINUOUS
 62
   18
 10
21685.168942209013
 20
17937.288135593218
 11
21085.169491525422
 21
17937.288135593218
  0
LINE
  8
_0-4_設備機器
  6
CONTINUOUS
 62
   18
 10
21633.502577674567
 20
17937.288135593218
 11
21633.502577674567
 21
17337.288013522909
  0
LINE
  8
_0-4_設備機器
  6
CONTINUOUS
 62
   18
 10
21562.758284461677
 20
17937.288135593218
 11
21562.758284461677
 21
17337.288013522909
  0
ARC
  8
_0-4_設備機器
  6
CONTINUOUS
 62
   18
 10
21569.440121408231
 20
16258.337703769489
 40
29.999999999999992
 50
270
 51
0
  0
ARC
  8
_0-4_設備機器
  6
CONTINUOUS
 62
   18
 10
21569.440121408231
 20
16780.006092136187
 40
29.999999999999992
 50
0
 51
90
  0
ARC
  8
_0-4_設備機器
  6
CONTINUOUS
 62
   18
 10
21204.978611703641
 20
16780.006092136187
 40
29.999999999999992
 50
90
 51
180
  0
ARC
  8
_0-4_設備機器
  6
CONTINUOUS
 62
   18
 10
21204.978611703645
 20
16258.337703769489
 40
29.999999999999992
 50
180
 51
270
  0
LINE
  8
_0-4_設備機器
  6
CONTINUOUS
 62
   18
 10
21685.168942209013
 20
17337.288013522909
 11
21115.169094796907
 21
17337.288013522909
  0
LINE
  8
_0-4_設備機器
  6
CONTINUOUS
 62
   18
 10
21569.440121408231
 20
16228.337635104939
 11
21204.978611703645
 21
16228.337635104939
  0
LINE
  8
_0-4_設備機器
  6
CONTINUOUS
 62
   18
 10
21599.439755197297
 20
16258.337703769489
 11
21599.439755197297
 21
16780.006092136187
  0
LINE
  8
_0-4_設備機器
  6
CONTINUOUS
 62
   18
 10
21569.440121408231
 20
16810.006153171347
 11
21204.978611703641
 21
16810.006153171343
  0
LINE
  8
_0-4_設備機器
  6
CONTINUOUS
 62
   18
 10
21174.979008432157
 20
16780.006092136187
 11
21174.979008432161
 21
16258.337703769489
  0
LINE
  8
_0-4_設備機器
  6
CONTINUOUS
 62
   18
 10
21115.169094796907
 20
17937.288135593218
 11
21115.169094796907
 21
16137.28813559322
  0
LINE
  8
_0-4_設備機器
  6
CONTINUOUS
 62
   18
 10
21211.492172194728
 20
17702.484256493218
 11
21211.492172194728
 21
17572.091892622906
  0
LINE
  8
_0-4_設備機器
  6
CONTINUOUS
 62
   18
 10
21172.887640054726
 20
17702.484256493218
 11
21172.887640054726
 21
17572.091892622906
  0
LINE
  8
_0-4_設備機器
  6
CONTINUOUS
 62
   18
 10
21280.65972855125
 20
17586.573169772906
 11
21323.087005162578
 21
17544.146411960406
  0
LINE
  8
_0-4_設備機器
  6
CONTINUOUS
 62
   18
 10
21407.939071202621
 20
17544.146411960406
 11
21450.366317296367
 21
17586.572803561968
  0
LINE
  8
_0-4_設備機器
  6
CONTINUOUS
 62
   18
 10
21407.939071202621
 20
17459.293750827593
 11
21450.366317296367
 21
17416.867481296343
  0
LINE
  8
_0-4_設備機器
  6
CONTINUOUS
 62
   18
 10
21280.65972855125
 20
17416.867481296343
 11
21323.087005162578
 21
17459.293750827593
  0
LINE
  8
_0-4_設備機器
  6
CONTINUOUS
 62
   18
 10
21280.65972855125
 20
17691.980884616656
 11
21323.087005162578
 21
17734.407276218218
  0
LINE
  8
_0-4_設備機器
  6
CONTINUOUS
 62
   18
 10
21323.087005162578
 20
17819.259937351031
 11
21280.65972855125
 21
17861.686328952593
  0
LINE
  8
_0-4_設備機器
  6
CONTINUOUS
 62
   18
 10
21407.939071202621
 20
17819.259937351031
 11
21450.366317296367
 21
17861.686573093218
  0
LINE
  8
_0-4_設備機器
  6
CONTINUOUS
 62
   18
 10
21450.366317296367
 20
17691.980884616656
 11
21407.939071202621
 21
17734.407520358843
  0
CIRCLE
  8
_0-4_設備機器
  6
CONTINUOUS
 62
   18
 10
21365.513045811996
 20
17776.833667819784
 40
99.999999999999971
  0
CIRCLE
  8
_0-4_設備機器
  6
CONTINUOUS
 62
   18
 10
21365.513045811996
 20
17501.720142429156
 40
99.999999999999971
  0
ARC
  8
_0-4_設備機器
  6
CONTINUOUS
 62
   18
 10
21192.189906124731
 20
17572.091892622906
 40
19.302266070000229
 50
180
 51
0
  0
ARC
  8
_0-4_設備機器
  6
CONTINUOUS
 62
   18
 10
21192.189906124731
 20
17702.484256493218
 40
19.302266070000229
 50
0
 51
180
  0
LINE
  8
_0-4_設備機器
  6
CONTINUOUS
 62
   18
 10
21573.250617711677
 20
17730.096445408689
 11
21573.250617711677
 21
17544.479703707438
  0
LINE
  8
_0-4_設備機器
  6
CONTINUOUS
 62
   18
 10
21623.010244424567
 20
17544.479703707438
 11
21573.250617711677
 21
17544.479703707438
  0
LINE
  8
_0-4_設備機器
  6
CONTINUOUS
 62
   18
 10
21623.010244424567
 20
17730.096445408689
 11
21623.010244424567
 21
17544.479703707438
  0
LINE
  8
_0-4_設備機器
  6
CONTINUOUS
 62
   18
 10
21573.250617711677
 20
17730.096445408689
 11
21623.010244424567
 21
17730.096445408689
  0
LINE
  8
_0-4_設備機器
  6
CONTINUOUS
 62
   18
 10
21588.130431068122
 20
17415.883858615172
 11
21608.130431068122
 21
17415.883858615172
  0
LINE
  8
_0-4_設備機器
  6
CONTINUOUS
 62
   18
 10
21608.130431068122
 20
17415.883858615172
 11
21608.130431068122
 21
17465.883858615172
  0
LINE
  8
_0-4_設備機器
  6
CONTINUOUS
 62
   18
 10
21608.130431068122
 20
17465.883858615172
 11
21588.130431068122
 21
17465.883858615172
  0
LINE
  8
_0-4_設備機器
  6
CONTINUOUS
 62
   18
 10
21588.130431068122
 20
17465.883858615172
 11
21588.130431068122
 21
17415.883858615172
  0
LINE
  8
_0-4_設備機器
  6
CONTINUOUS
 62
   18
 10
21588.130431068122
 20
17808.692290500956
 11
21608.130431068122
 21
17808.692290500956
  0
LINE
  8
_0-4_設備機器
  6
CONTINUOUS
 62
   18
 10
21608.130431068122
 20
17808.692290500956
 11
21608.130431068122
 21
17858.692290500956
  0
LINE
  8
_0-4_設備機器
  6
CONTINUOUS
 62
   18
 10
21608.130431068122
 20
17858.692290500956
 11
21588.130431068122
 21
17858.692290500956
  0
LINE
  8
_0-4_設備機器
  6
CONTINUOUS
 62
   18
 10
21588.130431068122
 20
17858.692290500956
 11
21588.130431068122
 21
17808.692290500956
  0
LINE
  8
_0-4_設備機器
  6
CONTINUOUS
 62
   18
 10
21587.559082823478
 20
17745.41162575579
 11
21607.559082823478
 21
17745.41162575579
  0
LINE
  8
_0-4_設備機器
  6
CONTINUOUS
 62
   18
 10
21607.559082823478
 20
17745.41162575579
 11
21607.559082823478
 21
17765.41162575579
  0
LINE
  8
_0-4_設備機器
  6
CONTINUOUS
 62
   18
 10
21607.559082823478
 20
17765.41162575579
 11
21587.559082823478
 21
17765.41162575579
  0
LINE
  8
_0-4_設備機器
  6
CONTINUOUS
 62
   18
 10
21587.559082823478
 20
17765.41162575579
 11
21587.559082823478
 21
17745.41162575579
  0
LINE
  8
_0-4_設備機器
  6
DASHED1
 62
  132
 10
21515.169094796907
 20
17337.288013522909
 11
21515.169094796907
 21
16137.28813559322
  0
LINE
  8
_0-4_設備機器
  6
DASHED1
 62
  132
 10
21115.169094796907
 20
17337.288013522909
 11
21685.168942209013
 21
17937.288135593218
  0
LINE
  8
_0-4_設備機器
  6
DASHED1
 62
  132
 10
21685.168942209013
 20
17337.288013522909
 11
21115.169094796907
 21
17937.288135593218
  0
LINE
  8
_0-4_設備機器
  6
DASHED1
 62
  132
 10
21515.169094796907
 20
16137.28813559322
 11
21115.169094796907
 21
17337.288013522909
  0
LINE
  8
_0-2_間仕切り
  6
CONTINUOUS
 62
   18
 10
22910.169491525422
 20
16237.288135593218
 11
23005.415417428743
 21
16237.288135593218
  0
LINE
  8
_0-2_間仕切り
  6
CONTINUOUS
 62
   18
 10
22910.169491525422
 20
16337.288135593218
 11
23005.415417428743
 21
16337.288135593218
  0
LINE
  8
_0-4_設備機器
  6
CONTINUOUS
 62
   18
 10
23005.415417428743
 20
16237.288135593218
 11
23005.415417428743
 21
16337.288135593218
  0
LINE
  8
_0-2_間仕切り
  6
CONTINUOUS
 62
   18
 10
23645.494625802766
 20
16337.288135593218
 11
24635.169491525422
 21
16337.288135593218
  0
LINE
  8
_0-4_設備機器
  6
CONTINUOUS
 62
   18
 10
23645.494625802766
 20
16237.288135593218
 11
23645.494625802766
 21
16337.288135593218
  0
LINE
  8
_0-2_間仕切り
  6
CONTINUOUS
 62
   18
 10
23645.494625802766
 20
16237.288135593218
 11
24635.169491525422
 21
16237.288135593218
  0
SOLID
  8
_0-2_間仕切り
  6
CONTINUOUS
 62
    9
 10
22810.169491525422
 20
16337.288135593218
 11
22810.169491525422
 21
14287.288135593218
 12
22910.169491525422
 22
16337.288135593218
 13
22910.169491525422
 23
14287.288135593218
  0
SOLID
  8
_0-2_間仕切り
  6
CONTINUOUS
 62
    9
 10
23005.415417428743
 20
16237.288135593218
 11
23005.415417428743
 21
16337.288135593218
 12
22910.169491525422
 22
16237.288135593218
 13
22910.169491525422
 23
16337.288135593218
  0
SOLID
  8
_0-2_間仕切り
  6
CONTINUOUS
 62
    9
 10
23645.494625802766
 20
16337.288135593218
 11
23645.494625802766
 21
16237.288135593218
 12
24635.169491525422
 22
16337.288135593218
 13
24635.169491525422
 23
16237.288135593218
  0
SOLID
  8
_0-2_間仕切り
  6
CONTINUOUS
 62
    9
 10
24635.169491525422
 20
14987.288135593218
 11
24635.169491525422
 21
14887.288135593218
 12
22910.169491525422
 22
14987.288135593218
 13
22910.169491525422
 23
14887.288135593218
  0
SOLID
  8
_0-2_間仕切り
  6
CONTINUOUS
 62
    9
 10
21085.169491525422
 20
18037.288135593218
 11
21085.169491525422
 21
17937.288135593218
 12
21910.169491525422
 22
18037.288135593218
 13
21910.169491525422
 23
17937.288135593218
  0
SOLID
  8
_0-2_間仕切り
  6
CONTINUOUS
 62
    9
 10
22810.169491525422
 20
18912.288135593218
 11
22810.169491525422
 21
17007.288135593218
 12
22910.169491525422
 22
18912.288135593218
 13
22910.169491525422
 23
17007.288135593218
  0
SOLID
  8
_0-2_間仕切り
  6
CONTINUOUS
 62
    9
 10
23580.169491525422
 20
18037.288135593218
 11
23580.169491525422
 21
17937.288135593218
 12
24110.169491525422
 22
18037.288135593218
 13
24110.169491525422
 23
17937.288135593218
  0
LINE
  8
_0-5__仕上
  6
CONTINUOUS
 62
  132
 10
22910.169491525422
 20
14337.288135593218
 11
24635.169491525422
 21
14887.288135593218
  0
LINE
  8
_0-5__仕上
  6
CONTINUOUS
 62
  132
 10
21085.169491525422
 20
13647.28813559322
 11
21085.169491525422
 21
12277.288135593218
  0
LINE
  8
_0-5__仕上
  6
CONTINUOUS
 62
  132
 10
21975.169491525422
 20
11662.288135593218
 11
23745.169491525422
 21
11662.288135593218
  0
LINE
  8
_0-5__仕上
  6
CONTINUOUS
 62
  132
 10
21535.169491525422
 20
11750
 11
24635.169491525422
 21
11750
  0
LINE
  8
_0-5__仕上
  6
CONTINUOUS
 62
  132
 10
21535.169491525422
 20
11850
 11
24635.169491525422
 21
11850
  0
LINE
  8
_0-5__仕上
  6
CONTINUOUS
 62
  132
 10
21535.169491525422
 20
11950
 11
24635.169491525422
 21
11950
  0
LINE
  8
_0-5__仕上
  6
CONTINUOUS
 62
  132
 10
21535.169491525422
 20
12050
 11
24635.169491525422
 21
12050
  0
LINE
  8
_0-5__仕上
  6
CONTINUOUS
 62
  132
 10
21085.169491525422
 20
12150
 11
24635.169491525422
 21
12150
  0
LINE
  8
_0-5__仕上
  6
CONTINUOUS
 62
  132
 10
21085.169491525422
 20
12250
 11
24635.169491525422
 21
12250
  0
LINE
  8
_0-5__仕上
  6
CONTINUOUS
 62
  132
 10
21085.169491525422
 20
12350
 11
24635.169491525422
 21
12350
  0
LINE
  8
_0-5__仕上
  6
CONTINUOUS
 62
  132
 10
21085.169491525422
 20
12450
 11
24635.169491525422
 21
12450
  0
LINE
  8
_0-5__仕上
  6
CONTINUOUS
 62
  132
 10
21085.169491525422
 20
12550
 11
24635.169491525422
 21
12550
  0
LINE
  8
_0-5__仕上
  6
CONTINUOUS
 62
  132
 10
21085.169491525422
 20
12650
 11
24635.169491525422
 21
12650
  0
LINE
  8
_0-5__仕上
  6
CONTINUOUS
 62
  132
 10
21085.169491525422
 20
12750
 11
24635.169491525422
 21
12750
  0
LINE
  8
_0-5__仕上
  6
CONTINUOUS
 62
  132
 10
21085.169491525422
 20
12850
 11
24635.169491525422
 21
12850
  0
LINE
  8
_0-5__仕上
  6
CONTINUOUS
 62
  132
 10
21085.169491525422
 20
12950
 11
24635.169491525422
 21
12950
  0
LINE
  8
_0-5__仕上
  6
CONTINUOUS
 62
  132
 10
21085.169491525422
 20
13050
 11
24635.169491525422
 21
13050
  0
LINE
  8
_0-5__仕上
  6
CONTINUOUS
 62
  132
 10
21085.169491525422
 20
13150
 11
24635.169491525422
 21
13150
  0
LINE
  8
_0-5__仕上
  6
CONTINUOUS
 62
  132
 10
21085.169491525422
 20
13250
 11
24635.169491525422
 21
13250
  0
LINE
  8
_0-5__仕上
  6
CONTINUOUS
 62
  132
 10
21085.169491525422
 20
13350
 11
24635.169491525422
 21
13350
  0
LINE
  8
_0-5__仕上
  6
CONTINUOUS
 62
  132
 10
21085.169491525422
 20
13450
 11
24635.169491525422
 21
13450
  0
LINE
  8
_0-5__仕上
  6
CONTINUOUS
 62
  132
 10
21085.169491525422
 20
13550
 11
24635.169491525422
 21
13550
  0
LINE
  8
_0-5__仕上
  6
CONTINUOUS
 62
  132
 10
21085.169491525422
 20
13650
 11
24635.169491525422
 21
13650
  0
LINE
  8
_0-5__仕上
  6
CONTINUOUS
 62
  132
 10
21085.169491525422
 20
13750
 11
24635.169491525422
 21
13750
  0
LINE
  8
_0-5__仕上
  6
CONTINUOUS
 62
  132
 10
21085.169491525422
 20
13850
 11
24635.169491525422
 21
13850
  0
LINE
  8
_0-5__仕上
  6
CONTINUOUS
 62
  132
 10
21085.169491525422
 20
13950
 11
24635.169491525422
 21
13950
  0
LINE
  8
_0-5__仕上
  6
CONTINUOUS
 62
  132
 10
21085.169491525422
 20
14050
 11
24635.169491525422
 21
14050
  0
LINE
  8
_0-5__仕上
  6
CONTINUOUS
 62
  132
 10
21085.169491525422
 20
14150
 11
24635.169491525422
 21
14150
  0
LINE
  8
_0-5__仕上
  6
CONTINUOUS
 62
  132
 10
21085.169491525422
 20
14250
 11
24635.169491525422
 21
14250
  0
LINE
  8
_0-5__仕上
  6
CONTINUOUS
 62
  132
 10
21910.169491525422
 20
18037.288135593218
 11
21910.169491525422
 21
18912.288135593218
  0
LINE
  8
_0-5__仕上
  6
CONTINUOUS
 62
  132
 10
21910.169491525422
 20
18037.288135593218
 11
22810.169491525422
 21
18037.288135593218
  0
TEXT
  8
_0-6__室名
 62
   18
 10
22481.805251873392
 20
12927.024646018637
 40
300
 41
1
 50
0
  1
洋室
  0
TEXT
  8
_0-6__室名
 62
   18
 10
23173.766106948012
 20
14452.887044388307
 40
300
 41
1
 50
0
  1
ｸﾛｰｾﾞｯﾄ
  0
TEXT
  8
_0-6__室名
 62
   18
 10
23049.568004755132
 20
15481.957033986454
 40
300
 41
1
 50
0
  1
浴室
  0
TEXT
  8
_0-6__室名
 62
   18
 10
23120.538348865346
 20
17167.502706604114
 40
300
 41
1
 50
0
  1
脱衣
  0
TEXT
  8
_0-6__室名
 62
   18
 10
22943.112488589802
 20
16865.87874413569
 40
300
 41
1
 50
0
  1
化粧室
  0
TEXT
  8
_0-6__室名
 62
   18
 10
23102.795762837795
 20
18338.513384422698
 40
300
 41
1
 50
0
  1
ﾄｲﾚ
  0
TEXT
  8
_0-6__室名
 62
   18
 10
22055.983187212092
 20
18356.255970450252
 40
300
 41
1
 50
0
  1
玄関
  0
TEXT
  8
_0-6__室名
 62
  132
 10
21807.586982826331
 20
18196.572696202263
 40
200
 41
1
 50
90
  1
下駄箱
  0
TEXT
  8
_0-6__室名
 62
   18
 10
22304.379391597849
 20
15428.729275903793
 40
300
 41
1
 50
90
  1
キッチン
  0
LINE
  8
_0-4_設備機器
  6
DASHED1
 62
   18
 10
28335.169491525426
 20
14737.28813559322
 11
27885.169491525426
 21
15437.28813559322
  0
LINE
  8
_0-4_設備機器
  6
DASHED1
 62
   18
 10
27885.169491525426
 20
14737.28813559322
 11
28335.169491525426
 21
14737.28813559322
  0
LINE
  8
_0-4_設備機器
  6
DASHED1
 62
   18
 10
28335.169491525426
 20
14737.28813559322
 11
28335.169491525426
 21
15437.28813559322
  0
LINE
  8
_0-4_設備機器
  6
DASHED1
 62
   18
 10
28335.169491525426
 20
15437.28813559322
 11
27885.169491525426
 21
15437.28813559322
  0
LINE
  8
_0-4_設備機器
  6
DASHED1
 62
   18
 10
27885.169491525426
 20
15437.28813559322
 11
27885.169491525426
 21
14737.28813559322
  0
LINE
  8
_0-4_設備機器
  6
DASHED1
 62
   18
 10
27735.169491525426
 20
15487.28813559322
 11
28335.169491525426
 21
16087.28813559322
  0
LINE
  8
_0-4_設備機器
  6
DASHED1
 62
   18
 10
28335.169491525426
 20
15487.28813559322
 11
27735.169491525426
 21
16087.28813559322
  0
LINE
  8
_0-4_設備機器
  6
DASHED1
 62
   18
 10
27735.169491525426
 20
15487.28813559322
 11
28335.169491525426
 21
15487.28813559322
  0
LINE
  8
_0-4_設備機器
  6
DASHED1
 62
   18
 10
28335.169491525426
 20
15487.28813559322
 11
28335.169491525426
 21
16087.28813559322
  0
LINE
  8
_0-4_設備機器
  6
DASHED1
 62
   18
 10
28335.169491525426
 20
16087.28813559322
 11
27735.169491525426
 21
16087.28813559322
  0
LINE
  8
_0-4_設備機器
  6
DASHED1
 62
   18
 10
27735.169491525426
 20
16087.28813559322
 11
27735.169491525426
 21
15487.28813559322
  0
LINE
  8
_0-0__芯
  6
CENTER1
 62
  132
 10
25260.169491525422
 20
18987.288135593218
 11
25260.169491525422
 21
17987.288135593218
  0
LINE
  8
_0-1__躯体
  6
CONTINUOUS
 62
   18
 10
27885.169491525426
 20
18912.288135593218
 11
27885.169491525426
 21
18462.288135593218
  0
LINE
  8
_0-1__躯体
  6
CONTINUOUS
 62
   18
 10
27885.169491525426
 20
18462.288135593218
 11
28335.169491525426
 21
18462.288135593218
  0
LINE
  8
_0-1__躯体
  6
CONTINUOUS
 62
   18
 10
27885.169491525426
 20
12112.288135593218
 11
28335.169491525426
 21
12112.288135593218
  0
LINE
  8
_0-1__躯体
  6
CONTINUOUS
 62
   18
 10
27885.169491525426
 20
11662.288135593218
 11
27885.169491525426
 21
12112.288135593218
  0
LINE
  8
_0-0__芯
  6
CENTER1
 62
  132
 10
28410.169491525426
 20
14337.288135593218
 11
24710.169491525422
 21
14337.288135593218
  0
LINE
  8
_0-0__芯
  6
CENTER1
 62
  132
 10
26560.169491525426
 20
16287.288135593218
 11
24710.169491525422
 21
16287.288135593218
  0
LINE
  8
_0-0__芯
  6
CENTER1
 62
  132
 10
26560.169491525426
 20
14937.288135593218
 11
24710.169491525422
 21
14937.288135593218
  0
LINE
  8
_0-0__芯
  6
CENTER1
 62
  132
 10
28410.169491525426
 20
17987.288135593218
 11
24710.169491525422
 21
17987.288135593218
  0
LINE
  8
_0-0__芯
  6
CENTER1
 62
  132
 10
26560.169491525426
 20
18987.288135593218
 11
26560.169491525426
 21
14337.288135593218
  0
LINE
  8
_0-1__躯体
  6
CONTINUOUS
 62
   18
 10
25310.169491525422
 20
18912.288135593218
 11
25310.169491525422
 21
17937.288135593218
  0
LINE
  8
_0-1__躯体
  6
CONTINUOUS
 62
   18
 10
25160.169491525422
 20
19062.288135593218
 11
25160.169491525422
 21
18087.288135593218
  0
LINE
  8
_0-2_間仕切り
  6
CONTINUOUS
 62
   18
 10
26610.169491525426
 20
14287.288135593218
 11
26510.169491525426
 21
14287.288135593218
  0
LINE
  8
_0-2_間仕切り
  6
CONTINUOUS
 62
   18
 10
24785.169491525422
 20
14887.288135593218
 11
26510.169491525426
 21
14887.288135593218
  0
LINE
  8
_0-2_間仕切り
  6
CONTINUOUS
 62
   18
 10
24785.169491525422
 20
14987.288135593218
 11
26510.169491525426
 21
14987.288135593218
  0
LINE
  8
_0-2_間仕切り
  6
CONTINUOUS
 62
   18
 10
26510.169491525426
 20
14887.288135593218
 11
26510.169491525426
 21
14287.288135593218
  0
LINE
  8
_0-2_間仕切り
  6
CONTINUOUS
 62
   18
 10
26510.169491525426
 20
16237.288135593218
 11
26510.169491525426
 21
14987.288135593218
  0
LINE
  8
_0-2_間仕切り
  6
CONTINUOUS
 62
   18
 10
28335.169491525426
 20
17937.288135593218
 11
27510.169491525426
 21
17937.288135593218
  0
LINE
  8
_0-2_間仕切り
  6
CONTINUOUS
 62
   18
 10
28335.169491525426
 20
18037.288135593218
 11
27510.169491525426
 21
18037.288135593218
  0
LINE
  8
_0-2_間仕切り
  6
CONTINUOUS
 62
   18
 10
27510.169491525426
 20
17937.288135593218
 11
27510.169491525426
 21
18037.288135593218
  0
LINE
  8
_0-3__建具
  6
CONTINUOUS
 62
   18
 10
27495.169491525422
 20
19022.288135593218
 11
27475.169491525422
 21
19022.288135593218
  0
LINE
  8
_0-3__建具
  6
CONTINUOUS
 62
   18
 10
27475.169491525422
 20
19022.288135593218
 11
27475.169491525422
 21
18987.288135593218
  0
LINE
  8
_0-3__建具
  6
CONTINUOUS
 62
   18
 10
27475.169491525422
 20
18987.288135593218
 11
27460.169491525426
 21
18987.288135593218
  0
LINE
  8
_0-3__建具
  6
CONTINUOUS
 62
   18
 10
27460.169491525426
 20
18987.288135593218
 11
27460.169491525426
 21
18952.288135593218
  0
LINE
  8
_0-3__建具
  6
CONTINUOUS
 62
   18
 10
27460.169491525426
 20
18952.288135593218
 11
27495.169491525422
 21
18952.288135593218
  0
LINE
  8
_0-3__建具
  6
CONTINUOUS
 62
   18
 10
27470.169491525422
 20
19022.288135593218
 11
27470.169491525422
 21
18992.288135593218
  0
LINE
  8
_0-3__建具
  6
CONTINUOUS
 62
   18
 10
27470.169491525422
 20
19022.288135593218
 11
26650.169491525422
 21
19022.288135593218
  0
LINE
  8
_0-3__建具
  6
CONTINUOUS
 62
   18
 10
27470.169491525422
 20
18992.288135593218
 11
26650.169491525422
 21
18992.288135593218
  0
LINE
  8
_0-3__建具
  6
CONTINUOUS
 62
   18
 10
26625.169491525422
 20
19022.288135593218
 11
26645.169491525422
 21
19022.288135593218
  0
LINE
  8
_0-3__建具
  6
CONTINUOUS
 62
   18
 10
26645.169491525422
 20
19022.288135593218
 11
26645.169491525422
 21
18987.288135593218
  0
LINE
  8
_0-3__建具
  6
CONTINUOUS
 62
   18
 10
26645.169491525422
 20
18987.288135593218
 11
26660.169491525426
 21
18987.288135593218
  0
LINE
  8
_0-3__建具
  6
CONTINUOUS
 62
   18
 10
26660.169491525426
 20
18987.288135593218
 11
26660.169491525426
 21
18952.288135593218
  0
LINE
  8
_0-3__建具
  6
CONTINUOUS
 62
   18
 10
26660.169491525426
 20
18952.288135593218
 11
26625.169491525422
 21
18952.288135593218
  0
LINE
  8
_0-3__建具
  6
CONTINUOUS
 62
   18
 10
26650.169491525422
 20
19022.288135593218
 11
26650.169491525422
 21
18992.288135593218
  0
ARC
  8
_0-3__建具
  6
CONTINUOUS
 62
  132
 10
27470.169491525422
 20
19022.288135593218
 40
819.99999999999886
 50
90
 51
180
  0
LINE
  8
_0-3__建具
  6
CONTINUOUS
 62
  132
 10
27470.169491525422
 20
19022.288135593218
 11
27470.169491525422
 21
19842.288135593218
  0
LINE
  8
_0-1__躯体
  6
CONTINUOUS
 62
   18
 10
27885.169491525426
 20
18912.288135593218
 11
27495.169491525422
 21
18912.288135593218
  0
LINE
  8
_0-1__躯体
  6
CONTINUOUS
 62
   18
 10
27495.169491525422
 20
18912.288135593218
 11
27495.169491525422
 21
19062.288135593218
  0
LINE
  8
_0-1__躯体
  6
CONTINUOUS
 62
   18
 10
28485.169491525426
 20
19062.288135593218
 11
27495.169491525422
 21
19062.288135593218
  0
LINE
  8
_0-1__躯体
  6
CONTINUOUS
 62
   18
 10
26625.169491525422
 20
18912.288135593218
 11
26625.169491525422
 21
19062.288135593218
  0
LINE
  8
_0-3__建具
  6
CONTINUOUS
 62
   18
 10
27445.169491525422
 20
11552.288135593218
 11
27410.169491525426
 21
11552.288135593218
  0
LINE
  8
_0-3__建具
  6
CONTINUOUS
 62
   18
 10
27425.169491525422
 20
11552.288135593218
 11
27425.169491525422
 21
11622.28813559322
  0
LINE
  8
_0-3__建具
  6
CONTINUOUS
 62
   18
 10
27445.169491525422
 20
11622.28813559322
 11
27410.169491525426
 21
11622.28813559322
  0
LINE
  8
_0-3__建具
  6
CONTINUOUS
 62
   18
 10
27425.169491525422
 20
11587.288135593218
 11
27390.169491525419
 21
11587.288135593218
  0
LINE
  8
_0-3__建具
  6
CONTINUOUS
 62
   18
 10
27390.169491525419
 20
11587.288135593218
 11
27390.169491525419
 21
11611.288135593218
  0
LINE
  8
_0-3__建具
  6
CONTINUOUS
 62
   18
 10
27390.169491525419
 20
11611.288135593218
 11
27425.169491525422
 21
11611.288135593218
  0
LINE
  8
_0-3__建具
  6
CONTINUOUS
 62
   18
 10
27390.169491525419
 20
11599.288135593218
 11
26577.169491525422
 21
11599.288135593218
  0
LINE
  8
_0-3__建具
  6
CONTINUOUS
 62
   18
 10
26577.169491525422
 20
11563.28813559322
 11
26543.169491525422
 21
11563.28813559322
  0
LINE
  8
_0-3__建具
  6
CONTINUOUS
 62
   18
 10
26543.169491525422
 20
11563.28813559322
 11
26543.169491525422
 21
11611.288135593218
  0
LINE
  8
_0-3__建具
  6
CONTINUOUS
 62
   18
 10
26543.169491525422
 20
11611.288135593218
 11
26577.169491525422
 21
11611.288135593218
  0
LINE
  8
_0-3__建具
  6
CONTINUOUS
 62
   18
 10
26577.169491525422
 20
11611.288135593218
 11
26577.169491525422
 21
11563.28813559322
  0
LINE
  8
_0-3__建具
  6
CONTINUOUS
 62
   18
 10
26577.169491525422
 20
11587.288135593218
 11
26543.169491525422
 21
11587.288135593218
  0
LINE
  8
_0-3__建具
  6
CONTINUOUS
 62
   18
 10
26560.169491525426
 20
11532.28813559322
 11
26560.169491525426
 21
11642.288135593218
  0
LINE
  8
_0-3__建具
  6
CONTINUOUS
 62
   18
 10
26543.169491525422
 20
11575.28813559322
 11
25730.169491525422
 21
11575.28813559322
  0
LINE
  8
_0-3__建具
  6
CONTINUOUS
 62
   18
 10
25675.169491525422
 20
11552.288135593218
 11
25710.169491525426
 21
11552.288135593218
  0
LINE
  8
_0-3__建具
  6
CONTINUOUS
 62
   18
 10
25695.169491525422
 20
11552.288135593218
 11
25695.169491525422
 21
11622.28813559322
  0
LINE
  8
_0-3__建具
  6
CONTINUOUS
 62
   18
 10
25675.169491525422
 20
11622.28813559322
 11
25710.169491525426
 21
11622.28813559322
  0
LINE
  8
_0-3__建具
  6
CONTINUOUS
 62
   18
 10
25695.169491525422
 20
11587.288135593218
 11
25730.169491525422
 21
11587.288135593218
  0
LINE
  8
_0-3__建具
  6
CONTINUOUS
 62
   18
 10
25730.169491525422
 20
11587.288135593218
 11
25730.169491525422
 21
11563.28813559322
  0
LINE
  8
_0-3__建具
  6
CONTINUOUS
 62
   18
 10
25730.169491525422
 20
11563.28813559322
 11
25695.169491525422
 21
11563.28813559322
  0
LINE
  8
_0-3__建具
  6
CONTINUOUS
 62
   18
 10
27410.169491525426
 20
11552.288135593218
 11
25710.169491525426
 21
11552.288135593218
  0
LINE
  8
_0-3__建具
  6
CONTINUOUS
 62
   18
 10
27410.169491525426
 20
11622.28813559322
 11
25710.169491525426
 21
11622.28813559322
  0
LINE
  8
_0-3__建具
  6
CONTINUOUS
 62
   18
 10
28375.169491525422
 20
12277.288135593218
 11
28375.169491525422
 21
12312.288135593218
  0
LINE
  8
_0-3__建具
  6
CONTINUOUS
 62
   18
 10
28375.169491525422
 20
12297.28813559322
 11
28445.169491525422
 21
12297.28813559322
  0
LINE
  8
_0-3__建具
  6
CONTINUOUS
 62
   18
 10
28445.169491525422
 20
12277.288135593218
 11
28445.169491525422
 21
12312.288135593218
  0
LINE
  8
_0-3__建具
  6
CONTINUOUS
 62
   18
 10
28410.169491525426
 20
12297.28813559322
 11
28410.169491525426
 21
12332.28813559322
  0
LINE
  8
_0-3__建具
  6
CONTINUOUS
 62
   18
 10
28410.169491525426
 20
12332.28813559322
 11
28434.169491525419
 21
12332.28813559322
  0
LINE
  8
_0-3__建具
  6
CONTINUOUS
 62
   18
 10
28434.169491525419
 20
12332.28813559322
 11
28434.169491525419
 21
12297.28813559322
  0
LINE
  8
_0-3__建具
  6
CONTINUOUS
 62
   18
 10
28422.169491525426
 20
12332.28813559322
 11
28422.169491525426
 21
12945.288135593218
  0
LINE
  8
_0-3__建具
  6
CONTINUOUS
 62
   18
 10
28386.169491525426
 20
12945.288135593218
 11
28386.169491525426
 21
12979.288135593218
  0
LINE
  8
_0-3__建具
  6
CONTINUOUS
 62
   18
 10
28386.169491525426
 20
12979.288135593218
 11
28434.169491525419
 21
12979.288135593218
  0
LINE
  8
_0-3__建具
  6
CONTINUOUS
 62
   18
 10
28434.169491525419
 20
12979.288135593218
 11
28434.169491525419
 21
12945.288135593218
  0
LINE
  8
_0-3__建具
  6
CONTINUOUS
 62
   18
 10
28434.169491525419
 20
12945.288135593218
 11
28386.169491525426
 21
12945.288135593218
  0
LINE
  8
_0-3__建具
  6
CONTINUOUS
 62
   18
 10
28410.169491525426
 20
12945.288135593218
 11
28410.169491525426
 21
12979.288135593218
  0
LINE
  8
_0-3__建具
  6
CONTINUOUS
 62
   18
 10
28355.169491525422
 20
12962.288135593218
 11
28465.169491525419
 21
12962.288135593218
  0
LINE
  8
_0-3__建具
  6
CONTINUOUS
 62
   18
 10
28398.169491525426
 20
12979.288135593218
 11
28398.169491525426
 21
13592.288135593218
  0
LINE
  8
_0-3__建具
  6
CONTINUOUS
 62
   18
 10
28375.169491525422
 20
13647.28813559322
 11
28375.169491525422
 21
13612.288135593218
  0
LINE
  8
_0-3__建具
  6
CONTINUOUS
 62
   18
 10
28375.169491525422
 20
13627.288135593218
 11
28445.169491525422
 21
13627.288135593218
  0
LINE
  8
_0-3__建具
  6
CONTINUOUS
 62
   18
 10
28445.169491525422
 20
13647.28813559322
 11
28445.169491525422
 21
13612.288135593218
  0
LINE
  8
_0-3__建具
  6
CONTINUOUS
 62
   18
 10
28410.169491525426
 20
13627.288135593218
 11
28410.169491525426
 21
13592.288135593218
  0
LINE
  8
_0-3__建具
  6
CONTINUOUS
 62
   18
 10
28410.169491525426
 20
13592.288135593218
 11
28386.169491525426
 21
13592.288135593218
  0
LINE
  8
_0-3__建具
  6
CONTINUOUS
 62
   18
 10
28386.169491525426
 20
13592.288135593218
 11
28386.169491525426
 21
13627.288135593218
  0
LINE
  8
_0-3__建具
  6
CONTINUOUS
 62
   18
 10
28375.169491525422
 20
12312.288135593218
 11
28375.169491525422
 21
13612.288135593218
  0
LINE
  8
_0-3__建具
  6
CONTINUOUS
 62
   18
 10
28445.169491525422
 20
12312.288135593218
 11
28445.169491525422
 21
13612.288135593218
  0
LINE
  8
_0-1__躯体
  6
CONTINUOUS
 62
   18
 10
28335.169491525426
 20
12277.288135593218
 11
28335.169491525426
 21
12112.288135593218
  0
LINE
  8
_0-1__躯体
  6
CONTINUOUS
 62
   18
 10
28485.169491525426
 20
12277.288135593218
 11
28335.169491525426
 21
12277.288135593218
  0
LINE
  8
_0-1__躯体
  6
CONTINUOUS
 62
   18
 10
28485.169491525426
 20
12277.288135593218
 11
28485.169491525426
 21
11512.288135593218
  0
LINE
  8
_0-1__躯体
  6
CONTINUOUS
 62
   18
 10
28335.169491525426
 20
18462.288135593218
 11
28335.169491525426
 21
13647.28813559322
  0
LINE
  8
_0-1__躯体
  6
CONTINUOUS
 62
   18
 10
28485.169491525426
 20
13647.28813559322
 11
28335.169491525426
 21
13647.28813559322
  0
LINE
  8
_0-1__躯体
  6
CONTINUOUS
 62
   18
 10
28485.169491525426
 20
19062.288135593218
 11
28485.169491525426
 21
13647.28813559322
  0
LINE
  8
_0-1__躯体
  6
CONTINUOUS
 62
   18
 10
27445.169491525422
 20
11512.288135593218
 11
28485.169491525426
 21
11512.288135593218
  0
LINE
  8
_0-1__躯体
  6
CONTINUOUS
 62
   18
 10
27445.169491525422
 20
11662.288135593218
 11
27445.169491525422
 21
11512.288135593218
  0
LINE
  8
_0-1__躯体
  6
CONTINUOUS
 62
   18
 10
27445.169491525422
 20
11662.288135593218
 11
27885.169491525426
 21
11662.288135593218
  0
LINE
  8
_0-1__躯体
  6
CONTINUOUS
 62
   18
 10
25675.169491525422
 20
11662.288135593218
 11
25675.169491525422
 21
11512.288135593218
  0
LINE
  8
_0-3__建具
  6
CONTINUOUS
 62
   18
 10
26235.169491525426
 20
18952.288135593218
 11
26210.169491525426
 21
18952.288135593218
  0
LINE
  8
_0-3__建具
  6
CONTINUOUS
 62
   18
 10
26210.169491525426
 20
18952.288135593218
 11
26210.169491525426
 21
18987.288135593218
  0
LINE
  8
_0-3__建具
  6
CONTINUOUS
 62
   18
 10
26210.169491525426
 20
18987.288135593218
 11
26225.169491525422
 21
18987.288135593218
  0
LINE
  8
_0-3__建具
  6
CONTINUOUS
 62
   18
 10
26225.169491525422
 20
18952.288135593218
 11
26225.169491525422
 21
19022.288135593218
  0
LINE
  8
_0-3__建具
  6
CONTINUOUS
 62
   18
 10
26235.169491525426
 20
19022.288135593218
 11
26210.169491525426
 21
19022.288135593218
  0
LINE
  8
_0-3__建具
  6
CONTINUOUS
 62
   18
 10
26210.169491525426
 20
18975.288135593218
 11
25610.169491525426
 21
18975.288135593218
  0
LINE
  8
_0-3__建具
  6
CONTINUOUS
 62
   18
 10
25585.169491525422
 20
18952.288135593218
 11
25610.169491525426
 21
18952.288135593218
  0
LINE
  8
_0-3__建具
  6
CONTINUOUS
 62
   18
 10
25610.169491525426
 20
18952.288135593218
 11
25610.169491525426
 21
18987.288135593218
  0
LINE
  8
_0-3__建具
  6
CONTINUOUS
 62
   18
 10
25610.169491525426
 20
18987.288135593218
 11
25595.169491525422
 21
18987.288135593218
  0
LINE
  8
_0-3__建具
  6
CONTINUOUS
 62
   18
 10
25595.169491525422
 20
18952.288135593218
 11
25595.169491525422
 21
19022.288135593218
  0
LINE
  8
_0-3__建具
  6
CONTINUOUS
 62
   18
 10
25585.169491525422
 20
19022.288135593218
 11
25610.169491525426
 21
19022.288135593218
  0
LINE
  8
_0-3__建具
  6
CONTINUOUS
 62
   18
 10
26210.169491525426
 20
18952.288135593218
 11
25610.169491525426
 21
18952.288135593218
  0
LINE
  8
_0-3__建具
  6
CONTINUOUS
 62
   18
 10
26210.169491525426
 20
19022.288135593218
 11
25610.169491525426
 21
19022.288135593218
  0
LINE
  8
_0-1__躯体
  6
CONTINUOUS
 62
   18
 10
26625.169491525422
 20
18912.288135593218
 11
26235.169491525426
 21
18912.288135593218
  0
LINE
  8
_0-1__躯体
  6
CONTINUOUS
 62
   18
 10
26235.169491525426
 20
19062.288135593218
 11
26235.169491525426
 21
18912.288135593218
  0
LINE
  8
_0-1__躯体
  6
CONTINUOUS
 62
   18
 10
26625.169491525422
 20
19062.288135593218
 11
26235.169491525426
 21
19062.288135593218
  0
LINE
  8
_0-1__躯体
  6
CONTINUOUS
 62
   18
 10
25585.169491525422
 20
18912.288135593218
 11
25310.169491525422
 21
18912.288135593218
  0
LINE
  8
_0-1__躯体
  6
CONTINUOUS
 62
   18
 10
25585.169491525422
 20
19062.288135593218
 11
25585.169491525422
 21
18912.288135593218
  0
LINE
  8
_0-1__躯体
  6
CONTINUOUS
 62
   18
 10
25585.169491525422
 20
19062.288135593218
 11
25160.169491525422
 21
19062.288135593218
  0
SOLID
  8
_0-1__躯体
  6
CONTINUOUS
 62
    9
 10
28485.169491525426
 20
19062.288135593218
 11
28485.169491525426
 21
18462.288135593218
 12
27885.169491525426
 22
19062.288135593218
 13
27885.169491525426
 23
18462.288135593218
  0
SOLID
  8
_0-1__躯体
  6
CONTINUOUS
 62
    9
 10
27885.169491525426
 20
19062.288135593218
 11
27885.169491525426
 21
18912.288135593218
 12
27495.169491525422
 22
19062.288135593218
 13
27495.169491525422
 23
18912.288135593218
  0
SOLID
  8
_0-1__躯体
  6
CONTINUOUS
 62
    9
 10
26625.169491525422
 20
19062.288135593218
 11
26625.169491525422
 21
18912.288135593218
 12
26235.169491525426
 22
19062.288135593218
 13
26235.169491525426
 23
18912.288135593218
  0
SOLID
  8
_0-1__躯体
  6
CONTINUOUS
 62
    9
 10
25585.169491525422
 20
19062.288135593218
 11
25585.169491525422
 21
18912.288135593218
 12
25310.169491525422
 22
19062.288135593218
 13
25310.169491525422
 23
18912.288135593218
  0
SOLID
  8
_0-1__躯体
  6
CONTINUOUS
 62
    9
 10
25160.169491525422
 20
19062.288135593218
 11
25160.169491525422
 21
17937.288135593218
 12
25310.169491525422
 22
19062.288135593218
 13
25310.169491525422
 23
17937.288135593218
  0
SOLID
  8
_0-1__躯体
  6
CONTINUOUS
 62
    9
 10
25160.169491525422
 20
18087.288135593218
 11
25160.169491525422
 21
17937.288135593218
 12
24785.169491525422
 22
18087.288135593218
 13
24785.169491525422
 23
17937.288135593218
  0
SOLID
  8
_0-1__躯体
  6
CONTINUOUS
 62
    9
 10
24785.169491525422
 20
11512.288135593218
 11
24785.169491525422
 21
11662.288135593218
 12
25675.169491525422
 22
11512.288135593218
 13
25675.169491525422
 23
11662.288135593218
  0
SOLID
  8
_0-1__躯体
  6
CONTINUOUS
 62
    9
 10
27885.169491525426
 20
12112.288135593218
 11
27885.169491525426
 21
11512.288135593218
 12
28485.169491525426
 22
12112.288135593218
 13
28485.169491525426
 23
11512.288135593218
  0
SOLID
  8
_0-1__躯体
  6
CONTINUOUS
 62
    9
 10
28485.169491525426
 20
12277.288135593218
 11
28485.169491525426
 21
12112.288135593218
 12
28335.169491525426
 22
12277.288135593218
 13
28335.169491525426
 23
12112.288135593218
  0
SOLID
  8
_0-1__躯体
  6
CONTINUOUS
 62
    9
 10
27445.169491525422
 20
11662.288135593218
 11
27445.169491525422
 21
11512.288135593218
 12
27885.169491525426
 22
11662.288135593218
 13
27885.169491525426
 23
11512.288135593218
  0
SOLID
  8
_0-1__躯体
  6
CONTINUOUS
 62
    9
 10
28485.169491525426
 20
13647.28813559322
 11
28485.169491525426
 21
18462.288135593218
 12
28335.169491525426
 22
13647.28813559322
 13
28335.169491525426
 23
18462.288135593218
  0
LINE
  8
_0-3__建具
  6
CONTINUOUS
 62
   18
 10
28335.169491525426
 20
14365.859564164647
 11
28335.169491525426
 21
14337.288135593218
  0
LINE
  8
_0-3__建具
  6
CONTINUOUS
 62
   18
 10
28335.169491525426
 20
14365.859564164647
 11
27452.669491525419
 21
14365.859564164647
  0
LINE
  8
_0-3__建具
  6
CONTINUOUS
 62
   18
 10
27472.669491525426
 20
14258.716707021791
 11
27472.669491525426
 21
14415.859564164647
  0
LINE
  8
_0-3__建具
  6
CONTINUOUS
 62
   18
 10
27452.669491525419
 20
14365.859564164647
 11
27452.669491525419
 21
14337.288135593218
  0
LINE
  8
_0-3__建具
  6
CONTINUOUS
 62
   18
 10
27492.669491525422
 20
14337.288135593218
 11
27492.669491525422
 21
14308.716707021791
  0
LINE
  8
_0-3__建具
  6
CONTINUOUS
 62
   18
 10
27492.669491525422
 20
14308.716707021791
 11
26610.169491525426
 21
14308.716707021791
  0
LINE
  8
_0-3__建具
  6
CONTINUOUS
 62
   18
 10
26610.169491525426
 20
14308.716707021791
 11
26610.169491525426
 21
14337.288135593218
  0
LINE
  8
_0-3__建具
  6
CONTINUOUS
 62
   18
 10
28335.169491525426
 20
14337.288135593218
 11
26610.169491525426
 21
14337.288135593218
  0
LINE
  8
_0-3__建具
  6
CONTINUOUS
 62
   18
 10
28335.169491525426
 20
14287.288135593218
 11
26610.169491525426
 21
14287.288135593218
  0
LINE
  8
_0-3__建具
  6
CONTINUOUS
 62
   18
 10
28335.169491525426
 20
14387.288135593218
 11
26610.169491525426
 21
14387.288135593218
  0
LINE
  8
_0-3__建具
  6
CONTINUOUS
 62
   18
 10
26510.169491525426
 20
14287.288135593218
 11
24785.169491525422
 21
14287.288135593218
  0
LINE
  8
_0-3__建具
  6
CONTINUOUS
 62
   18
 10
25647.669491525426
 20
14358.716707021791
 11
25647.669491525426
 21
14215.859564164647
  0
LINE
  8
_0-3__建具
  6
DASHED1
 62
   18
 10
26510.169491525426
 20
14287.288135593218
 11
26294.544491525426
 21
13913.81468021118
  0
LINE
  8
_0-3__建具
  6
DASHED1
 62
   18
 10
26484.189491525423
 20
14308.716707021791
 11
26268.564491525423
 21
13935.243251639752
  0
LINE
  8
_0-3__建具
  6
DASHED1
 62
   18
 10
26294.544491525426
 20
13913.81468021118
 11
26268.564491525423
 21
13935.243251639752
  0
LINE
  8
_0-3__建具
  6
DASHED1
 62
   18
 10
26510.169491525426
 20
14287.288135593218
 11
26484.189491525423
 21
14308.716707021791
  0
LINE
  8
_0-3__建具
  6
DASHED1
 62
   18
 10
26052.939491525423
 20
14308.716707021791
 11
26268.564491525423
 21
13935.243251639752
  0
LINE
  8
_0-3__建具
  6
DASHED1
 62
   18
 10
26026.959491525423
 20
14287.288135593218
 11
26242.584491525423
 21
13913.81468021118
  0
LINE
  8
_0-3__建具
  6
DASHED1
 62
   18
 10
26268.564491525423
 20
13935.243251639752
 11
26242.584491525423
 21
13913.81468021118
  0
LINE
  8
_0-3__建具
  6
DASHED1
 62
   18
 10
26026.959491525423
 20
14287.288135593218
 11
26052.939491525423
 21
14308.716707021791
  0
LINE
  8
_0-3__建具
  6
DASHED1
 62
   18
 10
24785.169491525422
 20
14287.288135593218
 11
25000.794491525422
 21
13913.81468021118
  0
LINE
  8
_0-3__建具
  6
DASHED1
 62
   18
 10
24811.149491525422
 20
14308.716707021791
 11
25026.774491525422
 21
13935.243251639752
  0
LINE
  8
_0-3__建具
  6
DASHED1
 62
   18
 10
25000.794491525422
 20
13913.81468021118
 11
25026.774491525422
 21
13935.243251639752
  0
LINE
  8
_0-3__建具
  6
DASHED1
 62
   18
 10
24785.169491525422
 20
14287.288135593218
 11
24811.149491525422
 21
14308.716707021791
  0
LINE
  8
_0-3__建具
  6
DASHED1
 62
   18
 10
25242.399491525422
 20
14308.716707021791
 11
25026.774491525422
 21
13935.243251639752
  0
LINE
  8
_0-3__建具
  6
DASHED1
 62
   18
 10
25268.379491525422
 20
14287.288135593218
 11
25052.754491525422
 21
13913.81468021118
  0
LINE
  8
_0-3__建具
  6
DASHED1
 62
   18
 10
25026.774491525422
 20
13935.243251639752
 11
25052.754491525422
 21
13913.81468021118
  0
LINE
  8
_0-3__建具
  6
DASHED1
 62
   18
 10
25268.379491525422
 20
14287.288135593218
 11
25242.399491525422
 21
14308.716707021791
  0
LINE
  8
_0-3__建具
  6
CONTINUOUS
 62
   18
 10
26475.169491525422
 20
18047.288135593218
 11
26510.169491525426
 21
18047.288135593218
  0
LINE
  8
_0-3__建具
  6
CONTINUOUS
 62
   18
 10
26510.169491525426
 20
18047.288135593218
 11
26510.169491525426
 21
17927.288135593218
  0
LINE
  8
_0-3__建具
  6
CONTINUOUS
 62
   18
 10
26510.169491525426
 20
17927.288135593218
 11
26475.169491525422
 21
17927.288135593218
  0
LINE
  8
_0-3__建具
  6
CONTINUOUS
 62
   18
 10
26475.169491525422
 20
17927.288135593218
 11
26475.169491525422
 21
18047.288135593218
  0
LINE
  8
_0-3__建具
  6
CONTINUOUS
 62
   18
 10
26475.169491525422
 20
17961.573849878932
 11
25875.169491525422
 21
17961.573849878932
  0
LINE
  8
_0-3__建具
  6
CONTINUOUS
 62
   18
 10
26475.169491525422
 20
17927.288135593218
 11
25875.169491525422
 21
17927.288135593218
  0
LINE
  8
_0-3__建具
  6
CONTINUOUS
 62
   18
 10
25875.169491525422
 20
18047.288135593218
 11
25875.169491525422
 21
17927.288135593218
  0
LINE
  8
_0-3__建具
  6
CONTINUOUS
 62
   18
 10
25875.169491525422
 20
17927.288135593218
 11
25840.169491525419
 21
17927.288135593218
  0
LINE
  8
_0-3__建具
  6
CONTINUOUS
 62
   18
 10
25840.169491525419
 20
17927.288135593218
 11
25840.169491525419
 21
18047.288135593218
  0
LINE
  8
_0-3__建具
  6
CONTINUOUS
 62
   18
 10
25840.169491525419
 20
18047.288135593218
 11
25875.169491525422
 21
18047.288135593218
  0
ARC
  8
_0-3__建具
  6
CONTINUOUS
 62
  132
 10
26475.169491525422
 20
17927.288135593218
 40
600
 50
180
 51
270
  0
LINE
  8
_0-3__建具
  6
CONTINUOUS
 62
  132
 10
26475.169491525422
 20
17927.288135593218
 11
26475.169491525422
 21
17327.288135593218
  0
LINE
  8
_0-3__建具
  6
CONTINUOUS
 62
   18
 10
26500.169491525422
 20
16972.288135593218
 11
26500.169491525422
 21
17007.288135593218
  0
LINE
  8
_0-3__建具
  6
CONTINUOUS
 62
   18
 10
26500.169491525422
 20
17007.288135593218
 11
26620.169491525422
 21
17007.288135593218
  0
LINE
  8
_0-3__建具
  6
CONTINUOUS
 62
   18
 10
26620.169491525422
 20
17007.288135593218
 11
26620.169491525422
 21
16972.288135593218
  0
LINE
  8
_0-3__建具
  6
CONTINUOUS
 62
   18
 10
26620.169491525422
 20
16972.288135593218
 11
26500.169491525422
 21
16972.288135593218
  0
LINE
  8
_0-3__建具
  6
CONTINUOUS
 62
   18
 10
26585.883777239705
 20
16972.288135593218
 11
26585.883777239705
 21
16372.28813559322
  0
LINE
  8
_0-3__建具
  6
CONTINUOUS
 62
   18
 10
26620.169491525422
 20
16972.288135593218
 11
26620.169491525422
 21
16372.28813559322
  0
LINE
  8
_0-3__建具
  6
CONTINUOUS
 62
   18
 10
26500.169491525422
 20
16372.28813559322
 11
26620.169491525422
 21
16372.28813559322
  0
LINE
  8
_0-3__建具
  6
CONTINUOUS
 62
   18
 10
26620.169491525422
 20
16372.28813559322
 11
26620.169491525422
 21
16337.288135593218
  0
LINE
  8
_0-3__建具
  6
CONTINUOUS
 62
   18
 10
26620.169491525422
 20
16337.288135593218
 11
26500.169491525422
 21
16337.288135593218
  0
LINE
  8
_0-3__建具
  6
CONTINUOUS
 62
   18
 10
26500.169491525422
 20
16337.288135593218
 11
26500.169491525422
 21
16372.28813559322
  0
ARC
  8
_0-3__建具
  6
CONTINUOUS
 62
  132
 10
26620.169491525422
 20
16972.288135593218
 40
600
 50
270
 51
0
  0
LINE
  8
_0-3__建具
  6
CONTINUOUS
 62
  132
 10
26620.169491525422
 20
16972.288135593218
 11
27220.169491525422
 21
16972.288135593218
  0
LINE
  8
_0-2_間仕切り
  6
CONTINUOUS
 62
   18
 10
25310.169491525422
 20
18037.288135593218
 11
25840.169491525419
 21
18037.288135593218
  0
LINE
  8
_0-2_間仕切り
  6
CONTINUOUS
 62
   18
 10
25310.169491525422
 20
17937.288135593218
 11
25840.169491525419
 21
17937.288135593218
  0
LINE
  8
_0-2_間仕切り
  6
CONTINUOUS
 62
   18
 10
26510.169491525426
 20
18912.288135593218
 11
26510.169491525426
 21
17007.288135593218
  0
LINE
  8
_0-2_間仕切り
  6
CONTINUOUS
 62
   18
 10
26610.169491525426
 20
18912.288135593218
 11
26610.169491525426
 21
17007.288135593218
  0
LINE
  8
_0-2_間仕切り
  6
CONTINUOUS
 62
   18
 10
26610.169491525426
 20
16337.288135593218
 11
26610.169491525426
 21
14287.288135593218
  0
LINE
  8
_0-4_設備機器
  6
CONTINUOUS
 62
   18
 10
25360.169491525422
 20
18269.788135593218
 11
25491.415005441438
 21
18269.788135593218
  0
LINE
  8
_0-4_設備機器
  6
CONTINUOUS
 62
   18
 10
25360.169491525422
 20
18679.788135593218
 11
25491.415005441438
 21
18679.788135593218
  0
LINE
  8
_0-4_設備機器
  6
CONTINUOUS
 62
   18
 10
25330.169491525422
 20
18649.788135593218
 11
25330.169491525422
 21
18299.788135593218
  0
LINE
  8
_0-4_設備機器
  6
CONTINUOUS
 62
   18
 10
25541.255062814485
 20
18315.792026584429
 11
25792.322415109407
 21
18289.138706271929
  0
LINE
  8
_0-4_設備機器
  6
CONTINUOUS
 62
   18
 10
25541.255062814485
 20
18633.784244602007
 11
25792.322415109407
 21
18660.437564914507
  0
ARC
  8
_0-4_設備機器
  6
CONTINUOUS
 62
   18
 10
25491.415005441438
 20
18319.788135593218
 40
50
 50
270
 51
355.41592407226562
  0
ARC
  8
_0-4_設備機器
  6
CONTINUOUS
 62
   18
 10
23558.230648751985
 20
18474.788135593218
 40
1989.38818359375
 50
355.41592407226556
 51
4.5840911865233948
  0
ARC
  8
_0-4_設備機器
  6
CONTINUOUS
 62
   18
 10
25491.415005441438
 20
18629.788135593218
 40
50
 50
4.5840911865234295
 51
90
  0
ARC
  8
_0-4_設備機器
  6
CONTINUOUS
 62
   18
 10
25360.169491525422
 20
18299.788135593218
 40
30
 50
180
 51
270
  0
ARC
  8
_0-4_設備機器
  6
CONTINUOUS
 62
   18
 10
25360.169491525422
 20
18649.788135593218
 40
30
 50
90
 51
180
  0
LINE
  8
_0-4_設備機器
  6
CONTINUOUS
 62
   18
 10
25792.322459089271
 20
18289.138697012618
 11
25792.322459089271
 21
18289.138697012618
  0
LINE
  8
_0-4_設備機器
  6
CONTINUOUS
 62
   18
 10
25792.322459089271
 20
18289.138697012618
 11
25835.838338199631
 21
18287.395993499776
  0
LINE
  8
_0-4_設備機器
  6
CONTINUOUS
 62
   18
 10
25835.838338199631
 20
18287.395993499776
 11
25879.096603045614
 21
18291.347105399447
  0
LINE
  8
_0-4_設備機器
  6
CONTINUOUS
 62
   18
 10
25879.096603045614
 20
18291.347105399447
 11
25920.782873139611
 21
18300.871980175914
  0
LINE
  8
_0-4_設備機器
  6
CONTINUOUS
 62
   18
 10
25920.782873139611
 20
18300.871980175914
 11
25959.630532259088
 21
18315.681209328915
  0
LINE
  8
_0-4_設備機器
  6
CONTINUOUS
 62
   18
 10
25959.630532259088
 20
18315.681209328915
 11
25994.459213939564
 21
18335.324821924466
  0
LINE
  8
_0-4_設備機器
  6
CONTINUOUS
 62
   18
 10
25994.459213939564
 20
18335.324821924466
 11
26024.210666312344
 21
18359.205956734
  0
LINE
  8
_0-4_設備機器
  6
CONTINUOUS
 62
   18
 10
26024.210666312344
 20
18359.205956734
 11
26047.980906552034
 21
18386.598997560769
  0
LINE
  8
_0-4_設備機器
  6
CONTINUOUS
 62
   18
 10
26047.980906552034
 20
18386.598997560769
 11
26065.047687937283
 21
18416.671620720797
  0
LINE
  8
_0-4_設備機器
  6
CONTINUOUS
 62
   18
 10
26065.047687937283
 20
18416.671620720797
 11
26074.892444951899
 21
18448.510084776848
  0
LINE
  8
_0-4_設備機器
  6
CONTINUOUS
 62
   18
 10
26074.892444951899
 20
18448.510084776848
 11
26077.216049635688
 21
18481.146994109614
  0
LINE
  8
_0-4_設備機器
  6
CONTINUOUS
 62
   18
 10
26077.216049635688
 20
18481.146994109614
 11
26071.947900436127
 21
18513.590692744102
  0
LINE
  8
_0-4_設備機器
  6
CONTINUOUS
 62
   18
 10
26071.947900436127
 20
18513.590692744102
 11
26059.24806740084
 21
18544.855395314603
  0
LINE
  8
_0-4_設備機器
  6
CONTINUOUS
 62
   18
 10
26059.24806740084
 20
18544.855395314603
 11
26039.502428530173
 21
18573.991139654212
  0
LINE
  8
_0-4_設備機器
  6
CONTINUOUS
 62
   18
 10
26039.502428530173
 20
18573.991139654212
 11
26013.310945069435
 21
18600.112650914568
  0
LINE
  8
_0-4_設備機器
  6
CONTINUOUS
 62
   18
 10
26013.310945069435
 20
18600.112650914568
 11
25981.469431990055
 21
18622.426240194152
  0
LINE
  8
_0-4_設備機器
  6
CONTINUOUS
 62
   18
 10
25981.469431990055
 20
18622.426240194152
 11
25944.945377554366
 21
18640.253920373921
  0
LINE
  8
_0-4_設備機器
  6
CONTINUOUS
 62
   18
 10
25944.945377554366
 20
18640.253920373921
 11
25904.848546674329
 21
18653.054006412854
  0
LINE
  8
_0-4_設備機器
  6
CONTINUOUS
 62
   18
 10
25904.848546674329
 20
18653.054006412854
 11
25862.397261266261
 21
18660.437574173818
  0
LINE
  8
_0-4_設備機器
  6
CONTINUOUS
 62
   18
 10
25862.397261266261
 20
18660.437574173818
 11
25818.881382155905
 21
18662.18027768666
  0
LINE
  8
_0-4_設備機器
  6
CONTINUOUS
 62
   18
 10
25818.881382155905
 20
18662.18027768666
 11
25792.322393167356
 21
18660.437567175544
  0
ARC
  8
_0-4_設備機器
  6
CONTINUOUS
 62
   18
 10
25809.443325753938
 20
18474.788135588882
 40
186.43722534179687
 50
95.269012451171903
 51
264.73100280761724
  0
LINE
  8
_0-4_設備機器
  6
CONTINUOUS
 62
   18
 10
25435.169491525422
 20
17932.288135593218
 11
25435.169491525422
 21
17142.288135593218
  0
LINE
  8
_0-4_設備機器
  6
CONTINUOUS
 62
   18
 10
25385.169491525422
 20
17167.288135593218
 11
24835.169491525422
 21
17167.288135593218
  0
LINE
  8
_0-4_設備機器
  6
CONTINUOUS
 62
   18
 10
25405.169491525422
 20
17887.288135593218
 11
25405.169491525422
 21
17187.288135593218
  0
LINE
  8
_0-4_設備機器
  6
CONTINUOUS
 62
   18
 10
24835.169491525422
 20
17907.288135593218
 11
25385.169491525422
 21
17907.288135593218
  0
LINE
  8
_0-4_設備機器
  6
CONTINUOUS
 62
   18
 10
24815.169491525419
 20
17887.288135593218
 11
24815.169491525419
 21
17187.288135593218
  0
LINE
  8
_0-4_設備機器
  6
CONTINUOUS
 62
   18
 10
25430.169491525422
 20
17137.288135593218
 11
24785.169491525422
 21
17137.288135593218
  0
LINE
  8
_0-4_設備機器
  6
CONTINUOUS
 62
   18
 10
24785.169491525422
 20
17937.288135593218
 11
24785.169491525422
 21
17137.288135593218
  0
LINE
  8
_0-4_設備機器
  6
CONTINUOUS
 62
   18
 10
24785.169491525422
 20
17937.288135593218
 11
25430.169491525422
 21
17937.288135593218
  0
ARC
  8
_0-4_設備機器
  6
CONTINUOUS
 62
   18
 10
25430.169491525422
 20
17932.288135593218
 40
5
 50
0
 51
90
  0
ARC
  8
_0-4_設備機器
  6
CONTINUOUS
 62
   18
 10
25430.169491525422
 20
17142.288135593218
 40
5
 50
270
 51
0
  0
ARC
  8
_0-4_設備機器
  6
CONTINUOUS
 62
   18
 10
24835.169491525422
 20
17187.288135593218
 40
20
 50
180
 51
270
  0
ARC
  8
_0-4_設備機器
  6
CONTINUOUS
 62
   18
 10
25385.169491525422
 20
17187.288135593218
 40
20
 50
270
 51
0
  0
ARC
  8
_0-4_設備機器
  6
CONTINUOUS
 62
   18
 10
25385.169491525422
 20
17887.288135593218
 40
20
 50
0
 51
90
  0
ARC
  8
_0-4_設備機器
  6
CONTINUOUS
 62
   18
 10
24835.169491525422
 20
17887.288135593218
 40
20
 50
90
 51
180
  0
CIRCLE
  8
_0-4_設備機器
  6
CONTINUOUS
 62
   18
 10
25110.169491525422
 20
17232.263355319781
 40
25
  0
CIRCLE
  8
_0-4_設備機器
  6
CONTINUOUS
 62
   18
 10
25110.169491525422
 20
17232.263355319781
 40
25
  0
CIRCLE
  8
_0-4_設備機器
  6
CONTINUOUS
 62
   18
 10
25110.169491525422
 20
17232.263355319781
 40
40
  0
LINE
  8
_0-4_設備機器
  6
CONTINUOUS
 62
   18
 10
25435.169491525422
 20
16337.28813559322
 11
25435.169491525422
 21
17117.288135593218
  0
LINE
  8
_0-4_設備機器
  6
CONTINUOUS
 62
   18
 10
24785.169491525422
 20
16337.288135593218
 11
24785.169491525422
 21
17117.288135593218
  0
LINE
  8
_0-4_設備機器
  6
CONTINUOUS
 62
   18
 10
24941.169491525422
 20
17104.288135593218
 11
24941.169491525422
 21
16350.288135593222
  0
LINE
  8
_0-4_設備機器
  6
CONTINUOUS
 62
   18
 10
25435.169491525422
 20
16337.28813559322
 11
24785.169491525422
 21
16337.288135593218
  0
LINE
  8
_0-4_設備機器
  6
CONTINUOUS
 62
   18
 10
25435.169491525422
 20
17117.288135593218
 11
24785.169491525422
 21
17117.288135593218
  0
LINE
  8
_0-4_設備機器
  6
CONTINUOUS
 62
   18
 10
25201.209249795047
 20
16425.030434303582
 11
25201.209249795047
 21
16425.030434303582
  0
LINE
  8
_0-4_設備機器
  6
CONTINUOUS
 62
   18
 10
25201.209249795047
 20
16425.030434303582
 11
25236.275737704374
 21
16429.805877688206
  0
LINE
  8
_0-4_設備機器
  6
CONTINUOUS
 62
   18
 10
25236.275737704374
 20
16429.805877688206
 11
25270.246013310781
 21
16443.620168945988
  0
LINE
  8
_0-4_設備機器
  6
CONTINUOUS
 62
   18
 10
25270.246013310781
 20
16443.620168945988
 11
25302.087906979748
 21
16466.053567827428
  0
LINE
  8
_0-4_設備機器
  6
CONTINUOUS
 62
   18
 10
25302.087906979748
 20
16466.053567827428
 11
25330.833918884927
 21
16496.424446859364
  0
LINE
  8
_0-4_設備機器
  6
CONTINUOUS
 62
   18
 10
25330.833918884927
 20
16496.424446859364
 11
25355.610616000754
 21
16533.810002250811
  0
LINE
  8
_0-4_設備機器
  6
CONTINUOUS
 62
   18
 10
25355.610616000754
 20
16533.810002250811
 11
25375.665170922988
 21
16577.074292819212
  0
LINE
  8
_0-4_設備機器
  6
CONTINUOUS
 62
   18
 10
25375.665170922988
 20
16577.074292819212
 11
25390.388236148406
 21
16624.902754988426
  0
LINE
  8
_0-4_設備機器
  6
CONTINUOUS
 62
   18
 10
25390.388236148406
 20
16624.902754988426
 11
25399.332458790362
 21
16675.842145137816
  0
LINE
  8
_0-4_設備機器
  6
CONTINUOUS
 62
   18
 10
25399.332458790362
 20
16675.842145137816
 11
25402.22607316988
 21
16728.344695674266
  0
LINE
  8
_0-4_設備機器
  6
CONTINUOUS
 62
   18
 10
25402.22607316988
 20
16728.344695674266
 11
25398.981158278278
 21
16780.815143167299
  0
LINE
  8
_0-4_設備機器
  6
CONTINUOUS
 62
   18
 10
25398.981158278278
 20
16780.815143167299
 11
25389.696309212526
 21
16831.659199621168
  0
LINE
  8
_0-4_設備機器
  6
CONTINUOUS
 62
   18
 10
25389.696309212526
 20
16831.659199621168
 11
25374.653641413129
 21
16879.331994108852
  0
LINE
  8
_0-4_設備機器
  6
CONTINUOUS
 62
   18
 10
25374.653641413129
 20
16879.331994108852
 11
25354.31021872922
 21
16922.385012893442
  0
LINE
  8
_0-4_設備機器
  6
CONTINUOUS
 62
   18
 10
25354.31021872922
 20
16922.385012893442
 11
25329.284165764773
 21
16959.510111785049
  0
LINE
  8
_0-4_設備機器
  6
CONTINUOUS
 62
   18
 10
25329.284165764773
 20
16959.510111785049
 11
25300.33588647532
 21
16989.57926344006
  0
LINE
  8
_0-4_設備機器
  6
CONTINUOUS
 62
   18
 10
25300.33588647532
 20
16989.57926344006
 11
25268.344959678539
 21
17011.678831901157
  0
LINE
  8
_0-4_設備機器
  6
CONTINUOUS
 62
   18
 10
25268.344959678539
 20
17011.678831901157
 11
25234.283413496959
 21
17025.137332963575
  0
LINE
  8
_0-4_設備機器
  6
CONTINUOUS
 62
   18
 10
25234.283413496959
 20
17025.137332963575
 11
25199.18619077533
 21
17029.545836882862
  0
LINE
  8
_0-4_設備機器
  6
CONTINUOUS
 62
   18
 10
25199.18619077533
 20
17029.545836882862
 11
25164.119702866002
 21
17024.770393498238
  0
LINE
  8
_0-4_設備機器
  6
CONTINUOUS
 62
   18
 10
25164.119702866002
 20
17024.770393498238
 11
25130.149427259599
 21
17010.956102240455
  0
LINE
  8
_0-4_設備機器
  6
CONTINUOUS
 62
   18
 10
25130.149427259599
 20
17010.956102240455
 11
25098.307533590628
 21
16988.522703359016
  0
LINE
  8
_0-4_設備機器
  6
CONTINUOUS
 62
   18
 10
25098.307533590628
 20
16988.522703359016
 11
25069.561521685453
 21
16958.151824327083
  0
LINE
  8
_0-4_設備機器
  6
CONTINUOUS
 62
   18
 10
25069.561521685453
 20
16958.151824327083
 11
25044.784824569622
 21
16920.766268935632
  0
LINE
  8
_0-4_設備機器
  6
CONTINUOUS
 62
   18
 10
25044.784824569622
 20
16920.766268935632
 11
25024.730269647388
 21
16877.501978367232
  0
LINE
  8
_0-4_設備機器
  6
CONTINUOUS
 62
   18
 10
25024.730269647388
 20
16877.501978367232
 11
25010.00720442197
 21
16829.673516198017
  0
LINE
  8
_0-4_設備機器
  6
CONTINUOUS
 62
   18
 10
25010.00720442197
 20
16829.673516198017
 11
25001.062981780014
 21
16778.734126048628
  0
LINE
  8
_0-4_設備機器
  6
CONTINUOUS
 62
   18
 10
25001.062981780014
 20
16778.734126048628
 11
24998.169367400496
 21
16726.231575512178
  0
LINE
  8
_0-4_設備機器
  6
CONTINUOUS
 62
   18
 10
24998.169367400496
 20
16726.231575512178
 11
25001.414282292098
 21
16673.761128019144
  0
LINE
  8
_0-4_設備機器
  6
CONTINUOUS
 62
   18
 10
25001.414282292098
 20
16673.761128019144
 11
25010.699131357851
 21
16622.917071565279
  0
LINE
  8
_0-4_設備機器
  6
CONTINUOUS
 62
   18
 10
25010.699131357851
 20
16622.917071565279
 11
25025.741799157243
 21
16575.244277077596
  0
LINE
  8
_0-4_設備機器
  6
CONTINUOUS
 62
   18
 10
25025.741799157243
 20
16575.244277077596
 11
25046.085221841156
 21
16532.191258293001
  0
LINE
  8
_0-4_設備機器
  6
CONTINUOUS
 62
   18
 10
25046.085221841156
 20
16532.191258293001
 11
25071.111274805603
 21
16495.066159401394
  0
LINE
  8
_0-4_設備機器
  6
CONTINUOUS
 62
   18
 10
25071.111274805603
 20
16495.066159401394
 11
25100.059554095056
 21
16464.997007746384
  0
LINE
  8
_0-4_設備機器
  6
CONTINUOUS
 62
   18
 10
25100.059554095056
 20
16464.997007746384
 11
25132.050480891837
 21
16442.897439285286
  0
LINE
  8
_0-4_設備機器
  6
CONTINUOUS
 62
   18
 10
25132.050480891837
 20
16442.897439285286
 11
25166.112027073417
 21
16429.438938222869
  0
LINE
  8
_0-4_設備機器
  6
CONTINUOUS
 62
   18
 10
25166.112027073417
 20
16429.438938222869
 11
25201.209249795043
 21
16425.030434303582
  0
LINE
  8
_0-4_設備機器
  6
CONTINUOUS
 62
   18
 10
25201.209249795043
 20
16425.030434303582
 11
25201.209249795047
 21
16425.030434303582
  0
LINE
  8
_0-4_設備機器
  6
CONTINUOUS
 62
   18
 10
25201.047647602819
 20
16473.337956284729
 11
25201.047647602819
 21
16473.337956284729
  0
LINE
  8
_0-4_設備機器
  6
CONTINUOUS
 62
   18
 10
25201.047647602819
 20
16473.337956284729
 11
25229.407271654963
 21
16477.344409981993
  0
LINE
  8
_0-4_設備機器
  6
CONTINUOUS
 62
   18
 10
25229.407271654963
 20
16477.344409981993
 11
25256.879378269484
 21
16488.945277304326
  0
LINE
  8
_0-4_設備機器
  6
CONTINUOUS
 62
   18
 10
25256.879378269484
 20
16488.945277304326
 11
25282.629241388454
 21
16507.788071768463
  0
LINE
  8
_0-4_設備機器
  6
CONTINUOUS
 62
   18
 10
25282.629241388454
 20
16507.788071768463
 11
25305.874464451066
 21
16533.300264599522
  0
LINE
  8
_0-4_設備機器
  6
CONTINUOUS
 62
   18
 10
25305.874464451066
 20
16533.300264599522
 11
25325.908753117208
 21
16564.706680728126
  0
LINE
  8
_0-4_設備機器
  6
CONTINUOUS
 62
   18
 10
25325.908753117208
 20
16564.706680728126
 11
25342.123375663602
 21
16601.053052092618
  0
LINE
  8
_0-4_設備機器
  6
CONTINUOUS
 62
   18
 10
25342.123375663602
 20
16601.053052092618
 11
25354.025658989172
 21
16641.235012591245
  0
LINE
  8
_0-4_設備機器
  6
CONTINUOUS
 62
   18
 10
25354.025658989172
 20
16641.235012591245
 11
25361.25395823791
 21
16684.031653687303
  0
LINE
  8
_0-4_設備機器
  6
CONTINUOUS
 62
   18
 10
25361.25395823791
 20
16684.031653687303
 11
25363.588645194846
 21
16728.142621097238
  0
LINE
  8
_0-4_設備機器
  6
CONTINUOUS
 62
   18
 10
25363.588645194846
 20
16728.142621097238
 11
25360.958781578199
 21
16772.227625397525
  0
LINE
  8
_0-4_設備機器
  6
CONTINUOUS
 62
   18
 10
25360.958781578199
 20
16772.227625397525
 11
25353.444274463185
 21
16814.947166040583
  0
LINE
  8
_0-4_設備機器
  6
CONTINUOUS
 62
   18
 10
25353.444274463185
 20
16814.947166040583
 11
25341.273448345971
 21
16855.003231401111
  0
LINE
  8
_0-4_設備機器
  6
CONTINUOUS
 62
   18
 10
25341.273448345971
 20
16855.003231401111
 11
25324.816107619397
 21
16891.178738202474
  0
LINE
  8
_0-4_設備機器
  6
CONTINUOUS
 62
   18
 10
25324.816107619397
 20
16891.178738202474
 11
25304.572300253614
 21
16922.374511976198
  0
LINE
  8
_0-4_設備機器
  6
CONTINUOUS
 62
   18
 10
25304.572300253614
 20
16922.374511976198
 11
25281.15712409158
 21
16947.642684921996
  0
LINE
  8
_0-4_設備機器
  6
CONTINUOUS
 62
   18
 10
25281.15712409158
 20
16947.642684921996
 11
25255.282037412322
 21
16966.215496391225
  0
LINE
  8
_0-4_設備機器
  6
CONTINUOUS
 62
   18
 10
25255.282037412322
 20
16966.215496391225
 11
25227.733241631165
 21
16977.528620905683
  0
LINE
  8
_0-4_設備機器
  6
CONTINUOUS
 62
   18
 10
25227.733241631165
 20
16977.528620905683
 11
25199.347792967557
 21
16981.238314901715
  0
LINE
  8
_0-4_設備機器
  6
CONTINUOUS
 62
   18
 10
25199.347792967557
 20
16981.238314901715
 11
25170.988168915413
 21
16977.23186120445
  0
LINE
  8
_0-4_設備機器
  6
CONTINUOUS
 62
   18
 10
25170.988168915413
 20
16977.23186120445
 11
25143.516062300892
 21
16965.630993882117
  0
LINE
  8
_0-4_設備機器
  6
CONTINUOUS
 62
   18
 10
25143.516062300892
 20
16965.630993882117
 11
25117.766199181922
 21
16946.788199417984
  0
LINE
  8
_0-4_設備機器
  6
CONTINUOUS
 62
   18
 10
25117.766199181922
 20
16946.788199417984
 11
25094.52097611931
 21
16921.276006586922
  0
LINE
  8
_0-4_設備機器
  6
CONTINUOUS
 62
   18
 10
25094.52097611931
 20
16921.276006586922
 11
25074.486687453168
 21
16889.869590458318
  0
LINE
  8
_0-4_設備機器
  6
CONTINUOUS
 62
   18
 10
25074.486687453168
 20
16889.869590458318
 11
25058.272064906774
 21
16853.523219093825
  0
LINE
  8
_0-4_設備機器
  6
CONTINUOUS
 62
   18
 10
25058.272064906774
 20
16853.523219093825
 11
25046.369781581204
 21
16813.341258595199
  0
LINE
  8
_0-4_設備機器
  6
CONTINUOUS
 62
   18
 10
25046.369781581204
 20
16813.341258595199
 11
25039.141482332466
 21
16770.544617499141
  0
LINE
  8
_0-4_設備機器
  6
CONTINUOUS
 62
   18
 10
25039.141482332466
 20
16770.544617499141
 11
25036.80679537553
 21
16726.433650089205
  0
LINE
  8
_0-4_設備機器
  6
CONTINUOUS
 62
   18
 10
25036.80679537553
 20
16726.433650089205
 11
25039.436658992177
 21
16682.348645788923
  0
LINE
  8
_0-4_設備機器
  6
CONTINUOUS
 62
   18
 10
25039.436658992177
 20
16682.348645788923
 11
25046.951166107191
 21
16639.629105145861
  0
LINE
  8
_0-4_設備機器
  6
CONTINUOUS
 62
   18
 10
25046.951166107191
 20
16639.629105145861
 11
25059.121992224401
 21
16599.573039785333
  0
LINE
  8
_0-4_設備機器
  6
CONTINUOUS
 62
   18
 10
25059.121992224401
 20
16599.573039785333
 11
25075.579332950979
 21
16563.39753298397
  0
LINE
  8
_0-4_設備機器
  6
CONTINUOUS
 62
   18
 10
25075.579332950979
 20
16563.39753298397
 11
25095.823140316762
 21
16532.201759210245
  0
LINE
  8
_0-4_設備機器
  6
CONTINUOUS
 62
   18
 10
25095.823140316762
 20
16532.201759210245
 11
25119.238316478797
 21
16506.933586264447
  0
LINE
  8
_0-4_設備機器
  6
CONTINUOUS
 62
   18
 10
25119.238316478797
 20
16506.933586264447
 11
25145.113403158055
 21
16488.360774795219
  0
LINE
  8
_0-4_設備機器
  6
CONTINUOUS
 62
   18
 10
25145.113403158055
 20
16488.360774795219
 11
25172.662198939211
 21
16477.047650280761
  0
LINE
  8
_0-4_設備機器
  6
CONTINUOUS
 62
   18
 10
25172.662198939211
 20
16477.047650280761
 11
25201.047647602816
 21
16473.337956284729
  0
LINE
  8
_0-4_設備機器
  6
CONTINUOUS
 62
   18
 10
25201.047647602816
 20
16473.337956284729
 11
25201.047647602819
 21
16473.337956284729
  0
CIRCLE
  8
_0-4_設備機器
  6
CONTINUOUS
 62
   18
 10
25149.396542306672
 20
16727.288135593222
 40
29.752727508544925
  0
ARC
  8
_0-4_設備機器
  6
CONTINUOUS
 62
   18
 10
24928.169491525422
 20
16350.288135593222
 40
13
 50
270
 51
0
  0
ARC
  8
_0-4_設備機器
  6
CONTINUOUS
 62
   18
 10
24928.169491525419
 20
17104.288135593218
 40
13
 50
0
 51
90
  0
ARC
  8
_0-4_設備機器
  6
DASHED1
 62
  132
 10
24941.169491525422
 20
16350.288135593222
 40
376.99999999999818
 50
45.000000000000099
 51
90
  0
LINE
  8
_0-4_設備機器
  6
DASHED1
 62
  132
 10
24941.169491525422
 20
16350.288135593222
 11
25207.748748032747
 21
16616.86739210055
  0
ARC
  8
_0-4_設備機器
  6
DASHED1
 62
  132
 10
24941.169491525422
 20
17104.288135593218
 40
377.00000000000102
 50
270
 51
314.99999999999982
  0
LINE
  8
_0-4_設備機器
  6
DASHED1
 62
  132
 10
24941.169491525422
 20
17104.288135593218
 11
25207.748748032754
 21
16837.70887908589
  0
LINE
  8
_0-4_設備機器
  6
CONTINUOUS
 62
   18
 10
24830.169491525422
 20
16217.288135593218
 11
26490.169491525419
 21
16217.288135593218
  0
LINE
  8
_0-4_設備機器
  6
CONTINUOUS
 62
   18
 10
24870.169613595735
 20
16177.288135593222
 11
26450.169491525422
 21
16177.288135593222
  0
LINE
  8
_0-4_設備機器
  6
CONTINUOUS
 62
   18
 10
25617.460934396513
 20
16152.288135593222
 11
26425.169491525422
 21
16152.288135593222
  0
LINE
  8
_0-4_設備機器
  6
CONTINUOUS
 62
   18
 10
25590.169491525422
 20
15087.288135593218
 11
25590.169247384797
 21
16177.288135593222
  0
LINE
  8
_0-4_設備機器
  6
CONTINUOUS
 62
   18
 10
24830.169491525422
 20
16217.288135593218
 11
24830.169491525422
 21
15047.28813559322
  0
LINE
  8
_0-4_設備機器
  6
CONTINUOUS
 62
   18
 10
24870.169613595735
 20
16177.288135593222
 11
24870.169613595735
 21
15087.288135593218
  0
LINE
  8
_0-4_設備機器
  6
CONTINUOUS
 62
   18
 10
25617.460934396513
 20
15112.288135593218
 11
25617.460934396513
 21
16152.288135593222
  0
LINE
  8
_0-4_設備機器
  6
CONTINUOUS
 62
   18
 10
26450.169491525422
 20
16177.288135593222
 11
26450.169491525422
 21
15087.288135593218
  0
LINE
  8
_0-4_設備機器
  6
CONTINUOUS
 62
   18
 10
26490.169491525419
 20
15047.28813559322
 11
26490.169491525419
 21
16217.288135593218
  0
LINE
  8
_0-4_設備機器
  6
CONTINUOUS
 62
   18
 10
24830.169491525422
 20
15047.28813559322
 11
26490.169491525419
 21
15047.28813559322
  0
LINE
  8
_0-4_設備機器
  6
CONTINUOUS
 62
   18
 10
24870.169613595735
 20
15087.287159030716
 11
26450.169491525422
 21
15087.287159030716
  0
LINE
  8
_0-4_設備機器
  6
CONTINUOUS
 62
   18
 10
26425.169491525422
 20
15112.288135593218
 11
26425.169491525422
 21
16152.288135593222
  0
LINE
  8
_0-4_設備機器
  6
CONTINUOUS
 62
   18
 10
26425.169491525422
 20
15112.288135593218
 11
25617.460934396513
 21
15112.288135593218
  0
LINE
  8
ADD_LINE
  6
DOT
 62
   18
 10
26510.169491525426
 20
14987.288135593218
 11
26510.169491525426
 21
16237.288135593218
  0
LINE
  8
ADD_LINE
  6
DOT
 62
   18
 10
24810.16936945511
 20
14987.288135593218
 11
24810.16936945511
 21
16237.288135593218
  0
LINE
  8
ADD_LINE
  6
DOT
 62
   18
 10
26510.169491525426
 20
14987.288135593218
 11
24810.16936945511
 21
14987.288135593218
  0
LINE
  8
_0-4_設備機器
  6
CONTINUOUS
 62
   18
 10
25764.98180841995
 20
16177.288135593222
 11
25764.98180841995
 21
16197.288135593214
  0
LINE
  8
_0-4_設備機器
  6
CONTINUOUS
 62
   18
 10
26430.169491525419
 20
16177.288135593222
 11
26430.169491525419
 21
16197.288135593214
  0
LINE
  8
_0-4_設備機器
  6
CONTINUOUS
 62
   18
 10
25737.536373849638
 20
15112.288135593218
 11
25737.536373849638
 21
15276.499683444779
  0
LINE
  8
_0-4_設備機器
  6
CONTINUOUS
 62
   18
 10
25737.536373849638
 20
15276.499683444779
 11
25617.460934396513
 21
15276.499683444779
  0
LINE
  8
_0-4_設備機器
  6
CONTINUOUS
 62
   18
 10
25630.230099435579
 20
15128.910327976029
 11
25717.760311837922
 21
15128.910327976029
  0
LINE
  8
_0-4_設備機器
  6
CONTINUOUS
 62
   18
 10
25630.230099435579
 20
15145.007862155716
 11
25717.760311837922
 21
15145.007862155716
  0
LINE
  8
_0-4_設備機器
  6
CONTINUOUS
 62
   18
 10
25630.230099435579
 20
15161.105396335404
 11
25717.760311837922
 21
15161.105396335404
  0
LINE
  8
_0-4_設備機器
  6
CONTINUOUS
 62
   18
 10
25630.230099435579
 20
15177.202930515089
 11
25717.760311837922
 21
15177.202930515089
  0
LINE
  8
_0-4_設備機器
  6
CONTINUOUS
 62
   18
 10
25630.230099435579
 20
15193.300464694782
 11
25717.760311837922
 21
15193.300464694782
  0
LINE
  8
_0-4_設備機器
  6
CONTINUOUS
 62
   18
 10
25630.230099435579
 20
15209.397876804156
 11
25717.760311837922
 21
15209.397876804156
  0
LINE
  8
_0-4_設備機器
  6
CONTINUOUS
 62
   18
 10
25630.230099435579
 20
15225.495410983841
 11
25717.760311837922
 21
15225.495410983841
  0
LINE
  8
_0-4_設備機器
  6
CONTINUOUS
 62
   18
 10
25630.230099435579
 20
15241.592945163529
 11
25717.760311837922
 21
15241.592945163529
  0
LINE
  8
_0-4_設備機器
  6
CONTINUOUS
 62
   18
 10
25630.230099435579
 20
15257.690418308062
 11
25717.760311837922
 21
15257.690418308062
  0
LINE
  8
_0-4_設備機器
  6
CONTINUOUS
 62
   18
 10
26430.169491525419
 20
16197.288135593214
 11
25764.98180841995
 21
16197.288135593214
  0
LINE
  8
_0-4_設備機器
  6
CONTINUOUS
 62
  132
 10
26430.169491525419
 20
16197.288135593214
 11
26157.262661691434
 21
15607.285083835404
  0
CIRCLE
  8
_0-4_設備機器
  6
CONTINUOUS
 62
   18
 10
25230.169491525422
 20
15247.287159030718
 40
27.500000000000003
  0
CIRCLE
  8
_0-4_設備機器
  6
CONTINUOUS
 62
   18
 10
25230.158016916047
 20
15240.891223972124
 40
22.832340240478515
  0
ARC
  8
_0-4_設備機器
  6
CONTINUOUS
 62
   18
 10
25014.40667414261
 20
15210.914478366652
 40
60
 50
187.69462585449215
 51
262.2579345703125
  0
ARC
  8
_0-4_設備機器
  6
CONTINUOUS
 62
   18
 10
28098.685604806672
 20
15627.630298679159
 40
3172.302734375
 50
172.41104125976559
 51
187.69462585449215
  0
ARC
  8
_0-4_設備機器
  6
CONTINUOUS
 62
   18
 10
25013.64349054886
 20
16038.657917087357
 40
60
 50
100.68852233886715
 51
172.41104125976559
  0
ARC
  8
_0-4_設備機器
  6
CONTINUOUS
 62
   18
 10
25231.434384103547
 20
14884.763721530714
 40
1234.267822265625
 50
79.311492919921832
 51
100.68852233886714
  0
ARC
  8
_0-4_設備機器
  6
CONTINUOUS
 62
   18
 10
25449.225399728547
 20
16038.657917087357
 40
60
 50
7.5889739990234206
 51
79.31149291992186
  0
ARC
  8
_0-4_設備機器
  6
CONTINUOUS
 62
   18
 10
25231.434384103547
 20
16807.254139011183
 40
1671.0249023437502
 50
262.25791931152343
 51
277.74209594726562
  0
ARC
  8
_0-4_設備機器
  6
CONTINUOUS
 62
   18
 10
22364.183163400422
 20
15627.630298679156
 40
3172.302734375
 50
352.30538940429687
 51
7.588973999023449
  0
ARC
  8
_0-4_設備機器
  6
CONTINUOUS
 62
   18
 10
25448.462216134797
 20
15210.914478366652
 40
60
 50
277.74209594726562
 51
352.30538940429687
  0
ARC
  8
_0-4_設備機器
  6
CONTINUOUS
 62
   18
 10
25014.40667414261
 20
15210.914478366652
 40
35.386459350585937
 50
187.69462585449215
 51
262.2579345703125
  0
ARC
  8
_0-4_設備機器
  6
CONTINUOUS
 62
   18
 10
25231.434384103547
 20
16807.254139011183
 40
1646.4113769531247
 50
262.25791931152343
 51
277.74209594726562
  0
ARC
  8
_0-4_設備機器
  6
CONTINUOUS
 62
   18
 10
25448.462216134797
 20
15210.914478366652
 40
35.386459350585937
 50
277.74209594726562
 51
352.30538940429687
  0
ARC
  8
_0-4_設備機器
  6
CONTINUOUS
 62
   18
 10
28098.685604806672
 20
15627.630298679159
 40
3147.689208984375
 50
175.73030090332031
 51
187.69462585449215
  0
ARC
  8
_0-4_設備機器
  6
CONTINUOUS
 62
   18
 10
25019.565731759797
 20
15857.513080661577
 40
60
 50
100.61968994140625
 51
175.73031616210937
  0
ARC
  8
_0-4_設備機器
  6
CONTINUOUS
 62
   18
 10
25231.434384103547
 20
14727.549976413531
 40
1209.6541748046875
 50
79.380325317382798
 51
100.61968994140623
  0
ARC
  8
_0-4_設備機器
  6
CONTINUOUS
 62
   18
 10
22364.183163400422
 20
15627.630298679156
 40
3147.689208984375
 50
352.30538940429687
 51
4.2697143554687491
  0
ARC
  8
_0-4_設備機器
  6
CONTINUOUS
 62
   18
 10
25443.303036447297
 20
15857.513080661577
 40
60
 50
4.2697143554687464
 51
79.380325317382798
  0
ARC
  8
_0-4_設備機器
  6
CONTINUOUS
 62
  132
 10
26423.524227853544
 20
16204.788135593218
 40
654.14459228515625
 50
180.65251159667968
 51
245.98112487792968
  0
LINE
  8
_0-4_設備機器
  6
CONTINUOUS
 62
   18
 10
25774.844357248082
 20
16197.288135593214
 11
25774.844357248082
 21
16237.288135593218
  0
LINE
  8
_0-4_設備機器
  6
CONTINUOUS
 62
   18
 10
26414.923565622102
 20
16197.288135593214
 11
26414.923565622102
 21
16237.288135593218
  0
LINE
  8
_0-4_設備機器
  6
CONTINUOUS
 62
   18
 10
27735.170040841832
 20
17937.288135593218
 11
27735.170040841832
 21
16137.28813559322
  0
LINE
  8
_0-4_設備機器
  6
CONTINUOUS
 62
   18
 10
27735.170040841832
 20
16137.28813559322
 11
28335.169491525426
 21
16137.28813559322
  0
LINE
  8
_0-4_設備機器
  6
CONTINUOUS
 62
   18
 10
28335.169491525426
 20
17937.288135593218
 11
28335.169491525426
 21
16137.28813559322
  0
LINE
  8
_0-4_設備機器
  6
CONTINUOUS
 62
   18
 10
27735.170040841832
 20
17937.288135593218
 11
28335.169491525426
 21
17937.288135593218
  0
LINE
  8
_0-4_設備機器
  6
CONTINUOUS
 62
   18
 10
27786.836405376277
 20
17937.288135593218
 11
27786.836405376277
 21
17337.288013522909
  0
LINE
  8
_0-4_設備機器
  6
CONTINUOUS
 62
   18
 10
27857.580698589168
 20
17937.288135593218
 11
27857.580698589168
 21
17337.288013522909
  0
ARC
  8
_0-4_設備機器
  6
CONTINUOUS
 62
   18
 10
27850.89886164261
 20
16258.337703769489
 40
29.999999999999992
 50
180
 51
270
  0
ARC
  8
_0-4_設備機器
  6
CONTINUOUS
 62
   18
 10
27850.89886164261
 20
16780.006092136187
 40
29.999999999999992
 50
90.000000000000014
 51
180
  0
ARC
  8
_0-4_設備機器
  6
CONTINUOUS
 62
   18
 10
28215.360371347203
 20
16780.006092136187
 40
29.999999999999992
 50
0
 51
90
  0
ARC
  8
_0-4_設備機器
  6
CONTINUOUS
 62
   18
 10
28215.360371347196
 20
16258.337703769489
 40
29.999999999999992
 50
270
 51
0.0000000000000127
  0
LINE
  8
_0-4_設備機器
  6
CONTINUOUS
 62
   18
 10
27735.170040841832
 20
17337.288013522909
 11
28305.169888253942
 21
17337.288013522909
  0
LINE
  8
_0-4_設備機器
  6
CONTINUOUS
 62
   18
 10
27850.89886164261
 20
16228.337635104939
 11
28215.360371347196
 21
16228.337635104939
  0
LINE
  8
_0-4_設備機器
  6
CONTINUOUS
 62
   18
 10
27820.899227853544
 20
16258.337703769489
 11
27820.899227853544
 21
16780.006092136187
  0
LINE
  8
_0-4_設備機器
  6
CONTINUOUS
 62
   18
 10
27850.89886164261
 20
16810.006153171347
 11
28215.360371347203
 21
16810.006153171343
  0
LINE
  8
_0-4_設備機器
  6
CONTINUOUS
 62
   18
 10
28245.359974618691
 20
16780.006092136187
 11
28245.359974618684
 21
16258.337703769489
  0
LINE
  8
_0-4_設備機器
  6
CONTINUOUS
 62
   18
 10
28305.169888253942
 20
17937.288135593218
 11
28305.169888253942
 21
16137.28813559322
  0
LINE
  8
_0-4_設備機器
  6
CONTINUOUS
 62
   18
 10
28208.846810856117
 20
17702.484256493218
 11
28208.846810856117
 21
17572.091892622906
  0
LINE
  8
_0-4_設備機器
  6
CONTINUOUS
 62
   18
 10
28247.451342996118
 20
17702.484256493218
 11
28247.451342996118
 21
17572.091892622906
  0
LINE
  8
_0-4_設備機器
  6
CONTINUOUS
 62
   18
 10
28139.679254499595
 20
17586.573169772906
 11
28097.251977888266
 21
17544.146411960406
  0
LINE
  8
_0-4_設備機器
  6
CONTINUOUS
 62
   18
 10
28012.399911848224
 20
17544.146411960406
 11
27969.972665754477
 21
17586.572803561968
  0
LINE
  8
_0-4_設備機器
  6
CONTINUOUS
 62
   18
 10
28012.399911848224
 20
17459.293750827593
 11
27969.972665754477
 21
17416.867481296343
  0
LINE
  8
_0-4_設備機器
  6
CONTINUOUS
 62
   18
 10
28139.679254499595
 20
17416.867481296343
 11
28097.251977888266
 21
17459.293750827593
  0
LINE
  8
_0-4_設備機器
  6
CONTINUOUS
 62
   18
 10
28139.679254499595
 20
17691.980884616656
 11
28097.251977888266
 21
17734.407276218218
  0
LINE
  8
_0-4_設備機器
  6
CONTINUOUS
 62
   18
 10
28097.251977888266
 20
17819.259937351031
 11
28139.679254499595
 21
17861.686328952593
  0
LINE
  8
_0-4_設備機器
  6
CONTINUOUS
 62
   18
 10
28012.399911848224
 20
17819.259937351031
 11
27969.972665754477
 21
17861.686573093218
  0
LINE
  8
_0-4_設備機器
  6
CONTINUOUS
 62
   18
 10
27969.972665754477
 20
17691.980884616656
 11
28012.399911848224
 21
17734.407520358843
  0
CIRCLE
  8
_0-4_設備機器
  6
CONTINUOUS
 62
   18
 10
28054.825937238849
 20
17776.833667819784
 40
99.999999999999971
  0
CIRCLE
  8
_0-4_設備機器
  6
CONTINUOUS
 62
   18
 10
28054.825937238849
 20
17501.720142429156
 40
99.999999999999971
  0
ARC
  8
_0-4_設備機器
  6
CONTINUOUS
 62
   18
 10
28228.149076926114
 20
17572.091892622906
 40
19.302266070000229
 50
180
 51
0
  0
ARC
  8
_0-4_設備機器
  6
CONTINUOUS
 62
   18
 10
28228.149076926114
 20
17702.484256493218
 40
19.302266070000229
 50
0
 51
180
  0
LINE
  8
_0-4_設備機器
  6
CONTINUOUS
 62
   18
 10
27847.088365339168
 20
17730.096445408689
 11
27847.088365339168
 21
17544.479703707438
  0
LINE
  8
_0-4_設備機器
  6
CONTINUOUS
 62
   18
 10
27797.328738626278
 20
17544.479703707438
 11
27847.088365339168
 21
17544.479703707438
  0
LINE
  8
_0-4_設備機器
  6
CONTINUOUS
 62
   18
 10
27797.328738626278
 20
17730.096445408689
 11
27797.328738626278
 21
17544.479703707438
  0
LINE
  8
_0-4_設備機器
  6
CONTINUOUS
 62
   18
 10
27847.088365339168
 20
17730.096445408689
 11
27797.328738626278
 21
17730.096445408689
  0
LINE
  8
_0-4_設備機器
  6
CONTINUOUS
 62
   18
 10
27832.208551982723
 20
17415.883858615172
 11
27812.208551982723
 21
17415.883858615172
  0
LINE
  8
_0-4_設備機器
  6
CONTINUOUS
 62
   18
 10
27812.208551982723
 20
17415.883858615172
 11
27812.208551982723
 21
17465.883858615172
  0
LINE
  8
_0-4_設備機器
  6
CONTINUOUS
 62
   18
 10
27812.208551982723
 20
17465.883858615172
 11
27832.208551982723
 21
17465.883858615172
  0
LINE
  8
_0-4_設備機器
  6
CONTINUOUS
 62
   18
 10
27832.208551982723
 20
17465.883858615172
 11
27832.208551982723
 21
17415.883858615172
  0
LINE
  8
_0-4_設備機器
  6
CONTINUOUS
 62
   18
 10
27832.208551982723
 20
17808.692290500956
 11
27812.208551982723
 21
17808.692290500956
  0
LINE
  8
_0-4_設備機器
  6
CONTINUOUS
 62
   18
 10
27812.208551982723
 20
17808.692290500956
 11
27812.208551982723
 21
17858.692290500956
  0
LINE
  8
_0-4_設備機器
  6
CONTINUOUS
 62
   18
 10
27812.208551982723
 20
17858.692290500956
 11
27832.208551982723
 21
17858.692290500956
  0
LINE
  8
_0-4_設備機器
  6
CONTINUOUS
 62
   18
 10
27832.208551982723
 20
17858.692290500956
 11
27832.208551982723
 21
17808.692290500956
  0
LINE
  8
_0-4_設備機器
  6
CONTINUOUS
 62
   18
 10
27832.779900227364
 20
17745.41162575579
 11
27812.779900227371
 21
17745.41162575579
  0
LINE
  8
_0-4_設備機器
  6
CONTINUOUS
 62
   18
 10
27812.779900227371
 20
17745.41162575579
 11
27812.779900227371
 21
17765.41162575579
  0
LINE
  8
_0-4_設備機器
  6
CONTINUOUS
 62
   18
 10
27812.779900227371
 20
17765.41162575579
 11
27832.779900227364
 21
17765.41162575579
  0
LINE
  8
_0-4_設備機器
  6
CONTINUOUS
 62
   18
 10
27832.779900227364
 20
17765.41162575579
 11
27832.779900227364
 21
17745.41162575579
  0
LINE
  8
_0-4_設備機器
  6
DASHED1
 62
  132
 10
27905.169888253942
 20
17337.288013522909
 11
27905.169888253942
 21
16137.28813559322
  0
LINE
  8
_0-4_設備機器
  6
DASHED1
 62
  132
 10
28305.169888253942
 20
17337.288013522909
 11
27735.170040841832
 21
17937.288135593218
  0
LINE
  8
_0-4_設備機器
  6
DASHED1
 62
  132
 10
27735.170040841832
 20
17337.288013522909
 11
28305.169888253942
 21
17937.288135593218
  0
LINE
  8
_0-4_設備機器
  6
DASHED1
 62
  132
 10
27905.169888253942
 20
16137.28813559322
 11
28305.169888253942
 21
17337.288013522909
  0
LINE
  8
_0-2_間仕切り
  6
CONTINUOUS
 62
   18
 10
26510.169491525426
 20
16237.288135593218
 11
26414.923565622102
 21
16237.288135593218
  0
LINE
  8
_0-2_間仕切り
  6
CONTINUOUS
 62
   18
 10
26510.169491525426
 20
16337.288135593218
 11
26414.923565622102
 21
16337.288135593218
  0
LINE
  8
_0-4_設備機器
  6
CONTINUOUS
 62
   18
 10
26414.923565622102
 20
16237.288135593218
 11
26414.923565622102
 21
16337.288135593218
  0
LINE
  8
_0-2_間仕切り
  6
CONTINUOUS
 62
   18
 10
25774.844357248082
 20
16337.288135593218
 11
24785.169491525422
 21
16337.288135593218
  0
LINE
  8
_0-4_設備機器
  6
CONTINUOUS
 62
   18
 10
25774.844357248082
 20
16237.288135593218
 11
25774.844357248082
 21
16337.288135593218
  0
LINE
  8
_0-2_間仕切り
  6
CONTINUOUS
 62
   18
 10
25774.844357248082
 20
16237.288135593218
 11
24785.169491525422
 21
16237.288135593218
  0
SOLID
  8
_0-2_間仕切り
  6
CONTINUOUS
 62
    9
 10
26610.169491525426
 20
16337.288135593218
 11
26610.169491525426
 21
14287.288135593218
 12
26510.169491525426
 22
16337.288135593218
 13
26510.169491525426
 23
14287.288135593218
  0
SOLID
  8
_0-2_間仕切り
  6
CONTINUOUS
 62
    9
 10
26414.923565622102
 20
16237.288135593218
 11
26414.923565622102
 21
16337.288135593218
 12
26510.169491525426
 22
16237.288135593218
 13
26510.169491525426
 23
16337.288135593218
  0
SOLID
  8
_0-2_間仕切り
  6
CONTINUOUS
 62
    9
 10
25774.844357248082
 20
16337.288135593218
 11
25774.844357248082
 21
16237.288135593218
 12
24785.169491525422
 22
16337.288135593218
 13
24785.169491525422
 23
16237.288135593218
  0
SOLID
  8
_0-2_間仕切り
  6
CONTINUOUS
 62
    9
 10
24785.169491525422
 20
14987.288135593218
 11
24785.169491525422
 21
14887.288135593218
 12
26510.169491525426
 22
14987.288135593218
 13
26510.169491525426
 23
14887.288135593218
  0
SOLID
  8
_0-2_間仕切り
  6
CONTINUOUS
 62
    9
 10
28335.169491525426
 20
18037.288135593218
 11
28335.169491525426
 21
17937.288135593218
 12
27510.169491525426
 22
18037.288135593218
 13
27510.169491525426
 23
17937.288135593218
  0
SOLID
  8
_0-2_間仕切り
  6
CONTINUOUS
 62
    9
 10
26610.169491525426
 20
18912.288135593218
 11
26610.169491525426
 21
17007.288135593218
 12
26510.169491525426
 22
18912.288135593218
 13
26510.169491525426
 23
17007.288135593218
  0
SOLID
  8
_0-2_間仕切り
  6
CONTINUOUS
 62
    9
 10
25840.169491525419
 20
18037.288135593218
 11
25840.169491525419
 21
17937.288135593218
 12
25310.169491525422
 22
18037.288135593218
 13
25310.169491525422
 23
17937.288135593218
  0
LINE
  8
_0-5__仕上
  6
CONTINUOUS
 62
  132
 10
26510.169491525426
 20
14337.288135593218
 11
24785.169491525422
 21
14887.288135593218
  0
LINE
  8
_0-5__仕上
  6
CONTINUOUS
 62
  132
 10
28335.169491525426
 20
13647.28813559322
 11
28335.169491525426
 21
12277.288135593218
  0
LINE
  8
_0-5__仕上
  6
CONTINUOUS
 62
  132
 10
27445.169491525422
 20
11662.288135593218
 11
25675.169491525422
 21
11662.288135593218
  0
LINE
  8
_0-5__仕上
  6
CONTINUOUS
 62
  132
 10
27885.169491525426
 20
11750
 11
24785.169491525422
 21
11750
  0
LINE
  8
_0-5__仕上
  6
CONTINUOUS
 62
  132
 10
27885.169491525426
 20
11850
 11
24785.169491525422
 21
11850
  0
LINE
  8
_0-5__仕上
  6
CONTINUOUS
 62
  132
 10
27885.169491525426
 20
11950
 11
24785.169491525422
 21
11950
  0
LINE
  8
_0-5__仕上
  6
CONTINUOUS
 62
  132
 10
27885.169491525426
 20
12050
 11
24785.169491525422
 21
12050
  0
LINE
  8
_0-5__仕上
  6
CONTINUOUS
 62
  132
 10
28335.169491525426
 20
12150
 11
24785.169491525422
 21
12150
  0
LINE
  8
_0-5__仕上
  6
CONTINUOUS
 62
  132
 10
28335.169491525426
 20
12250
 11
24785.169491525422
 21
12250
  0
LINE
  8
_0-5__仕上
  6
CONTINUOUS
 62
  132
 10
28335.169491525426
 20
12350
 11
24785.169491525422
 21
12350
  0
LINE
  8
_0-5__仕上
  6
CONTINUOUS
 62
  132
 10
28335.169491525426
 20
12450
 11
24785.169491525422
 21
12450
  0
LINE
  8
_0-5__仕上
  6
CONTINUOUS
 62
  132
 10
28335.169491525426
 20
12550
 11
24785.169491525422
 21
12550
  0
LINE
  8
_0-5__仕上
  6
CONTINUOUS
 62
  132
 10
28335.169491525426
 20
12650
 11
24785.169491525422
 21
12650
  0
LINE
  8
_0-5__仕上
  6
CONTINUOUS
 62
  132
 10
28335.169491525426
 20
12750
 11
24785.169491525422
 21
12750
  0
LINE
  8
_0-5__仕上
  6
CONTINUOUS
 62
  132
 10
28335.169491525426
 20
12850
 11
24785.169491525422
 21
12850
  0
LINE
  8
_0-5__仕上
  6
CONTINUOUS
 62
  132
 10
28335.169491525426
 20
12950
 11
24785.169491525422
 21
12950
  0
LINE
  8
_0-5__仕上
  6
CONTINUOUS
 62
  132
 10
28335.169491525426
 20
13050
 11
24785.169491525422
 21
13050
  0
LINE
  8
_0-5__仕上
  6
CONTINUOUS
 62
  132
 10
28335.169491525426
 20
13150
 11
24785.169491525422
 21
13150
  0
LINE
  8
_0-5__仕上
  6
CONTINUOUS
 62
  132
 10
28335.169491525426
 20
13250
 11
24785.169491525422
 21
13250
  0
LINE
  8
_0-5__仕上
  6
CONTINUOUS
 62
  132
 10
28335.169491525426
 20
13350
 11
24785.169491525422
 21
13350
  0
LINE
  8
_0-5__仕上
  6
CONTINUOUS
 62
  132
 10
28335.169491525426
 20
13450
 11
24785.169491525422
 21
13450
  0
LINE
  8
_0-5__仕上
  6
CONTINUOUS
 62
  132
 10
28335.169491525426
 20
13550
 11
24785.169491525422
 21
13550
  0
LINE
  8
_0-5__仕上
  6
CONTINUOUS
 62
  132
 10
28335.169491525426
 20
13650
 11
24785.169491525422
 21
13650
  0
LINE
  8
_0-5__仕上
  6
CONTINUOUS
 62
  132
 10
28335.169491525426
 20
13750
 11
24785.169491525422
 21
13750
  0
LINE
  8
_0-5__仕上
  6
CONTINUOUS
 62
  132
 10
28335.169491525426
 20
13850
 11
24785.169491525422
 21
13850
  0
LINE
  8
_0-5__仕上
  6
CONTINUOUS
 62
  132
 10
28335.169491525426
 20
13950
 11
24785.169491525422
 21
13950
  0
LINE
  8
_0-5__仕上
  6
CONTINUOUS
 62
  132
 10
28335.169491525426
 20
14050
 11
24785.169491525422
 21
14050
  0
LINE
  8
_0-5__仕上
  6
CONTINUOUS
 62
  132
 10
28335.169491525426
 20
14150
 11
24785.169491525422
 21
14150
  0
LINE
  8
_0-5__仕上
  6
CONTINUOUS
 62
  132
 10
28335.169491525426
 20
14250
 11
24785.169491525422
 21
14250
  0
LINE
  8
_0-5__仕上
  6
CONTINUOUS
 62
  132
 10
27510.169491525426
 20
18037.288135593218
 11
27510.169491525426
 21
18912.288135593218
  0
LINE
  8
_0-5__仕上
  6
CONTINUOUS
 62
  132
 10
27510.169491525426
 20
18037.288135593218
 11
26610.169491525426
 21
18037.288135593218
  0
TEXT
  8
_0-6__室名
 62
   18
 10
26288.533731177449
 20
12927.024646018637
 40
300
 41
1
 50
0
  1
洋室
  0
TEXT
  8
_0-6__室名
 62
   18
 10
25046.572876102833
 20
14452.887044388307
 40
300
 41
1
 50
0
  1
ｸﾛｰｾﾞｯﾄ
  0
TEXT
  8
_0-6__室名
 62
   18
 10
25720.770978295713
 20
15481.957033986454
 40
300
 41
1
 50
0
  1
浴室
  0
TEXT
  8
_0-6__室名
 62
   18
 10
25649.800634185499
 20
17167.502706604114
 40
300
 41
1
 50
0
  1
脱衣
  0
TEXT
  8
_0-6__室名
 62
   18
 10
25477.226494461039
 20
16865.87874413569
 40
300
 41
1
 50
0
  1
化粧室
  0
TEXT
  8
_0-6__室名
 62
   18
 10
25817.543220213054
 20
18338.513384422698
 40
300
 41
1
 50
0
  1
ﾄｲﾚ
  0
TEXT
  8
_0-6__室名
 62
   18
 10
26714.355795838753
 20
18356.255970450252
 40
300
 41
1
 50
0
  1
玄関
  0
TEXT
  8
_0-6__室名
 62
  132
 10
27812.752000224514
 20
18196.572696202263
 40
200
 41
1
 50
90
  1
下駄箱
  0
TEXT
  8
_0-6__室名
 62
   18
 10
27415.959591452996
 20
15428.729275903793
 40
300
 41
1
 50
90
  1
キッチン
  0
TEXT
  8
_0-6__室名
 62
   18
 10
24389.949626493187
 20
18396.42170200956
 40
300
 41
1
 50
0
  1
ＰＳ
  0
LINE
  8
_0-5__仕上
  6
CONTINUOUS
 62
   18
 10
24260.169491525422
 20
18972.288135593218
 11
25160.169491525422
 21
18972.288135593218
  0
LINE
  8
_0-5__仕上
  6
CONTINUOUS
 62
   18
 10
25160.169491525422
 20
18972.288135593218
 11
25160.169491525422
 21
19002.288135593218
  0
LINE
  8
_0-5__仕上
  6
CONTINUOUS
 62
   18
 10
25160.169491525422
 20
19002.288135593218
 11
24260.169491525422
 21
19002.288135593218
  0
LINE
  8
_0-5__仕上
  6
CONTINUOUS
 62
   18
 10
24260.169491525422
 20
19002.288135593218
 11
24260.169491525422
 21
18972.288135593218
  0
LINE
  8
_0-1__躯体
  6
CONTINUOUS
 62
   18
 10
24260.169491525422
 20
18087.288135593218
 11
25160.169491525422
 21
18087.288135593218
  0
LINE
  8
_0-1__躯体
  6
CONTINUOUS
 62
   18
 10
24110.169491525422
 20
17937.288135593218
 11
24635.169491525422
 21
17937.288135593218
  0
LINE
  8
_0-1__躯体
  6
CONTINUOUS
 62
   18
 10
24785.169491525422
 20
17937.288135593218
 11
25310.169491525422
 21
17937.288135593218
  0
LINE
  8
_0-1__躯体
  6
CONTINUOUS
 62
   18
 10
24785.169491525422
 20
17937.288135593218
 11
24785.169491525422
 21
11662.288135593218
  0
LINE
  8
_0-1__躯体
  6
CONTINUOUS
 62
   18
 10
24635.169491525422
 20
17937.288135593218
 11
24635.169491525422
 21
11662.288135593218
  0
LINE
  8
_0-1__躯体
  6
CONTINUOUS
 62
   18
 10
25675.169491525422
 20
11662.288135593218
 11
24785.169491525422
 21
11662.288135593218
  0
LINE
  8
_0-1__躯体
  6
CONTINUOUS
 62
   18
 10
24635.169491525422
 20
11662.288135593218
 11
23745.169491525422
 21
11662.288135593218
  0
LINE
  8
_0-1__躯体
  6
CONTINUOUS
 62
   18
 10
25675.169491525422
 20
11512.288135593218
 11
23745.169491525422
 21
11512.288135593218
  0
LINE
  8
_0-0__芯
  6
CENTER1
 62
  132
 10
17010.169491525422
 20
16487.288135593218
 11
21010.169491525422
 21
16487.288135593218
  0
LINE
  8
_0-0__芯
  6
CENTER1
 62
  132
 10
18910.169491525422
 20
18987.288135593218
 11
18910.169491525422
 21
16487.288135593218
  0
LINE
  8
_0-1__躯体
  6
CONTINUOUS
 62
   18
 10
17085.169491525422
 20
13912.288135593218
 11
17085.169491525422
 21
13647.28813559322
  0
LINE
  8
_0-1__躯体
  6
CONTINUOUS
 62
   18
 10
17085.169491525422
 20
13912.288135593218
 11
20935.169491525422
 21
13912.288135593218
  0
LINE
  8
_0-1__躯体
  6
CONTINUOUS
 62
   18
 10
17085.169491525422
 20
14062.288135593218
 11
20935.169491525422
 21
14062.288135593218
  0
LINE
  8
_0-1__躯体
  6
CONTINUOUS
 62
   18
 10
20935.169491525422
 20
13912.288135593218
 11
20935.169491525422
 21
13647.28813559322
  0
LINE
  8
_0-1__躯体
  6
CONTINUOUS
 62
   18
 10
20935.169491525422
 20
16412.288135593218
 11
20935.169491525422
 21
14062.288135593218
  0
LINE
  8
_0-1__躯体
  6
CONTINUOUS
 62
   18
 10
18985.169491525422
 20
16562.288135593218
 11
20935.169491525422
 21
16562.288135593218
  0
LINE
  8
_0-1__躯体
  6
CONTINUOUS
 62
   18
 10
18985.169491525422
 20
18912.288135593218
 11
20935.169491525422
 21
18912.288135593218
  0
LINE
  8
_0-1__躯体
  6
CONTINUOUS
 62
   18
 10
18835.169491525422
 20
19062.288135593218
 11
20935.169491525422
 21
19062.288135593218
  0
LINE
  8
_0-1__躯体
  6
CONTINUOUS
 62
   18
 10
20935.169491525422
 20
18912.288135593218
 11
20935.169491525422
 21
16562.288135593218
  0
LINE
  8
_0-1__躯体
  6
CONTINUOUS
 62
   18
 10
18985.169491525422
 20
18662.288135593218
 11
20935.169491525422
 21
18662.288135593218
  0
LINE
  8
_0-8__ｴﾚﾍﾞ-ﾀ
  6
CONTINUOUS
 62
  132
 10
19058.342396493684
 20
17612.895610158728
 11
19058.342396493684
 21
18012.894428317827
  0
LINE
  8
_0-8__ｴﾚﾍﾞ-ﾀ
  6
CONTINUOUS
 62
  132
 10
19058.342396493684
 20
17611.683155124468
 11
19058.342396493684
 21
17211.681842868609
  0
LINE
  8
_0-8__ｴﾚﾍﾞ-ﾀ
  6
CONTINUOUS
 62
  132
 10
19096.121502633821
 20
18414.105701511187
 11
19015.169094796907
 21
18414.105701511187
  0
LINE
  8
_0-8__ｴﾚﾍﾞ-ﾀ
  6
CONTINUOUS
 62
  132
 10
19096.121502633821
 20
16810.470569675249
 11
19015.169094796907
 21
16810.470569675249
  0
LINE
  8
_0-8__ｴﾚﾍﾞ-ﾀ
  6
CONTINUOUS
 62
  132
 10
19096.121502633821
 20
18414.105701511187
 11
19096.121502633821
 21
16810.470569675249
  0
LINE
  8
_0-8__ｴﾚﾍﾞ-ﾀ
  6
CONTINUOUS
 62
  132
 10
18928.258335824739
 20
17611.683155124468
 11
19219.727581735383
 21
17611.683155124468
  0
LINE
  8
_0-8__ｴﾚﾍﾞ-ﾀ
  6
CONTINUOUS
 62
  132
 10
19183.522198434602
 20
18311.682972019003
 11
19183.522198434602
 21
18012.894428317827
  0
LINE
  8
_0-8__ｴﾚﾍﾞ-ﾀ
  6
CONTINUOUS
 62
  132
 10
19135.40504145218
 20
17211.681842868609
 11
19183.522198434602
 21
17211.681842868609
  0
LINE
  8
_0-8__ｴﾚﾍﾞ-ﾀ
  6
CONTINUOUS
 62
  132
 10
19183.522198434602
 20
17211.681842868609
 11
19183.522198434602
 21
16911.68333822993
  0
LINE
  8
_0-8__ｴﾚﾍﾞ-ﾀ
  6
CONTINUOUS
 62
  132
 10
19135.40504145218
 20
17211.681842868609
 11
19135.40504145218
 21
18012.894428317827
  0
LINE
  8
_0-8__ｴﾚﾍﾞ-ﾀ
  6
CONTINUOUS
 62
  132
 10
19183.522198434602
 20
18012.894428317827
 11
19135.40504145218
 21
18012.894428317827
  0
LINE
  8
_0-8__ｴﾚﾍﾞ-ﾀ
  6
CONTINUOUS
 62
  132
 10
19015.169094796907
 20
16810.470569675249
 11
19015.169094796907
 21
18414.105701511187
  0
LINE
  8
_0-8__ｴﾚﾍﾞ-ﾀ
  6
CONTINUOUS
 62
  132
 10
20533.521664376985
 20
16911.68333822993
 11
19183.522198434602
 21
16911.68333822993
  0
LINE
  8
_0-8__ｴﾚﾍﾞ-ﾀ
  6
CONTINUOUS
 62
  132
 10
20533.521664376985
 20
18311.682972019003
 11
20533.521664376985
 21
16911.68333822993
  0
LINE
  8
_0-8__ｴﾚﾍﾞ-ﾀ
  6
CONTINUOUS
 62
  132
 10
19183.522198434602
 20
18311.682972019003
 11
20533.521664376985
 21
18311.682972019003
  0
LINE
  8
_0-8__ｴﾚﾍﾞ-ﾀ
  6
CONTINUOUS
 62
  132
 10
20749.346127267606
 20
18241.066089694777
 11
20669.343807931672
 21
18241.066089694777
  0
LINE
  8
_0-8__ｴﾚﾍﾞ-ﾀ
  6
CONTINUOUS
 62
  132
 10
20669.343807931672
 20
18241.066089694777
 11
20669.343807931672
 21
17611.683155124468
  0
LINE
  8
_0-8__ｴﾚﾍﾞ-ﾀ
  6
CONTINUOUS
 62
  132
 10
20669.343807931672
 20
17611.683155124468
 11
20749.346127267606
 21
17611.683155124468
  0
LINE
  8
_0-8__ｴﾚﾍﾞ-ﾀ
  6
CONTINUOUS
 62
  132
 10
20749.346127267606
 20
18241.066089694777
 11
20749.346127267606
 21
17611.683155124468
  0
LINE
  8
_0-8__ｴﾚﾍﾞ-ﾀ
  6
CONTINUOUS
 62
  132
 10
20813.480038400422
 20
17721.011959140581
 11
20813.480038400422
 21
17502.354351108351
  0
LINE
  8
_0-8__ｴﾚﾍﾞ-ﾀ
  6
CONTINUOUS
 62
  132
 10
20533.521664376985
 20
17502.354351108351
 11
20813.480038400422
 21
17502.354351108351
  0
LINE
  8
_0-8__ｴﾚﾍﾞ-ﾀ
  6
CONTINUOUS
 62
  132
 10
19058.342396493684
 20
18012.894428317827
 11
18985.169491525422
 21
18012.894428317827
  0
LINE
  8
_0-8__ｴﾚﾍﾞ-ﾀ
  6
CONTINUOUS
 62
  132
 10
19058.342396493684
 20
17211.681842868609
 11
18985.169491525422
 21
17211.681842868609
  0
LINE
  8
ADD_LINE
  6
DOT
 62
  132
 10
18985.169491525422
 20
18561.683765476027
 11
20885.170712228544
 21
18561.683765476027
  0
LINE
  8
ADD_LINE
  6
DOT
 62
  132
 10
18985.169491525422
 20
16661.682544772906
 11
20885.170712228544
 21
16661.682544772906
  0
LINE
  8
ADD_LINE
  6
DOT
 62
  132
 10
20885.170712228544
 20
16661.682544772906
 11
20885.170712228544
 21
18561.683765476027
  0
LINE
  8
_0-8__ｴﾚﾍﾞ-ﾀ
  6
CONTINUOUS
 62
  132
 10
20533.521664376985
 20
17721.011959140581
 11
20669.343807931672
 21
17721.011959140581
  0
LINE
  8
_0-8__ｴﾚﾍﾞ-ﾀ
  6
CONTINUOUS
 62
  132
 10
20749.346127267606
 20
17721.011959140581
 11
20813.480038400422
 21
17721.011959140581
  0
ARC
  8
_0-8__ｴﾚﾍﾞ-ﾀ
  6
CONTINUOUS
 62
  132
 10
20709.344906564485
 20
17954.369983737749
 40
127.9625015258789
 50
108.2159983622738
 51
251.78400163772619
  0
ARC
  8
_0-8__ｴﾚﾍﾞ-ﾀ
  6
CONTINUOUS
 62
  132
 10
20709.344906564485
 20
17954.369983737749
 40
127.9625015258789
 50
288.21605590349804
 51
71.783944096501926
  0
LINE
  8
_0-1__躯体
  6
CONTINUOUS
 62
   18
 10
18985.169491525422
 20
18012.894428317827
 11
18985.169491525422
 21
18912.288135593218
  0
LINE
  8
_0-1__躯体
  6
CONTINUOUS
 62
   18
 10
18985.169491525422
 20
18012.894428317827
 11
18835.169491525422
 21
18053.086807182495
  0
LINE
  8
_0-1__躯体
  6
CONTINUOUS
 62
   18
 10
18835.169491525422
 20
18053.086807182495
 11
18835.169491525422
 21
19062.288135593218
  0
LINE
  8
_0-1__躯体
  6
CONTINUOUS
 62
   18
 10
18835.169491525422
 20
16562.288135593218
 11
18835.169491525422
 21
17171.489464003941
  0
LINE
  8
_0-1__躯体
  6
CONTINUOUS
 62
   18
 10
18985.169491525422
 20
17211.681842868609
 11
18835.169491525422
 21
17171.489464003941
  0
LINE
  8
_0-1__躯体
  6
CONTINUOUS
 62
   18
 10
18985.169491525422
 20
16562.288135593218
 11
18985.169491525422
 21
17211.681842868609
  0
LINE
  8
_0-3__建具
  6
CONTINUOUS
 62
   18
 10
17085.169491525422
 20
16452.288135593218
 11
17105.169491525422
 21
16452.288135593218
  0
LINE
  8
_0-3__建具
  6
CONTINUOUS
 62
   18
 10
17105.169491525422
 20
16452.288135593218
 11
17105.169491525422
 21
16487.288135593218
  0
LINE
  8
_0-3__建具
  6
CONTINUOUS
 62
   18
 10
17105.169491525422
 20
16487.288135593218
 11
17120.169491525422
 21
16487.288135593218
  0
LINE
  8
_0-3__建具
  6
CONTINUOUS
 62
   18
 10
17120.169491525422
 20
16487.288135593218
 11
17120.169491525422
 21
16522.288135593218
  0
LINE
  8
_0-3__建具
  6
CONTINUOUS
 62
   18
 10
17120.169491525422
 20
16522.288135593218
 11
17085.169491525422
 21
16522.288135593218
  0
LINE
  8
_0-3__建具
  6
CONTINUOUS
 62
   18
 10
17110.169491525422
 20
16452.288135593218
 11
17110.169491525422
 21
16482.288135593218
  0
LINE
  8
_0-3__建具
  6
CONTINUOUS
 62
   18
 10
17110.169491525422
 20
16452.288135593218
 11
18130.169491525422
 21
16452.288135593218
  0
LINE
  8
_0-3__建具
  6
CONTINUOUS
 62
   18
 10
17110.169491525422
 20
16482.288135593218
 11
18130.169491525422
 21
16482.288135593218
  0
LINE
  8
_0-3__建具
  6
CONTINUOUS
 62
   18
 10
18155.169491525422
 20
16452.288135593218
 11
18135.169491525422
 21
16452.288135593218
  0
LINE
  8
_0-3__建具
  6
CONTINUOUS
 62
   18
 10
18135.169491525422
 20
16452.288135593218
 11
18135.169491525422
 21
16487.288135593218
  0
LINE
  8
_0-3__建具
  6
CONTINUOUS
 62
   18
 10
18135.169491525422
 20
16487.288135593218
 11
18120.169491525422
 21
16487.288135593218
  0
LINE
  8
_0-3__建具
  6
CONTINUOUS
 62
   18
 10
18120.169491525422
 20
16487.288135593218
 11
18120.169491525422
 21
16522.288135593218
  0
LINE
  8
_0-3__建具
  6
CONTINUOUS
 62
   18
 10
18120.169491525422
 20
16522.288135593218
 11
18155.169491525422
 21
16522.288135593218
  0
LINE
  8
_0-3__建具
  6
CONTINUOUS
 62
   18
 10
18130.169491525422
 20
16452.288135593218
 11
18130.169491525422
 21
16482.288135593218
  0
ARC
  8
_0-3__建具
  6
CONTINUOUS
 62
  132
 10
17110.169491525422
 20
16452.288135593218
 40
1019.9999999999998
 50
270
 51
0
  0
LINE
  8
_0-3__建具
  6
CONTINUOUS
 62
  132
 10
17110.169491525422
 20
16452.288135593218
 11
17110.169491525422
 21
15432.28813559322
  0
LINE
  8
_0-1__躯体
  6
CONTINUOUS
 62
   18
 10
18155.169491525422
 20
16412.288135593218
 11
20935.169491525422
 21
16412.288135593218
  0
LINE
  8
_0-1__躯体
  6
CONTINUOUS
 62
   18
 10
18155.169491525422
 20
16562.288135593218
 11
18155.169491525422
 21
16412.288135593218
  0
LINE
  8
_0-1__躯体
  6
CONTINUOUS
 62
   18
 10
18155.169491525422
 20
16562.288135593218
 11
18835.169491525422
 21
16562.288135593218
  0
LINE
  8
_0-1__躯体
  6
CONTINUOUS
 62
   18
 10
17085.169491525422
 20
19062.288135593218
 11
17085.169491525422
 21
14062.288135593218
  0
LINE
  8
_0-1__躯体
  6
CONTINUOUS
 62
   18
 10
19835.169491525422
 20
16412.288135593218
 11
19835.169491525422
 21
14062.288135593218
  0
LINE
  8
_0-1__躯体
  6
CONTINUOUS
 62
   18
 10
18185.169491525422
 20
16412.288135593218
 11
18185.169491525422
 21
14062.288135593218
  0
LINE
  8
_0-1__躯体
  6
CONTINUOUS
 62
   18
 10
18185.169491525422
 20
15312.288135593218
 11
19835.169491525422
 21
15312.288135593218
  0
LINE
  8
_0-1__躯体
  6
CONTINUOUS
 62
   18
 10
18185.169491525422
 20
15162.288135593218
 11
19835.169491525422
 21
15162.288135593218
  0
LINE
  8
_0-1__躯体
  6
CONTINUOUS
 62
   18
 10
18460.169491525422
 20
16412.288135593218
 11
18460.169491525422
 21
15312.288135593218
  0
LINE
  8
_0-1__躯体
  6
CONTINUOUS
 62
   18
 10
18735.169491525422
 20
16412.288135593218
 11
18735.169491525422
 21
15312.288135593218
  0
LINE
  8
_0-1__躯体
  6
CONTINUOUS
 62
   18
 10
19010.169491525422
 20
16412.288135593218
 11
19010.169491525422
 21
15312.288135593218
  0
LINE
  8
_0-1__躯体
  6
CONTINUOUS
 62
   18
 10
19285.169491525422
 20
16412.288135593218
 11
19285.169491525422
 21
15312.288135593218
  0
LINE
  8
_0-1__躯体
  6
CONTINUOUS
 62
   18
 10
19560.169491525422
 20
16412.288135593218
 11
19560.169491525422
 21
15312.288135593218
  0
LINE
  8
_0-1__躯体
  6
CONTINUOUS
 62
   18
 10
19285.169491525422
 20
15162.288135593218
 11
19285.169491525422
 21
14062.288135593218
  0
LINE
  8
_0-1__躯体
  6
CONTINUOUS
 62
   18
 10
19010.169491525422
 20
15162.288135593218
 11
19010.169491525422
 21
14062.288135593218
  0
LINE
  8
_0-1__躯体
  6
CONTINUOUS
 62
   18
 10
18735.169491525422
 20
15162.288135593218
 11
18735.169491525422
 21
14062.288135593218
  0
LINE
  8
_0-1__躯体
  6
CONTINUOUS
 62
   18
 10
18460.169491525422
 20
15162.288135593218
 11
18460.169491525422
 21
14062.288135593218
  0
SOLID
  8
_0-1__躯体
  6
CONTINUOUS
 62
    9
 10
17085.169491525422
 20
14062.288135593218
 11
17085.169491525422
 21
13912.288135593218
 12
20935.169491525422
 22
14062.288135593218
 13
20935.169491525422
 23
13912.288135593218
  0
SOLID
  8
_0-1__躯体
  6
CONTINUOUS
 62
    9
 10
20935.169491525422
 20
19062.288135593218
 11
20935.169491525422
 21
18912.288135593218
 12
18985.169491525422
 22
19062.288135593218
 13
18985.169491525422
 23
18912.288135593218
  0
SOLID
  8
_0-1__躯体
  6
CONTINUOUS
 62
    9
 10
20935.169491525422
 20
16562.288135593218
 11
20935.169491525422
 21
16412.288135593218
 12
18155.169491525422
 22
16562.288135593218
 13
18155.169491525422
 23
16412.288135593218
  0
SOLID
  8
_0-1__躯体
  6
CONTINUOUS
 62
    9
 10
18985.169491525422
 20
19062.288135593218
 11
18985.169491525422
 21
18012.894428317827
 12
18835.169491525422
 22
19062.288135593218
 13
18835.169491525422
 23
18053.086807182495
  0
SOLID
  8
_0-1__躯体
  6
CONTINUOUS
 62
    9
 10
18985.169491525422
 20
17211.681842868609
 11
18985.169491525422
 21
16562.288135593218
 12
18835.169491525422
 22
17171.489464003941
 13
18835.169491525422
 23
16562.288135593218
  0
LINE
  8
_0-1__躯体
  6
CONTINUOUS
 62
   18
 10
9535.1694915254229
 20
19062.288135593218
 11
9535.1694915254229
 21
20187.288135593218
  0
LINE
  8
_0-1__躯体
  6
CONTINUOUS
 62
   18
 10
9635.1694915254229
 20
19062.288135593218
 11
9635.1694915254229
 21
20087.288135593218
  0
LINE
  8
_0-1__躯体
  6
CONTINUOUS
 62
   18
 10
9535.1694915254229
 20
11512.288135593218
 11
9535.1694915254229
 21
10387.288135593218
  0
LINE
  8
_0-1__躯体
  6
CONTINUOUS
 62
   18
 10
9635.1694915254229
 20
11512.288135593218
 11
9635.1694915254229
 21
10487.288135593218
  0
LINE
  8
_0-1__躯体
  6
CONTINUOUS
 62
   18
 10
17085.169491525422
 20
11512.288135593218
 11
17085.169491525422
 21
10387.288135593218
  0
LINE
  8
_0-1__躯体
  6
CONTINUOUS
 62
   18
 10
9535.1694915254229
 20
10387.288135593218
 11
17085.169491525422
 21
10387.288135593218
  0
LINE
  8
_0-1__躯体
  6
CONTINUOUS
 62
   18
 10
9635.1694915254229
 20
10487.288135593218
 11
16985.169491525422
 21
10487.288135593218
  0
LINE
  8
_0-1__躯体
  6
CONTINUOUS
 62
   18
 10
16985.169491525422
 20
11512.288135593218
 11
16985.169491525422
 21
10487.288135593218
  0
LINE
  8
_0-5__仕上
  6
CONTINUOUS
 62
   18
 10
13295.169491525422
 20
11512.288135593218
 11
13325.169491525422
 21
11512.288135593218
  0
LINE
  8
_0-5__仕上
  6
CONTINUOUS
 62
   18
 10
13325.169491525422
 20
11512.288135593218
 11
13325.169491525422
 21
10512.288135593218
  0
LINE
  8
_0-5__仕上
  6
CONTINUOUS
 62
   18
 10
13325.169491525422
 20
10512.288135593218
 11
13295.169491525422
 21
10512.288135593218
  0
LINE
  8
_0-5__仕上
  6
CONTINUOUS
 62
   18
 10
13295.169491525422
 20
10512.288135593218
 11
13295.169491525422
 21
11512.288135593218
  0
LINE
  8
_0-1__躯体
  6
CONTINUOUS
 62
   18
 10
20935.169491525422
 20
11512.288135593218
 11
20935.169491525422
 21
10387.288135593218
  0
LINE
  8
_0-1__躯体
  6
CONTINUOUS
 62
   18
 10
21035.169491525422
 20
11512.288135593218
 11
21035.169491525422
 21
10487.288135593218
  0
LINE
  8
_0-1__躯体
  6
CONTINUOUS
 62
   18
 10
28485.169491525426
 20
11512.288135593218
 11
28485.169491525426
 21
10387.288135593218
  0
LINE
  8
_0-1__躯体
  6
CONTINUOUS
 62
   18
 10
20935.169491525422
 20
10387.288135593218
 11
28485.169491525426
 21
10387.288135593218
  0
LINE
  8
_0-1__躯体
  6
CONTINUOUS
 62
   18
 10
21035.169491525422
 20
10487.288135593218
 11
28385.169491525426
 21
10487.288135593218
  0
LINE
  8
_0-1__躯体
  6
CONTINUOUS
 62
   18
 10
28385.169491525426
 20
11512.288135593218
 11
28385.169491525426
 21
10487.288135593218
  0
LINE
  8
_0-5__仕上
  6
CONTINUOUS
 62
   18
 10
24695.169491525422
 20
11512.288135593218
 11
24725.169491525422
 21
11512.288135593218
  0
LINE
  8
_0-5__仕上
  6
CONTINUOUS
 62
   18
 10
24725.169491525422
 20
11512.288135593218
 11
24725.169491525422
 21
10512.288135593218
  0
LINE
  8
_0-5__仕上
  6
CONTINUOUS
 62
   18
 10
24725.169491525422
 20
10512.288135593218
 11
24695.169491525422
 21
10512.288135593218
  0
LINE
  8
_0-5__仕上
  6
CONTINUOUS
 62
   18
 10
24695.169491525422
 20
10512.288135593218
 11
24695.169491525422
 21
11512.288135593218
  0
LINE
  8
_0-1__躯体
  6
CONTINUOUS
 62
   18
 10
9535.1694915254229
 20
20187.288135593218
 11
28485.169491525426
 21
20187.288135593218
  0
LINE
  8
_0-1__躯体
  6
CONTINUOUS
 62
   18
 10
9635.1694915254229
 20
20087.288135593218
 11
28385.169491525426
 21
20087.288135593218
  0
LINE
  8
_0-1__躯体
  6
CONTINUOUS
 62
   18
 10
28485.169491525426
 20
19062.288135593218
 11
28485.169491525426
 21
20187.288135593218
  0
LINE
  8
_0-1__躯体
  6
CONTINUOUS
 62
   18
 10
28385.169491525426
 20
19062.288135593218
 11
28385.169491525426
 21
20087.288135593218
  0
TEXT
  8
_0-6__室名
 62
   18
 10
18733.574958770928
 20
19407.350680952033
 40
300
 41
1
 50
0
  1
廊下
  0
TEXT
  8
_0-6__室名
 62
   18
 10
20028.288278831601
 20
15101.676151447929
 40
300
 41
1
 50
0
  1
階段
  0
TEXT
  8
_0-6__室名
 62
   18
 10
17709.848147560158
 20
17901.870076230319
 40
300
 41
1
 50
0
  1
ＥＶ
  0
TEXT
  8
_0-6__室名
 62
   18
 10
17559.300087087991
 20
17540.554731097108
 40
300
 41
1
 50
0
  1
ホール
  0
TEXT
  8
_0-6__室名
 62
   18
 10
10814.746977934712
 20
10856.220846132697
 40
300
 41
1
 50
0
  1
ベランダ
  0
TEXT
  8
_0-6__室名
 62
   18
 10
14458.010041361259
 20
10856.220846132697
 40
300
 41
1
 50
0
  1
ベランダ
  0
TEXT
  8
_0-6__室名
 62
   18
 10
22045.632289158696
 20
10856.220846132697
 40
300
 41
1
 50
0
  1
ベランダ
  0
TEXT
  8
_0-6__室名
 62
   18
 10
25869.55302515185
 20
10856.220846132697
 40
300
 41
1
 50
0
  1
ベランダ
  0
TEXT
  8
_0-6__室名
 62
   18
 10
19516.42487322622
 20
17510.445119002673
 40
300
 41
1
 50
0
  1
ＥＶ
  0
LINE
  8
_0-7__寸法
  6
CONTINUOUS
 62
  132
 10
9610.1694915254229
 20
8628.1095511445619
 11
13310.169491525422
 21
8628.1095511445619
  0
POINT
  8
_0-7__寸法
 62
  132
 10
9610.1694915254229
 20
8628.1095511445619
  0
POINT
  8
_0-7__寸法
 62
  132
 10
13310.169491525422
 20
8628.1095511445619
  0
LINE
  8
_0-7__寸法
  6
CONTINUOUS
 62
  132
 10
9610.1694915254229
 20
8628.1095511445619
 11
9610.1694915254229
 21
9350.7402414109837
  0
LINE
  8
_0-7__寸法
  6
CONTINUOUS
 62
  132
 10
13310.169491525422
 20
8628.1095511445619
 11
13310.169491525422
 21
9350.7402414109837
  0
TEXT
  8
_0-7__寸法
 62
  132
 10
11147.669491525422
 20
8678.1095511445619
 40
250
 41
1
 50
0
  1
3,700
  0
LINE
  8
_0-7__寸法
  6
CONTINUOUS
 62
  132
 10
13310.169491525422
 20
8628.1095511445619
 11
17010.169491525422
 21
8628.1095511445619
  0
POINT
  8
_0-7__寸法
 62
  132
 10
17010.169491525422
 20
8628.1095511445619
  0
LINE
  8
_0-7__寸法
  6
CONTINUOUS
 62
  132
 10
17010.169491525422
 20
8628.1095511445619
 11
17010.169491525422
 21
9350.7402414109837
  0
TEXT
  8
_0-7__寸法
 62
  132
 10
14847.669491525422
 20
8678.1095511445619
 40
250
 41
1
 50
0
  1
3,700
  0
LINE
  8
_0-7__寸法
  6
CONTINUOUS
 62
  132
 10
17010.169491525422
 20
8628.1095511445619
 11
21010.169491525422
 21
8628.1095511445619
  0
POINT
  8
_0-7__寸法
 62
  132
 10
21010.169491525422
 20
8628.1095511445619
  0
LINE
  8
_0-7__寸法
  6
CONTINUOUS
 62
  132
 10
21010.169491525422
 20
8628.1095511445619
 11
21010.169491525422
 21
9350.7402414109837
  0
TEXT
  8
_0-7__寸法
 62
  132
 10
18697.669491525422
 20
8678.1095511445619
 40
250
 41
1
 50
0
  1
4,000
  0
LINE
  8
_0-7__寸法
  6
CONTINUOUS
 62
  132
 10
21010.169491525422
 20
8628.1095511445619
 11
24710.169491525422
 21
8628.1095511445619
  0
POINT
  8
_0-7__寸法
 62
  132
 10
24710.169491525422
 20
8628.1095511445619
  0
LINE
  8
_0-7__寸法
  6
CONTINUOUS
 62
  132
 10
24710.169491525422
 20
8628.1095511445619
 11
24710.169491525422
 21
9350.7402414109837
  0
TEXT
  8
_0-7__寸法
 62
  132
 10
22547.669491525422
 20
8678.1095511445619
 40
250
 41
1
 50
0
  1
3,700
  0
LINE
  8
_0-7__寸法
  6
CONTINUOUS
 62
  132
 10
24710.169491525422
 20
8628.1095511445619
 11
28410.169491525426
 21
8628.1095511445619
  0
POINT
  8
_0-7__寸法
 62
  132
 10
28410.169491525426
 20
8628.1095511445619
  0
LINE
  8
_0-7__寸法
  6
CONTINUOUS
 62
  132
 10
28410.169491525426
 20
8628.1095511445619
 11
28410.169491525426
 21
9350.7402414109837
  0
TEXT
  8
_0-7__寸法
 62
  132
 10
26247.669491525426
 20
8678.1095511445619
 40
250
 41
1
 50
0
  1
3,700
  0
LINE
  8
_0-7__寸法
  6
CONTINUOUS
 62
  132
 10
30747.310184450201
 20
10387.288135593218
 11
30747.310184450201
 21
11587.288135593218
  0
POINT
  8
_0-7__寸法
 62
  132
 10
30747.310184450201
 20
10387.288135593218
  0
POINT
  8
_0-7__寸法
 62
  132
 10
30747.310184450201
 20
11587.288135593218
  0
LINE
  8
_0-7__寸法
  6
CONTINUOUS
 62
  132
 10
30747.310184450201
 20
10387.288135593218
 11
29964.460269994913
 21
10387.288135593218
  0
LINE
  8
_0-7__寸法
  6
CONTINUOUS
 62
  132
 10
30747.310184450201
 20
11587.288135593218
 11
29964.460269994913
 21
11587.288135593218
  0
TEXT
  8
_0-7__寸法
 62
  132
 10
30697.310184450201
 20
10674.788135593218
 40
250
 41
1
 50
90
  1
1,200
  0
LINE
  8
_0-7__寸法
  6
CONTINUOUS
 62
  132
 10
30747.310184450201
 20
18987.288135593218
 11
30747.310184450201
 21
11587.288135593218
  0
POINT
  8
_0-7__寸法
 62
  132
 10
30747.310184450201
 20
18987.288135593218
  0
LINE
  8
_0-7__寸法
  6
CONTINUOUS
 62
  132
 10
30747.310184450201
 20
18987.288135593218
 11
29964.460269994913
 21
18987.288135593218
  0
TEXT
  8
_0-7__寸法
 62
  132
 10
30697.310184450201
 20
14974.788135593218
 40
250
 41
1
 50
90
  1
7,400
  0
LINE
  8
_0-7__寸法
  6
CONTINUOUS
 62
  132
 10
30747.310184450201
 20
18987.288135593218
 11
30747.310184450201
 21
20187.288135593218
  0
POINT
  8
_0-7__寸法
 62
  132
 10
30747.310184450201
 20
20187.288135593218
  0
LINE
  8
_0-7__寸法
  6
CONTINUOUS
 62
  132
 10
30747.310184450201
 20
20187.288135593218
 11
29964.460269994913
 21
20187.288135593218
  0
TEXT
  8
_0-7__寸法
 62
  132
 10
30697.310184450201
 20
19274.788135593218
 40
250
 41
1
 50
90
  1
1,200
  0
TEXT
  8
_0-9__図名
 62
   18
 10
15873.161809799672
 20
6851.6424375729384
 40
400
 41
1
 50
0
  1
基準階平面図　Ｓ＝１／１００
  0
LINE
  8
_0-0__芯
  6
CENTER1
 62
  132
 10
9610.1694915254229
 20
20293.550703820739
 11
9610.1694915254229
 21
10222.881355932204
  0
LINE
  8
_0-0__芯
  6
CENTER1
 62
  132
 10
13310.169491525422
 20
20293.550703820739
 11
13310.169491525422
 21
10222.881355932204
  0
ENDSEC
  0
EOF
