  0
SECTION
  2
HEADER
  9
$ACADVER
  1
AC1009
  9
$INSBASE
 10
0
 20
0
 30
0
  9
$EXTMIN
 10
0
 20
0
  9
$EXTMAX
 10
237800
 20
168200
  9
$LIMMIN
 10
0
 20
0
  9
$LIMMAX
 10
237800
 20
168200
  9
$LTSCALE
 40
200
  0
ENDSEC
  0
SECTION
  2
TABLES
  0
TABLE
  2
VPORT
  5
    1
100
AcDbSymbolTable
 70
    1
  0
VPORT
  5
    2
100
AcDbSymbolTableRecord
100
AcDbViewportTableRecord
  2
*Active
 70
    0
 10
0
 20
0
 11
1
 21
1
 12
118900
 22
84100
 13
0
 23
0
 14
10
 24
10
 15
10
 25
10
 16
0
 26
0
 36
100
 17
0
 27
0
 37
0
 40
168200
 41
1.5376
 42
50
 43
0
 44
0
 50
0
 51
0
 71
    0
 72
  100
 73
    1
 74
    3
 75
    0
 76
    0
 77
    0
 78
    0
  0
ENDTAB
  0
TABLE
  2
LTYPE
 70
     9
  0
LTYPE
  2
CONTINUOUS
 70
    64
  3
実線
 72
    65
 73
     0
 40
0.0
  0
LTYPE
  2
DASHED1
 70
    64
  3
--  --  --  --  --  --  --  --  
 72
    65
 73
     2
 40
2.5
 49
1.25
 49
-1.25
  0
LTYPE
  2
DASHED2
 70
    64
  3
----    ----    ----    ----    
 72
    65
 73
     2
 40
5.0
 49
2.5
 49
-2.5
  0
LTYPE
  2
DASHED3
 70
    64
  3
------  ------  ------  ------  
 72
    65
 73
     2
 40
5.0
 49
3.75
 49
-1.25
  0
LTYPE
  2
CENTER1
 70
    64
  3
----- - ----- - ----- - ----- - 
 72
    65
 73
     4
 40
10.0
 49
6.25
 49
-1.25
 49
1.25
 49
-1.25
  0
LTYPE
  2
CENTER2
 70
    64
  3
----------  --  ----------  --  
 72
    65
 73
     4
 40
20.0
 49
12.5
 49
-2.5
 49
2.5
 49
-2.5
  0
LTYPE
  2
PHANTOM1
 70
    64
  3
--- - - --- - - --- - - --- - - 
 72
    65
 73
     6
 40
10.0
 49
3.25
 49
-1.25
 49
1.25
 49
-1.25
 49
1.25
 49
-1.25
  0
LTYPE
  2
PHANTOM2
 70
    64
  3
--------  -  -  --------  -  -  
 72
    65
 73
     6
 40
20.0
 49
10.0
 49
-2.5
 49
1.25
 49
-2.5
 49
1.25
 49
-2.5
  0
LTYPE
  2
DOT
 70
    64
  3
-   -   -   -   -   -   -   -   
 72
    65
 73
     2
 40
2.5
 49
0.625
 49
-1.875
  0
LTYPE
  2
DUMMY
 70
    64
  3
ダミー
 72
    65
 73
     0
 40
0.0
  0
LTYPE
  2
RAND1
 70
    64
  3
ランダム線1
 72
    65
 73
     4
 40
10.0
 49
1.0
 49
-2.0
 49
3.0
 49
-4.0
  0
LTYPE
  2
RAND2
 70
    64
  3
ランダム線2
 72
    65
 73
     4
 40
14.0
 49
2.0
 49
-3.0
 49
4.0
 49
-5.0
  0
LTYPE
  2
RAND3
 70
    64
  3
ランダム線3
 72
    65
 73
     4
 40
18.0
 49
3.0
 49
-4.0
 49
5.0
 49
-6.0
  0
LTYPE
  2
RAND4
 70
    64
  3
ランダム線4
 72
    65
 73
     4
 40
22.0
 49
4.0
 49
-5.0
 49
6.0
 49
-7.0
  0
LTYPE
  2
RAND5
 70
    64
  3
ランダム線5
 72
    65
 73
     4
 40
26.0
 49
5.0
 49
-6.0
 49
7.0
 49
-8.0
  0
LTYPE
  2
LONG1
 70
    64
  3
----------  --  ----------  --  
 72
    65
 73
     4
 40
40.0
 49
32.5
 49
-2.5
 49
2.5
 49
-2.5
  0
LTYPE
  2
LONG2
 70
    64
  3
--------  -  -  --------  -  -  
 72
    65
 73
     6
 40
40.0
 49
30.0
 49
-2.5
 49
1.25
 49
-2.5
 49
1.25
 49
-2.5
  0
LTYPE
  2
LONG3
 70
    64
  3
+++++++++++++++..+++++++++++++++
 72
    65
 73
     2
 40
40.0
 49
37.5
 49
-2.5
  0
LTYPE
  2
LONG4
 70
    64
  3
+++++++++++++++..+++++++++++++++
 72
    65
 73
     2
 40
80.0
 49
75.0
 49
-5.0
  0
LTYPE
  2
LONG5
 70
    64
  3
----------  --  ----------  --  
 72
    65
 73
     4
 40
60.0
 49
37.5
 49
-7.5
 49
7.5
 49
-7.5
  0
LTYPE
  2
dashed
 70
   64
  3
-------   -------------   ------
 72
   65
 73
    2
 40
7.5
 49
6
 49
-1.5
  0
LTYPE
  2
dashed_spaced
 70
   64
  3
----        --------        ----
 72
   65
 73
    2
 40
12
 49
6
 49
-6
  0
LTYPE
  2
long_dashed_dotted
 70
   64
  3
------------- --- --------------
 72
   65
 73
    4
 40
15.25
 49
12
 49
-1.5
 49
0.25
 49
-1.5
  0
LTYPE
  2
long_dashed_double-dotted
 70
   64
  3
----------- --- --- ------------
 72
   65
 73
    6
 40
17
 49
12
 49
-1.5
 49
0.25
 49
-1.5
 49
0.25
 49
-1.5
  0
LTYPE
  2
long_dashed_triplicate-dotted
 70
   64
  3
--------- --- --- --- ----------
 72
   65
 73
    8
 40
18.75
 49
12
 49
-1.5
 49
0.25
 49
-1.5
 49
0.25
 49
-1.5
 49
0.25
 49
-1.5
  0
LTYPE
  2
dotted
 70
   64
  3
   -       -       -       -    
 72
   65
 73
    2
 40
1.75
 49
0.25
 49
-1.5
  0
LTYPE
  2
chain
 70
   64
  3
-------------- -- --------------
 72
   65
 73
    4
 40
18.5
 49
12
 49
-1.5
 49
3.5
 49
-1.5
  0
LTYPE
  2
chain_double_dash
 70
   64
  3
------------ -- -- -------------
 72
   65
 73
    6
 40
23.5
 49
12
 49
-1.5
 49
3.5
 49
-1.5
 49
3.5
 49
-1.5
  0
LTYPE
  2
dashed_dotted
 70
   64
  3
-----------     -     ----------
 72
   65
 73
    4
 40
9.25
 49
6
 49
-1.5
 49
0.25
 49
-1.5
  0
LTYPE
  2
double-dashed_dotted
 70
   64
  3
------   -----------   -   -----
 72
   65
 73
    6
 40
16.75
 49
6
 49
-1.5
 49
6
 49
-1.5
 49
0.25
 49
-1.5
  0
LTYPE
  2
dashed_double-dotted
 70
   64
  3
---------    -    -    ---------
 72
   65
 73
    6
 40
11
 49
6
 49
-1.5
 49
0.25
 49
-1.5
 49
0.25
 49
-1.5
  0
LTYPE
  2
double-dashed_double-dotted
 70
   64
  3
-----   ---------   -   -   ----
 72
   65
 73
    8
 40
18.5
 49
6
 49
-1.5
 49
6
 49
-1.5
 49
0.25
 49
-1.5
 49
0.25
 49
-1.5
  0
LTYPE
  2
dashed_triplicate-dotted
 70
   64
  3
-------    -    -    -    ------
 72
   65
 73
    8
 40
12.75
 49
6
 49
-1.5
 49
0.25
 49
-1.5
 49
0.25
 49
-1.5
 49
0.25
 49
-1.5
  0
LTYPE
  2
double-dashed_triplicate-dotted
 70
   64
  3
-----  ---------  -  -  -  -----
 72
   65
 73
   10
 40
20.25
 49
6
 49
-1.5
 49
6
 49
-1.5
 49
0.25
 49
-1.5
 49
0.25
 49
-1.5
 49
0.25
 49
-1.5
  0
LTYPE
  2
undefined
 70
   64
  3
--------------------------------
 72
   65
 73
    0
 40
0
  0
LTYPE
  2
_
 70
   64
  3
                                
 72
   65
 73
    0
 40
0
  0
LTYPE
  2
__18
 70
   64
  3
                                
 72
   65
 73
    0
 40
0
  0
LTYPE
  2
__19
 70
   64
  3
                                
 72
   65
 73
    0
 40
0
  0
LTYPE
  2
__20
 70
   64
  3
                                
 72
   65
 73
    0
 40
0
  0
LTYPE
  2
__21
 70
   64
  3
                                
 72
   65
 73
    0
 40
0
  0
LTYPE
  2
__22
 70
   64
  3
                                
 72
   65
 73
    0
 40
0
  0
LTYPE
  2
__23
 70
   64
  3
                                
 72
   65
 73
    0
 40
0
  0
LTYPE
  2
__24
 70
   64
  3
                                
 72
   65
 73
    0
 40
0
  0
LTYPE
  2
__25
 70
   64
  3
                                
 72
   65
 73
    0
 40
0
  0
LTYPE
  2
__26
 70
   64
  3
                                
 72
   65
 73
    0
 40
0
  0
LTYPE
  2
__27
 70
   64
  3
                                
 72
   65
 73
    0
 40
0
  0
LTYPE
  2
__28
 70
   64
  3
                                
 72
   65
 73
    0
 40
0
  0
LTYPE
  2
__29
 70
   64
  3
                                
 72
   65
 73
    0
 40
0
  0
LTYPE
  2
__30
 70
   64
  3
                                
 72
   65
 73
    0
 40
0
  0
LTYPE
  2
__31
 70
   64
  3
                                
 72
   65
 73
    0
 40
0
  0
LTYPE
  2
__32
 70
   64
  3
                                
 72
   65
 73
    0
 40
0
  0
ENDTAB
  0
TABLE
  2
STYLE
  5
3
100
AcDbSymbolTable
 70
     1
  0
STYLE
  5
10
100
AcDbSymbolTableRecord
100
AcDbTextStyleTableRecord
  2
STANDARD
 70
     0
 40
0.0
 41
1.0
 50
0.0
 71
     0
 42
0.2
  3
txt
  4
bigfont.shx
  0
STYLE
  5
26
100
AcDbSymbolTableRecord
100
AcDbTextStyleTableRecord
  2
TATEGAKI
 70
    68
 40
0.0
 41
1.0
 50
0.0
 71
     0
 42
1.0
  3
txt
  4
bigfont.shx
  0
ENDTAB
  0
TABLE
  2
LAYER
 70
   11
  0
LAYER
  2
_0-0_敷地
 70
   64
 62
    7
  6
CONTINUOUS
  0
LAYER
  2
_0-1_建物データ
 70
   64
 62
    7
  6
CONTINUOUS
  0
LAYER
  2
_0-3_計画建物－天空率
 70
   64
 62
    7
  6
CONTINUOUS
  0
LAYER
  2
_0-4_天空図建物位置確認
 70
   64
 62
    7
  6
CONTINUOUS
  0
LAYER
  2
_0-5_計画建物用－三斜面積
 70
   64
 62
    7
  6
CONTINUOUS
  0
LAYER
  2
_0-8_測定位置・表示枠・比較
 70
   64
 62
    7
  6
CONTINUOUS
  0
LAYER
  2
_0-9_道路斜線制限データ
 70
   64
 62
    7
  6
CONTINUOUS
  0
LAYER
  2
_0-b_道路斜線用－天空率
 70
   64
 62
    7
  6
CONTINUOUS
  0
LAYER
  2
_0-d_道路斜線用－三斜面積
 70
   64
 62
    7
  6
CONTINUOUS
  0
LAYER
  2
_0-f_
 70
   64
 62
    7
  6
CONTINUOUS
  0
LAYER
  2
ADD_LINE
 70
   64
 62
    7
  6
CONTINUOUS
  0
ENDTAB
  0
ENDSEC
  0
SECTION
  2
BLOCKS
  0
ENDSEC
  0
SECTION
  2
ENTITIES
  0
CIRCLE
  8
_0-4_天空図建物位置確認
  6
CONTINUOUS
 62
   18
 10
39827.852760736197
 20
131368.22085889571
 40
20000
  0
CIRCLE
  8
_0-4_天空図建物位置確認
  6
DASHED3
 62
  132
 10
39827.852760736197
 20
131368.22085889571
 40
19696.15506024416
  0
CIRCLE
  8
_0-4_天空図建物位置確認
  6
DASHED3
 62
  132
 10
39827.852760736197
 20
131368.22085889571
 40
18793.852415718167
  0
CIRCLE
  8
_0-4_天空図建物位置確認
  6
CONTINUOUS
 62
  132
 10
39827.852760736197
 20
131368.22085889571
 40
17320.508075688772
  0
CIRCLE
  8
_0-4_天空図建物位置確認
  6
DASHED3
 62
  132
 10
39827.852760736197
 20
131368.22085889571
 40
15320.888862379561
  0
CIRCLE
  8
_0-4_天空図建物位置確認
  6
DASHED3
 62
  132
 10
39827.852760736197
 20
131368.22085889571
 40
12855.752193730784
  0
CIRCLE
  8
_0-4_天空図建物位置確認
  6
CONTINUOUS
 62
  132
 10
39827.852760736197
 20
131368.22085889571
 40
10000.000000000001
  0
CIRCLE
  8
_0-4_天空図建物位置確認
  6
DASHED3
 62
  132
 10
39827.852760736197
 20
131368.22085889571
 40
6840.4028665133764
  0
CIRCLE
  8
_0-4_天空図建物位置確認
  6
DASHED3
 62
  132
 10
39827.852760736197
 20
131368.22085889571
 40
3472.9635533386085
  0
LINE
  8
_0-4_天空図建物位置確認
  6
CONTINUOUS
 62
  132
 10
39827.852760736197
 20
131368.22085889571
 11
59827.852760736197
 21
131368.22085889571
  0
LINE
  8
_0-4_天空図建物位置確認
  6
DASHED3
 62
  132
 10
39827.852760736197
 20
131368.22085889571
 11
59524.007820980361
 21
134841.18441223431
  0
LINE
  8
_0-4_天空図建物位置確認
  6
DASHED3
 62
  132
 10
39827.852760736197
 20
131368.22085889571
 11
58621.705176454357
 21
138208.62372540906
  0
LINE
  8
_0-4_天空図建物位置確認
  6
CONTINUOUS
 62
  132
 10
39827.852760736197
 20
131368.22085889571
 11
57148.360836424966
 21
141368.22085889571
  0
LINE
  8
_0-4_天空図建物位置確認
  6
DASHED3
 62
  132
 10
39827.852760736197
 20
131368.22085889571
 11
55148.741623115754
 21
144223.97305262647
  0
LINE
  8
_0-4_天空図建物位置確認
  6
DASHED3
 62
  132
 10
39827.852760736197
 20
131368.22085889571
 11
52683.60495446698
 21
146689.10972127527
  0
LINE
  8
_0-4_天空図建物位置確認
  6
CONTINUOUS
 62
  132
 10
39827.852760736197
 20
131368.22085889571
 11
49827.852760736197
 21
148688.72893458447
  0
LINE
  8
_0-4_天空図建物位置確認
  6
DASHED3
 62
  132
 10
39827.852760736197
 20
131368.22085889571
 11
46668.255627249571
 21
150162.07327461388
  0
LINE
  8
_0-4_天空図建物位置確認
  6
DASHED3
 62
  132
 10
39827.852760736197
 20
131368.22085889571
 11
43300.8163140748
 21
151064.37591913985
  0
LINE
  8
_0-4_天空図建物位置確認
  6
CONTINUOUS
 62
  132
 10
39827.852760736197
 20
131368.22085889571
 11
39827.852760736197
 21
151368.22085889571
  0
LINE
  8
_0-4_天空図建物位置確認
  6
DASHED3
 62
  132
 10
39827.852760736197
 20
131368.22085889571
 11
36354.88920739758
 21
151064.37591913985
  0
LINE
  8
_0-4_天空図建物位置確認
  6
DASHED3
 62
  132
 10
39827.852760736197
 20
131368.22085889571
 11
32987.449894222823
 21
150162.07327461388
  0
LINE
  8
_0-4_天空図建物位置確認
  6
CONTINUOUS
 62
  132
 10
39827.852760736197
 20
131368.22085889571
 11
29827.852760736197
 21
148688.72893458447
  0
LINE
  8
_0-4_天空図建物位置確認
  6
DASHED3
 62
  132
 10
39827.852760736197
 20
131368.22085889571
 11
26972.100567005418
 21
146689.10972127527
  0
LINE
  8
_0-4_天空図建物位置確認
  6
DASHED3
 62
  132
 10
39827.852760736197
 20
131368.22085889571
 11
24506.96389835664
 21
144223.97305262647
  0
LINE
  8
_0-4_天空図建物位置確認
  6
CONTINUOUS
 62
  132
 10
39827.852760736197
 20
131368.22085889571
 11
22507.344685047428
 21
141368.22085889571
  0
LINE
  8
_0-4_天空図建物位置確認
  6
DASHED3
 62
  132
 10
39827.852760736197
 20
131368.22085889571
 11
21034.000345018033
 21
138208.62372540909
  0
LINE
  8
_0-4_天空図建物位置確認
  6
DASHED3
 62
  132
 10
39827.852760736197
 20
131368.22085889571
 11
20131.697700492033
 21
134841.18441223431
  0
LINE
  8
_0-4_天空図建物位置確認
  6
CONTINUOUS
 62
  132
 10
39827.852760736197
 20
131368.22085889571
 11
19827.852760736197
 21
131368.22085889571
  0
LINE
  8
_0-4_天空図建物位置確認
  6
DASHED3
 62
  132
 10
39827.852760736197
 20
131368.22085889571
 11
20131.697700492033
 21
127895.25730555711
  0
LINE
  8
_0-4_天空図建物位置確認
  6
DASHED3
 62
  132
 10
39827.852760736197
 20
131368.22085889571
 11
21034.000345018033
 21
124527.81799238231
  0
LINE
  8
_0-4_天空図建物位置確認
  6
CONTINUOUS
 62
  132
 10
39827.852760736197
 20
131368.22085889571
 11
22507.344685047428
 21
121368.22085889571
  0
LINE
  8
_0-4_天空図建物位置確認
  6
DASHED3
 62
  132
 10
39827.852760736197
 20
131368.22085889571
 11
24506.96389835664
 21
118512.46866516489
  0
LINE
  8
_0-4_天空図建物位置確認
  6
DASHED3
 62
  132
 10
39827.852760736197
 20
131368.22085889571
 11
26972.100567005418
 21
116047.33199651613
  0
LINE
  8
_0-4_天空図建物位置確認
  6
CONTINUOUS
 62
  132
 10
39827.852760736197
 20
131368.22085889571
 11
29827.852760736186
 21
114047.71278320692
  0
LINE
  8
_0-4_天空図建物位置確認
  6
DASHED3
 62
  132
 10
39827.852760736197
 20
131368.22085889571
 11
32987.449894222809
 21
112574.36844317753
  0
LINE
  8
_0-4_天空図建物位置確認
  6
DASHED3
 62
  132
 10
39827.852760736197
 20
131368.22085889571
 11
36354.889207397594
 21
111672.06579865155
  0
LINE
  8
_0-4_天空図建物位置確認
  6
CONTINUOUS
 62
  132
 10
39827.852760736197
 20
131368.22085889571
 11
39827.852760736197
 21
111368.22085889571
  0
LINE
  8
_0-4_天空図建物位置確認
  6
DASHED3
 62
  132
 10
39827.852760736197
 20
131368.22085889571
 11
43300.8163140748
 21
111672.06579865155
  0
LINE
  8
_0-4_天空図建物位置確認
  6
DASHED3
 62
  132
 10
39827.852760736197
 20
131368.22085889571
 11
46668.255627249571
 21
112574.36844317753
  0
LINE
  8
_0-4_天空図建物位置確認
  6
CONTINUOUS
 62
  132
 10
39827.852760736197
 20
131368.22085889571
 11
49827.852760736197
 21
114047.71278320692
  0
LINE
  8
_0-4_天空図建物位置確認
  6
DASHED3
 62
  132
 10
39827.852760736197
 20
131368.22085889571
 11
52683.60495446698
 21
116047.33199651613
  0
LINE
  8
_0-4_天空図建物位置確認
  6
DASHED3
 62
  132
 10
39827.852760736197
 20
131368.22085889571
 11
55148.741623115754
 21
118512.46866516492
  0
LINE
  8
_0-4_天空図建物位置確認
  6
CONTINUOUS
 62
  132
 10
39827.852760736197
 20
131368.22085889571
 11
57148.360836424966
 21
121368.22085889571
  0
LINE
  8
_0-4_天空図建物位置確認
  6
DASHED3
 62
  132
 10
39827.852760736197
 20
131368.22085889571
 11
58621.705176454357
 21
124527.81799238231
  0
LINE
  8
_0-4_天空図建物位置確認
  6
DASHED3
 62
  132
 10
39827.852760736197
 20
131368.22085889571
 11
59524.007820980354
 21
127895.25730555708
  0
POINT
  8
_0-4_天空図建物位置確認
 62
   18
 10
81725.45276732133
 20
67110.169491525419
  0
TEXT
  8
_0-4_天空図建物位置確認
 62
  132
 10
81725.45276732133
 20
67110.169491525419
 40
500
 41
1
 50
0
  1
No.1
  0
TEXT
  8
_0-4_天空図建物位置確認
 62
  132
 10
36452.852760736197
 20
110618.22085889571
 40
500
 41
1
 50
0
  1
測定点 No.1 　目盛間隔 10°
  0
TEXT
  8
_0-4_天空図建物位置確認
 62
  132
 10
36202.852760736197
 20
109868.22085889571
 40
500
 41
1
 50
0
  1
正射影 　測定面高さ = 0.000 m
  0
TEXT
  8
_0-4_天空図建物位置確認
 62
  132
 10
33827.852760736197
 20
108868.22085889571
 40
500
 41
1
 50
0
  1
建物位置確認表 　天空図半径(R) = 100.000(図寸mm)
  0
TEXT
  8
_0-4_天空図建物位置確認
 62
  132
 10
38077.852760736197
 20
108118.22085889571
 40
500
 41
1
 50
0
  1
《計画建物用》
  0
TEXT
  8
_0-4_天空図建物位置確認
 62
  132
 10
33702.852760736197
 20
107368.22085889571
 40
500
 41
1
 50
0
  1
位置
  0
TEXT
  8
_0-4_天空図建物位置確認
 62
  132
 10
36452.852760736197
 20
107368.22085889571
 40
500
 41
1
 50
0
  1
配置図
  0
TEXT
  8
_0-4_天空図建物位置確認
 62
  132
 10
42202.852760736197
 20
107368.22085889571
 40
500
 41
1
 50
0
  1
天空図
  0
TEXT
  8
_0-4_天空図建物位置確認
 62
  132
 10
33952.852760736197
 20
106618.22085889571
 40
500
 41
1
 50
0
  1
No.
  0
TEXT
  8
_0-4_天空図建物位置確認
 62
  132
 10
35827.852760736197
 20
106618.22085889571
 40
500
 41
1
 50
0
  1
距離
  0
TEXT
  8
_0-4_天空図建物位置確認
 62
  132
 10
38077.852760736197
 20
106618.22085889571
 40
500
 41
1
 50
0
  1
高さ
  0
TEXT
  8
_0-4_天空図建物位置確認
 62
  132
 10
39952.852760736197
 20
106618.22085889571
 40
500
 41
1
 50
0
  1
方位角
  0
TEXT
  8
_0-4_天空図建物位置確認
 62
  132
 10
42202.852760736197
 20
106618.22085889571
 40
500
 41
1
 50
0
  1
仰角:h
  0
TEXT
  8
_0-4_天空図建物位置確認
 62
  132
 10
44202.852760736197
 20
106618.22085889571
 40
500
 41
1
 50
0
  1
R*cos(h)
  0
TEXT
  8
_0-4_天空図建物位置確認
 62
  132
 10
35452.852760736197
 20
106018.22085889571
 40
500
 41
1
 50
0
  1
(実寸m)
  0
TEXT
  8
_0-4_天空図建物位置確認
 62
  132
 10
37702.852760736197
 20
106018.22085889571
 40
500
 41
1
 50
0
  1
(実寸m)
  0
TEXT
  8
_0-4_天空図建物位置確認
 62
  132
 10
40702.852760736197
 20
106018.22085889571
 40
500
 41
1
 50
0
  1
(ﾟ)
  0
TEXT
  8
_0-4_天空図建物位置確認
 62
  132
 10
42952.852760736197
 20
106018.22085889571
 40
500
 41
1
 50
0
  1
(ﾟ)
  0
TEXT
  8
_0-4_天空図建物位置確認
 62
  132
 10
44202.852760736197
 20
106018.22085889571
 40
500
 41
1
 50
0
  1
(図寸mm)
  0
TEXT
  8
_0-4_天空図建物位置確認
 62
  132
 10
34202.852760736197
 20
105268.22085889571
 40
500
 41
1
 50
0
  1
(1)
  0
TEXT
  8
_0-4_天空図建物位置確認
 62
  132
 10
35702.852760736197
 20
105268.22085889571
 40
500
 41
1
 50
0
  1
14.959
  0
TEXT
  8
_0-4_天空図建物位置確認
 62
  132
 10
37952.852760736197
 20
105268.22085889571
 40
500
 41
1
 50
0
  1
14.000
  0
TEXT
  8
_0-4_天空図建物位置確認
 62
  132
 10
40202.852760736197
 20
105268.22085889571
 40
500
 41
1
 50
0
  1
60.350
  0
TEXT
  8
_0-4_天空図建物位置確認
 62
  132
 10
42452.852760736197
 20
105268.22085889571
 40
500
 41
1
 50
0
  1
43.104
  0
TEXT
  8
_0-4_天空図建物位置確認
 62
  132
 10
44702.852760736197
 20
105268.22085889571
 40
500
 41
1
 50
0
  1
73.011
  0
POINT
  8
_0-4_天空図建物位置確認
 62
   92
 10
47051.577516844408
 20
144058.54813313984
  0
TEXT
  8
_0-4_天空図建物位置確認
 62
  132
 10
46676.577516844408
 20
144058.54813313984
 40
500
 41
1
 50
0
  1
(1)
  0
TEXT
  8
_0-4_天空図建物位置確認
 62
  132
 10
34202.852760736197
 20
104518.22085889571
 40
500
 41
1
 50
0
  1
(2)
  0
TEXT
  8
_0-4_天空図建物位置確認
 62
  132
 10
35702.852760736197
 20
104518.22085889571
 40
500
 41
1
 50
0
  1
21.881
  0
TEXT
  8
_0-4_天空図建物位置確認
 62
  132
 10
37952.852760736197
 20
104518.22085889571
 40
500
 41
1
 50
0
  1
14.000
  0
TEXT
  8
_0-4_天空図建物位置確認
 62
  132
 10
40202.852760736197
 20
104518.22085889571
 40
500
 41
1
 50
0
  1
36.451
  0
TEXT
  8
_0-4_天空図建物位置確認
 62
  132
 10
42452.852760736197
 20
104518.22085889571
 40
500
 41
1
 50
0
  1
32.613
  0
TEXT
  8
_0-4_天空図建物位置確認
 62
  132
 10
44702.852760736197
 20
104518.22085889571
 40
500
 41
1
 50
0
  1
84.233
  0
POINT
  8
_0-4_天空図建物位置確認
 62
   92
 10
53378.748339998084
 20
141377.40509357777
  0
TEXT
  8
_0-4_天空図建物位置確認
 62
  132
 10
53003.748339998084
 20
141377.40509357777
 40
500
 41
1
 50
0
  1
(2)
  0
TEXT
  8
_0-4_天空図建物位置確認
 62
  132
 10
34202.852760736197
 20
103768.22085889571
 40
500
 41
1
 50
0
  1
(3)
  0
TEXT
  8
_0-4_天空図建物位置確認
 62
  132
 10
35952.852760736197
 20
103768.22085889571
 40
500
 41
1
 50
0
  1
8.477
  0
TEXT
  8
_0-4_天空図建物位置確認
 62
  132
 10
37952.852760736197
 20
103768.22085889571
 40
500
 41
1
 50
0
  1
12.000
  0
TEXT
  8
_0-4_天空図建物位置確認
 62
  132
 10
40202.852760736197
 20
103768.22085889571
 40
500
 41
1
 50
0
  1
72.848
  0
TEXT
  8
_0-4_天空図建物位置確認
 62
  132
 10
42452.852760736197
 20
103768.22085889571
 40
500
 41
1
 50
0
  1
54.762
  0
TEXT
  8
_0-4_天空図建物位置確認
 62
  132
 10
44702.852760736197
 20
103768.22085889571
 40
500
 41
1
 50
0
  1
57.698
  0
POINT
  8
_0-4_天空図建物位置確認
 62
   92
 10
43231.024906562444
 20
142394.49861137277
  0
TEXT
  8
_0-4_天空図建物位置確認
 62
  132
 10
42856.024906562444
 20
142394.49861137277
 40
500
 41
1
 50
0
  1
(3)
  0
TEXT
  8
_0-4_天空図建物位置確認
 62
  132
 10
34202.852760736197
 20
103018.22085889571
 40
500
 41
1
 50
0
  1
(4)
  0
TEXT
  8
_0-4_天空図建物位置確認
 62
  132
 10
35702.852760736197
 20
103018.22085889571
 40
500
 41
1
 50
0
  1
23.914
  0
TEXT
  8
_0-4_天空図建物位置確認
 62
  132
 10
37952.852760736197
 20
103018.22085889571
 40
500
 41
1
 50
0
  1
12.000
  0
TEXT
  8
_0-4_天空図建物位置確認
 62
  132
 10
40202.852760736197
 20
103018.22085889571
 40
500
 41
1
 50
0
  1
19.799
  0
TEXT
  8
_0-4_天空図建物位置確認
 62
  132
 10
42452.852760736197
 20
103018.22085889571
 40
500
 41
1
 50
0
  1
26.648
  0
TEXT
  8
_0-4_天空図建物位置確認
 62
  132
 10
44702.852760736197
 20
103018.22085889571
 40
500
 41
1
 50
0
  1
89.378
  0
POINT
  8
_0-4_天空図建物位置確認
 62
   92
 10
56646.786737228503
 20
137423.03709043294
  0
TEXT
  8
_0-4_天空図建物位置確認
 62
  132
 10
56271.786737228503
 20
137423.03709043294
 40
500
 41
1
 50
0
  1
(4)
  0
TEXT
  8
_0-4_天空図建物位置確認
 62
  132
 10
34202.852760736197
 20
102268.22085889571
 40
500
 41
1
 50
0
  1
(5)
  0
TEXT
  8
_0-4_天空図建物位置確認
 62
  132
 10
35702.852760736197
 20
102268.22085889571
 40
500
 41
1
 50
0
  1
18.074
  0
TEXT
  8
_0-4_天空図建物位置確認
 62
  132
 10
37952.852760736197
 20
102268.22085889571
 40
500
 41
1
 50
0
  1
12.000
  0
TEXT
  8
_0-4_天空図建物位置確認
 62
  132
 10
40202.852760736197
 20
102268.22085889571
 40
500
 41
1
 50
0
  1
82.049
  0
TEXT
  8
_0-4_天空図建物位置確認
 62
  132
 10
42452.852760736197
 20
102268.22085889571
 40
500
 41
1
 50
0
  1
33.582
  0
TEXT
  8
_0-4_天空図建物位置確認
 62
  132
 10
44702.852760736197
 20
102268.22085889571
 40
500
 41
1
 50
0
  1
83.309
  0
POINT
  8
_0-4_天空図建物位置確認
 62
   92
 10
42132.563147591783
 20
147869.94722878164
  0
TEXT
  8
_0-4_天空図建物位置確認
 62
  132
 10
41757.563147591783
 20
147869.94722878164
 40
500
 41
1
 50
0
  1
(5)
  0
TEXT
  8
_0-4_天空図建物位置確認
 62
  132
 10
34202.852760736197
 20
101518.22085889571
 40
500
 41
1
 50
0
  1
(6)
  0
TEXT
  8
_0-4_天空図建物位置確認
 62
  132
 10
35702.852760736197
 20
101518.22085889571
 40
500
 41
1
 50
0
  1
28.752
  0
TEXT
  8
_0-4_天空図建物位置確認
 62
  132
 10
37952.852760736197
 20
101518.22085889571
 40
500
 41
1
 50
0
  1
12.000
  0
TEXT
  8
_0-4_天空図建物位置確認
 62
  132
 10
40202.852760736197
 20
101518.22085889571
 40
500
 41
1
 50
0
  1
38.504
  0
TEXT
  8
_0-4_天空図建物位置確認
 62
  132
 10
42452.852760736197
 20
101518.22085889571
 40
500
 41
1
 50
0
  1
22.654
  0
TEXT
  8
_0-4_天空図建物位置確認
 62
  132
 10
44702.852760736197
 20
101518.22085889571
 40
500
 41
1
 50
0
  1
92.285
  0
POINT
  8
_0-4_天空図建物位置確認
 62
   92
 10
54271.568983738521
 20
142858.99954297312
  0
TEXT
  8
_0-4_天空図建物位置確認
 62
  132
 10
53896.568983738521
 20
142858.99954297312
 40
500
 41
1
 50
0
  1
(6)
  0
LINE
  8
_0-4_天空図建物位置確認
  6
CONTINUOUS
 62
  132
 10
33327.852760736197
 20
107993.22085889571
 11
46327.852760736197
 21
107993.22085889571
  0
LINE
  8
_0-4_天空図建物位置確認
  6
CONTINUOUS
 62
  132
 10
35077.852760736197
 20
107243.22085889571
 11
46327.852760736197
 21
107243.22085889571
  0
LINE
  8
_0-4_天空図建物位置確認
  6
CONTINUOUS
 62
  132
 10
33327.852760736197
 20
105893.22085889571
 11
46327.852760736197
 21
105893.22085889571
  0
LINE
  8
_0-4_天空図建物位置確認
  6
CONTINUOUS
 62
  132
 10
33327.852760736197
 20
105143.22085889571
 11
46327.852760736197
 21
105143.22085889571
  0
LINE
  8
_0-4_天空図建物位置確認
  6
CONTINUOUS
 62
  132
 10
33327.852760736197
 20
104393.22085889571
 11
46327.852760736197
 21
104393.22085889571
  0
LINE
  8
_0-4_天空図建物位置確認
  6
CONTINUOUS
 62
  132
 10
33327.852760736197
 20
103643.22085889571
 11
46327.852760736197
 21
103643.22085889571
  0
LINE
  8
_0-4_天空図建物位置確認
  6
CONTINUOUS
 62
  132
 10
33327.852760736197
 20
102893.22085889571
 11
46327.852760736197
 21
102893.22085889571
  0
LINE
  8
_0-4_天空図建物位置確認
  6
CONTINUOUS
 62
  132
 10
33327.852760736197
 20
102143.22085889571
 11
46327.852760736197
 21
102143.22085889571
  0
LINE
  8
_0-4_天空図建物位置確認
  6
CONTINUOUS
 62
  132
 10
33327.852760736197
 20
101393.22085889571
 11
46327.852760736197
 21
101393.22085889571
  0
LINE
  8
_0-4_天空図建物位置確認
  6
CONTINUOUS
 62
  132
 10
33327.852760736197
 20
107993.22085889571
 11
33327.852760736197
 21
101393.22085889571
  0
LINE
  8
_0-4_天空図建物位置確認
  6
CONTINUOUS
 62
  132
 10
35077.852760736197
 20
107993.22085889571
 11
35077.852760736197
 21
101393.22085889571
  0
LINE
  8
_0-4_天空図建物位置確認
  6
CONTINUOUS
 62
  132
 10
37327.852760736197
 20
107243.22085889571
 11
37327.852760736197
 21
101393.22085889571
  0
LINE
  8
_0-4_天空図建物位置確認
  6
CONTINUOUS
 62
  132
 10
39577.852760736197
 20
107993.22085889571
 11
39577.852760736197
 21
101393.22085889571
  0
LINE
  8
_0-4_天空図建物位置確認
  6
CONTINUOUS
 62
  132
 10
41827.852760736197
 20
107243.22085889571
 11
41827.852760736197
 21
101393.22085889571
  0
LINE
  8
_0-4_天空図建物位置確認
  6
CONTINUOUS
 62
  132
 10
44077.852760736197
 20
107243.22085889571
 11
44077.852760736197
 21
101393.22085889571
  0
LINE
  8
_0-4_天空図建物位置確認
  6
CONTINUOUS
 62
  132
 10
46327.852760736197
 20
107993.22085889571
 11
46327.852760736197
 21
101393.22085889571
  0
POINT
  8
_0-4_天空図建物位置確認
 62
   92
 10
39827.852760736197
 20
131368.22085889571
  0
LINE
  8
_0-4_天空図建物位置確認
  6
CONTINUOUS
 62
   18
 10
54271.568983738521
 20
142858.99954297312
 11
53897.984248570515
 21
143174.46300095331
  0
LINE
  8
_0-4_天空図建物位置確認
  6
CONTINUOUS
 62
   18
 10
53897.984248570515
 20
143174.46300095331
 11
53388.848637495015
 21
143578.59639103568
  0
LINE
  8
_0-4_天空図建物位置確認
  6
CONTINUOUS
 62
   18
 10
53388.848637495015
 20
143578.59639103568
 11
52869.787968836928
 21
143962.67129111973
  0
LINE
  8
_0-4_天空図建物位置確認
  6
CONTINUOUS
 62
   18
 10
52869.787968836928
 20
143962.67129111973
 11
52341.912274422516
 21
144326.90883389717
  0
LINE
  8
_0-4_天空図建物位置確認
  6
CONTINUOUS
 62
   18
 10
52341.912274422516
 20
144326.90883389717
 11
51806.248185472373
 21
144671.57672518046
  0
LINE
  8
_0-4_天空図建物位置確認
  6
CONTINUOUS
 62
   18
 10
51806.248185472373
 20
144671.57672518046
 11
51263.739378855163
 21
144996.97982053903
  0
LINE
  8
_0-4_天空図建物位置確認
  6
CONTINUOUS
 62
   18
 10
51263.739378855163
 20
144996.97982053903
 11
50715.24808458014
 21
145303.45140002781
  0
LINE
  8
_0-4_天空図建物位置確認
  6
CONTINUOUS
 62
   18
 10
50715.24808458014
 20
145303.45140002781
 11
50161.557461443633
 21
145591.34518043743
  0
LINE
  8
_0-4_天空図建物位置確認
  6
CONTINUOUS
 62
   18
 10
50161.557461443633
 20
145591.34518043743
 11
49603.374663278125
 21
145861.02807844575
  0
LINE
  8
_0-4_天空図建物位置確認
  6
CONTINUOUS
 62
   18
 10
49603.374663278125
 20
145861.02807844575
 11
49041.334436334524
 21
146112.8737170427
  0
LINE
  8
_0-4_天空図建物位置確認
  6
CONTINUOUS
 62
   18
 10
49041.334436334524
 20
146112.8737170427
 11
48476.003107679323
 21
146347.25665129564
  0
LINE
  8
_0-4_天空図建物位置確認
  6
CONTINUOUS
 62
   18
 10
48476.003107679323
 20
146347.25665129564
 11
47907.882844088468
 21
146564.54727745085
  0
LINE
  8
_0-4_天空図建物位置確認
  6
CONTINUOUS
 62
   18
 10
47907.882844088468
 20
146564.54727745085
 11
47337.416080008355
 21
146765.1073809824
  0
LINE
  8
_0-4_天空図建物位置確認
  6
CONTINUOUS
 62
   18
 10
47337.416080008355
 20
146765.1073809824
 11
46764.990031185174
 21
146949.28627394564
  0
LINE
  8
_0-4_天空図建物位置確認
  6
CONTINUOUS
 62
   18
 10
46764.990031185174
 20
146949.28627394564
 11
46190.941227181938
 21
147117.41746932046
  0
LINE
  8
_0-4_天空図建物位置確認
  6
CONTINUOUS
 62
   18
 10
46190.941227181938
 20
147117.41746932046
 11
45615.560011008288
 21
147269.81583943212
  0
LINE
  8
_0-4_天空図建物位置確認
  6
CONTINUOUS
 62
   18
 10
45615.560011008288
 20
147269.81583943212
 11
45039.094967395089
 21
147406.77520656268
  0
LINE
  8
_0-4_天空図建物位置確認
  6
CONTINUOUS
 62
   18
 10
45039.094967395089
 20
147406.77520656268
 11
44461.757252862902
 21
147528.56631611767
  0
LINE
  8
_0-4_天空図建物位置確認
  6
CONTINUOUS
 62
   18
 10
44461.757252862902
 20
147528.56631611767
 11
43883.724810728766
 21
147635.43514586691
  0
LINE
  8
_0-4_天空図建物位置確認
  6
CONTINUOUS
 62
   18
 10
43883.724810728766
 20
147635.43514586691
 11
43305.146462678996
 21
147727.6015085557
  0
LINE
  8
_0-4_天空図建物位置確認
  6
CONTINUOUS
 62
   18
 10
43305.146462678996
 20
147727.6015085557
 11
42726.145875641319
 21
147805.25790938036
  0
LINE
  8
_0-4_天空図建物位置確認
  6
CONTINUOUS
 62
   18
 10
42726.145875641319
 20
147805.25790938036
 11
42132.563147591783
 21
147869.94722878164
  0
LINE
  8
_0-4_天空図建物位置確認
  6
CONTINUOUS
 62
   18
 10
56646.786737228503
 20
137423.03709043294
 11
56592.439779686814
 21
137470.03152355927
  0
LINE
  8
_0-4_天空図建物位置確認
  6
CONTINUOUS
 62
   18
 10
56592.439779686814
 20
137470.03152355927
 11
56041.953190041997
 21
137919.14266066031
  0
LINE
  8
_0-4_天空図建物位置確認
  6
CONTINUOUS
 62
   18
 10
56041.953190041997
 20
137919.14266066031
 11
55477.237131242567
 21
138335.77568806422
  0
LINE
  8
_0-4_天空図建物位置確認
  6
CONTINUOUS
 62
   18
 10
55477.237131242567
 20
138335.77568806422
 11
54903.48056918208
 21
138721.0958341645
  0
LINE
  8
_0-4_天空図建物位置確認
  6
CONTINUOUS
 62
   18
 10
54903.48056918208
 20
138721.0958341645
 11
54325.121087258012
 21
139076.55516143457
  0
LINE
  8
_0-4_天空図建物位置確認
  6
CONTINUOUS
 62
   18
 10
54325.121087258012
 20
139076.55516143457
 11
53745.871617341676
 21
139403.79279234315
  0
LINE
  8
_0-4_天空図建物位置確認
  6
CONTINUOUS
 62
   18
 10
53745.871617341676
 20
139403.79279234315
 11
53168.771425083345
 21
139704.55205856135
  0
LINE
  8
_0-4_天空図建物位置確認
  6
CONTINUOUS
 62
   18
 10
53168.771425083345
 20
139704.55205856135
 11
52596.251347285899
 21
139980.61445196229
  0
LINE
  8
_0-4_天空図建物位置確認
  6
CONTINUOUS
 62
   18
 10
52596.251347285899
 20
139980.61445196229
 11
52030.205465934719
 21
140233.74904094368
  0
LINE
  8
_0-4_天空図建物位置確認
  6
CONTINUOUS
 62
   18
 10
52030.205465934719
 20
140233.74904094368
 11
51472.063530038896
 21
140465.67536496664
  0
LINE
  8
_0-4_天空図建物位置確認
  6
CONTINUOUS
 62
   18
 10
51472.063530038896
 20
140465.67536496664
 11
50922.860287498704
 21
140678.03758251128
  0
LINE
  8
_0-4_天空図建物位置確認
  6
CONTINUOUS
 62
   18
 10
50922.860287498704
 20
140678.03758251128
 11
50383.299378099276
 21
140872.38768253938
  0
LINE
  8
_0-4_天空図建物位置確認
  6
CONTINUOUS
 62
   18
 10
50383.299378099276
 20
140872.38768253938
 11
49853.810561362719
 21
141050.17576365015
  0
LINE
  8
_0-4_天空図建物位置確認
  6
CONTINUOUS
 62
   18
 10
49853.810561362719
 20
141050.17576365015
 11
49334.599850282815
 21
141212.7456556615
  0
LINE
  8
_0-4_天空図建物位置確認
  6
CONTINUOUS
 62
   18
 10
49334.599850282815
 20
141212.7456556615
 11
48825.692653407691
 21
141361.33445012604
  0
LINE
  8
_0-4_天空図建物位置確認
  6
CONTINUOUS
 62
   18
 10
48825.692653407691
 20
141361.33445012604
 11
48326.970355120603
 21
141497.07478588397
  0
LINE
  8
_0-4_天空図建物位置確認
  6
CONTINUOUS
 62
   18
 10
48326.970355120603
 20
141497.07478588397
 11
47838.200942794188
 21
141620.99898547388
  0
LINE
  8
_0-4_天空図建物位置確認
  6
CONTINUOUS
 62
   18
 10
47838.200942794188
 20
141620.99898547388
 11
47359.064365449659
 21
141734.04435086602
  0
LINE
  8
_0-4_天空図建物位置確認
  6
CONTINUOUS
 62
   18
 10
47359.064365449659
 20
141734.04435086602
 11
46889.173317014399
 21
141837.05910179045
  0
LINE
  8
_0-4_天空図建物位置確認
  6
CONTINUOUS
 62
   18
 10
46889.173317014399
 20
141837.05910179045
 11
46428.090104324917
 21
141930.80857970693
  0
LINE
  8
_0-4_天空図建物位置確認
  6
CONTINUOUS
 62
   18
 10
46428.090104324917
 20
141930.80857970693
 11
45975.340204094813
 21
142015.98144968453
  0
LINE
  8
_0-4_天空図建物位置確認
  6
CONTINUOUS
 62
   18
 10
45975.340204094813
 20
142015.98144968453
 11
45530.423046637304
 21
142093.19571608753
  0
LINE
  8
_0-4_天空図建物位置確認
  6
CONTINUOUS
 62
   18
 10
45530.423046637304
 20
142093.19571608753
 11
45092.820495265274
 21
142163.00443079174
  0
LINE
  8
_0-4_天空図建物位置確認
  6
CONTINUOUS
 62
   18
 10
45092.820495265274
 20
142163.00443079174
 11
44662.003423905538
 21
142225.9010189675
  0
LINE
  8
_0-4_天空図建物位置確認
  6
CONTINUOUS
 62
   18
 10
44662.003423905538
 20
142225.9010189675
 11
44237.436734301423
 21
142282.32418090218
  0
LINE
  8
_0-4_天空図建物位置確認
  6
CONTINUOUS
 62
   18
 10
44237.436734301423
 20
142282.32418090218
 11
43818.583099543968
 21
142332.6623519026
  0
LINE
  8
_0-4_天空図建物位置確認
  6
CONTINUOUS
 62
   18
 10
43818.583099543968
 20
142332.6623519026
 11
43404.905672949666
 21
142377.25771841991
  0
LINE
  8
_0-4_天空図建物位置確認
  6
CONTINUOUS
 62
   18
 10
43404.905672949666
 20
142377.25771841991
 11
43231.024906562444
 21
142394.49861137277
  0
LINE
  8
_0-4_天空図建物位置確認
  6
CONTINUOUS
 62
   18
 10
56646.786737228503
 20
137423.03709043294
 11
56629.718810226077
 21
137483.59998103787
  0
LINE
  8
_0-4_天空図建物位置確認
  6
CONTINUOUS
 62
   18
 10
56629.718810226077
 20
137483.59998103787
 11
56450.24258419263
 21
138084.10228362752
  0
LINE
  8
_0-4_天空図建物位置確認
  6
CONTINUOUS
 62
   18
 10
56450.24258419263
 20
138084.10228362752
 11
56252.925527981598
 21
138681.13441315339
  0
LINE
  8
_0-4_天空図建物位置確認
  6
CONTINUOUS
 62
   18
 10
56252.925527981598
 20
138681.13441315339
 11
56037.588922539769
 21
139274.23743706181
  0
LINE
  8
_0-4_天空図建物位置確認
  6
CONTINUOUS
 62
   18
 10
56037.588922539769
 20
139274.23743706181
 11
55804.050037682827
 21
139862.91563313265
  0
LINE
  8
_0-4_天空図建物位置確認
  6
CONTINUOUS
 62
   18
 10
55804.050037682827
 20
139862.91563313265
 11
55552.125311564974
 21
140446.63384892774
  0
LINE
  8
_0-4_天空図建物位置確認
  6
CONTINUOUS
 62
   18
 10
55552.125311564974
 20
140446.63384892774
 11
55281.633882592082
 21
141024.81505305838
  0
LINE
  8
_0-4_天空図建物位置確認
  6
CONTINUOUS
 62
   18
 10
55281.633882592082
 20
141024.81505305838
 11
54992.401484057503
 21
141596.83812684789
  0
LINE
  8
_0-4_天空図建物位置確認
  6
CONTINUOUS
 62
   18
 10
54992.401484057503
 20
141596.83812684789
 11
54684.264707275178
 21
142162.03595162319
  0
LINE
  8
_0-4_天空図建物位置確認
  6
CONTINUOUS
 62
   18
 10
54684.264707275178
 20
142162.03595162319
 11
54357.075633102555
 21
142719.69385338819
  0
LINE
  8
_0-4_天空図建物位置確認
  6
CONTINUOUS
 62
   18
 10
54357.075633102555
 20
142719.69385338819
 11
54271.568983738521
 21
142858.99954297312
  0
LINE
  8
_0-4_天空図建物位置確認
  6
CONTINUOUS
 62
   18
 10
53378.748339998084
 20
141377.40509357777
 11
52963.209931967583
 21
141630.68661581072
  0
LINE
  8
_0-4_天空図建物位置確認
  6
CONTINUOUS
 62
   18
 10
52963.209931967583
 20
141630.68661581072
 11
52425.009400088594
 21
141938.49034885872
  0
LINE
  8
_0-4_天空図建物位置確認
  6
CONTINUOUS
 62
   18
 10
52425.009400088594
 20
141938.49034885872
 11
51886.159504194656
 21
142225.56901808961
  0
LINE
  8
_0-4_天空図建物位置確認
  6
CONTINUOUS
 62
   18
 10
51886.159504194656
 20
142225.56901808961
 11
51347.822421371361
 21
142492.92624628916
  0
LINE
  8
_0-4_天空図建物位置確認
  6
CONTINUOUS
 62
   18
 10
51347.822421371361
 20
142492.92624628916
 11
50810.956760140717
 21
142741.55798979353
  0
LINE
  8
_0-4_天空図建物位置確認
  6
CONTINUOUS
 62
   18
 10
50810.956760140717
 20
142741.55798979353
 11
50276.337916420132
 21
142972.43923380534
  0
LINE
  8
_0-4_天空図建物位置確認
  6
CONTINUOUS
 62
   18
 10
50276.337916420132
 20
142972.43923380534
 11
49744.577947499899
 21
143186.51372699081
  0
LINE
  8
_0-4_天空図建物位置確認
  6
CONTINUOUS
 62
   18
 10
49744.577947499899
 20
143186.51372699081
 11
49216.144500109883
 21
143384.68631129447
  0
LINE
  8
_0-4_天空図建物位置確認
  6
CONTINUOUS
 62
   18
 10
49216.144500109883
 20
143384.68631129447
 11
48691.378489837414
 21
143567.8174240617
  0
LINE
  8
_0-4_天空図建物位置確認
  6
CONTINUOUS
 62
   18
 10
48691.378489837414
 20
143567.8174240617
 11
48170.510356607926
 21
143736.71938420148
  0
LINE
  8
_0-4_天空図建物位置確認
  6
CONTINUOUS
 62
   18
 10
48170.510356607926
 20
143736.71938420148
 11
47653.674818346276
 21
143892.15411582021
  0
LINE
  8
_0-4_天空図建物位置確認
  6
CONTINUOUS
 62
   18
 10
47653.674818346276
 20
143892.15411582021
 11
47140.92411675534
 21
144034.83200689751
  0
LINE
  8
_0-4_天空図建物位置確認
  6
CONTINUOUS
 62
   18
 10
47140.92411675534
 20
144034.83200689751
 11
47051.577516844408
 21
144058.54813313984
  0
LINE
  8
_0-4_天空図建物位置確認
  6
CONTINUOUS
 62
   18
 10
56646.786737228503
 20
137423.03709043294
 11
56612.318786286836
 21
137477.26689024848
  0
LINE
  8
_0-4_天空図建物位置確認
  6
CONTINUOUS
 62
   18
 10
56612.318786286836
 20
137477.26689024848
 11
56261.53011407754
 21
138007.85749655889
  0
LINE
  8
_0-4_天空図建物位置確認
  6
CONTINUOUS
 62
   18
 10
56261.53011407754
 20
138007.85749655889
 11
55896.959410503142
 21
138522.64808665408
  0
LINE
  8
_0-4_天空図建物位置確認
  6
CONTINUOUS
 62
   18
 10
55896.959410503142
 20
138522.64808665408
 11
55519.711710138275
 21
139021.65184369796
  0
LINE
  8
_0-4_天空図建物位置確認
  6
CONTINUOUS
 62
   18
 10
55519.711710138275
 20
139021.65184369796
 11
55130.807400187652
 21
139504.9461729798
  0
LINE
  8
_0-4_天空図建物位置確認
  6
CONTINUOUS
 62
   18
 10
55130.807400187652
 20
139504.9461729798
 11
54731.182492400555
 21
139972.66229129387
  0
LINE
  8
_0-4_天空図建物位置確認
  6
CONTINUOUS
 62
   18
 10
54731.182492400555
 20
139972.66229129387
 11
54321.689997717388
 21
140424.97553984742
  0
LINE
  8
_0-4_天空図建物位置確認
  6
CONTINUOUS
 62
   18
 10
54321.689997717388
 20
140424.97553984742
 11
53903.102178537599
 21
140862.09646788417
  0
LINE
  8
_0-4_天空図建物位置確認
  6
CONTINUOUS
 62
   18
 10
53903.102178537599
 20
140862.09646788417
 11
53476.113477826969
 21
141284.26270316709
  0
LINE
  8
_0-4_天空図建物位置確認
  6
CONTINUOUS
 62
   18
 10
53476.113477826969
 20
141284.26270316709
 11
53378.748339998084
 21
141377.40509357777
  0
LINE
  8
_0-4_天空図建物位置確認
  6
CONTINUOUS
 62
   18
 10
47051.577516844408
 20
144058.54813313984
 11
46739.500876469028
 21
144367.14038931555
  0
LINE
  8
_0-4_天空図建物位置確認
  6
CONTINUOUS
 62
   18
 10
46739.500876469028
 20
144367.14038931555
 11
46349.133055786958
 21
144738.82689985365
  0
LINE
  8
_0-4_天空図建物位置確認
  6
CONTINUOUS
 62
   18
 10
46349.133055786958
 20
144738.82689985365
 11
45944.97695334551
 21
145107.50674603536
  0
LINE
  8
_0-4_天空図建物位置確認
  6
CONTINUOUS
 62
   18
 10
45944.97695334551
 20
145107.50674603536
 11
45526.424122741082
 21
145472.67992024859
  0
LINE
  8
_0-4_天空図建物位置確認
  6
CONTINUOUS
 62
   18
 10
45526.424122741082
 20
145472.67992024859
 11
45092.869648974825
 21
145833.7358723786
  0
LINE
  8
_0-4_天空図建物位置確認
  6
CONTINUOUS
 62
   18
 10
45092.869648974825
 20
145833.7358723786
 11
44643.721678810972
 21
146189.94134524842
  0
LINE
  8
_0-4_天空図建物位置確認
  6
CONTINUOUS
 62
   18
 10
44643.721678810972
 20
146189.94134524842
 11
44178.413027256989
 21
146540.42757116068
  0
LINE
  8
_0-4_天空図建物位置確認
  6
CONTINUOUS
 62
   18
 10
44178.413027256989
 20
146540.42757116068
 11
43696.415137031035
 21
146884.17707793318
  0
LINE
  8
_0-4_天空図建物位置確認
  6
CONTINUOUS
 62
   18
 10
43696.415137031035
 20
146884.17707793318
 11
43197.254655614371
 21
147220.01046447333
  0
LINE
  8
_0-4_天空図建物位置確認
  6
CONTINUOUS
 62
   18
 10
43197.254655614371
 20
147220.01046447333
 11
42680.532859817023
 21
147546.57364199808
  0
LINE
  8
_0-4_天空図建物位置確認
  6
CONTINUOUS
 62
   18
 10
42680.532859817023
 20
147546.57364199808
 11
42132.563147591783
 21
147869.94722878164
  0
LINE
  8
_0-4_天空図建物位置確認
  6
CONTINUOUS
 62
   18
 10
53378.748339998084
 20
141377.40509357777
 11
54079.917106610948
 21
142503.15388037651
  0
LINE
  8
_0-4_天空図建物位置確認
  6
CONTINUOUS
 62
   18
 10
54079.917106610948
 20
142503.15388037651
 11
54271.568983738521
 21
142858.99954297312
  0
LINE
  8
_0-4_天空図建物位置確認
  6
CONTINUOUS
 62
   18
 10
43231.024906562444
 20
142394.49861137277
 11
43151.870683056338
 21
142960.44897278101
  0
LINE
  8
_0-4_天空図建物位置確認
  6
CONTINUOUS
 62
   18
 10
43151.870683056338
 20
142960.44897278101
 11
42985.147260805082
 21
144031.43744132958
  0
LINE
  8
_0-4_天空図建物位置確認
  6
CONTINUOUS
 62
   18
 10
42985.147260805082
 20
144031.43744132958
 11
42771.145022677243
 21
145215.32225541849
  0
LINE
  8
_0-4_天空図建物位置確認
  6
CONTINUOUS
 62
   18
 10
42771.145022677243
 20
145215.32225541849
 11
42495.623817328996
 21
146497.90235105282
  0
LINE
  8
_0-4_天空図建物位置確認
  6
CONTINUOUS
 62
   18
 10
42495.623817328996
 20
146497.90235105282
 11
42132.563147591783
 21
147869.94722878164
  0
LINE
  8
_0-4_天空図建物位置確認
  6
CONTINUOUS
 62
   18
 10
47051.577516844408
 20
144058.54813313984
 11
46459.554864661877
 21
143840.63851604168
  0
LINE
  8
_0-4_天空図建物位置確認
  6
CONTINUOUS
 62
   18
 10
46459.554864661877
 20
143840.63851604168
 11
45779.609347343874
 21
143571.13025256231
  0
LINE
  8
_0-4_天空図建物位置確認
  6
CONTINUOUS
 62
   18
 10
45779.609347343874
 20
143571.13025256231
 11
45140.16888367453
 21
143299.87822561946
  0
LINE
  8
_0-4_天空図建物位置確認
  6
CONTINUOUS
 62
   18
 10
45140.16888367453
 20
143299.87822561946
 11
44539.555723545199
 21
143030.09491934688
  0
LINE
  8
_0-4_天空図建物位置確認
  6
CONTINUOUS
 62
   18
 10
44539.555723545199
 20
143030.09491934688
 11
43975.588701658372
 21
142764.03169843973
  0
LINE
  8
_0-4_天空図建物位置確認
  6
CONTINUOUS
 62
   18
 10
43975.588701658372
 20
142764.03169843973
 11
43445.828229629441
 21
142503.20439741239
  0
LINE
  8
_0-4_天空図建物位置確認
  6
CONTINUOUS
 62
   18
 10
43445.828229629441
 20
142503.20439741239
 11
43231.024906562444
 21
142394.49861137277
  0
LINE
  8
_0-4_天空図建物位置確認
  6
CONTINUOUS
 62
   18
 10
54271.568983738521
 20
142858.99954297312
 11
55479.10360265155
 21
143819.66041757503
  0
LINE
  8
_0-4_天空図建物位置確認
  6
CONTINUOUS
 62
   18
 10
42132.563147591783
 20
147869.94722878164
 11
42594.297665772304
 21
151175.96637895426
  0
LINE
  8
_0-4_天空図建物位置確認
  6
CONTINUOUS
 62
   18
 10
47051.577516844408
 20
144058.54813313984
 11
49721.820471836101
 21
148749.51548650366
  0
LINE
  8
_0-4_天空図建物位置確認
  6
CONTINUOUS
 62
   18
 10
56646.786737228503
 20
137423.03709043294
 11
58645.600998110741
 21
138142.61022435053
  0
LINE
  8
_0-4_天空図建物位置確認
  6
CONTINUOUS
 62
   18
 10
53378.748339998084
 20
141377.40509357777
 11
55915.174008260473
 21
143250.90132581704
  0
LINE
  8
_0-4_天空図建物位置確認
  6
CONTINUOUS
 62
   18
 10
43231.024906562444
 20
142394.49861137277
 11
45726.146513177824
 21
150478.69261680654
  0
LINE
  8
_0-d_道路斜線用－三斜面積
  6
CONTINUOUS
 62
  212
 10
221758.67596973266
 20
67892.547588999266
 11
222448.7585082135
 21
68047.126077618959
  0
LINE
  8
_0-d_道路斜線用－三斜面積
  6
CONTINUOUS
 62
  212
 10
202932.3926380368
 20
76169.361073787862
 11
202932.3926380368
 21
83675.460122699383
  0
LINE
  8
_0-d_道路斜線用－三斜面積
  6
CONTINUOUS
 62
  212
 10
203368.5854963173
 20
76166.389292619263
 11
202932.3926380368
 21
76169.361073787862
  0
LINE
  8
_0-d_道路斜線用－三斜面積
  6
CONTINUOUS
 62
  212
 10
203805.21893419715
 20
76157.457684170774
 11
203368.5854963173
 21
76166.389292619263
  0
LINE
  8
_0-d_道路斜線用－三斜面積
  6
CONTINUOUS
 62
  212
 10
204242.73315100383
 20
76142.517322200801
 11
203805.21893419715
 21
76157.457684170774
  0
LINE
  8
_0-d_道路斜線用－三斜面積
  6
CONTINUOUS
 62
  212
 10
204681.56753512204
 20
76121.486224574182
 11
204242.73315100383
 21
76142.517322200801
  0
LINE
  8
_0-d_道路斜線用－三斜面積
  6
CONTINUOUS
 62
  212
 10
205122.16013095859
 20
76094.248694496636
 11
204681.56753512204
 21
76121.486224574182
  0
LINE
  8
_0-d_道路斜線用－三斜面積
  6
CONTINUOUS
 62
  212
 10
205564.94694841888
 20
76060.654396160389
 11
205122.16013095859
 21
76094.248694496636
  0
LINE
  8
_0-d_道路斜線用－三斜面積
  6
CONTINUOUS
 62
  212
 10
206010.36105496168
 20
76020.517163327283
 11
205564.94694841888
 21
76060.654396160389
  0
LINE
  8
_0-d_道路斜線用－三斜面積
  6
CONTINUOUS
 62
  212
 10
206458.83138376416
 20
75973.613539869256
 11
206010.36105496168
 21
76020.517163327283
  0
LINE
  8
_0-d_道路斜線用－三斜面積
  6
CONTINUOUS
 62
  212
 10
206910.78118317376
 20
75919.681052554078
 11
206458.83138376416
 21
75973.613539869256
  0
LINE
  8
_0-d_道路斜線用－三斜面積
  6
CONTINUOUS
 62
  212
 10
207366.62602234413
 20
75858.416218675673
 11
206910.78118317376
 21
75919.681052554078
  0
LINE
  8
_0-d_道路斜線用－三斜面積
  6
CONTINUOUS
 62
  212
 10
207826.77125565978
 20
75789.472294819934
 11
207366.62602234413
 21
75858.416218675673
  0
LINE
  8
_0-d_道路斜線用－三斜面積
  6
CONTINUOUS
 62
  212
 10
208291.60883418272
 20
75712.456778546111
 11
207826.77125565978
 21
75789.472294819934
  0
LINE
  8
_0-d_道路斜線用－三斜面積
  6
CONTINUOUS
 62
  212
 10
208761.51333590332
 20
75626.928682564539
 11
208291.60883418272
 21
75712.456778546111
  0
LINE
  8
_0-d_道路斜線用－三斜面積
  6
CONTINUOUS
 62
  212
 10
209236.83706816015
 20
75532.395611737621
 11
208761.51333590332
 21
75626.928682564539
  0
LINE
  8
_0-d_道路斜線用－三斜面積
  6
CONTINUOUS
 62
  212
 10
209717.90407547654
 20
75428.310687684788
 11
209236.83706816015
 21
75532.395611737621
  0
LINE
  8
_0-d_道路斜線用－三斜面積
  6
CONTINUOUS
 62
  212
 10
210205.00286479981
 20
75314.069384845352
 11
209717.90407547654
 21
75428.310687684788
  0
LINE
  8
_0-d_道路斜線用－三斜面積
  6
CONTINUOUS
 62
  212
 10
210698.37763861101
 20
75189.006366606088
 11
210205.00286479981
 21
75314.069384845352
  0
LINE
  8
_0-d_道路斜線用－三斜面積
  6
CONTINUOUS
 62
  212
 10
211198.21780605451
 20
75052.392441734598
 11
210698.37763861101
 21
75189.006366606088
  0
LINE
  8
_0-d_道路斜線用－三斜面積
  6
CONTINUOUS
 62
  212
 10
211704.64552525745
 20
74903.431801179031
 11
211198.21780605451
 21
75052.392441734598
  0
LINE
  8
_0-d_道路斜線用－三斜面積
  6
CONTINUOUS
 62
  212
 10
212217.70101948219
 20
74741.259744632043
 11
211704.64552525745
 21
74903.431801179031
  0
LINE
  8
_0-d_道路斜線用－三斜面積
  6
CONTINUOUS
 62
  212
 10
212737.32541003028
 20
74564.941166334261
 11
212217.70101948219
 21
74741.259744632043
  0
LINE
  8
_0-d_道路斜線用－三斜面積
  6
CONTINUOUS
 62
  212
 10
213263.34082576958
 20
74373.470141296405
 11
212737.32541003028
 21
74564.941166334261
  0
LINE
  8
_0-d_道路斜線用－三斜面積
  6
CONTINUOUS
 62
  212
 10
213795.42759053123
 20
74165.771036660167
 11
213263.34082576958
 21
74373.470141296405
  0
LINE
  8
_0-d_道路斜線用－三斜面積
  6
CONTINUOUS
 62
  212
 10
214333.09836523962
 20
73940.701667322355
 11
213795.42759053123
 21
74165.771036660167
  0
LINE
  8
_0-d_道路斜線用－三斜面積
  6
CONTINUOUS
 62
  212
 10
214875.66924348051
 20
73697.059117375436
 11
214333.09836523962
 21
73940.701667322355
  0
LINE
  8
_0-d_道路斜線用－三斜面積
  6
CONTINUOUS
 62
  212
 10
215422.22798119354
 20
73433.588953743354
 11
214875.66924348051
 21
73697.059117375436
  0
LINE
  8
_0-d_道路斜線用－三斜面積
  6
CONTINUOUS
 62
  212
 10
215971.59979830912
 20
73148.998656109237
 11
215422.22798119354
 21
73433.588953743354
  0
LINE
  8
_0-d_道路斜線用－三斜面積
  6
CONTINUOUS
 62
  212
 10
216522.31153692214
 20
72841.976163195402
 11
215971.59979830912
 21
73148.998656109237
  0
LINE
  8
_0-d_道路斜線用－三斜面積
  6
CONTINUOUS
 62
  212
 10
217072.55540808336
 20
72511.214468710779
 11
216522.31153692214
 21
72841.976163195402
  0
LINE
  8
_0-d_道路斜線用－三斜面積
  6
CONTINUOUS
 62
  212
 10
217620.15411072733
 20
72155.443162750278
 11
217072.55540808336
 21
72511.214468710779
  0
LINE
  8
_0-d_道路斜線用－三斜面積
  6
CONTINUOUS
 62
  212
 10
218162.52975084999
 20
71773.467671079662
 11
217620.15411072733
 21
72155.443162750278
  0
LINE
  8
_0-d_道路斜線用－三斜面積
  6
CONTINUOUS
 62
  212
 10
218696.67969411119
 20
71364.216655453856
 11
218162.52975084999
 21
71773.467671079662
  0
LINE
  8
_0-d_道路斜線用－三斜面積
  6
CONTINUOUS
 62
  212
 10
219219.16318736033
 20
70926.797562296473
 11
218696.67969411119
 21
71364.216655453856
  0
LINE
  8
_0-d_道路斜線用－三斜面積
  6
CONTINUOUS
 62
  212
 10
219726.10318283241
 20
70460.559611881239
 11
219219.16318736033
 21
70926.797562296473
  0
LINE
  8
_0-d_道路斜線用－三斜面積
  6
CONTINUOUS
 62
  212
 10
220213.20815020857
 20
69965.162592975568
 11
219726.10318283241
 21
70460.559611881239
  0
LINE
  8
_0-d_道路斜線用－三斜面積
  6
CONTINUOUS
 62
  212
 10
220675.81858782615
 20
69440.648692436006
 11
220213.20815020857
 21
69965.162592975568
  0
LINE
  8
_0-d_道路斜線用－三斜面積
  6
CONTINUOUS
 62
  212
 10
221108.9822503991
 20
68887.513322875747
 11
220675.81858782615
 21
69440.648692436006
  0
LINE
  8
_0-d_道路斜線用－三斜面積
  6
CONTINUOUS
 62
  212
 10
221507.56062368897
 20
68306.769659038633
 11
221108.9822503991
 21
68887.513322875747
  0
LINE
  8
_0-d_道路斜線用－三斜面積
  6
CONTINUOUS
 62
  212
 10
221758.67596973266
 20
67892.547588999266
 11
221507.56062368897
 21
68306.769659038633
  0
TEXT
  8
_0-d_道路斜線用－三斜面積
 62
  132
 10
223932.3926380368
 20
55675.460122699383
 40
500
 41
1
 50
0
  1
【基準建物用】 　三斜計算 　 　 天空率 = 90.73 %
  0
TEXT
  8
_0-d_道路斜線用－三斜面積
 62
  132
 10
223932.3926380368
 20
56675.460122699383
 40
500
 41
1
 50
0
  1
(31415.927 - 2912.143) / 31415.927 * 100 = 90.73
  0
TEXT
  8
_0-d_道路斜線用－三斜面積
 62
  132
 10
233682.3926380368
 20
57425.460122699383
 40
500
 41
1
 50
0
  1
31415.927
  0
TEXT
  8
_0-d_道路斜線用－三斜面積
 62
  132
 10
227182.3926380368
 20
57425.460122699383
 40
500
 41
1
 50
0
  1
No.1 　天空図円面積
  0
TEXT
  8
_0-d_道路斜線用－三斜面積
 62
  132
 10
233932.3926380368
 20
58175.460122699383
 40
500
 41
1
 50
0
  1
2912.143
  0
TEXT
  8
_0-d_道路斜線用－三斜面積
 62
  132
 10
223932.3926380368
 20
58175.460122699383
 40
500
 41
1
 50
0
  1
扇形面積 - 三斜面積合計 = 水平円射影面積^8
  0
TEXT
  8
_0-d_道路斜線用－三斜面積
 62
  132
 10
233932.3926380368
 20
58925.460122699383
 40
500
 41
1
 50
0
  1
6752.170
  0
TEXT
  8
_0-d_道路斜線用－三斜面積
 62
  132
 10
223932.3926380368
 20
58925.460122699383
 40
500
 41
1
 50
0
  1
扇形面積（扇形中心角 =  77.374ﾟ）^1
  0
TEXT
  8
_0-d_道路斜線用－三斜面積
 62
  132
 10
233932.3926380368
 20
59925.460122699383
 40
500
 41
1
 50
0
  1
3840.027
  0
TEXT
  8
_0-d_道路斜線用－三斜面積
 62
  132
 10
228932.3926380368
 20
59925.460122699383
 40
500
 41
1
 50
0
  1
三斜面積合計
  0
LINE
  8
_0-d_道路斜線用－三斜面積
  6
CONTINUOUS
 62
  132
 10
223432.3926380368
 20
59800.460122699383
 11
236432.3926380368
 21
59800.460122699383
  0
LINE
  8
_0-d_道路斜線用－三斜面積
  6
CONTINUOUS
 62
  132
 10
223432.3926380368
 20
60550.460122699383
 11
236432.3926380368
 21
60550.460122699383
  0
LINE
  8
_0-d_道路斜線用－三斜面積
  6
CONTINUOUS
 62
  132
 10
223432.3926380368
 20
61300.460122699383
 11
236432.3926380368
 21
61300.460122699383
  0
LINE
  8
_0-d_道路斜線用－三斜面積
  6
CONTINUOUS
 62
  132
 10
223432.3926380368
 20
62050.460122699383
 11
236432.3926380368
 21
62050.460122699383
  0
LINE
  8
_0-d_道路斜線用－三斜面積
  6
CONTINUOUS
 62
  132
 10
223432.3926380368
 20
62800.460122699383
 11
236432.3926380368
 21
62800.460122699383
  0
LINE
  8
_0-d_道路斜線用－三斜面積
  6
CONTINUOUS
 62
  132
 10
223432.3926380368
 20
63550.460122699383
 11
236432.3926380368
 21
63550.460122699383
  0
LINE
  8
_0-d_道路斜線用－三斜面積
  6
CONTINUOUS
 62
  132
 10
223432.3926380368
 20
64300.460122699383
 11
236432.3926380368
 21
64300.460122699383
  0
LINE
  8
_0-d_道路斜線用－三斜面積
  6
CONTINUOUS
 62
  132
 10
223432.3926380368
 20
65050.460122699383
 11
236432.3926380368
 21
65050.460122699383
  0
LINE
  8
_0-d_道路斜線用－三斜面積
  6
CONTINUOUS
 62
  132
 10
223432.3926380368
 20
65800.460122699383
 11
236432.3926380368
 21
65800.460122699383
  0
LINE
  8
_0-d_道路斜線用－三斜面積
  6
CONTINUOUS
 62
  132
 10
223432.3926380368
 20
66550.460122699383
 11
236432.3926380368
 21
66550.460122699383
  0
LINE
  8
_0-d_道路斜線用－三斜面積
  6
CONTINUOUS
 62
  132
 10
223432.3926380368
 20
67300.460122699383
 11
236432.3926380368
 21
67300.460122699383
  0
LINE
  8
_0-d_道路斜線用－三斜面積
  6
CONTINUOUS
 62
  132
 10
236432.3926380368
 20
67300.460122699383
 11
236432.3926380368
 21
59800.460122699383
  0
LINE
  8
_0-d_道路斜線用－三斜面積
  6
CONTINUOUS
 62
  132
 10
232932.3926380368
 20
67300.460122699383
 11
232932.3926380368
 21
59800.460122699383
  0
LINE
  8
_0-d_道路斜線用－三斜面積
  6
CONTINUOUS
 62
  132
 10
228932.3926380368
 20
67300.460122699383
 11
228932.3926380368
 21
60550.460122699383
  0
LINE
  8
_0-d_道路斜線用－三斜面積
  6
CONTINUOUS
 62
  132
 10
225432.3926380368
 20
67300.460122699383
 11
225432.3926380368
 21
60550.460122699383
  0
LINE
  8
_0-d_道路斜線用－三斜面積
  6
CONTINUOUS
 62
  132
 10
223432.3926380368
 20
67300.460122699383
 11
223432.3926380368
 21
59800.460122699383
  0
TEXT
  8
_0-d_道路斜線用－三斜面積
 62
  132
 10
233932.3926380368
 20
60675.460122699383
 40
500
 41
1
 50
0
  1
 331.580
  0
TEXT
  8
_0-d_道路斜線用－三斜面積
 62
  132
 10
229682.3926380368
 20
60675.460122699383
 40
500
 41
1
 50
0
  1
 10.50972
  0
TEXT
  8
_0-d_道路斜線用－三斜面積
 62
  132
 10
226182.3926380368
 20
60675.460122699383
 40
500
 41
1
 50
0
  1
 63.09974
  0
TEXT
  8
_0-d_道路斜線用－三斜面積
 62
  132
 10
224432.3926380368
 20
60675.460122699383
 40
500
 41
1
 50
0
  1
[8]
  0
TEXT
  8
_0-d_道路斜線用－三斜面積
 62
  132
 10
233932.3926380368
 20
61425.460122699383
 40
500
 41
1
 50
0
  1
 343.347
  0
TEXT
  8
_0-d_道路斜線用－三斜面積
 62
  132
 10
229682.3926380368
 20
61425.460122699383
 40
500
 41
1
 50
0
  1
 10.60263
  0
TEXT
  8
_0-d_道路斜線用－三斜面積
 62
  132
 10
226182.3926380368
 20
61425.460122699383
 40
500
 41
1
 50
0
  1
 64.76630
  0
TEXT
  8
_0-d_道路斜線用－三斜面積
 62
  132
 10
224432.3926380368
 20
61425.460122699383
 40
500
 41
1
 50
0
  1
[7]
  0
TEXT
  8
_0-d_道路斜線用－三斜面積
 62
  132
 10
233932.3926380368
 20
62175.460122699383
 40
500
 41
1
 50
0
  1
 367.956
  0
TEXT
  8
_0-d_道路斜線用－三斜面積
 62
  132
 10
229682.3926380368
 20
62175.460122699383
 40
500
 41
1
 50
0
  1
 10.88385
  0
TEXT
  8
_0-d_道路斜線用－三斜面積
 62
  132
 10
226182.3926380368
 20
62175.460122699383
 40
500
 41
1
 50
0
  1
 67.61513
  0
TEXT
  8
_0-d_道路斜線用－三斜面積
 62
  132
 10
224432.3926380368
 20
62175.460122699383
 40
500
 41
1
 50
0
  1
[6]
  0
TEXT
  8
_0-d_道路斜線用－三斜面積
 62
  132
 10
233932.3926380368
 20
62925.460122699383
 40
500
 41
1
 50
0
  1
 407.565
  0
TEXT
  8
_0-d_道路斜線用－三斜面積
 62
  132
 10
229682.3926380368
 20
62925.460122699383
 40
500
 41
1
 50
0
  1
 11.36431
  0
TEXT
  8
_0-d_道路斜線用－三斜面積
 62
  132
 10
226182.3926380368
 20
62925.460122699383
 40
500
 41
1
 50
0
  1
 71.72720
  0
TEXT
  8
_0-d_道路斜線用－三斜面積
 62
  132
 10
224432.3926380368
 20
62925.460122699383
 40
500
 41
1
 50
0
  1
[5]
  0
TEXT
  8
_0-d_道路斜線用－三斜面積
 62
  132
 10
233932.3926380368
 20
63675.460122699383
 40
500
 41
1
 50
0
  1
 465.075
  0
TEXT
  8
_0-d_道路斜線用－三斜面積
 62
  132
 10
229682.3926380368
 20
63675.460122699383
 40
500
 41
1
 50
0
  1
 12.05800
  0
TEXT
  8
_0-d_道路斜線用－三斜面積
 62
  132
 10
226182.3926380368
 20
63675.460122699383
 40
500
 41
1
 50
0
  1
 77.13968
  0
TEXT
  8
_0-d_道路斜線用－三斜面積
 62
  132
 10
224432.3926380368
 20
63675.460122699383
 40
500
 41
1
 50
0
  1
[4]
  0
TEXT
  8
_0-d_道路斜線用－三斜面積
 62
  132
 10
233932.3926380368
 20
64425.460122699383
 40
500
 41
1
 50
0
  1
 542.877
  0
TEXT
  8
_0-d_道路斜線用－三斜面積
 62
  132
 10
229682.3926380368
 20
64425.460122699383
 40
500
 41
1
 50
0
  1
 12.97145
  0
TEXT
  8
_0-d_道路斜線用－三斜面積
 62
  132
 10
226182.3926380368
 20
64425.460122699383
 40
500
 41
1
 50
0
  1
 83.70331
  0
TEXT
  8
_0-d_道路斜線用－三斜面積
 62
  132
 10
224432.3926380368
 20
64425.460122699383
 40
500
 41
1
 50
0
  1
[3]
  0
TEXT
  8
_0-d_道路斜線用－三斜面積
 62
  132
 10
233932.3926380368
 20
65175.460122699383
 40
500
 41
1
 50
0
  1
 639.326
  0
TEXT
  8
_0-d_道路斜線用－三斜面積
 62
  132
 10
229682.3926380368
 20
65175.460122699383
 40
500
 41
1
 50
0
  1
 14.08148
  0
TEXT
  8
_0-d_道路斜線用－三斜面積
 62
  132
 10
226182.3926380368
 20
65175.460122699383
 40
500
 41
1
 50
0
  1
 90.80387
  0
TEXT
  8
_0-d_道路斜線用－三斜面積
 62
  132
 10
224432.3926380368
 20
65175.460122699383
 40
500
 41
1
 50
0
  1
[2]
  0
TEXT
  8
_0-d_道路斜線用－三斜面積
 62
  132
 10
233932.3926380368
 20
65925.460122699383
 40
500
 41
1
 50
0
  1
 742.301
  0
TEXT
  8
_0-d_道路斜線用－三斜面積
 62
  132
 10
229682.3926380368
 20
65925.460122699383
 40
500
 41
1
 50
0
  1
 15.28358
  0
TEXT
  8
_0-d_道路斜線用－三斜面積
 62
  132
 10
226182.3926380368
 20
65925.460122699383
 40
500
 41
1
 50
0
  1
 97.13702
  0
TEXT
  8
_0-d_道路斜線用－三斜面積
 62
  132
 10
224432.3926380368
 20
65925.460122699383
 40
500
 41
1
 50
0
  1
[1]
  0
TEXT
  8
_0-d_道路斜線用－三斜面積
 62
  132
 10
233682.3926380368
 20
66675.460122699383
 40
500
 41
1
 50
0
  1
面積(mm^u2)
  0
TEXT
  8
_0-d_道路斜線用－三斜面積
 62
  132
 10
229932.3926380368
 20
66675.460122699383
 40
500
 41
1
 50
0
  1
高さ(mm)
  0
TEXT
  8
_0-d_道路斜線用－三斜面積
 62
  132
 10
226432.3926380368
 20
66675.460122699383
 40
500
 41
1
 50
0
  1
底辺(mm)
  0
TEXT
  8
_0-d_道路斜線用－三斜面積
 62
  132
 10
223682.3926380368
 20
66675.460122699383
 40
500
 41
1
 50
0
  1
三角形 No.^3
  0
TEXT
  8
_0-d_道路斜線用－三斜面積
 62
  132
 10
223932.3926380368
 20
69925.460122699383
 40
500
 41
1
 50
0
  1
測定点 No.1
  0
TEXT
  8
_0-d_道路斜線用－三斜面積
 62
  132
 10
223932.3926380368
 20
69175.460122699383
 40
500
 41
1
 50
0
  1
正射影 　測定面高さ = 0.000 m
  0
TEXT
  8
_0-d_道路斜線用－三斜面積
 62
  132
 10
223932.3926380368
 20
68425.460122699383
 40
500
 41
1
 50
0
  1
天空図半径(R) = 100.000(図寸mm)
  0
TEXT
  8
_0-d_道路斜線用－三斜面積
 62
  132
 10
223932.3926380368
 20
67675.460122699383
 40
500
 41
1
 50
0
  1
【基準建物用】三斜計算 　 　 最大分割角 = 10°
  0
TEXT
  8
_0-d_道路斜線用－三斜面積
 62
  132
 10
202932.3926380368
 20
75686.760471751069
 40
500
 41
1
 50
-90
  1
[8]
  0
LINE
  8
_0-d_道路斜線用－三斜面積
  6
CONTINUOUS
 62
  132
 10
202932.3926380368
 20
76186.760471751069
 11
205004.46115294762
 21
75833.625962224366
  0
LINE
  8
_0-d_道路斜線用－三斜面積
  6
CONTINUOUS
 62
  132
 10
205052.59064473351
 20
76116.032812525867
 11
202932.3926380368
 21
76186.760471751069
  0
LINE
  8
_0-d_道路斜線用－三斜面積
  6
CONTINUOUS
 62
  132
 10
202932.3926380368
 20
63675.460122699383
 11
202932.3926380368
 21
76186.760471751069
  0
LINE
  8
_0-d_道路斜線用－三斜面積
  6
CONTINUOUS
 62
  132
 10
202932.3926380368
 20
63675.460122699383
 11
205052.59064473351
 21
76116.032812525867
  0
LINE
  8
_0-d_道路斜線用－三斜面積
  6
CONTINUOUS
 62
  132
 10
202932.3926380368
 20
63675.460122699383
 11
202932.3926380368
 21
83675.460122699383
  0
TEXT
  8
_0-d_道路斜線用－三斜面積
 62
  132
 10
204968.91627396771
 20
75625.061172848887
 40
500
 41
1
 50
-99.671770390136757
  1
[7]
  0
LINE
  8
_0-d_道路斜線用－三斜面積
  6
CONTINUOUS
 62
  132
 10
205052.91812566318
 20
76117.954354899251
 11
207053.73891319922
 21
75415.569474768126
  0
LINE
  8
_0-d_道路斜線用－三斜面積
  6
CONTINUOUS
 62
  132
 10
207222.92083369297
 20
75897.502832069323
 11
205052.91812566318
 21
76117.954354899251
  0
LINE
  8
_0-d_道路斜線用－三斜面積
  6
CONTINUOUS
 62
  132
 10
202932.3926380368
 20
63675.460122699383
 11
205052.91812566318
 21
76117.954354899251
  0
LINE
  8
_0-d_道路斜線用－三斜面積
  6
CONTINUOUS
 62
  132
 10
202932.3926380368
 20
63675.460122699383
 11
207222.92083369297
 21
75897.502832069323
  0
TEXT
  8
_0-d_道路斜線用－三斜面積
 62
  132
 10
207058.43658986091
 20
75428.951324781868
 40
500
 41
1
 50
-109.34354078027315
  1
[6]
  0
LINE
  8
_0-d_道路斜線用－三斜面積
  6
CONTINUOUS
 62
  132
 10
207224.05234978214
 20
75900.726080428794
 11
209127.61591756626
 21
74844.898477006572
  0
LINE
  8
_0-d_道路斜線用－三斜面積
  6
CONTINUOUS
 62
  132
 10
209491.64649737931
 20
75501.213340385176
 11
207224.05234978214
 21
75900.726080428794
  0
LINE
  8
_0-d_道路斜線用－三斜面積
  6
CONTINUOUS
 62
  132
 10
202932.3926380368
 20
63675.460122699383
 11
207224.05234978214
 21
75900.726080428794
  0
LINE
  8
_0-d_道路斜線用－三斜面積
  6
CONTINUOUS
 62
  132
 10
202932.3926380368
 20
63675.460122699383
 11
209491.64649737931
 21
75501.213340385176
  0
TEXT
  8
_0-d_道路斜線用－三斜面積
 62
  132
 10
209251.84609685547
 20
75068.874477016186
 40
500
 41
1
 50
-119.01531117040987
  1
[5]
  0
LINE
  8
_0-d_道路斜線用－三斜面積
  6
CONTINUOUS
 62
  132
 10
209494.36776078105
 20
75506.119537053193
 11
211268.49805878015
 21
74085.429787687622
  0
LINE
  8
_0-d_道路斜線用－三斜面積
  6
CONTINUOUS
 62
  132
 10
211899.24935431758
 20
74873.099991132723
 11
209494.36776078105
 21
75506.119537053193
  0
LINE
  8
_0-d_道路斜線用－三斜面積
  6
CONTINUOUS
 62
  132
 10
202932.3926380368
 20
63675.460122699383
 11
209494.36776078105
 21
75506.119537053193
  0
LINE
  8
_0-d_道路斜線用－三斜面積
  6
CONTINUOUS
 62
  132
 10
202932.3926380368
 20
63675.460122699383
 11
211899.24935431758
 21
74873.099991132723
  0
TEXT
  8
_0-d_道路斜線用－三斜面積
 62
  132
 10
211592.3447474926
 20
74489.843363986045
 40
500
 41
1
 50
-128.68708156054665
  1
[4]
  0
LINE
  8
_0-d_道路斜線用－三斜面積
  6
CONTINUOUS
 62
  132
 10
211904.87808616508
 20
74880.129044248911
 11
213507.29725004534
 21
73077.889530169006
  0
LINE
  8
_0-d_道路斜線用－三斜面積
  6
CONTINUOUS
 62
  132
 10
214462.01394658902
 20
73926.753578851843
 11
211904.87808616508
 21
74880.129044248911
  0
LINE
  8
_0-d_道路斜線用－三斜面積
  6
CONTINUOUS
 62
  132
 10
202932.3926380368
 20
63675.460122699383
 11
211904.87808616508
 21
74880.129044248911
  0
LINE
  8
_0-d_道路斜線用－三斜面積
  6
CONTINUOUS
 62
  132
 10
202932.3926380368
 20
63675.460122699383
 11
214462.01394658902
 21
73926.753578851843
  0
TEXT
  8
_0-d_道路斜線用－三斜面積
 62
  132
 10
214098.75948482094
 20
73603.774359744347
 40
500
 41
1
 50
-138.35885195068303
  1
[3]
  0
LINE
  8
_0-d_道路斜線用－三斜面積
  6
CONTINUOUS
 62
  132
 10
214472.42002807569
 20
73936.005903121142
 11
215846.00802178174
 21
71735.189085559817
  0
LINE
  8
_0-d_道路斜線用－三斜面積
  6
CONTINUOUS
 62
  132
 10
217134.01866881467
 20
72539.070601918996
 11
214472.42002807569
 21
73936.005903121142
  0
LINE
  8
_0-d_道路斜線用－三斜面積
  6
CONTINUOUS
 62
  132
 10
202932.3926380368
 20
63675.460122699383
 11
214472.42002807569
 21
73936.005903121142
  0
LINE
  8
_0-d_道路斜線用－三斜面積
  6
CONTINUOUS
 62
  132
 10
202932.3926380368
 20
63675.460122699383
 11
217134.01866881467
 21
72539.070601918996
  0
TEXT
  8
_0-d_道路斜線用－三斜面積
 62
  132
 10
216729.05615964392
 20
72286.322787535056
 40
500
 41
1
 50
-148.03062234081937
  1
[2]
  0
LINE
  8
_0-d_道路斜線用－三斜面積
  6
CONTINUOUS
 62
  132
 10
217153.22175765753
 20
72551.05575764217
 11
218221.77389668746
 21
69945.346480710999
  0
LINE
  8
_0-d_道路斜線用－三斜面積
  6
CONTINUOUS
 62
  132
 10
219735.20564994373
 20
70565.976246101563
 11
217153.22175765753
 21
72551.05575764217
  0
LINE
  8
_0-d_道路斜線用－三斜面積
  6
CONTINUOUS
 62
  132
 10
202932.3926380368
 20
63675.460122699383
 11
217153.22175765753
 21
72551.05575764217
  0
LINE
  8
_0-d_道路斜線用－三斜面積
  6
CONTINUOUS
 62
  132
 10
202932.3926380368
 20
63675.460122699383
 11
219735.20564994373
 21
70565.976246101563
  0
TEXT
  8
_0-d_道路斜線用－三斜面積
 62
  132
 10
219303.64501393388
 20
70389.001383705341
 40
500
 41
1
 50
-157.70239273095623
  1
[1]
  0
LINE
  8
_0-d_道路斜線用－三斜面積
  6
CONTINUOUS
 62
  132
 10
219766.25779596401
 20
70578.710144447468
 11
220434.4048367528
 21
67595.910855211768
  0
LINE
  8
_0-d_道路斜線用－三斜面積
  6
CONTINUOUS
 62
  132
 10
221890.00942300245
 20
67921.966282531677
 11
219766.25779596401
 21
70578.710144447468
  0
LINE
  8
_0-d_道路斜線用－三斜面積
  6
CONTINUOUS
 62
  132
 10
202932.3926380368
 20
63675.460122699383
 11
219766.25779596401
 21
70578.710144447468
  0
LINE
  8
_0-d_道路斜線用－三斜面積
  6
CONTINUOUS
 62
  132
 10
202932.3926380368
 20
63675.460122699383
 11
221890.00942300245
 21
67921.966282531677
  0
LINE
  8
_0-d_道路斜線用－三斜面積
  6
CONTINUOUS
 62
  132
 10
202932.3926380368
 20
63675.460122699383
 11
222448.7585082135
 21
68047.126077618959
  0
TEXT
  8
_0-d_道路斜線用－三斜面積
 62
  132
 10
136530.00896086616
 20
67110.169491525419
 40
500
 41
1
 50
0
  1
No.1
  0
POINT
  8
_0-d_道路斜線用－三斜面積
 62
   18
 10
136530.00896086616
 20
67110.169491525419
  0
CIRCLE
  8
_0-d_道路斜線用－三斜面積
  6
CONTINUOUS
 62
   18
 10
202932.3926380368
 20
63675.460122699383
 40
20000
  0
LINE
  8
_0-0_敷地
  6
CONTINUOUS
 62
   18
 10
81725.45276732133
 20
72710.169491525419
 11
81485.452767321345
 21
90708.569420407991
  0
LINE
  8
_0-0_敷地
  6
CONTINUOUS
 62
   18
 10
106485.03984574264
 20
82707.27915518012
 11
106725.45276732133
 21
72710.169491525419
  0
LINE
  8
_0-0_敷地
  6
CONTINUOUS
 62
   18
 10
106485.03984574264
 20
82707.27915518012
 11
111485.45272736584
 21
90707.021089348781
  0
LINE
  8
_0-0_敷地
  6
CONTINUOUS
 62
   18
 10
72233.919412784685
 20
90709.046901623223
 11
121115.28746146918
 21
90706.524083607655
  0
LINE
  8
_0-0_敷地
  6
CONTINUOUS
 62
   18
 10
72234.229078996533
 20
96709.046893632141
 11
121115.59712768103
 21
96706.524075616558
  0
LINE
  8
_0-0_敷地
  6
CENTER1
 62
   18
 10
72234.074245890617
 20
93709.046897627689
 11
121115.44229457511
 21
93706.524079612107
  0
LINE
  8
_0-1_建物データ
  6
CENTER1
 62
   18
 10
84825.45276732133
 20
76410.169491525419
 11
84825.45276732133
 21
83810.169491525419
  0
LINE
  8
_0-1_建物データ
  6
CENTER1
 62
   18
 10
84825.45276732133
 20
76410.169491525419
 11
103625.45276732133
 21
76410.169491525419
  0
LINE
  8
_0-1_建物データ
  6
CENTER1
 62
   18
 10
103625.45276732133
 20
76410.169491525419
 11
103625.45276732133
 21
83810.169491525419
  0
LINE
  8
_0-1_建物データ
  6
CENTER1
 62
   18
 10
84825.45276732133
 20
83810.169491525419
 11
103625.45276732133
 21
83810.169491525419
  0
LINE
  8
_0-1_建物データ
  6
CONTINUOUS
 62
   18
 10
84225.45276732133
 20
75210.169491525419
 11
84225.45276732133
 21
85010.169491525419
  0
LINE
  8
_0-1_建物データ
  6
CONTINUOUS
 62
   18
 10
84225.45276732133
 20
75210.169491525419
 11
104225.45276732133
 21
75210.169491525419
  0
LINE
  8
_0-1_建物データ
  6
CONTINUOUS
 62
   18
 10
104225.45276732133
 20
75210.169491525419
 11
104225.45276732133
 21
85010.169491525419
  0
LINE
  8
_0-1_建物データ
  6
CONTINUOUS
 62
   18
 10
84225.45276732133
 20
85010.169491525419
 11
104225.45276732133
 21
85010.169491525419
  0
LINE
  8
_0-1_建物データ
  6
CONTINUOUS
 62
   18
 10
84225.45276732133
 20
85010.169491525419
 11
89125.45276732133
 21
80110.169491525419
  0
LINE
  8
_0-1_建物データ
  6
CONTINUOUS
 62
   18
 10
84225.45276732133
 20
75210.169491525419
 11
89125.45276732133
 21
80110.169491525419
  0
LINE
  8
_0-1_建物データ
  6
CONTINUOUS
 62
   18
 10
104225.45276732133
 20
75210.169491525419
 11
99325.45276732133
 21
80110.169491525419
  0
LINE
  8
_0-1_建物データ
  6
CONTINUOUS
 62
   18
 10
104225.45276732133
 20
85010.169491525419
 11
99325.45276732133
 21
80110.169491525419
  0
LINE
  8
_0-1_建物データ
  6
CONTINUOUS
 62
   18
 10
89125.45276732133
 20
80110.169491525419
 11
99325.45276732133
 21
80110.169491525419
  0
TEXT
  8
_0-1_建物データ
 62
   52
 10
84225.45276732133
 20
85010.169491525419
 40
500
 41
1
 50
0
  1
12.000
  0
TEXT
  8
_0-1_建物データ
 62
   52
 10
84225.45276732133
 20
75210.169491525419
 40
500
 41
1
 50
0
  1
12.000
  0
TEXT
  8
_0-1_建物データ
 62
   52
 10
104225.45276732133
 20
75210.169491525419
 40
500
 41
1
 50
180
  1
12.000
  0
TEXT
  8
_0-1_建物データ
 62
   52
 10
104225.45276732133
 20
85010.169491525419
 40
500
 41
1
 50
-180
  1
12.000
  0
TEXT
  8
_0-1_建物データ
 62
   52
 10
89125.45276732133
 20
80110.169491525419
 40
500
 41
1
 50
0
  1
14.000
  0
TEXT
  8
_0-1_建物データ
 62
   52
 10
99325.45276732133
 20
80110.169491525419
 40
500
 41
1
 50
180
  1
14.000
  0
LINE
  8
_0-1_建物データ
  6
CONTINUOUS
 62
   18
 10
70810.198530033201
 20
73659.322033898308
 11
67524.614195488989
 21
85921.289702969676
  0
TEXT
  8
_0-1_建物データ
 62
  212
 10
67524.614195488989
 20
85921.289702969676
 40
500
 41
1
 50
-75.00000000000027
  1
15.000000
  0
TEXT
  8
_0-1_建物データ
 62
  212
 10
66989.887473323949
 20
85985.065345676237
 40
500
 41
1
 50
15.000000000000044
  1
真北
  0
LINE
  8
_0-0_敷地
  6
CONTINUOUS
 62
   18
 10
72233.919412784685
 20
72710.169491525419
 11
121115.28746146918
 21
72710.169491525419
  0
LINE
  8
_0-0_敷地
  6
CONTINUOUS
 62
   18
 10
72233.919412784685
 20
67110.169491525419
 11
121115.28746146918
 21
67110.169491525419
  0
LINE
  8
_0-0_敷地
  6
CENTER1
 62
   18
 10
72233.919412784685
 20
69910.169491525419
 11
121115.28746146918
 21
69910.169491525419
  0
LINE
  8
_0-0_敷地
  6
CONTINUOUS
 62
   18
 10
136530.00896086616
 20
72710.169491525419
 11
136290.00896086619
 21
90708.569420407991
  0
LINE
  8
_0-0_敷地
  6
CONTINUOUS
 62
   18
 10
161289.59603928748
 20
82707.27915518012
 11
161530.00896086616
 21
72710.169491525419
  0
LINE
  8
_0-0_敷地
  6
CONTINUOUS
 62
   18
 10
161289.59603928748
 20
82707.27915518012
 11
166290.00892091068
 21
90707.021089348781
  0
LINE
  8
_0-0_敷地
  6
CONTINUOUS
 62
   18
 10
127038.47560632953
 20
90709.046901623223
 11
175919.84365501403
 21
90706.524083607655
  0
LINE
  8
_0-0_敷地
  6
CONTINUOUS
 62
   18
 10
127038.78527254136
 20
96709.046893632141
 11
175920.15332122586
 21
96706.524075616558
  0
LINE
  8
_0-0_敷地
  6
CENTER1
 62
   18
 10
127038.63043943545
 20
93709.046897627689
 11
175919.99848811997
 21
93706.524079612107
  0
LINE
  8
_0-0_敷地
  6
CONTINUOUS
 62
   18
 10
127038.47560632953
 20
72710.169491525419
 11
175919.84365501403
 21
72710.169491525419
  0
LINE
  8
_0-0_敷地
  6
CONTINUOUS
 62
   18
 10
127038.47560632953
 20
67110.169491525419
 11
175919.84365501403
 21
67110.169491525419
  0
LINE
  8
_0-0_敷地
  6
CENTER1
 62
   18
 10
127038.47560632953
 20
69910.169491525419
 11
175919.84365501403
 21
69910.169491525419
  0
LINE
  8
ADD_LINE
  6
DOT
 62
   18
 10
81725.45276732133
 20
67110.169491525419
 11
81725.45276732133
 21
72710.169491525419
  0
LINE
  8
ADD_LINE
  6
DOT
 62
   18
 10
106725.45276732133
 20
67110.169491525419
 11
106725.45276732133
 21
72710.169491525419
  0
LINE
  8
ADD_LINE
  6
DOT
 62
   18
 10
136530.00896086616
 20
67110.169491525419
 11
136530.00896086616
 21
72710.169491525419
  0
LINE
  8
ADD_LINE
  6
DOT
 62
   18
 10
161530.00896086616
 20
67110.169491525419
 11
161530.00896086616
 21
72710.169491525419
  0
POINT
  8
_0-8_測定位置・表示枠・比較
 62
  212
 10
84225.45276732133
 20
67110.169491525419
  0
POINT
  8
_0-8_測定位置・表示枠・比較
 62
  212
 10
86725.45276732133
 20
67110.169491525419
  0
POINT
  8
_0-8_測定位置・表示枠・比較
 62
  212
 10
89225.45276732133
 20
67110.169491525419
  0
POINT
  8
_0-8_測定位置・表示枠・比較
 62
  212
 10
91725.45276732133
 20
67110.169491525419
  0
POINT
  8
_0-8_測定位置・表示枠・比較
 62
  212
 10
94225.45276732133
 20
67110.169491525419
  0
POINT
  8
_0-8_測定位置・表示枠・比較
 62
  212
 10
96725.45276732133
 20
67110.169491525419
  0
POINT
  8
_0-8_測定位置・表示枠・比較
 62
  212
 10
99225.45276732133
 20
67110.169491525419
  0
POINT
  8
_0-8_測定位置・表示枠・比較
 62
  212
 10
101725.45276732133
 20
67110.169491525419
  0
POINT
  8
_0-8_測定位置・表示枠・比較
 62
  212
 10
104225.45276732133
 20
67110.169491525419
  0
POINT
  8
_0-8_測定位置・表示枠・比較
 62
  212
 10
139030.00896086616
 20
67110.169491525419
  0
POINT
  8
_0-8_測定位置・表示枠・比較
 62
  212
 10
141530.00896086616
 20
67110.169491525419
  0
POINT
  8
_0-8_測定位置・表示枠・比較
 62
  212
 10
144030.00896086616
 20
67110.169491525419
  0
POINT
  8
_0-8_測定位置・表示枠・比較
 62
  212
 10
146530.00896086616
 20
67110.169491525419
  0
POINT
  8
_0-8_測定位置・表示枠・比較
 62
  212
 10
149030.00896086616
 20
67110.169491525419
  0
POINT
  8
_0-8_測定位置・表示枠・比較
 62
  212
 10
151530.00896086616
 20
67110.169491525419
  0
POINT
  8
_0-8_測定位置・表示枠・比較
 62
  212
 10
154030.00896086616
 20
67110.169491525419
  0
POINT
  8
_0-8_測定位置・表示枠・比較
 62
  212
 10
156530.00896086616
 20
67110.169491525419
  0
POINT
  8
_0-8_測定位置・表示枠・比較
 62
  212
 10
159030.00896086616
 20
67110.169491525419
  0
LINE
  8
_0-8_測定位置・表示枠・比較
  6
CONTINUOUS
 62
   18
 10
76745.96936279122
 20
41999.881817155335
 11
76745.96936279122
 21
19999.881817155335
  0
LINE
  8
_0-8_測定位置・表示枠・比較
  6
CONTINUOUS
 62
   18
 10
168745.96936279122
 20
41999.881817155335
 11
168745.96936279122
 21
19999.881817155335
  0
LINE
  8
_0-8_測定位置・表示枠・比較
  6
CONTINUOUS
 62
   18
 10
80745.96936279122
 20
41999.881817155335
 11
80745.96936279122
 21
19999.881817155335
  0
LINE
  8
_0-8_測定位置・表示枠・比較
  6
CONTINUOUS
 62
   18
 10
88745.96936279122
 20
41999.881817155335
 11
88745.96936279122
 21
19999.881817155335
  0
LINE
  8
_0-8_測定位置・表示枠・比較
  6
CONTINUOUS
 62
   18
 10
96745.96936279122
 20
41999.881817155335
 11
96745.96936279122
 21
19999.881817155335
  0
LINE
  8
_0-8_測定位置・表示枠・比較
  6
CONTINUOUS
 62
   18
 10
104745.96936279122
 20
41999.881817155335
 11
104745.96936279122
 21
19999.881817155335
  0
LINE
  8
_0-8_測定位置・表示枠・比較
  6
CONTINUOUS
 62
   18
 10
112745.96936279122
 20
41999.881817155335
 11
112745.96936279122
 21
19999.881817155335
  0
LINE
  8
_0-8_測定位置・表示枠・比較
  6
CONTINUOUS
 62
   18
 10
120745.96936279122
 20
41999.881817155335
 11
120745.96936279122
 21
19999.881817155335
  0
LINE
  8
_0-8_測定位置・表示枠・比較
  6
CONTINUOUS
 62
   18
 10
128745.96936279122
 20
41999.881817155335
 11
128745.96936279122
 21
19999.881817155335
  0
LINE
  8
_0-8_測定位置・表示枠・比較
  6
CONTINUOUS
 62
   18
 10
136745.96936279122
 20
41999.881817155335
 11
136745.96936279122
 21
19999.881817155335
  0
LINE
  8
_0-8_測定位置・表示枠・比較
  6
CONTINUOUS
 62
   18
 10
144745.96936279122
 20
41999.881817155335
 11
144745.96936279122
 21
19999.881817155335
  0
LINE
  8
_0-8_測定位置・表示枠・比較
  6
CONTINUOUS
 62
   18
 10
152745.96936279122
 20
41999.881817155335
 11
152745.96936279122
 21
19999.881817155335
  0
LINE
  8
_0-8_測定位置・表示枠・比較
  6
CONTINUOUS
 62
   18
 10
160745.96936279122
 20
41999.881817155335
 11
160745.96936279122
 21
19999.881817155335
  0
LINE
  8
_0-8_測定位置・表示枠・比較
  6
CONTINUOUS
 62
   18
 10
76745.96936279122
 20
41999.881817155335
 11
168745.96936279122
 21
41999.881817155335
  0
LINE
  8
_0-8_測定位置・表示枠・比較
  6
CONTINUOUS
 62
   18
 10
76745.96936279122
 20
31999.881817155335
 11
168745.96936279122
 21
31999.881817155335
  0
LINE
  8
_0-8_測定位置・表示枠・比較
  6
CONTINUOUS
 62
   18
 10
76745.96936279122
 20
29999.881817155335
 11
168745.96936279122
 21
29999.881817155335
  0
LINE
  8
_0-8_測定位置・表示枠・比較
  6
CONTINUOUS
 62
   18
 10
76745.96936279122
 20
19999.881817155335
 11
168745.96936279122
 21
19999.881817155335
  0
LINE
  8
ADD_LINE
  6
DOT
 62
   18
 10
76745.96936279122
 20
25999.881817155335
 11
168745.96936279122
 21
25999.881817155335
  0
LINE
  8
ADD_LINE
  6
DOT
 62
   18
 10
76745.96936279122
 20
37999.881817155335
 11
168745.96936279122
 21
37999.881817155335
  0
LINE
  8
ADD_LINE
  6
DOT
 62
   18
 10
84745.96936279122
 20
41999.881817155335
 11
84745.96936279122
 21
19999.881817155335
  0
LINE
  8
ADD_LINE
  6
DOT
 62
   18
 10
92745.96936279122
 20
41999.881817155335
 11
92745.96936279122
 21
19999.881817155335
  0
LINE
  8
ADD_LINE
  6
DOT
 62
   18
 10
100745.96936279122
 20
41999.881817155335
 11
100745.96936279122
 21
19999.881817155335
  0
LINE
  8
ADD_LINE
  6
DOT
 62
   18
 10
108745.96936279122
 20
41999.881817155335
 11
108745.96936279122
 21
19999.881817155335
  0
LINE
  8
ADD_LINE
  6
DOT
 62
   18
 10
116745.96936279122
 20
41999.881817155335
 11
116745.96936279122
 21
19999.881817155335
  0
LINE
  8
ADD_LINE
  6
DOT
 62
   18
 10
124745.96936279122
 20
41999.881817155335
 11
124745.96936279122
 21
19999.881817155335
  0
LINE
  8
ADD_LINE
  6
DOT
 62
   18
 10
132745.96936279122
 20
41999.881817155335
 11
132745.96936279122
 21
19999.881817155335
  0
LINE
  8
ADD_LINE
  6
DOT
 62
   18
 10
140745.96936279122
 20
41999.881817155335
 11
140745.96936279122
 21
19999.881817155335
  0
LINE
  8
ADD_LINE
  6
DOT
 62
   18
 10
148745.96936279122
 20
41999.881817155335
 11
148745.96936279122
 21
19999.881817155335
  0
LINE
  8
ADD_LINE
  6
DOT
 62
   18
 10
156745.96936279122
 20
41999.881817155335
 11
156745.96936279122
 21
19999.881817155335
  0
LINE
  8
ADD_LINE
  6
DOT
 62
   18
 10
164745.96936279122
 20
41999.881817155335
 11
164745.96936279122
 21
19999.881817155335
  0
CIRCLE
  8
_0-3_計画建物－天空率
  6
CONTINUOUS
 62
   18
 10
84745.96936279122
 20
37999.881817155335
 40
3000
  0
POINT
  8
_0-3_計画建物－天空率
 62
   18
 10
81725.45276732133
 20
67110.169491525419
  0
TEXT
  8
_0-3_計画建物－天空率
 62
  132
 10
81725.45276732133
 20
67110.169491525419
 40
500
 41
1
 50
0
  1
No.1
  0
TEXT
  8
_0-3_計画建物－天空率
 62
  132
 10
83370.96936279122
 20
34249.881817155335
 40
500
 41
1
 50
0
  1
測定点 No.1
  0
TEXT
  8
_0-3_計画建物－天空率
 62
  132
 10
81120.96936279122
 20
33499.881817155335
 40
500
 41
1
 50
0
  1
正射影 　測定面高さ = 0.000 m
  0
LINE
  8
_0-3_計画建物－天空率
  6
CONTINUOUS
 62
  132
 10
87260.641211501395
 20
38915.147519033002
 11
87565.04722514894
 21
39025.942247132341
  0
LINE
  8
_0-3_計画建物－天空率
  6
CONTINUOUS
 62
  132
 10
87178.062459915148
 20
38982.511212066048
 11
87527.520926491575
 21
39123.701597403072
  0
LINE
  8
_0-3_計画建物－天空率
  6
CONTINUOUS
 62
  132
 10
87093.350161465103
 20
39045.003084067415
 11
87486.605735719029
 21
39220.091746382735
  0
LINE
  8
_0-3_計画建物－天空率
  6
CONTINUOUS
 62
  132
 10
87007.302334270803
 20
39102.807600944404
 11
87442.351501688724
 21
39314.995257522568
  0
LINE
  8
_0-3_計画建物－天空率
  6
CONTINUOUS
 62
  132
 10
86920.521912365191
 20
39156.111917407324
 11
87394.81214136799
 21
39408.296505513004
  0
LINE
  8
_0-3_計画建物－天空率
  6
CONTINUOUS
 62
  132
 10
86833.651841690734
 20
39205.205858330431
 11
87344.045574144533
 21
39499.881817155335
  0
LINE
  8
_0-3_計画建物－天空率
  6
CONTINUOUS
 62
  132
 10
86747.069646586867
 20
39250.308054596294
 11
87290.1136512605
 21
39589.639609854944
  0
LINE
  8
_0-3_計画建物－天空率
  6
CONTINUOUS
 62
  132
 10
86661.180581761349
 20
39291.708095902853
 11
87233.08208045634
 21
39677.460527567578
  0
LINE
  8
_0-3_計画建物－天空率
  6
CONTINUOUS
 62
  132
 10
86576.268668086617
 20
39329.672101431104
 11
87173.020345916069
 21
39763.237574032755
  0
LINE
  8
_0-3_計画建物－天空率
  6
CONTINUOUS
 62
  132
 10
86492.55541234088
 20
39364.464393125635
 11
87110.001623611373
 21
39846.86624313231
  0
LINE
  8
_0-3_計画建物－天空率
  6
CONTINUOUS
 62
  132
 10
86410.164561257668
 20
39396.307394395538
 11
87044.102692148153
 21
39928.244646214952
  0
LINE
  8
_0-3_計画建物－天空率
  6
CONTINUOUS
 62
  132
 10
86329.219294234149
 20
39425.446458560814
 11
86975.403839223392
 21
40007.273636231911
  0
LINE
  8
_0-3_計画建物－天空率
  6
CONTINUOUS
 62
  132
 10
86249.837333288407
 20
39452.15023505636
 11
86903.988763807166
 21
40083.856928532324
  0
LINE
  8
_0-3_計画建物－天空率
  6
CONTINUOUS
 62
  132
 10
86171.916470031836
 20
39476.493272564963
 11
86829.944474168209
 21
40157.901218171289
  0
LINE
  8
_0-3_計画建物－天空率
  6
CONTINUOUS
 62
  132
 10
86095.629816554486
 20
39498.831607874868
 11
86753.361181867803
 21
40229.316293587515
  0
LINE
  8
_0-3_計画建物－天空率
  6
CONTINUOUS
 62
  132
 10
86020.769712496097
 20
39519.129713756483
 11
86674.332191850844
 21
40298.015146512268
  0
LINE
  8
_0-3_計画建物－天空率
  6
CONTINUOUS
 62
  132
 10
85947.45988693666
 20
39537.71955969456
 11
86592.953788768194
 21
40363.914077975496
  0
LINE
  8
_0-3_計画建物－天空率
  6
CONTINUOUS
 62
  132
 10
85875.61863777037
 20
39554.710655709997
 11
86509.325119668646
 21
40426.932800280177
  0
LINE
  8
_0-3_計画建物－天空率
  6
CONTINUOUS
 62
  132
 10
85805.167051527649
 20
39570.206968414873
 11
86423.548073203462
 21
40486.994534820463
  0
LINE
  8
_0-3_計画建物－天空率
  6
CONTINUOUS
 62
  132
 10
85735.985018942214
 20
39584.238055984984
 11
86335.727155490836
 21
40544.026105624616
  0
LINE
  8
_0-3_計画建物－天空率
  6
CONTINUOUS
 62
  132
 10
85668.065577232409
 20
39596.999310034421
 11
86245.96936279122
 21
40597.958028508648
  0
LINE
  8
_0-3_計画建物－天空率
  6
CONTINUOUS
 62
  132
 10
85601.329556873504
 20
39608.580371569645
 11
86154.384051148896
 21
40648.724595732113
  0
LINE
  8
_0-3_計画建物－天空率
  6
CONTINUOUS
 62
  132
 10
85535.697341683015
 20
39619.064126079851
 11
86061.082803158453
 21
40696.26395605284
  0
LINE
  8
_0-3_計画建物－天空率
  6
CONTINUOUS
 62
  132
 10
85471.089278907049
 20
39628.527814241831
 11
85966.179292018612
 21
40740.518190083137
  0
LINE
  8
_0-3_計画建物－天空率
  6
CONTINUOUS
 62
  132
 10
85407.391623468283
 20
39636.959359114021
 11
85869.789143038957
 21
40781.433380855698
  0
LINE
  8
_0-3_計画建物－天空率
  6
CONTINUOUS
 62
  132
 10
85344.549041625694
 20
39644.465968497446
 11
85772.029792768225
 21
40818.959679513063
  0
LINE
  8
_0-3_計画建物－天空率
  6
CONTINUOUS
 62
  132
 10
85282.489635405436
 20
39651.121427540849
 11
85673.020345916069
 21
40853.051366040795
  0
LINE
  8
_0-3_計画建物－天空率
  6
CONTINUOUS
 62
  132
 10
85244.406865895536
 20
39738.13996483328
 11
85572.88143024221
 21
40883.66690497029
  0
LINE
  8
_0-3_計画建物－天空率
  6
CONTINUOUS
 62
  132
 10
85219.54517373268
 20
39899.290650263123
 11
85471.735049590221
 21
40910.768995983322
  0
LINE
  8
_0-3_計画建物－天空率
  6
CONTINUOUS
 62
  132
 10
85187.387512966655
 20
40076.590937340974
 11
85369.704435244493
 21
40934.324619356753
  0
LINE
  8
_0-3_計画建物－天空率
  6
CONTINUOUS
 62
  132
 10
85146.098137119071
 20
40269.12486050673
 11
85266.913895792007
 21
40954.305076191958
  0
LINE
  8
_0-3_計画建物－天空率
  6
CONTINUOUS
 62
  132
 10
85093.135721439495
 20
40470.098814111603
 11
85163.488665671407
 21
40970.686023380047
  0
TEXT
  8
_0-3_計画建物－天空率
 62
  132
 10
82745.96936279122
 20
32749.881817155335
 40
500
 41
1
 50
0
  1
天空率 = 91.34 %
  0
LINE
  8
_0-3_計画建物－天空率
  6
CONTINUOUS
 62
   18
 10
85256.44518466515
 20
39653.823480026891
 11
85237.631122455219
 21
39785.597328254967
  0
LINE
  8
_0-3_計画建物－天空率
  6
CONTINUOUS
 62
   18
 10
85237.631122455219
 20
39785.597328254967
 11
85218.937990353704
 21
39903.107574466754
  0
LINE
  8
_0-3_計画建物－天空率
  6
CONTINUOUS
 62
   18
 10
85218.937990353704
 20
39903.107574466754
 11
85200.613689222998
 21
40007.591162678058
  0
LINE
  8
_0-3_計画建物－天空率
  6
CONTINUOUS
 62
   18
 10
85200.613689222998
 20
40007.591162678058
 11
85182.835916527692
 21
40100.336207520253
  0
LINE
  8
_0-3_計画建物－天空率
  6
CONTINUOUS
 62
   18
 10
85182.835916527692
 20
40100.336207520253
 11
85165.724297447581
 21
40182.607477368394
  0
LINE
  8
_0-3_計画建物－天空率
  6
CONTINUOUS
 62
   18
 10
85165.724297447581
 20
40182.607477368394
 11
85149.352374201844
 21
40255.59961696351
  0
LINE
  8
_0-3_計画建物－天空率
  6
CONTINUOUS
 62
   18
 10
85149.352374201844
 20
40255.59961696351
 11
85133.758379989143
 21
40320.411296067752
  0
LINE
  8
_0-3_計画建物－天空率
  6
CONTINUOUS
 62
   18
 10
85133.758379989143
 20
40320.411296067752
 11
85118.954346106722
 21
40378.034070774963
  0
LINE
  8
_0-3_計画建物－天空率
  6
CONTINUOUS
 62
   18
 10
85118.954346106722
 20
40378.034070774963
 11
85104.933475294485
 21
40429.350930577333
  0
LINE
  8
_0-3_計画建物－天空率
  6
CONTINUOUS
 62
   18
 10
85104.933475294485
 20
40429.350930577333
 11
85091.675920819558
 21
40475.140772638224
  0
LINE
  8
_0-3_計画建物－天空率
  6
CONTINUOUS
 62
   18
 10
85630.713425657464
 20
40866.452580841963
 11
85256.44518466515
 21
39653.823480026891
  0
LINE
  8
_0-3_計画建物－天空率
  6
CONTINUOUS
 62
   18
 10
85160.936098546633
 20
40971.043645164114
 11
85091.675920819558
 21
40475.140772638224
  0
LINE
  8
_0-3_計画建物－天空率
  6
CONTINUOUS
 62
   18
 10
87268.809459265074
 20
38908.104251885917
 11
87256.43431691153
 21
38918.775014588158
  0
LINE
  8
_0-3_計画建物－天空率
  6
CONTINUOUS
 62
   18
 10
87256.43431691153
 20
38918.775014588158
 11
87243.616318651329
 21
38929.644181830408
  0
LINE
  8
_0-3_計画建物－天空率
  6
CONTINUOUS
 62
   18
 10
87243.616318651329
 20
38929.644181830408
 11
87230.336506677384
 21
38940.714880995867
  0
LINE
  8
_0-3_計画建物－天空率
  6
CONTINUOUS
 62
   18
 10
87230.336506677384
 20
38940.714880995867
 11
87216.575064533273
 21
38951.990128998484
  0
LINE
  8
_0-3_計画建物－天空率
  6
CONTINUOUS
 62
   18
 10
87216.575064533273
 20
38951.990128998484
 11
87202.311284333263
 21
38963.472809516308
  0
LINE
  8
_0-3_計画建物－天空率
  6
CONTINUOUS
 62
   18
 10
87202.311284333263
 20
38963.472809516308
 11
87187.523534107647
 21
38975.165647779816
  0
LINE
  8
_0-3_計画建物－天空率
  6
CONTINUOUS
 62
   18
 10
87187.523534107647
 20
38975.165647779816
 11
87172.189225552167
 21
38987.071182710351
  0
LINE
  8
_0-3_計画建物－天空率
  6
CONTINUOUS
 62
   18
 10
87172.189225552167
 20
38987.071182710351
 11
87156.284782509435
 21
38999.19173619301
  0
LINE
  8
_0-3_計画建物－天空率
  6
CONTINUOUS
 62
   18
 10
87156.284782509435
 20
38999.19173619301
 11
87139.785610567661
 21
39011.529379259118
  0
LINE
  8
_0-3_計画建物－天空率
  6
CONTINUOUS
 62
   18
 10
87139.785610567661
 20
39011.529379259118
 11
87122.666068224993
 21
39024.085894945223
  0
LINE
  8
_0-3_計画建物－天空率
  6
CONTINUOUS
 62
   18
 10
87122.666068224993
 20
39024.085894945223
 11
87104.899440139211
 21
39036.862737589515
  0
LINE
  8
_0-3_計画建物－天空率
  6
CONTINUOUS
 62
   18
 10
87104.899440139211
 20
39036.862737589515
 11
87086.457913061502
 21
39049.860988322747
  0
LINE
  8
_0-3_計画建物－天空率
  6
CONTINUOUS
 62
   18
 10
87086.457913061502
 20
39049.860988322747
 11
87067.312555141004
 21
39063.081306510102
  0
LINE
  8
_0-3_計画建物－天空率
  6
CONTINUOUS
 62
   18
 10
87067.312555141004
 20
39063.081306510102
 11
87047.433299382813
 21
39076.523876904175
  0
LINE
  8
_0-3_計画建物－天空率
  6
CONTINUOUS
 62
   18
 10
87047.433299382813
 20
39076.523876904175
 11
87026.788932148454
 21
39090.188352277582
  0
LINE
  8
_0-3_計画建物－天空率
  6
CONTINUOUS
 62
   18
 10
87026.788932148454
 20
39090.188352277582
 11
87005.347087702059
 21
39104.073791318463
  0
LINE
  8
_0-3_計画建物－天空率
  6
CONTINUOUS
 62
   18
 10
87005.347087702059
 20
39104.073791318463
 11
86983.074249929384
 21
39118.178591594463
  0
LINE
  8
_0-3_計画建物－天空率
  6
CONTINUOUS
 62
   18
 10
86983.074249929384
 20
39118.178591594463
 11
86959.935762488908
 21
39132.500417421724
  0
LINE
  8
_0-3_計画建物－天空率
  6
CONTINUOUS
 62
   18
 10
86959.935762488908
 20
39132.500417421724
 11
86935.89584879369
 21
39147.036122517587
  0
LINE
  8
_0-3_計画建物－天空率
  6
CONTINUOUS
 62
   18
 10
86935.89584879369
 20
39147.036122517587
 11
86910.917643368316
 21
39161.781667369345
  0
LINE
  8
_0-3_計画建物－天空率
  6
CONTINUOUS
 62
   18
 10
86910.917643368316
 20
39161.781667369345
 11
86884.963236274386
 21
39176.732031320796
  0
LINE
  8
_0-3_計画建物－天空率
  6
CONTINUOUS
 62
   18
 10
86884.963236274386
 20
39176.732031320796
 11
86857.9937324489
 21
39191.881119462777
  0
LINE
  8
_0-3_計画建物－天空率
  6
CONTINUOUS
 62
   18
 10
86857.9937324489
 20
39191.881119462777
 11
86829.969327946775
 21
39207.221664518299
  0
LINE
  8
_0-3_計画建物－天空率
  6
CONTINUOUS
 62
   18
 10
86829.969327946775
 20
39207.221664518299
 11
86800.849405219996
 21
39222.745124037443
  0
LINE
  8
_0-3_計画建物－天空率
  6
CONTINUOUS
 62
   18
 10
86800.849405219996
 20
39222.745124037443
 11
86770.592649691257
 21
39238.441573365227
  0
LINE
  8
_0-3_計画建物－天空率
  6
CONTINUOUS
 62
   18
 10
86770.592649691257
 20
39238.441573365227
 11
86739.157189985984
 21
39254.29959501863
  0
LINE
  8
_0-3_計画建物－天空率
  6
CONTINUOUS
 62
   18
 10
86739.157189985984
 20
39254.29959501863
 11
86706.500764262484
 21
39270.306165308706
  0
LINE
  8
_0-3_計画建物－天空率
  6
CONTINUOUS
 62
   18
 10
86706.500764262484
 20
39270.306165308706
 11
86672.580915114027
 21
39286.44653927136
  0
LINE
  8
_0-3_計画建物－天空率
  6
CONTINUOUS
 62
   18
 10
86672.580915114027
 20
39286.44653927136
 11
86637.355215500618
 21
39302.70413522634
  0
LINE
  8
_0-3_計画建物－天空率
  6
CONTINUOUS
 62
   18
 10
86637.355215500618
 20
39302.70413522634
 11
86600.781528082603
 21
39319.060420567453
  0
LINE
  8
_0-3_計画建物－天空率
  6
CONTINUOUS
 62
   18
 10
86600.781528082603
 20
39319.060420567453
 11
86562.818300164275
 21
39335.494800696469
  0
LINE
  8
_0-3_計画建物－天空率
  6
CONTINUOUS
 62
   18
 10
86562.818300164275
 20
39335.494800696469
 11
86523.424896190641
 21
39351.984513344737
  0
LINE
  8
_0-3_計画建物－天空率
  6
CONTINUOUS
 62
   18
 10
86523.424896190641
 20
39351.984513344737
 11
86482.561969361689
 21
39368.50453087411
  0
LINE
  8
_0-3_計画建物－天空率
  6
CONTINUOUS
 62
   18
 10
86482.561969361689
 20
39368.50453087411
 11
86440.191873416319
 21
39385.027473505651
  0
LINE
  8
_0-3_計画建物－天空率
  6
CONTINUOUS
 62
   18
 10
86440.191873416319
 20
39385.027473505651
 11
86396.279114975972
 21
39401.523536777873
  0
LINE
  8
_0-3_計画建物－天空率
  6
CONTINUOUS
 62
   18
 10
86396.279114975972
 20
39401.523536777873
 11
86350.790846012096
 21
39417.960436874149
  0
LINE
  8
_0-3_計画建物－天空率
  6
CONTINUOUS
 62
   18
 10
86350.790846012096
 20
39417.960436874149
 11
86303.697395000446
 21
39434.30337776232
  0
LINE
  8
_0-3_計画建物－天空率
  6
CONTINUOUS
 62
   18
 10
86303.697395000446
 20
39434.30337776232
 11
86254.972834141561
 21
39450.515044339161
  0
LINE
  8
_0-3_計画建物－天空率
  6
CONTINUOUS
 62
   18
 10
86254.972834141561
 20
39450.515044339161
 11
86204.595578664244
 21
39466.555625943517
  0
LINE
  8
_0-3_計画建物－天空率
  6
CONTINUOUS
 62
   18
 10
86204.595578664244
 20
39466.555625943517
 11
86152.549012695686
 21
39482.382874669092
  0
LINE
  8
_0-3_計画建物－天空率
  6
CONTINUOUS
 62
   18
 10
86152.549012695686
 20
39482.382874669092
 11
86098.822134501737
 21
39497.95220284185
  0
LINE
  8
_0-3_計画建物－天空率
  6
CONTINUOUS
 62
   18
 10
86098.822134501737
 20
39497.95220284185
 11
86043.41021210901
 21
39513.216823799601
  0
LINE
  8
_0-3_計画建物－天空率
  6
CONTINUOUS
 62
   18
 10
86043.41021210901
 20
39513.216823799601
 11
85986.315438468911
 21
39528.127939694539
  0
LINE
  8
_0-3_計画建物－天空率
  6
CONTINUOUS
 62
   18
 10
85986.315438468911
 20
39528.127939694539
 11
85927.54757347911
 21
39542.634979408714
  0
LINE
  8
_0-3_計画建物－天空率
  6
CONTINUOUS
 62
   18
 10
85927.54757347911
 20
39542.634979408714
 11
85867.124558426876
 21
39556.685888809413
  0
LINE
  8
_0-3_計画建物－天空率
  6
CONTINUOUS
 62
   18
 10
85867.124558426876
 20
39556.685888809413
 11
85805.073086857446
 21
39570.227474465711
  0
LINE
  8
_0-3_計画建物－天空率
  6
CONTINUOUS
 62
   18
 10
85805.073086857446
 20
39570.227474465711
 11
85741.429114615195
 21
39583.205800601892
  0
LINE
  8
_0-3_計画建物－天空率
  6
CONTINUOUS
 62
   18
 10
85741.429114615195
 20
39583.205800601892
 11
85676.238290971712
 21
39595.56663749316
  0
LINE
  8
_0-3_計画建物－天空率
  6
CONTINUOUS
 62
   18
 10
85676.238290971712
 20
39595.56663749316
 11
85609.556292465349
 21
39607.255957748784
  0
LINE
  8
_0-3_計画建物－天空率
  6
CONTINUOUS
 62
   18
 10
85609.556292465349
 20
39607.255957748784
 11
85541.44904144408
 21
39618.220475028632
  0
LINE
  8
_0-3_計画建物－天空率
  6
CONTINUOUS
 62
   18
 10
85541.44904144408
 20
39618.220475028632
 11
85471.992792421355
 21
39628.408217771822
  0
LINE
  8
_0-3_計画建物－天空率
  6
CONTINUOUS
 62
   18
 10
85471.992792421355
 20
39628.408217771822
 11
85401.274071289895
 21
39637.769128568557
  0
LINE
  8
_0-3_計画建物－天空率
  6
CONTINUOUS
 62
   18
 10
85401.274071289895
 20
39637.769128568557
 11
85329.389455219206
 21
39646.255677981127
  0
LINE
  8
_0-3_計画建物－天空率
  6
CONTINUOUS
 62
   18
 10
85329.389455219206
 20
39646.255677981127
 11
85256.44518466515
 21
39653.823480026891
  0
LINE
  8
_0-3_計画建物－天空率
  6
CONTINUOUS
 62
   18
 10
87568.631598397405
 20
39016.040221973562
 11
87268.809459265074
 21
38908.104251885917
  0
LINE
  8
_0-3_計画建物－天空率
  6
CONTINUOUS
 62
   18
 10
87268.809459265074
 20
38908.104251885917
 11
87253.752769405647
 21
38960.172211688157
  0
LINE
  8
_0-3_計画建物－天空率
  6
CONTINUOUS
 62
   18
 10
87253.752769405647
 20
38960.172211688157
 11
87238.058283402715
 21
39011.291004818704
  0
LINE
  8
_0-3_計画建物－天空率
  6
CONTINUOUS
 62
   18
 10
87238.058283402715
 20
39011.291004818704
 11
87221.768242007572
 21
39061.43488045442
  0
LINE
  8
_0-3_計画建物－天空率
  6
CONTINUOUS
 62
   18
 10
87221.768242007572
 20
39061.43488045442
 11
87204.92493043754
 21
39110.581981161194
  0
LINE
  8
_0-3_計画建物－天空率
  6
CONTINUOUS
 62
   18
 10
87204.92493043754
 20
39110.581981161194
 11
87187.570439508912
 21
39158.714234619706
  0
LINE
  8
_0-3_計画建物－天空率
  6
CONTINUOUS
 62
   18
 10
87187.570439508912
 20
39158.714234619706
 11
87169.746445360084
 21
39205.817221745732
  0
LINE
  8
_0-3_計画建物－天空率
  6
CONTINUOUS
 62
   18
 10
87169.746445360084
 20
39205.817221745732
 11
87151.494008880006
 21
39251.880024768805
  0
LINE
  8
_0-3_計画建物－天空率
  6
CONTINUOUS
 62
   18
 10
87151.494008880006
 20
39251.880024768805
 11
87132.853395525235
 21
39296.895058802379
  0
LINE
  8
_0-3_計画建物－天空率
  6
CONTINUOUS
 62
   18
 10
87132.853395525235
 20
39296.895058802379
 11
87113.863915810186
 21
39340.857890338709
  0
LINE
  8
_0-3_計画建物－天空率
  6
CONTINUOUS
 62
   18
 10
87113.863915810186
 20
39340.857890338709
 11
87094.56378639859
 21
39383.767045942928
  0
LINE
  8
_0-3_計画建物－天空率
  6
CONTINUOUS
 62
   18
 10
87094.56378639859
 20
39383.767045942928
 11
87074.990011409769
 21
39425.623814216094
  0
LINE
  8
_0-3_計画建物－天空率
  6
CONTINUOUS
 62
   18
 10
87074.990011409769
 20
39425.623814216094
 11
87055.178283287634
 21
39466.43204385657
  0
LINE
  8
_0-3_計画建物－天空率
  6
CONTINUOUS
 62
   18
 10
87055.178283287634
 20
39466.43204385657
 11
87035.162902359268
 21
39506.197940384554
  0
LINE
  8
_0-3_計画建物－天空率
  6
CONTINUOUS
 62
   18
 10
87035.162902359268
 20
39506.197940384554
 11
87014.976714035467
 21
39544.929863815457
  0
LINE
  8
_0-3_計画建物－天空率
  6
CONTINUOUS
 62
   18
 10
87014.976714035467
 20
39544.929863815457
 11
86994.651062473683
 21
39582.63812928272
  0
LINE
  8
_0-3_計画建物－天空率
  6
CONTINUOUS
 62
   18
 10
86994.651062473683
 20
39582.63812928272
 11
86974.215759431303
 21
39619.33481232744
  0
LINE
  8
_0-3_計画建物－天空率
  6
CONTINUOUS
 62
   18
 10
86974.215759431303
 20
39619.33481232744
 11
86953.699066981338
 21
39655.033560296695
  0
LINE
  8
_0-3_計画建物－天空率
  6
CONTINUOUS
 62
   18
 10
86953.699066981338
 20
39655.033560296695
 11
86933.127692737936
 21
39689.749411029959
  0
LINE
  8
_0-3_計画建物－天空率
  6
CONTINUOUS
 62
   18
 10
86933.127692737936
 20
39689.749411029959
 11
86912.526796241567
 21
39723.498619766942
  0
LINE
  8
_0-3_計画建物－天空率
  6
CONTINUOUS
 62
   18
 10
87093.656989078517
 20
39867.597750957233
 11
86912.526796241567
 21
39723.498619766942
  0
LINE
  8
_0-3_計画建物－天空率
  6
CONTINUOUS
 62
   18
 10
86912.526796241567
 20
39723.498619766942
 11
86891.251130669043
 21
39741.762147444598
  0
LINE
  8
_0-3_計画建物－天空率
  6
CONTINUOUS
 62
   18
 10
86891.251130669043
 20
39741.762147444598
 11
86869.291772776836
 21
39760.227848844464
  0
LINE
  8
_0-3_計画建物－天空率
  6
CONTINUOUS
 62
   18
 10
86869.291772776836
 20
39760.227848844464
 11
86846.626570796957
 21
39778.890007505142
  0
LINE
  8
_0-3_計画建物－天空率
  6
CONTINUOUS
 62
   18
 10
86846.626570796957
 20
39778.890007505142
 11
86823.232977077204
 21
39797.742061783515
  0
LINE
  8
_0-3_計画建物－天空率
  6
CONTINUOUS
 62
   18
 10
86823.232977077204
 20
39797.742061783515
 11
86799.088088258824
 21
39816.776545445551
  0
LINE
  8
_0-3_計画建物－天空率
  6
CONTINUOUS
 62
   18
 10
86799.088088258824
 20
39816.776545445551
 11
86774.168692443374
 21
39835.985026389869
  0
LINE
  8
_0-3_計画建物－天空率
  6
CONTINUOUS
 62
   18
 10
86774.168692443374
 20
39835.985026389869
 11
86748.451323968954
 21
39855.358043771324
  0
LINE
  8
_0-3_計画建物－天空率
  6
CONTINUOUS
 62
   18
 10
86748.451323968954
 20
39855.358043771324
 11
86721.912326430989
 21
39874.885043857364
  0
LINE
  8
_0-3_計画建物－天空率
  6
CONTINUOUS
 62
   18
 10
86721.912326430989
 20
39874.885043857364
 11
86694.527924589623
 21
39894.554315022527
  0
LINE
  8
_0-3_計画建物－天空率
  6
CONTINUOUS
 62
   18
 10
86694.527924589623
 20
39894.554315022527
 11
86666.274305803948
 21
39914.35292236651
  0
LINE
  8
_0-3_計画建物－天空率
  6
CONTINUOUS
 62
   18
 10
86666.274305803948
 20
39914.35292236651
 11
86637.127711620094
 21
39934.266642528869
  0
LINE
  8
_0-3_計画建物－天空率
  6
CONTINUOUS
 62
   18
 10
86637.127711620094
 20
39934.266642528869
 11
86607.064540113831
 21
39954.27989936772
  0
LINE
  8
_0-3_計画建物－天空率
  6
CONTINUOUS
 62
   18
 10
86607.064540113831
 20
39954.27989936772
 11
86576.061459546326
 21
39974.375701270837
  0
LINE
  8
_0-3_計画建物－天空率
  6
CONTINUOUS
 62
   18
 10
86576.061459546326
 20
39974.375701270837
 11
86544.095533831292
 21
39994.535580973883
  0
LINE
  8
_0-3_計画建物－天空率
  6
CONTINUOUS
 62
   18
 10
86544.095533831292
 20
39994.535580973883
 11
86511.144360231424
 21
40014.73953887113
  0
LINE
  8
_0-3_計画建物－天空率
  6
CONTINUOUS
 62
   18
 10
86511.144360231424
 20
40014.73953887113
 11
86477.186219597337
 21
40034.965990917269
  0
LINE
  8
_0-3_計画建物－天空率
  6
CONTINUOUS
 62
   18
 10
86477.186219597337
 20
40034.965990917269
 11
86442.200239333731
 21
40055.19172233207
  0
LINE
  8
_0-3_計画建物－天空率
  6
CONTINUOUS
 62
   18
 10
86442.200239333731
 20
40055.19172233207
 11
86406.166569118562
 21
40075.391848430597
  0
LINE
  8
_0-3_計画建物－天空率
  6
CONTINUOUS
 62
   18
 10
86406.166569118562
 20
40075.391848430597
 11
86369.066569215035
 21
40095.539784006788
  0
LINE
  8
_0-3_計画建物－天空率
  6
CONTINUOUS
 62
   18
 10
86369.066569215035
 20
40095.539784006788
 11
86330.883010996243
 21
40115.607222793092
  0
LINE
  8
_0-3_計画建物－天空率
  6
CONTINUOUS
 62
   18
 10
86330.883010996243
 20
40115.607222793092
 11
86291.600289052599
 21
40135.56412860001
  0
LINE
  8
_0-3_計画建物－天空率
  6
CONTINUOUS
 62
   18
 10
86291.600289052599
 20
40135.56412860001
 11
86251.204643968158
 21
40155.378739800704
  0
LINE
  8
_0-3_計画建物－天空率
  6
CONTINUOUS
 62
   18
 10
86251.204643968158
 20
40155.378739800704
 11
86209.684394539071
 21
40175.017588862116
  0
LINE
  8
_0-3_計画建物－天空率
  6
CONTINUOUS
 62
   18
 10
86209.684394539071
 20
40175.017588862116
 11
86167.030177864653
 21
40194.445538629523
  0
LINE
  8
_0-3_計画建物－天空率
  6
CONTINUOUS
 62
   18
 10
86167.030177864653
 20
40194.445538629523
 11
86123.235195375265
 21
40213.625837039413
  0
LINE
  8
_0-3_計画建物－天空率
  6
CONTINUOUS
 62
   18
 10
86123.235195375265
 20
40213.625837039413
 11
86078.295462475507
 21
40232.520191860327
  0
LINE
  8
_0-3_計画建物－天空率
  6
CONTINUOUS
 62
   18
 10
86078.295462475507
 20
40232.520191860327
 11
86032.210059085453
 21
40251.088866936072
  0
LINE
  8
_0-3_計画建物－天空率
  6
CONTINUOUS
 62
   18
 10
86032.210059085453
 20
40251.088866936072
 11
85984.981377964315
 21
40269.29080122587
  0
LINE
  8
_0-3_計画建物－天空率
  6
CONTINUOUS
 62
   18
 10
85984.981377964315
 20
40269.29080122587
 11
85936.615367313788
 21
40287.083751696744
  0
LINE
  8
_0-3_計画建物－天空率
  6
CONTINUOUS
 62
   18
 10
85936.615367313788
 20
40287.083751696744
 11
85887.121763793838
 21
40304.42446082113
  0
LINE
  8
_0-3_計画建物－天空率
  6
CONTINUOUS
 62
   18
 10
85887.121763793838
 20
40304.42446082113
 11
85836.514311759339
 21
40321.268849066902
  0
LINE
  8
_0-3_計画建物－天空率
  6
CONTINUOUS
 62
   18
 10
85836.514311759339
 20
40321.268849066902
 11
85784.810964256248
 21
40337.572232337763
  0
LINE
  8
_0-3_計画建物－天空率
  6
CONTINUOUS
 62
   18
 10
85784.810964256248
 20
40337.572232337763
 11
85732.034061120139
 21
40353.289563833706
  0
LINE
  8
_0-3_計画建物－天空率
  6
CONTINUOUS
 62
   18
 10
85732.034061120139
 20
40353.289563833706
 11
85678.210479414134
 21
40368.375699259238
  0
LINE
  8
_0-3_計画建物－天空率
  6
CONTINUOUS
 62
   18
 10
85678.210479414134
 20
40368.375699259238
 11
85623.371751446204
 21
40382.785683723137
  0
LINE
  8
_0-3_計画建物－天空率
  6
CONTINUOUS
 62
   18
 10
85623.371751446204
 20
40382.785683723137
 11
85567.55414573157
 21
40396.475058058364
  0
LINE
  8
_0-3_計画建物－天空率
  6
CONTINUOUS
 62
   18
 10
85567.55414573157
 20
40396.475058058364
 11
85510.798706527959
 21
40409.400181663528
  0
LINE
  8
_0-3_計画建物－天空率
  6
CONTINUOUS
 62
   18
 10
85510.798706527959
 20
40409.400181663528
 11
85453.151247978705
 21
40421.518568345163
  0
LINE
  8
_0-3_計画建物－天空率
  6
CONTINUOUS
 62
   18
 10
85453.151247978705
 20
40421.518568345163
 11
85394.662299456133
 21
40432.78923104715
  0
LINE
  8
_0-3_計画建物－天空率
  6
CONTINUOUS
 62
   18
 10
85394.662299456133
 20
40432.78923104715
 11
85335.386999402151
 21
40443.173030811987
  0
LINE
  8
_0-3_計画建物－天空率
  6
CONTINUOUS
 62
   18
 10
85335.386999402151
 20
40443.173030811987
 11
85275.384935809022
 21
40452.633024854301
  0
LINE
  8
_0-3_計画建物－天空率
  6
CONTINUOUS
 62
   18
 10
85275.384935809022
 20
40452.633024854301
 11
85214.719932453721
 21
40461.134808263217
  0
LINE
  8
_0-3_計画建物－天空率
  6
CONTINUOUS
 62
   18
 10
85214.719932453721
 20
40461.134808263217
 11
85153.459781073441
 21
40468.646843609785
  0
LINE
  8
_0-3_計画建物－天空率
  6
CONTINUOUS
 62
   18
 10
85153.459781073441
 20
40468.646843609785
 11
85091.675920819558
 21
40475.140772638224
  0
LINE
  8
_0-3_計画建物－天空率
  6
CONTINUOUS
 62
   18
 10
85829.528076207454
 20
39903.430908291957
 11
85796.844012755973
 21
39935.913708699015
  0
LINE
  8
_0-3_計画建物－天空率
  6
CONTINUOUS
 62
   18
 10
85796.844012755973
 20
39935.913708699015
 11
85763.90381991757
 21
39967.888434266293
  0
LINE
  8
_0-3_計画建物－天空率
  6
CONTINUOUS
 62
   18
 10
85763.90381991757
 20
39967.888434266293
 11
85730.733261327855
 21
39999.331542273263
  0
LINE
  8
_0-3_計画建物－天空率
  6
CONTINUOUS
 62
   18
 10
85730.733261327855
 20
39999.331542273263
 11
85697.358559867134
 21
40030.220774043598
  0
LINE
  8
_0-3_計画建物－天空率
  6
CONTINUOUS
 62
   18
 10
85697.358559867134
 20
40030.220774043598
 11
85663.806294729467
 21
40060.53523267831
  0
LINE
  8
_0-3_計画建物－天空率
  6
CONTINUOUS
 62
   18
 10
85663.806294729467
 20
40060.53523267831
 11
85630.103296956673
 21
40090.255451606491
  0
LINE
  8
_0-3_計画建物－天空率
  6
CONTINUOUS
 62
   18
 10
85630.103296956673
 20
40090.255451606491
 11
85596.276544383334
 21
40119.3634534507
  0
LINE
  8
_0-3_計画建物－天空率
  6
CONTINUOUS
 62
   18
 10
85596.276544383334
 20
40119.3634534507
 11
85562.353056933134
 21
40147.842798829704
  0
LINE
  8
_0-3_計画建物－天空率
  6
CONTINUOUS
 62
   18
 10
85562.353056933134
 20
40147.842798829704
 11
85528.359793186638
 21
40175.678624851439
  0
LINE
  8
_0-3_計画建物－天空率
  6
CONTINUOUS
 62
   18
 10
85528.359793186638
 20
40175.678624851439
 11
85494.323549106266
 21
40202.857673179409
  0
LINE
  8
_0-3_計画建物－天空率
  6
CONTINUOUS
 62
   18
 10
85494.323549106266
 20
40202.857673179409
 11
85460.270859756928
 21
40229.368307684686
  0
LINE
  8
_0-3_計画建物－天空率
  6
CONTINUOUS
 62
   18
 10
85460.270859756928
 20
40229.368307684686
 11
85426.227904801547
 21
40255.200521820355
  0
LINE
  8
_0-3_計画建物－天空率
  6
CONTINUOUS
 62
   18
 10
85426.227904801547
 20
40255.200521820355
 11
85392.220418481359
 21
40280.345935973105
  0
LINE
  8
_0-3_計画建物－天空率
  6
CONTINUOUS
 62
   18
 10
85392.220418481359
 20
40280.345935973105
 11
85358.273604713627
 21
40304.797785156268
  0
LINE
  8
_0-3_計画建物－天空率
  6
CONTINUOUS
 62
   18
 10
85358.273604713627
 20
40304.797785156268
 11
85324.41205785505
 21
40328.550897507535
  0
LINE
  8
_0-3_計画建物－天空率
  6
CONTINUOUS
 62
   18
 10
85324.41205785505
 20
40328.550897507535
 11
85290.659689590494
 21
40351.60166414181
  0
LINE
  8
_0-3_計画建物－天空率
  6
CONTINUOUS
 62
   18
 10
85290.659689590494
 20
40351.60166414181
 11
85257.039662315728
 21
40373.948000984302
  0
LINE
  8
_0-3_計画建物－天空率
  6
CONTINUOUS
 62
   18
 10
85257.039662315728
 20
40373.948000984302
 11
85223.574329290786
 21
40395.589303269778
  0
LINE
  8
_0-3_計画建物－天空率
  6
CONTINUOUS
 62
   18
 10
85223.574329290786
 20
40395.589303269778
 11
85190.285181749597
 21
40416.526393441155
  0
LINE
  8
_0-3_計画建物－天空率
  6
CONTINUOUS
 62
   18
 10
85190.285181749597
 20
40416.526393441155
 11
85157.192803063619
 21
40436.761463213988
  0
LINE
  8
_0-3_計画建物－天空率
  6
CONTINUOUS
 62
   18
 10
85157.192803063619
 20
40436.761463213988
 11
85124.316829972885
 21
40456.298010593571
  0
LINE
  8
_0-3_計画建物－天空率
  6
CONTINUOUS
 62
   18
 10
85124.316829972885
 20
40456.298010593571
 11
85091.675920819558
 21
40475.140772638224
  0
LINE
  8
_0-3_計画建物－天空率
  6
CONTINUOUS
 62
   18
 10
86230.064519456209
 20
40607.076011296529
 11
85829.528076207454
 21
39903.430908291957
  0
LINE
  8
_0-3_計画建物－天空率
  6
CONTINUOUS
 62
   18
 10
85829.528076207454
 20
39903.430908291957
 11
85798.928684657817
 21
39892.440685921028
  0
LINE
  8
_0-3_計画建物－天空率
  6
CONTINUOUS
 62
   18
 10
85798.928684657817
 20
39892.440685921028
 11
85766.619004250605
 21
39880.523286140676
  0
LINE
  8
_0-3_計画建物－天空率
  6
CONTINUOUS
 62
   18
 10
85766.619004250605
 20
39880.523286140676
 11
85732.476268637125
 21
39867.587529695512
  0
LINE
  8
_0-3_計画建物－天空率
  6
CONTINUOUS
 62
   18
 10
85732.476268637125
 20
39867.587529695512
 11
85696.368555314358
 21
39853.532461580361
  0
LINE
  8
_0-3_計画建物－天空率
  6
CONTINUOUS
 62
   18
 10
85696.368555314358
 20
39853.532461580361
 11
85658.154393688091
 21
39838.246349437024
  0
LINE
  8
_0-3_計画建物－天空率
  6
CONTINUOUS
 62
   18
 10
85658.154393688091
 20
39838.246349437024
 11
85617.682473471606
 21
39821.605623307776
  0
LINE
  8
_0-3_計画建物－天空率
  6
CONTINUOUS
 62
   18
 10
85617.682473471606
 20
39821.605623307776
 11
85574.791501207117
 21
39803.473772641962
  0
LINE
  8
_0-3_計画建物－天空率
  6
CONTINUOUS
 62
   18
 10
85574.791501207117
 20
39803.473772641962
 11
85529.310266471162
 21
39783.700225886153
  0
LINE
  8
_0-3_計画建物－天空率
  6
CONTINUOUS
 62
   18
 10
85529.310266471162
 20
39783.700225886153
 11
85481.057995966591
 21
39762.119250621821
  0
LINE
  8
_0-3_計画建物－天空率
  6
CONTINUOUS
 62
   18
 10
85481.057995966591
 20
39762.119250621821
 11
85429.845093370953
 21
39738.548928798729
  0
LINE
  8
_0-3_計画建物－天空率
  6
CONTINUOUS
 62
   18
 10
85429.845093370953
 20
39738.548928798729
 11
85375.4743854025
 21
39712.790282936854
  0
LINE
  8
_0-3_計画建物－天空率
  6
CONTINUOUS
 62
   18
 10
85375.4743854025
 20
39712.790282936854
 11
85317.74301951671
 21
39684.626655956082
  0
LINE
  8
_0-3_計画建物－天空率
  6
CONTINUOUS
 62
   18
 10
85317.74301951671
 20
39684.626655956082
 11
85256.44518466515
 21
39653.823480026891
  0
LINE
  8
_0-3_計画建物－天空率
  6
CONTINUOUS
 62
   18
 10
87268.809459265074
 20
38908.104251885917
 11
87245.757610622022
 21
38943.922612019407
  0
LINE
  8
_0-3_計画建物－天空率
  6
CONTINUOUS
 62
   18
 10
87245.757610622022
 20
38943.922612019407
 11
87221.936276799096
 21
38979.77213058748
  0
LINE
  8
_0-3_計画建物－天空率
  6
CONTINUOUS
 62
   18
 10
87221.936276799096
 20
38979.77213058748
 11
87197.348425404125
 21
39015.624528254324
  0
LINE
  8
_0-3_計画建物－天空率
  6
CONTINUOUS
 62
   18
 10
87197.348425404125
 20
39015.624528254324
 11
87171.99879302438
 21
39051.450925382603
  0
LINE
  8
_0-3_計画建物－天空率
  6
CONTINUOUS
 62
   18
 10
87171.99879302438
 20
39051.450925382603
 11
87145.893923010124
 21
39087.22193913161
  0
LINE
  8
_0-3_計画建物－天空率
  6
CONTINUOUS
 62
   18
 10
87145.893923010124
 20
39087.22193913161
 11
87119.042193075423
 21
39122.907786966978
  0
LINE
  8
_0-3_計画建物－天空率
  6
CONTINUOUS
 62
   18
 10
87119.042193075423
 20
39122.907786966978
 11
87091.453832036058
 21
39158.478395874786
  0
LINE
  8
_0-3_計画建物－天空率
  6
CONTINUOUS
 62
   18
 10
87091.453832036058
 20
39158.478395874786
 11
87063.140925113155
 21
39193.903516470076
  0
LINE
  8
_0-3_計画建物－天空率
  6
CONTINUOUS
 62
   18
 10
87063.140925113155
 20
39193.903516470076
 11
87034.117407353536
 21
39229.152841095732
  0
LINE
  8
_0-3_計画建物－天空率
  6
CONTINUOUS
 62
   18
 10
87034.117407353536
 20
39229.152841095732
 11
87004.399044853838
 21
39264.196124924717
  0
LINE
  8
_0-3_計画建物－天空率
  6
CONTINUOUS
 62
   18
 10
87004.399044853838
 20
39264.196124924717
 11
86974.003403621827
 21
39299.003309009094
  0
LINE
  8
_0-3_計画建物－天空率
  6
CONTINUOUS
 62
   18
 10
86974.003403621827
 20
39299.003309009094
 11
86942.949806063581
 21
39333.544644164961
  0
LINE
  8
_0-3_計画建物－天空率
  6
CONTINUOUS
 62
   18
 10
86942.949806063581
 20
39333.544644164961
 11
86911.259275244316
 21
39367.790814545711
  0
LINE
  8
_0-3_計画建物－天空率
  6
CONTINUOUS
 62
   18
 10
86911.259275244316
 20
39367.790814545711
 11
86878.954467233139
 21
39401.713059736954
  0
LINE
  8
_0-3_計画建物－天空率
  6
CONTINUOUS
 62
   18
 10
86878.954467233139
 20
39401.713059736954
 11
86846.059592001343
 21
39435.283294207685
  0
LINE
  8
_0-3_計画建物－天空率
  6
CONTINUOUS
 62
   18
 10
86846.059592001343
 20
39435.283294207685
 11
86812.600323498845
 21
39468.474222972225
  0
LINE
  8
_0-3_計画建物－天空率
  6
CONTINUOUS
 62
   18
 10
86812.600323498845
 20
39468.474222972225
 11
86778.603699680505
 21
39501.259452357648
  0
LINE
  8
_0-3_計画建物－天空率
  6
CONTINUOUS
 62
   18
 10
87159.067549919855
 20
39782.283887193538
 11
86778.603699680505
 21
39501.259452357648
  0
LINE
  8
_0-3_計画建物－天空率
  6
CONTINUOUS
 62
   18
 10
86778.603699680505
 20
39501.259452357648
 11
86836.448451933116
 21
39590.384971632454
  0
LINE
  8
_0-3_計画建物－天空率
  6
CONTINUOUS
 62
   18
 10
86836.448451933116
 20
39590.384971632454
 11
86880.03271442381
 21
39663.496698300223
  0
LINE
  8
_0-3_計画建物－天空率
  6
CONTINUOUS
 62
   18
 10
86880.03271442381
 20
39663.496698300223
 11
86912.526796241567
 21
39723.498619766942
  0
LINE
  8
_0-3_計画建物－天空率
  6
CONTINUOUS
 62
   18
 10
86778.603699680505
 20
39501.259452357648
 11
86751.60670670912
 21
39517.977041081539
  0
LINE
  8
_0-3_計画建物－天空率
  6
CONTINUOUS
 62
   18
 10
86751.60670670912
 20
39517.977041081539
 11
86723.698986407674
 21
39534.83615190244
  0
LINE
  8
_0-3_計画建物－天空率
  6
CONTINUOUS
 62
   18
 10
86723.698986407674
 20
39534.83615190244
 11
86694.852657725394
 21
39551.825635479639
  0
LINE
  8
_0-3_計画建物－天空率
  6
CONTINUOUS
 62
   18
 10
86694.852657725394
 20
39551.825635479639
 11
86665.039786505178
 21
39568.933106984353
  0
LINE
  8
_0-3_計画建物－天空率
  6
CONTINUOUS
 62
   18
 10
86665.039786505178
 20
39568.933106984353
 11
86634.232504484316
 21
39586.144876412865
  0
LINE
  8
_0-3_計画建物－天空率
  6
CONTINUOUS
 62
   18
 10
86634.232504484316
 20
39586.144876412865
 11
86602.403143084899
 21
39603.445879867482
  0
LINE
  8
_0-3_計画建物－天空率
  6
CONTINUOUS
 62
   18
 10
86602.403143084899
 20
39603.445879867482
 11
86569.52438280289
 21
39620.819612721257
  0
LINE
  8
_0-3_計画建物－天空率
  6
CONTINUOUS
 62
   18
 10
86569.52438280289
 20
39620.819612721257
 11
86535.569418911036
 21
39638.248065715728
  0
LINE
  8
_0-3_計画建物－天空率
  6
CONTINUOUS
 62
   18
 10
86535.569418911036
 20
39638.248065715728
 11
86500.51214406373
 21
39655.711665180213
  0
LINE
  8
_0-3_計画建物－天空率
  6
CONTINUOUS
 62
   18
 10
86500.51214406373
 20
39655.711665180213
 11
86464.327348226899
 21
39673.189218703191
  0
LINE
  8
_0-3_計画建物－天空率
  6
CONTINUOUS
 62
   18
 10
86464.327348226899
 20
39673.189218703191
 11
86426.990936148853
 21
39690.657867727808
  0
LINE
  8
_0-3_計画建物－天空率
  6
CONTINUOUS
 62
   18
 10
86426.990936148853
 20
39690.657867727808
 11
86388.480162335239
 21
39708.093048681104
  0
LINE
  8
_0-3_計画建物－天空率
  6
CONTINUOUS
 62
   18
 10
86388.480162335239
 20
39708.093048681104
 11
86348.773883189031
 21
39725.468464374513
  0
LINE
  8
_0-3_計画建物－天空率
  6
CONTINUOUS
 62
   18
 10
86348.773883189031
 20
39725.468464374513
 11
86307.852825623878
 21
39742.756067526541
  0
LINE
  8
_0-3_計画建物－天空率
  6
CONTINUOUS
 62
   18
 10
86307.852825623878
 20
39742.756067526541
 11
86265.699871053569
 21
39759.926058350043
  0
LINE
  8
_0-3_計画建物－天空率
  6
CONTINUOUS
 62
   18
 10
86265.699871053569
 20
39759.926058350043
 11
86222.300353205078
 21
39776.946898209062
  0
LINE
  8
_0-3_計画建物－天空率
  6
CONTINUOUS
 62
   18
 10
86222.300353205078
 20
39776.946898209062
 11
86177.642367697815
 21
39793.785341375652
  0
LINE
  8
_0-3_計画建物－天空率
  6
CONTINUOUS
 62
   18
 10
86177.642367697815
 20
39793.785341375652
 11
86131.717090785896
 21
39810.406486897132
  0
LINE
  8
_0-3_計画建物－天空率
  6
CONTINUOUS
 62
   18
 10
86131.717090785896
 20
39810.406486897132
 11
86084.519104079387
 21
39826.773852509264
  0
LINE
  8
_0-3_計画建物－天空率
  6
CONTINUOUS
 62
   18
 10
86084.519104079387
 20
39826.773852509264
 11
86036.046721457954
 21
39842.849472393529
  0
LINE
  8
_0-3_計画建物－天空率
  6
CONTINUOUS
 62
   18
 10
86036.046721457954
 20
39842.849472393529
 11
85986.302313781488
 21
39858.594020368414
  0
LINE
  8
_0-3_計画建物－天空率
  6
CONTINUOUS
 62
   18
 10
85986.302313781488
 20
39858.594020368414
 11
85935.29262640445
 21
39873.966959818608
  0
LINE
  8
_0-3_計画建物－天空率
  6
CONTINUOUS
 62
   18
 10
85935.29262640445
 20
39873.966959818608
 11
85883.029083938774
 21
39888.92672129823
  0
LINE
  8
_0-3_計画建物－天空率
  6
CONTINUOUS
 62
   18
 10
85883.029083938774
 20
39888.92672129823
 11
85829.528076207454
 21
39903.430908291957
  0
CIRCLE
  8
_0-3_計画建物－天空率
  6
CONTINUOUS
 62
   18
 10
92745.96936279122
 20
37999.881817155335
 40
3000
  0
POINT
  8
_0-3_計画建物－天空率
 62
   18
 10
84225.45276732133
 20
67110.169491525419
  0
TEXT
  8
_0-3_計画建物－天空率
 62
  132
 10
84225.45276732133
 20
67110.169491525419
 40
500
 41
1
 50
0
  1
No.2
  0
TEXT
  8
_0-3_計画建物－天空率
 62
  132
 10
91370.96936279122
 20
34249.881817155335
 40
500
 41
1
 50
0
  1
測定点 No.2
  0
TEXT
  8
_0-3_計画建物－天空率
 62
  132
 10
89120.96936279122
 20
33499.881817155335
 40
500
 41
1
 50
0
  1
正射影 　測定面高さ = 0.000 m
  0
LINE
  8
_0-3_計画建物－天空率
  6
CONTINUOUS
 62
  132
 10
95093.367970439037
 20
39045.011013133458
 11
95486.605735719029
 21
39220.091746382735
  0
LINE
  8
_0-3_計画建物－天空率
  6
CONTINUOUS
 62
  132
 10
95007.291901243777
 20
39102.802512417125
 11
95442.351501688724
 21
39314.995257522568
  0
LINE
  8
_0-3_計画建物－天空率
  6
CONTINUOUS
 62
  132
 10
94920.543054566907
 20
39156.123158915383
 11
95394.812141368005
 21
39408.296505513004
  0
LINE
  8
_0-3_計画建物－天空率
  6
CONTINUOUS
 62
  132
 10
94833.648062842461
 20
39205.203676611366
 11
95344.045574144533
 21
39499.881817155335
  0
LINE
  8
_0-3_計画建物－天空率
  6
CONTINUOUS
 62
  132
 10
94747.098604437676
 20
39250.326149469758
 11
95290.1136512605
 21
39589.639609854944
  0
LINE
  8
_0-3_計画建物－天空率
  6
CONTINUOUS
 62
  132
 10
94661.20942541302
 20
39291.72755119155
 11
95233.08208045634
 21
39677.460527567578
  0
LINE
  8
_0-3_計画建物－天空率
  6
CONTINUOUS
 62
  132
 10
94576.309437619944
 20
39329.701722230915
 11
95173.020345916069
 21
39763.237574032755
  0
LINE
  8
_0-3_計画建物－天空率
  6
CONTINUOUS
 62
  132
 10
94492.571623397176
 20
39364.477058590913
 11
95110.001623611387
 21
39846.86624313231
  0
LINE
  8
_0-3_計画建物－天空率
  6
CONTINUOUS
 62
  132
 10
94410.196149971336
 20
39396.333900473517
 11
95044.102692148153
 21
39928.244646214952
  0
LINE
  8
_0-3_計画建物－天空率
  6
CONTINUOUS
 62
  132
 10
94329.245043299306
 20
39425.469643123229
 11
94975.403839223406
 21
40007.273636231911
  0
LINE
  8
_0-3_計画建物－天空率
  6
CONTINUOUS
 62
  132
 10
94249.819590924249
 20
39452.13310145447
 11
94903.988763807166
 21
40083.856928532324
  0
LINE
  8
_0-3_計画建物－天空率
  6
CONTINUOUS
 62
  132
 10
94171.938875792329
 20
39476.516474409152
 11
94829.944474168209
 21
40157.901218171289
  0
LINE
  8
_0-3_計画建物－天空率
  6
CONTINUOUS
 62
  132
 10
94095.616556781125
 20
39498.816881404622
 11
94753.361181867803
 21
40229.316293587515
  0
LINE
  8
_0-3_計画建物－天空率
  6
CONTINUOUS
 62
  132
 10
94020.819979718449
 20
39519.189619899305
 11
94674.332191850844
 21
40298.015146512268
  0
LINE
  8
_0-3_計画建物－天空率
  6
CONTINUOUS
 62
  132
 10
93947.477936148628
 20
39537.7426616324
 11
94592.953788768194
 21
40363.914077975496
  0
LINE
  8
_0-3_計画建物－天空率
  6
CONTINUOUS
 62
  132
 10
93875.649586068087
 20
39554.753252387454
 11
94509.325119668646
 21
40426.932800280177
  0
LINE
  8
_0-3_計画建物－天空率
  6
CONTINUOUS
 62
  132
 10
93805.126505562686
 20
39570.146856549778
 11
94423.548073203462
 21
40486.994534820463
  0
LINE
  8
_0-3_計画建物－天空率
  6
CONTINUOUS
 62
  132
 10
93735.978256090922
 20
39584.22723316057
 11
94335.727155490836
 21
40544.026105624616
  0
LINE
  8
_0-3_計画建物－天空率
  6
CONTINUOUS
 62
  132
 10
93668.078399652411
 20
39597.021519117311
 11
94245.96936279122
 21
40597.958028508648
  0
LINE
  8
_0-3_計画建物－天空率
  6
CONTINUOUS
 62
  132
 10
93601.320667928419
 20
39608.563653895376
 11
94154.384051148896
 21
40648.724595732113
  0
LINE
  8
_0-3_計画建物－天空率
  6
CONTINUOUS
 62
  132
 10
93535.67990943366
 20
39619.028384672012
 11
94061.082803158453
 21
40696.26395605284
  0
LINE
  8
_0-3_計画建物－天空率
  6
CONTINUOUS
 62
  132
 10
93471.066397872811
 20
39628.476422597508
 11
93966.179292018612
 21
40740.518190083137
  0
LINE
  8
_0-3_計画建物－天空率
  6
CONTINUOUS
 62
  132
 10
93407.393318319809
 20
39636.963554018766
 11
93869.789143038957
 21
40781.433380855698
  0
LINE
  8
_0-3_計画建物－天空率
  6
CONTINUOUS
 62
  132
 10
93344.576284406502
 20
39644.540817422574
 11
93772.029792768225
 21
40818.959679513063
  0
LINE
  8
_0-3_計画建物－天空率
  6
CONTINUOUS
 62
  132
 10
93282.522196213409
 20
39651.221639403527
 11
93673.020345916069
 21
40853.051366040795
  0
LINE
  8
_0-3_計画建物－天空率
  6
CONTINUOUS
 62
  132
 10
93221.163308668445
 20
39657.080047633346
 11
93572.88143024221
 21
40883.66690497029
  0
LINE
  8
_0-3_計画建物－天空率
  6
CONTINUOUS
 62
  132
 10
93160.423663362889
 20
39662.167223710122
 11
93471.735049590221
 21
40910.768995983322
  0
LINE
  8
_0-3_計画建物－天空率
  6
CONTINUOUS
 62
  132
 10
93100.223180272761
 20
39666.514993276738
 11
93369.704435244493
 21
40934.324619356753
  0
LINE
  8
_0-3_計画建物－天空率
  6
CONTINUOUS
 62
  132
 10
93040.482838381416
 20
39670.150736902403
 11
93266.913895792007
 21
40954.305076191958
  0
LINE
  8
_0-3_計画建物－天空率
  6
CONTINUOUS
 62
  132
 10
92981.124481497376
 20
39673.097428860783
 11
93163.488665671407
 21
40970.686023380047
  0
LINE
  8
_0-3_計画建物－天空率
  6
CONTINUOUS
 62
  132
 10
92922.070652265712
 20
39675.373666074199
 11
93059.55475259418
 21
40983.447503260154
  0
LINE
  8
_0-3_計画建物－天空率
  6
CONTINUOUS
 62
  132
 10
92863.244449324469
 20
39676.993689894239
 11
92955.238784023589
 21
40992.573967934804
  0
LINE
  8
_0-3_計画建物－天空率
  6
CONTINUOUS
 62
  132
 10
92804.569402717432
 20
39677.967402871421
 11
92850.667852898724
 21
40998.05429821262
  0
LINE
  8
_0-3_計画建物－天空率
  6
CONTINUOUS
 62
  132
 10
92745.96936279122
 20
39678.300382158522
 11
92745.96936279122
 21
40999.881817155335
  0
TEXT
  8
_0-3_計画建物－天空率
 62
  132
 10
90745.96936279122
 20
32749.881817155335
 40
500
 41
1
 50
0
  1
天空率 = 89.53 %
  0
LINE
  8
_0-3_計画建物－天空率
  6
CONTINUOUS
 62
   18
 10
92745.96936279122
 20
40491.741046090617
 11
92745.96936279122
 21
39678.300382158522
  0
LINE
  8
_0-3_計画建物－天空率
  6
CONTINUOUS
 62
   18
 10
92745.96936279122
 20
40999.881817155335
 11
92745.96936279122
 21
39678.300382158522
  0
LINE
  8
_0-3_計画建物－天空率
  6
CONTINUOUS
 62
   18
 10
92745.96936279122
 20
40999.881817155335
 11
92745.96936279122
 21
40491.741046090617
  0
LINE
  8
_0-3_計画建物－天空率
  6
CONTINUOUS
 62
   18
 10
95176.075314682821
 20
38984.074727671431
 11
95163.607595424371
 21
38993.639383225738
  0
LINE
  8
_0-3_計画建物－天空率
  6
CONTINUOUS
 62
   18
 10
95163.607595424371
 20
38993.639383225738
 11
95150.771998091295
 21
39003.34037133964
  0
LINE
  8
_0-3_計画建物－天空率
  6
CONTINUOUS
 62
   18
 10
95150.771998091295
 20
39003.34037133964
 11
95137.5559771127
 21
39013.178668823238
  0
LINE
  8
_0-3_計画建物－天空率
  6
CONTINUOUS
 62
   18
 10
95137.5559771127
 20
39013.178668823238
 11
95123.946566747705
 21
39023.155132732856
  0
LINE
  8
_0-3_計画建物－天空率
  6
CONTINUOUS
 62
   18
 10
95123.946566747705
 20
39023.155132732856
 11
95109.930372803966
 21
39033.27048724662
  0
LINE
  8
_0-3_計画建物－天空率
  6
CONTINUOUS
 62
   18
 10
95109.930372803966
 20
39033.27048724662
 11
95095.493565048716
 21
39043.525309577453
  0
LINE
  8
_0-3_計画建物－天空率
  6
CONTINUOUS
 62
   18
 10
95095.493565048716
 20
39043.525309577453
 11
95080.621870449424
 21
39053.920014875118
  0
LINE
  8
_0-3_計画建物－天空率
  6
CONTINUOUS
 62
   18
 10
95080.621870449424
 20
39053.920014875118
 11
95065.300567396334
 21
39064.454840069083
  0
LINE
  8
_0-3_計画建物－天空率
  6
CONTINUOUS
 62
   18
 10
95065.300567396334
 20
39064.454840069083
 11
95049.514481075457
 21
39075.129826605305
  0
LINE
  8
_0-3_計画建物－天空率
  6
CONTINUOUS
 62
   18
 10
95049.514481075457
 20
39075.129826605305
 11
95033.247980177868
 21
39085.944802031677
  0
LINE
  8
_0-3_計画建物－天空率
  6
CONTINUOUS
 62
   18
 10
95033.247980177868
 20
39085.944802031677
 11
95016.484975149913
 21
39096.899360389696
  0
LINE
  8
_0-3_計画建物－天空率
  6
CONTINUOUS
 62
   18
 10
95016.484975149913
 20
39096.899360389696
 11
94999.208918208838
 21
39107.992841373212
  0
LINE
  8
_0-3_計画建物－天空率
  6
CONTINUOUS
 62
   18
 10
94999.208918208838
 20
39107.992841373212
 11
94981.402805368503
 21
39119.224308220393
  0
LINE
  8
_0-3_計画建物－天空率
  6
CONTINUOUS
 62
   18
 10
94981.402805368503
 20
39119.224308220393
 11
94963.049180742353
 21
39130.592524310413
  0
LINE
  8
_0-3_計画建物－天空率
  6
CONTINUOUS
 62
   18
 10
94963.049180742353
 20
39130.592524310413
 11
94944.130143412941
 21
39142.095928444432
  0
LINE
  8
_0-3_計画建物－天空率
  6
CONTINUOUS
 62
   18
 10
94944.130143412941
 20
39142.095928444432
 11
94924.627357180535
 21
39153.732608799211
  0
LINE
  8
_0-3_計画建物－天空率
  6
CONTINUOUS
 62
   18
 10
94924.627357180535
 20
39153.732608799211
 11
94904.522063527401
 21
39165.500275552869
  0
LINE
  8
_0-3_計画建物－天空率
  6
CONTINUOUS
 62
   18
 10
94904.522063527401
 20
39165.500275552869
 11
94883.795098157992
 21
39177.396232195351
  0
LINE
  8
_0-3_計画建物－天空率
  6
CONTINUOUS
 62
   18
 10
94883.795098157992
 20
39177.396232195351
 11
94862.426911498798
 21
39189.417345551395
  0
LINE
  8
_0-3_計画建物－天空率
  6
CONTINUOUS
 62
   18
 10
94862.426911498798
 20
39189.417345551395
 11
94840.397593565037
 21
39201.560014561815
  0
LINE
  8
_0-3_計画建物－天空率
  6
CONTINUOUS
 62
   18
 10
94840.397593565037
 20
39201.560014561815
 11
94817.686903622743
 21
39213.820137889379
  0
LINE
  8
_0-3_計画建物－天空率
  6
CONTINUOUS
 62
   18
 10
94817.686903622743
 20
39213.820137889379
 11
94794.274305095284
 21
39226.193080439115
  0
LINE
  8
_0-3_計画建物－天空率
  6
CONTINUOUS
 62
   18
 10
94794.274305095284
 20
39226.193080439115
 11
94770.139006180485
 21
39238.673638909567
  0
LINE
  8
_0-3_計画建物－天空率
  6
CONTINUOUS
 62
   18
 10
94770.139006180485
 20
39238.673638909567
 11
94745.260006658718
 21
39251.256006521492
  0
LINE
  8
_0-3_計画建物－天空率
  6
CONTINUOUS
 62
   18
 10
94745.260006658718
 20
39251.256006521492
 11
94719.616151381953
 21
39263.933737103914
  0
LINE
  8
_0-3_計画建物－天空率
  6
CONTINUOUS
 62
   18
 10
94719.616151381953
 20
39263.933737103914
 11
94693.186190938053
 21
39276.699708754465
  0
LINE
  8
_0-3_計画建物－天空率
  6
CONTINUOUS
 62
   18
 10
94693.186190938053
 20
39276.699708754465
 11
94665.948849981592
 21
39289.546087331495
  0
LINE
  8
_0-3_計画建物－天空率
  6
CONTINUOUS
 62
   18
 10
94665.948849981592
 20
39289.546087331495
 11
94637.882903712132
 21
39302.464290079376
  0
LINE
  8
_0-3_計画建物－天空率
  6
CONTINUOUS
 62
   18
 10
94637.882903712132
 20
39302.464290079376
 11
94608.967262960068
 21
39315.444949736105
  0
LINE
  8
_0-3_計画建物－天空率
  6
CONTINUOUS
 62
   18
 10
94608.967262960068
 20
39315.444949736105
 11
94579.181068308709
 21
39328.477879522484
  0
LINE
  8
_0-3_計画建物－天空率
  6
CONTINUOUS
 62
   18
 10
94579.181068308709
 20
39328.477879522484
 11
94548.50379363638
 21
39341.552039465495
  0
LINE
  8
_0-3_計画建物－天空率
  6
CONTINUOUS
 62
   18
 10
94548.50379363638
 20
39341.552039465495
 11
94516.915359403268
 21
39354.655504563546
  0
LINE
  8
_0-3_計画建物－天空率
  6
CONTINUOUS
 62
   18
 10
94516.915359403268
 20
39354.655504563546
 11
94484.396255931438
 21
39367.775435357667
  0
LINE
  8
_0-3_計画建物－天空率
  6
CONTINUOUS
 62
   18
 10
94484.396255931438
 20
39367.775435357667
 11
94450.927676833249
 21
39380.89805152938
  0
LINE
  8
_0-3_計画建物－天空率
  6
CONTINUOUS
 62
   18
 10
94450.927676833249
 20
39380.89805152938
 11
94416.491662628657
 21
39394.008609201475
  0
LINE
  8
_0-3_計画建物－天空率
  6
CONTINUOUS
 62
   18
 10
94416.491662628657
 20
39394.008609201475
 11
94381.071254458103
 21
39407.091382671154
  0
LINE
  8
_0-3_計画建物－天空率
  6
CONTINUOUS
 62
   18
 10
94381.071254458103
 20
39407.091382671154
 11
94344.650657640158
 21
39420.129651353388
  0
LINE
  8
_0-3_計画建物－天空率
  6
CONTINUOUS
 62
   18
 10
94344.650657640158
 20
39420.129651353388
 11
94307.215414642923
 21
39433.105692755205
  0
LINE
  8
_0-3_計画建物－天空率
  6
CONTINUOUS
 62
   18
 10
94307.215414642923
 20
39433.105692755205
 11
94268.752586836402
 21
39446.000782334798
  0
LINE
  8
_0-3_計画建物－天空率
  6
CONTINUOUS
 62
   18
 10
94268.752586836402
 20
39446.000782334798
 11
94229.250944166531
 21
39458.795201122338
  0
LINE
  8
_0-3_計画建物－天空率
  6
CONTINUOUS
 62
   18
 10
94229.250944166531
 20
39458.795201122338
 11
94188.701161646546
 21
39471.46825198776
  0
LINE
  8
_0-3_計画建物－天空率
  6
CONTINUOUS
 62
   18
 10
94188.701161646546
 20
39471.46825198776
 11
94147.096021295539
 21
39483.998285432593
  0
LINE
  8
_0-3_計画建物－天空率
  6
CONTINUOUS
 62
   18
 10
94147.096021295539
 20
39483.998285432593
 11
94104.430617874764
 21
39496.362735755363
  0
LINE
  8
_0-3_計画建物－天空率
  6
CONTINUOUS
 62
   18
 10
94104.430617874764
 20
39496.362735755363
 11
94060.702566481078
 21
39508.538168389437
  0
LINE
  8
_0-3_計画建物－天空率
  6
CONTINUOUS
 62
   18
 10
94060.702566481078
 20
39508.538168389437
 11
94015.912209761983
 21
39520.500339136844
  0
LINE
  8
_0-3_計画建物－天空率
  6
CONTINUOUS
 62
   18
 10
94015.912209761983
 20
39520.500339136844
 11
93970.062822224412
 21
39532.224265918506
  0
LINE
  8
_0-3_計画建物－天空率
  6
CONTINUOUS
 62
   18
 10
93970.062822224412
 20
39532.224265918506
 11
93923.16080882764
 21
39543.684313528799
  0
LINE
  8
_0-3_計画建物－天空率
  6
CONTINUOUS
 62
   18
 10
93923.16080882764
 20
39543.684313528799
 11
93875.215894791515
 21
39554.854291719741
  0
LINE
  8
_0-3_計画建物－天空率
  6
CONTINUOUS
 62
   18
 10
93875.215894791515
 20
39554.854291719741
 11
93826.241303322225
 21
39565.707566746059
  0
LINE
  8
_0-3_計画建物－天空率
  6
CONTINUOUS
 62
   18
 10
93826.241303322225
 20
39565.707566746059
 11
93776.253917774301
 21
39576.217186279456
  0
LINE
  8
_0-3_計画建物－天空率
  6
CONTINUOUS
 62
   18
 10
93776.253917774301
 20
39576.217186279456
 11
93725.274424638701
 21
39586.356017348247
  0
LINE
  8
_0-3_計画建物－天空率
  6
CONTINUOUS
 62
   18
 10
93725.274424638701
 20
39586.356017348247
 11
93673.327433686354
 21
39596.096896683578
  0
LINE
  8
_0-3_計画建物－天空率
  6
CONTINUOUS
 62
   18
 10
93673.327433686354
 20
39596.096896683578
 11
93620.441571615825
 21
39605.412792557297
  0
LINE
  8
_0-3_計画建物－天空率
  6
CONTINUOUS
 62
   18
 10
93620.441571615825
 20
39605.412792557297
 11
93566.649545662352
 21
39614.276976888984
  0
LINE
  8
_0-3_計画建物－天空率
  6
CONTINUOUS
 62
   18
 10
93566.649545662352
 20
39614.276976888984
 11
93511.988173832985
 21
39622.663206085329
  0
LINE
  8
_0-3_計画建物－天空率
  6
CONTINUOUS
 62
   18
 10
93511.988173832985
 20
39622.663206085329
 11
93456.498378743708
 21
39630.545908766282
  0
LINE
  8
_0-3_計画建物－天空率
  6
CONTINUOUS
 62
   18
 10
93456.498378743708
 20
39630.545908766282
 11
93400.225142453273
 21
39637.90037823651
  0
LINE
  8
_0-3_計画建物－天空率
  6
CONTINUOUS
 62
   18
 10
93400.225142453273
 20
39637.90037823651
 11
93343.217420211818
 21
39644.702967291661
  0
LINE
  8
_0-3_計画建物－天空率
  6
CONTINUOUS
 62
   18
 10
93343.217420211818
 20
39644.702967291661
 11
93285.528011667076
 21
39650.931282715435
  0
LINE
  8
_0-3_計画建物－天空率
  6
CONTINUOUS
 62
   18
 10
93285.528011667076
 20
39650.931282715435
 11
93227.213388785021
 21
39656.564376638962
  0
LINE
  8
_0-3_計画建物－天空率
  6
CONTINUOUS
 62
   18
 10
93227.213388785021
 20
39656.564376638962
 11
93168.333480531393
 21
39661.582931807395
  0
LINE
  8
_0-3_計画建物－天空率
  6
CONTINUOUS
 62
   18
 10
93168.333480531393
 20
39661.582931807395
 11
93108.951415206218
 21
39665.969437740161
  0
LINE
  8
_0-3_計画建物－天空率
  6
CONTINUOUS
 62
   18
 10
93108.951415206218
 20
39665.969437740161
 11
93049.133222201475
 21
39669.708354787013
  0
LINE
  8
_0-3_計画建物－天空率
  6
CONTINUOUS
 62
   18
 10
93049.133222201475
 20
39669.708354787013
 11
92988.947495837375
 21
39672.786263178037
  0
LINE
  8
_0-3_計画建物－天空率
  6
CONTINUOUS
 62
   18
 10
92988.947495837375
 20
39672.786263178037
 11
92928.46502479416
 21
39675.191994342312
  0
LINE
  8
_0-3_計画建物－天空率
  6
CONTINUOUS
 62
   18
 10
92928.46502479416
 20
39675.191994342312
 11
92867.758391467446
 21
39676.91674202698
  0
LINE
  8
_0-3_計画建物－天空率
  6
CONTINUOUS
 62
   18
 10
92867.758391467446
 20
39676.91674202698
 11
92806.901546303386
 21
39677.95415107996
  0
LINE
  8
_0-3_計画建物－天空率
  6
CONTINUOUS
 62
   18
 10
92806.901546303386
 20
39677.95415107996
 11
92745.96936279122
 21
39678.300382158522
  0
LINE
  8
_0-3_計画建物－天空率
  6
CONTINUOUS
 62
   18
 10
95526.579494047808
 20
39126.028920314252
 11
95176.075314682821
 21
38984.074727671431
  0
LINE
  8
_0-3_計画建物－天空率
  6
CONTINUOUS
 62
   18
 10
95176.075314682821
 20
38984.074727671431
 11
95159.937209360126
 21
39036.68100725668
  0
LINE
  8
_0-3_計画建物－天空率
  6
CONTINUOUS
 62
   18
 10
95159.937209360126
 20
39036.68100725668
 11
95143.197085650303
 21
39088.223203333363
  0
LINE
  8
_0-3_計画建物－天空率
  6
CONTINUOUS
 62
   18
 10
95143.197085650303
 20
39088.223203333363
 11
95125.900905190414
 21
39138.679060193353
  0
LINE
  8
_0-3_計画建物－天空率
  6
CONTINUOUS
 62
   18
 10
95125.900905190414
 20
39138.679060193353
 11
95108.094272188798
 21
39188.030646582323
  0
LINE
  8
_0-3_計画建物－天空率
  6
CONTINUOUS
 62
   18
 10
95108.094272188798
 20
39188.030646582323
 11
95089.822187569734
 21
39236.264182226004
  0
LINE
  8
_0-3_計画建物－天空率
  6
CONTINUOUS
 62
   18
 10
95089.822187569734
 20
39236.264182226004
 11
95071.12882769556
 21
39283.369841782528
  0
LINE
  8
_0-3_計画建物－天空率
  6
CONTINUOUS
 62
   18
 10
95071.12882769556
 20
39283.369841782528
 11
95052.057348224247
 21
39329.341540757479
  0
LINE
  8
_0-3_計画建物－天空率
  6
CONTINUOUS
 62
   18
 10
95052.057348224247
 20
39329.341540757479
 11
95032.64971316907
 21
39374.176707732425
  0
LINE
  8
_0-3_計画建物－天空率
  6
CONTINUOUS
 62
   18
 10
95032.64971316907
 20
39374.176707732425
 11
95012.946548794177
 21
39417.876047000187
  0
LINE
  8
_0-3_計画建物－天空率
  6
CONTINUOUS
 62
   18
 10
95012.946548794177
 20
39417.876047000187
 11
94992.987021610635
 21
39460.443295387958
  0
LINE
  8
_0-3_計画建物－天空率
  6
CONTINUOUS
 62
   18
 10
94992.987021610635
 20
39460.443295387958
 11
94972.808739431071
 21
39501.884976698915
  0
LINE
  8
_0-3_計画建物－天空率
  6
CONTINUOUS
 62
   18
 10
94972.808739431071
 20
39501.884976698915
 11
94952.44767419761
 21
39542.210156828405
  0
LINE
  8
_0-3_計画建物－天空率
  6
CONTINUOUS
 62
   18
 10
94952.44767419761
 20
39542.210156828405
 11
94931.938105114022
 21
39581.430202225878
  0
LINE
  8
_0-3_計画建物－天空率
  6
CONTINUOUS
 62
   18
 10
94931.938105114022
 20
39581.430202225878
 11
94911.312580483587
 21
39619.558543989231
  0
LINE
  8
_0-3_計画建物－天空率
  6
CONTINUOUS
 62
   18
 10
94911.312580483587
 20
39619.558543989231
 11
94890.601896575913
 21
39656.610449504005
  0
LINE
  8
_0-3_計画建物－天空率
  6
CONTINUOUS
 62
   18
 10
94890.601896575913
 20
39656.610449504005
 11
94869.835091809509
 21
39692.602803182911
  0
LINE
  8
_0-3_計画建物－天空率
  6
CONTINUOUS
 62
   18
 10
94869.835091809509
 20
39692.602803182911
 11
94849.039454540601
 21
39727.553897527453
  0
LINE
  8
_0-3_計画建物－天空率
  6
CONTINUOUS
 62
   18
 10
94849.039454540601
 20
39727.553897527453
 11
94828.240542781291
 21
39761.483235426938
  0
LINE
  8
_0-3_計画建物－天空率
  6
CONTINUOUS
 62
   18
 10
94828.240542781291
 20
39761.483235426938
 11
94807.462214230356
 21
39794.411344333107
  0
LINE
  8
_0-3_計画建物－天空率
  6
CONTINUOUS
 62
   18
 10
94807.462214230356
 20
39794.411344333107
 11
94786.726665078735
 21
39826.359602702657
  0
LINE
  8
_0-3_計画建物－天空率
  6
CONTINUOUS
 62
   18
 10
94981.400953824573
 20
40000.593091130191
 11
94786.726665078735
 21
39826.359602702657
  0
LINE
  8
_0-3_計画建物－天空率
  6
CONTINUOUS
 62
   18
 10
94786.726665078735
 20
39826.359602702657
 11
94764.031138703416
 21
39843.67555012679
  0
LINE
  8
_0-3_計画建物－天空率
  6
CONTINUOUS
 62
   18
 10
94764.031138703416
 20
39843.67555012679
 11
94740.684608943702
 21
39861.120904815266
  0
LINE
  8
_0-3_計画建物－天空率
  6
CONTINUOUS
 62
   18
 10
94740.684608943702
 20
39861.120904815266
 11
94716.669909924385
 21
39878.687740949353
  0
LINE
  8
_0-3_計画建物－天空率
  6
CONTINUOUS
 62
   18
 10
94716.669909924385
 20
39878.687740949353
 11
94691.969813307252
 21
39896.367367319347
  0
LINE
  8
_0-3_計画建物－天空率
  6
CONTINUOUS
 62
   18
 10
94691.969813307252
 20
39896.367367319347
 11
94666.567077238025
 21
39914.150289134078
  0
LINE
  8
_0-3_計画建物－天空率
  6
CONTINUOUS
 62
   18
 10
94666.567077238025
 20
39914.150289134078
 11
94640.444500679732
 21
39932.026169994889
  0
LINE
  8
_0-3_計画建物－天空率
  6
CONTINUOUS
 62
   18
 10
94640.444500679732
 20
39932.026169994889
 11
94613.584983413195
 21
39949.983794354775
  0
LINE
  8
_0-3_計画建物－天空率
  6
CONTINUOUS
 62
   18
 10
94613.584983413195
 20
39949.983794354775
 11
94585.971591967012
 21
39968.011030826171
  0
LINE
  8
_0-3_計画建物－天空率
  6
CONTINUOUS
 62
   18
 10
94585.971591967012
 20
39968.011030826171
 11
94557.587631714413
 21
39986.094796746001
  0
LINE
  8
_0-3_計画建物－天空率
  6
CONTINUOUS
 62
   18
 10
94557.587631714413
 20
39986.094796746001
 11
94528.416725340895
 21
40004.221024453174
  0
LINE
  8
_0-3_計画建物－天空率
  6
CONTINUOUS
 62
   18
 10
94528.416725340895
 20
40004.221024453174
 11
94498.442897845103
 21
40022.374629781348
  0
LINE
  8
_0-3_計画建物－天空率
  6
CONTINUOUS
 62
   18
 10
94498.442897845103
 20
40022.374629781348
 11
94467.650668184505
 21
40040.539483318105
  0
LINE
  8
_0-3_計画建物－天空率
  6
CONTINUOUS
 62
   18
 10
94467.650668184505
 20
40040.539483318105
 11
94436.025147615117
 21
40058.698385028998
  0
LINE
  8
_0-3_計画建物－天空率
  6
CONTINUOUS
 62
   18
 10
94436.025147615117
 20
40058.698385028998
 11
94403.552144703047
 21
40076.833042890852
  0
LINE
  8
_0-3_計画建物－天空率
  6
CONTINUOUS
 62
   18
 10
94403.552144703047
 20
40076.833042890852
 11
94370.218276900704
 21
40094.924056222138
  0
LINE
  8
_0-3_計画建物－天空率
  6
CONTINUOUS
 62
   18
 10
94370.218276900704
 20
40094.924056222138
 11
94336.011088484709
 21
40112.950904436795
  0
LINE
  8
_0-3_計画建物－天空率
  6
CONTINUOUS
 62
   18
 10
94336.011088484709
 20
40112.950904436795
 11
94300.919174544163
 21
40130.891941981135
  0
LINE
  8
_0-3_計画建物－天空率
  6
CONTINUOUS
 62
   18
 10
94300.919174544163
 20
40130.891941981135
 11
94264.932310587115
 21
40148.724400238861
  0
LINE
  8
_0-3_計画建物－天空率
  6
CONTINUOUS
 62
   18
 10
94264.932310587115
 20
40148.724400238861
 11
94228.041587201078
 21
40166.424397205155
  0
LINE
  8
_0-3_計画建物－天空率
  6
CONTINUOUS
 62
   18
 10
94228.041587201078
 20
40166.424397205155
 11
94190.239549059784
 21
40183.966955734926
  0
LINE
  8
_0-3_計画建物－天空率
  6
CONTINUOUS
 62
   18
 10
94190.239549059784
 20
40183.966955734926
 11
94151.520337415946
 21
40201.326031161319
  0
LINE
  8
_0-3_計画建物－天空率
  6
CONTINUOUS
 62
   18
 10
94151.520337415946
 20
40201.326031161319
 11
94111.879835058658
 21
40218.474549054903
  0
LINE
  8
_0-3_計画建物－天空率
  6
CONTINUOUS
 62
   18
 10
94111.879835058658
 20
40218.474549054903
 11
94071.315812548142
 21
40235.384453851103
  0
LINE
  8
_0-3_計画建物－天空率
  6
CONTINUOUS
 62
   18
 10
94071.315812548142
 20
40235.384453851103
 11
94029.828074371878
 21
40252.026769010124
  0
LINE
  8
_0-3_計画建物－天空率
  6
CONTINUOUS
 62
   18
 10
94029.828074371878
 20
40252.026769010124
 11
93987.418603498299
 21
40268.371669289066
  0
LINE
  8
_0-3_計画建物－天空率
  6
CONTINUOUS
 62
   18
 10
93987.418603498299
 20
40268.371669289066
 11
93944.091702642559
 21
40284.388565597975
  0
LINE
  8
_0-3_計画建物－天空率
  6
CONTINUOUS
 62
   18
 10
93944.091702642559
 20
40284.388565597975
 11
93899.854130405889
 21
40300.046202779943
  0
LINE
  8
_0-3_計画建物－天空率
  6
CONTINUOUS
 62
   18
 10
93899.854130405889
 20
40300.046202779943
 11
93854.715230314162
 21
40315.312770499091
  0
LINE
  8
_0-3_計画建物－天空率
  6
CONTINUOUS
 62
   18
 10
93854.715230314162
 20
40315.312770499091
 11
93808.687050664841
 21
40330.156027240227
  0
LINE
  8
_0-3_計画建物－天空率
  6
CONTINUOUS
 62
   18
 10
93808.687050664841
 20
40330.156027240227
 11
93761.784453003318
 21
40344.543437221218
  0
LINE
  8
_0-3_計画建物－天空率
  6
CONTINUOUS
 62
   18
 10
93761.784453003318
 20
40344.543437221218
 11
93714.025206993886
 21
40358.442319794659
  0
LINE
  8
_0-3_計画建物－天空率
  6
CONTINUOUS
 62
   18
 10
93714.025206993886
 20
40358.442319794659
 11
93665.430069434296
 21
40371.820010674869
  0
LINE
  8
_0-3_計画建物－天空率
  6
CONTINUOUS
 62
   18
 10
93665.430069434296
 20
40371.820010674869
 11
93616.022845190891
 21
40384.644034070188
  0
LINE
  8
_0-3_計画建物－天空率
  6
CONTINUOUS
 62
   18
 10
93616.022845190891
 20
40384.644034070188
 11
93565.830427908833
 21
40396.882284537554
  0
LINE
  8
_0-3_計画建物－天空率
  6
CONTINUOUS
 62
   18
 10
93565.830427908833
 20
40396.882284537554
 11
93514.882818483034
 21
40408.503217109951
  0
LINE
  8
_0-3_計画建物－天空率
  6
CONTINUOUS
 62
   18
 10
93514.882818483034
 20
40408.503217109951
 11
93463.213119462016
 21
40419.476043985901
  0
LINE
  8
_0-3_計画建物－天空率
  6
CONTINUOUS
 62
   18
 10
93463.213119462016
 20
40419.476043985901
 11
93410.857503801133
 21
40429.77093582115
  0
LINE
  8
_0-3_計画建物－天空率
  6
CONTINUOUS
 62
   18
 10
93410.857503801133
 20
40429.77093582115
 11
93357.855156681631
 21
40439.359225433865
  0
LINE
  8
_0-3_計画建物－天空率
  6
CONTINUOUS
 62
   18
 10
93357.855156681631
 20
40439.359225433865
 11
93304.248189465448
 21
40448.21361153516
  0
LINE
  8
_0-3_計画建物－天空率
  6
CONTINUOUS
 62
   18
 10
93304.248189465448
 20
40448.21361153516
 11
93250.081525258632
 21
40456.30835993406
  0
LINE
  8
_0-3_計画建物－天空率
  6
CONTINUOUS
 62
   18
 10
93250.081525258632
 20
40456.30835993406
 11
93195.402755999486
 21
40463.619499548891
  0
LINE
  8
_0-3_計画建物－天空率
  6
CONTINUOUS
 62
   18
 10
93195.402755999486
 20
40463.619499548891
 11
93140.261971464176
 21
40470.125010491392
  0
LINE
  8
_0-3_計画建物－天空率
  6
CONTINUOUS
 62
   18
 10
93140.261971464176
 20
40470.125010491392
 11
93084.711561080213
 21
40475.805001482644
  0
LINE
  8
_0-3_計画建物－天空率
  6
CONTINUOUS
 62
   18
 10
93084.711561080213
 20
40475.805001482644
 11
93028.805989944128
 21
40480.641873913577
  0
LINE
  8
_0-3_計画建物－天空率
  6
CONTINUOUS
 62
   18
 10
93028.805989944128
 20
40480.641873913577
 11
92972.601550940948
 21
40484.620469981819
  0
LINE
  8
_0-3_計画建物－天空率
  6
CONTINUOUS
 62
   18
 10
92972.601550940948
 20
40484.620469981819
 11
92916.1560953437
 21
40487.728202518403
  0
LINE
  8
_0-3_計画建物－天空率
  6
CONTINUOUS
 62
   18
 10
92916.1560953437
 20
40487.728202518403
 11
92859.528744718365
 21
40489.955164362712
  0
LINE
  8
_0-3_計画建物－天空率
  6
CONTINUOUS
 62
   18
 10
92859.528744718365
 20
40489.955164362712
 11
92802.779587356024
 21
40491.294215445304
  0
LINE
  8
_0-3_計画建物－天空率
  6
CONTINUOUS
 62
   18
 10
92802.779587356024
 20
40491.294215445304
 11
92745.96936279122
 21
40491.741046090617
  0
LINE
  8
_0-3_計画建物－天空率
  6
CONTINUOUS
 62
   18
 10
93491.279369080846
 20
39977.234895066576
 11
93454.66771825205
 21
40009.547867997825
  0
LINE
  8
_0-3_計画建物－天空率
  6
CONTINUOUS
 62
   18
 10
93454.66771825205
 20
40009.547867997825
 11
93417.970706111431
 21
40041.149055511472
  0
LINE
  8
_0-3_計画建物－天空率
  6
CONTINUOUS
 62
   18
 10
93417.970706111431
 20
40041.149055511472
 11
93381.222687200031
 21
40072.017661060286
  0
LINE
  8
_0-3_計画建物－天空率
  6
CONTINUOUS
 62
   18
 10
93381.222687200031
 20
40072.017661060286
 11
93344.457733751303
 21
40102.135086578142
  0
LINE
  8
_0-3_計画建物－天空率
  6
CONTINUOUS
 62
   18
 10
93344.457733751303
 20
40102.135086578142
 11
93307.709487743617
 21
40131.484969876466
  0
LINE
  8
_0-3_計画建物－天空率
  6
CONTINUOUS
 62
   18
 10
93307.709487743617
 20
40131.484969876466
 11
93271.011019534358
 21
40160.053204898562
  0
LINE
  8
_0-3_計画建物－天空率
  6
CONTINUOUS
 62
   18
 10
93271.011019534358
 20
40160.053204898562
 11
93234.394694333124
 21
40187.827945184908
  0
LINE
  8
_0-3_計画建物－天空率
  6
CONTINUOUS
 62
   18
 10
93234.394694333124
 20
40187.827945184908
 11
93197.892047614761
 21
40214.7995911256
  0
LINE
  8
_0-3_計画建物－天空率
  6
CONTINUOUS
 62
   18
 10
93197.892047614761
 20
40214.7995911256
 11
93161.533670403397
 21
40240.960761778173
  0
LINE
  8
_0-3_計画建物－天空率
  6
CONTINUOUS
 62
   18
 10
93161.533670403397
 20
40240.960761778173
 11
93125.349105180299
 21
40266.306252206915
  0
LINE
  8
_0-3_計画建物－天空率
  6
CONTINUOUS
 62
   18
 10
93125.349105180299
 20
40266.306252206915
 11
93089.366752985326
 21
40290.832977450321
  0
LINE
  8
_0-3_計画建物－天空率
  6
CONTINUOUS
 62
   18
 10
93089.366752985326
 20
40290.832977450321
 11
93053.613792101255
 21
40314.539904345183
  0
LINE
  8
_0-3_計画建物－天空率
  6
CONTINUOUS
 62
   18
 10
93053.613792101255
 20
40314.539904345183
 11
93018.116108531074
 21
40337.427972528079
  0
LINE
  8
_0-3_計画建物－天空率
  6
CONTINUOUS
 62
   18
 10
93018.116108531074
 20
40337.427972528079
 11
92982.898238310241
 21
40359.500005997855
  0
LINE
  8
_0-3_計画建物－天空率
  6
CONTINUOUS
 62
   18
 10
92982.898238310241
 20
40359.500005997855
 11
92947.983321536827
 21
40380.760616657098
  0
LINE
  8
_0-3_計画建物－天空率
  6
CONTINUOUS
 62
   18
 10
92947.983321536827
 20
40380.760616657098
 11
92913.393067858109
 21
40401.216101257567
  0
LINE
  8
_0-3_計画建物－天空率
  6
CONTINUOUS
 62
   18
 10
92913.393067858109
 20
40401.216101257567
 11
92879.147733023171
 21
40420.874333157538
  0
LINE
  8
_0-3_計画建物－天空率
  6
CONTINUOUS
 62
   18
 10
92879.147733023171
 20
40420.874333157538
 11
92845.266105998933
 21
40439.744650258835
  0
LINE
  8
_0-3_計画建物－天空率
  6
CONTINUOUS
 62
   18
 10
92845.266105998933
 20
40439.744650258835
 11
92811.765506052965
 21
40457.837740432754
  0
LINE
  8
_0-3_計画建物－天空率
  6
CONTINUOUS
 62
   18
 10
92811.765506052965
 20
40457.837740432754
 11
92778.661789130084
 21
40475.165525668599
  0
LINE
  8
_0-3_計画建物－天空率
  6
CONTINUOUS
 62
   18
 10
92778.661789130084
 20
40475.165525668599
 11
92745.96936279122
 21
40491.741046090617
  0
LINE
  8
_0-3_計画建物－天空率
  6
CONTINUOUS
 62
   18
 10
93804.071104784641
 20
40807.090520403187
 11
93491.279369080846
 21
39977.234895066576
  0
LINE
  8
_0-3_計画建物－天空率
  6
CONTINUOUS
 62
   18
 10
93491.279369080846
 20
39977.234895066576
 11
93465.948854612914
 21
39969.539998353255
  0
LINE
  8
_0-3_計画建物－天空率
  6
CONTINUOUS
 62
   18
 10
93465.948854612914
 20
39969.539998353255
 11
93439.806177007398
 21
39961.405442307848
  0
LINE
  8
_0-3_計画建物－天空率
  6
CONTINUOUS
 62
   18
 10
93439.806177007398
 20
39961.405442307848
 11
93412.821214646653
 21
39952.80509758908
  0
LINE
  8
_0-3_計画建物－天空率
  6
CONTINUOUS
 62
   18
 10
93412.821214646653
 20
39952.80509758908
 11
93384.963032179526
 21
39943.71129882396
  0
LINE
  8
_0-3_計画建物－天空率
  6
CONTINUOUS
 62
   18
 10
93384.963032179526
 20
39943.71129882396
 11
93356.199930125832
 21
39934.094776117708
  0
LINE
  8
_0-3_計画建物－天空率
  6
CONTINUOUS
 62
   18
 10
93356.199930125832
 20
39934.094776117708
 11
93326.499509359622
 21
39923.924588639165
  0
LINE
  8
_0-3_計画建物－天空率
  6
CONTINUOUS
 62
   18
 10
93326.499509359622
 20
39923.924588639165
 11
93295.828752684843
 21
39913.168061581083
  0
LINE
  8
_0-3_計画建物－天空率
  6
CONTINUOUS
 62
   18
 10
93295.828752684843
 20
39913.168061581083
 11
93264.154125939268
 21
39901.790728050364
  0
LINE
  8
_0-3_計画建物－天空率
  6
CONTINUOUS
 62
   18
 10
93264.154125939268
 20
39901.790728050364
 11
93231.441701288189
 21
39889.756277732842
  0
LINE
  8
_0-3_計画建物－天空率
  6
CONTINUOUS
 62
   18
 10
93231.441701288189
 20
39889.756277732842
 11
93197.657305590109
 21
39877.026514501369
  0
LINE
  8
_0-3_計画建物－天空率
  6
CONTINUOUS
 62
   18
 10
93197.657305590109
 20
39877.026514501369
 11
93162.766696924969
 21
39863.561325496259
  0
LINE
  8
_0-3_計画建物－天空率
  6
CONTINUOUS
 62
   18
 10
93162.766696924969
 20
39863.561325496259
 11
93126.73577255939
 21
39849.318664600737
  0
LINE
  8
_0-3_計画建物－天空率
  6
CONTINUOUS
 62
   18
 10
93126.73577255939
 20
39849.318664600737
 11
93089.53081176881
 21
39834.254553660663
  0
LINE
  8
_0-3_計画建物－天空率
  6
CONTINUOUS
 62
   18
 10
93089.53081176881
 20
39834.254553660663
 11
93051.118757026284
 21
39818.32310524991
  0
LINE
  8
_0-3_計画建物－天空率
  6
CONTINUOUS
 62
   18
 10
93051.118757026284
 20
39818.32310524991
 11
93011.467537079428
 21
39801.476571253871
  0
LINE
  8
_0-3_計画建物－天空率
  6
CONTINUOUS
 62
   18
 10
93011.467537079428
 20
39801.476571253871
 11
92970.546435346142
 21
39783.665422020159
  0
LINE
  8
_0-3_計画建物－天空率
  6
CONTINUOUS
 62
   18
 10
92970.546435346142
 20
39783.665422020159
 11
92928.326506834782
 21
39764.838461291285
  0
LINE
  8
_0-3_計画建物－天空率
  6
CONTINUOUS
 62
   18
 10
92928.326506834782
 20
39764.838461291285
 11
92884.78104640344
 21
39744.942982566091
  0
LINE
  8
_0-3_計画建物－天空率
  6
CONTINUOUS
 62
   18
 10
92884.78104640344
 20
39744.942982566091
 11
92839.886110575258
 21
39723.924972905057
  0
LINE
  8
_0-3_計画建物－天空率
  6
CONTINUOUS
 62
   18
 10
92839.886110575258
 20
39723.924972905057
 11
92793.621094283851
 21
39701.729370463282
  0
LINE
  8
_0-3_計画建物－天空率
  6
CONTINUOUS
 62
   18
 10
92793.621094283851
 20
39701.729370463282
 11
92745.96936279122
 21
39678.300382158522
  0
LINE
  8
_0-3_計画建物－天空率
  6
CONTINUOUS
 62
   18
 10
95176.075314682821
 20
38984.074727671431
 11
95151.591117426112
 21
39018.310861772828
  0
LINE
  8
_0-3_計画建物－天空率
  6
CONTINUOUS
 62
   18
 10
95151.591117426112
 20
39018.310861772828
 11
95126.417093907453
 21
39052.500114248068
  0
LINE
  8
_0-3_計画建物－天空率
  6
CONTINUOUS
 62
   18
 10
95126.417093907453
 20
39052.500114248068
 11
95100.560942194671
 21
39086.616392264622
  0
LINE
  8
_0-3_計画建物－天空率
  6
CONTINUOUS
 62
   18
 10
95100.560942194671
 20
39086.616392264622
 11
95074.031920304769
 21
39120.633353583194
  0
LINE
  8
_0-3_計画建物－天空率
  6
CONTINUOUS
 62
   18
 10
95074.031920304769
 20
39120.633353583194
 11
95046.840849142798
 21
39154.52449835118
  0
LINE
  8
_0-3_計画建物－天空率
  6
CONTINUOUS
 62
   18
 10
95046.840849142798
 20
39154.52449835118
 11
95019.000106207473
 21
39188.263264012719
  0
LINE
  8
_0-3_計画建物－天空率
  6
CONTINUOUS
 62
   18
 10
95019.000106207473
 20
39188.263264012719
 11
94990.523609840369
 21
39221.823122607034
  0
LINE
  8
_0-3_計画建物－天空率
  6
CONTINUOUS
 62
   18
 10
94990.523609840369
 20
39221.823122607034
 11
94961.426793900507
 21
39255.177679676475
  0
LINE
  8
_0-3_計画建物－天空率
  6
CONTINUOUS
 62
   18
 10
94961.426793900507
 20
39255.177679676475
 11
94931.72657285619
 21
39288.300773966475
  0
LINE
  8
_0-3_計画建物－天空率
  6
CONTINUOUS
 62
   18
 10
94931.72657285619
 20
39288.300773966475
 11
94901.441297400058
 21
39321.166577071147
  0
LINE
  8
_0-3_計画建物－天空率
  6
CONTINUOUS
 62
   18
 10
94901.441297400058
 20
39321.166577071147
 11
94870.590700808257
 21
39353.749692162818
  0
LINE
  8
_0-3_計画建物－天空率
  6
CONTINUOUS
 62
   18
 10
94870.590700808257
 20
39353.749692162818
 11
94839.195836378596
 21
39386.025250941245
  0
LINE
  8
_0-3_計画建物－天空率
  6
CONTINUOUS
 62
   18
 10
94839.195836378596
 20
39386.025250941245
 11
94807.279006394266
 21
39417.969007948959
  0
LINE
  8
_0-3_計画建物－天空率
  6
CONTINUOUS
 62
   18
 10
94807.279006394266
 20
39417.969007948959
 11
94774.863683164468
 21
39449.557431423316
  0
LINE
  8
_0-3_計画建物－天空率
  6
CONTINUOUS
 62
   18
 10
94774.863683164468
 20
39449.557431423316
 11
94741.974422792001
 21
39480.767789893274
  0
LINE
  8
_0-3_計画建物－天空率
  6
CONTINUOUS
 62
   18
 10
94741.974422792001
 20
39480.767789893274
 11
94708.636772405734
 21
39511.578233778178
  0
LINE
  8
_0-3_計画建物－天空率
  6
CONTINUOUS
 62
   18
 10
94708.636772405734
 20
39511.578233778178
 11
94674.877171673389
 21
39541.967871307169
  0
LINE
  8
_0-3_計画建物－天空率
  6
CONTINUOUS
 62
   18
 10
94674.877171673389
 20
39541.967871307169
 11
94640.722849474084
 21
39571.916838148899
  0
LINE
  8
_0-3_計画建物－天空率
  6
CONTINUOUS
 62
   18
 10
94640.722849474084
 20
39571.916838148899
 11
94606.201716660201
 21
39601.40636022135
  0
LINE
  8
_0-3_計画建物－天空率
  6
CONTINUOUS
 62
   18
 10
95019.482557229188
 20
39957.21105739993
 11
94606.201716660201
 21
39601.40636022135
  0
LINE
  8
_0-3_計画建物－天空率
  6
CONTINUOUS
 62
   18
 10
94606.201716660201
 20
39601.40636022135
 11
94713.997711063508
 21
39732.419593839484
  0
LINE
  8
_0-3_計画建物－天空率
  6
CONTINUOUS
 62
   18
 10
94713.997711063508
 20
39732.419593839484
 11
94786.726665078735
 21
39826.359602702657
  0
LINE
  8
_0-3_計画建物－天空率
  6
CONTINUOUS
 62
   18
 10
94606.201716660201
 20
39601.40636022135
 11
94579.170857673991
 21
39615.773712340756
  0
LINE
  8
_0-3_計画建物－天空率
  6
CONTINUOUS
 62
   18
 10
94579.170857673991
 20
39615.773712340756
 11
94551.40817813565
 21
39630.182256400476
  0
LINE
  8
_0-3_計画建物－天空率
  6
CONTINUOUS
 62
   18
 10
94551.40817813565
 20
39630.182256400476
 11
94522.898714250142
 21
39644.621236502287
  0
LINE
  8
_0-3_計画建物－天空率
  6
CONTINUOUS
 62
   18
 10
94522.898714250142
 20
39644.621236502287
 11
94493.627878316125
 21
39659.079148691198
  0
LINE
  8
_0-3_計画建物－天空率
  6
CONTINUOUS
 62
   18
 10
94493.627878316125
 20
39659.079148691198
 11
94463.581539406077
 21
39673.543720964597
  0
LINE
  8
_0-3_計画建物－天空率
  6
CONTINUOUS
 62
   18
 10
94463.581539406077
 20
39673.543720964597
 11
94432.746109694693
 21
39688.001895686291
  0
LINE
  8
_0-3_計画建物－天空率
  6
CONTINUOUS
 62
   18
 10
94432.746109694693
 20
39688.001895686291
 11
94401.108636405871
 21
39702.439814843521
  0
LINE
  8
_0-3_計画建物－天空率
  6
CONTINUOUS
 62
   18
 10
94401.108636405871
 20
39702.439814843521
 11
94368.65689928006
 21
39716.842808612804
  0
LINE
  8
_0-3_計画建物－天空率
  6
CONTINUOUS
 62
   18
 10
94368.65689928006
 20
39716.842808612804
 11
94335.379513386054
 21
39731.195387725259
  0
LINE
  8
_0-3_計画建物－天空率
  6
CONTINUOUS
 62
   18
 10
94335.379513386054
 20
39731.195387725259
 11
94301.266037013367
 21
39745.48124014357
  0
LINE
  8
_0-3_計画建物－天空率
  6
CONTINUOUS
 62
   18
 10
94301.266037013367
 20
39745.48124014357
 11
94266.307084285421
 21
39759.683232578456
  0
LINE
  8
_0-3_計画建物－天空率
  6
CONTINUOUS
 62
   18
 10
94266.307084285421
 20
39759.683232578456
 11
94230.494442027047
 21
39773.783417383245
  0
LINE
  8
_0-3_計画建物－天空率
  6
CONTINUOUS
 62
   18
 10
94230.494442027047
 20
39773.783417383245
 11
94193.821190305912
 21
39787.763045367064
  0
LINE
  8
_0-3_計画建物－天空率
  6
CONTINUOUS
 62
   18
 10
94193.821190305912
 20
39787.763045367064
 11
94156.28182594577
 21
39801.602585062028
  0
LINE
  8
_0-3_計画建物－天空率
  6
CONTINUOUS
 62
   18
 10
94156.28182594577
 20
39801.602585062028
 11
94117.872388181072
 21
39815.281748962901
  0
LINE
  8
_0-3_計画建物－天空率
  6
CONTINUOUS
 62
   18
 10
94117.872388181072
 20
39815.281748962901
 11
94078.590585490979
 21
39828.77952723109
  0
LINE
  8
_0-3_計画建物－天空率
  6
CONTINUOUS
 62
   18
 10
94078.590585490979
 20
39828.77952723109
 11
94038.435922515564
 21
39842.074229314428
  0
LINE
  8
_0-3_計画建物－天空率
  6
CONTINUOUS
 62
   18
 10
94038.435922515564
 20
39842.074229314428
 11
93997.409825823895
 21
39855.143533880946
  0
LINE
  8
_0-3_計画建物－天空率
  6
CONTINUOUS
 62
   18
 10
93997.409825823895
 20
39855.143533880946
 11
93955.51576717291
 21
39867.964547396622
  0
LINE
  8
_0-3_計画建物－天空率
  6
CONTINUOUS
 62
   18
 10
93955.51576717291
 20
39867.964547396622
 11
93912.759382773263
 21
39880.513871594128
  0
LINE
  8
_0-3_計画建物－天空率
  6
CONTINUOUS
 62
   18
 10
93912.759382773263
 20
39880.513871594128
 11
93869.148586966271
 21
39892.767679980534
  0
LINE
  8
_0-3_計画建物－天空率
  6
CONTINUOUS
 62
   18
 10
93869.148586966271
 20
39892.767679980534
 11
93824.693678619252
 21
39904.701803418436
  0
LINE
  8
_0-3_計画建物－天空率
  6
CONTINUOUS
 62
   18
 10
93824.693678619252
 20
39904.701803418436
 11
93779.407438470152
 21
39916.291824685868
  0
LINE
  8
_0-3_計画建物－天空率
  6
CONTINUOUS
 62
   18
 10
93779.407438470152
 20
39916.291824685868
 11
93733.305215599364
 21
39927.51318177818
  0
LINE
  8
_0-3_計画建物－天空率
  6
CONTINUOUS
 62
   18
 10
93733.305215599364
 20
39927.51318177818
 11
93686.405001183651
 21
39938.341279560736
  0
LINE
  8
_0-3_計画建物－天空率
  6
CONTINUOUS
 62
   18
 10
93686.405001183651
 20
39938.341279560736
 11
93638.727487696043
 21
39948.75160921739
  0
LINE
  8
_0-3_計画建物－天空率
  6
CONTINUOUS
 62
   18
 10
93638.727487696043
 20
39948.75160921739
 11
93590.296111762727
 21
39958.719874769216
  0
LINE
  8
_0-3_計画建物－天空率
  6
CONTINUOUS
 62
   18
 10
93590.296111762727
 20
39958.719874769216
 11
93541.137078974628
 21
39968.222125764295
  0
LINE
  8
_0-3_計画建物－天空率
  6
CONTINUOUS
 62
   18
 10
93541.137078974628
 20
39968.222125764295
 11
93491.279369080846
 21
39977.234895066576
  0
CIRCLE
  8
_0-3_計画建物－天空率
  6
CONTINUOUS
 62
   18
 10
100745.96936279122
 20
37999.881817155335
 40
3000
  0
POINT
  8
_0-3_計画建物－天空率
 62
   18
 10
86725.45276732133
 20
67110.169491525419
  0
TEXT
  8
_0-3_計画建物－天空率
 62
  132
 10
86725.45276732133
 20
67110.169491525419
 40
500
 41
1
 50
0
  1
No.3
  0
TEXT
  8
_0-3_計画建物－天空率
 62
  132
 10
99370.96936279122
 20
34249.881817155335
 40
500
 41
1
 50
0
  1
測定点 No.3
  0
TEXT
  8
_0-3_計画建物－天空率
 62
  132
 10
97120.96936279122
 20
33499.881817155335
 40
500
 41
1
 50
0
  1
正射影 　測定面高さ = 0.000 m
  0
LINE
  8
_0-3_計画建物－天空率
  6
CONTINUOUS
 62
  132
 10
103007.3014058197
 20
39102.807148108542
 11
103442.35150168872
 21
39314.995257522568
  0
LINE
  8
_0-3_計画建物－天空率
  6
CONTINUOUS
 62
  132
 10
102920.54324748057
 20
39156.123261489403
 11
103394.81214136799
 21
39408.296505513004
  0
LINE
  8
_0-3_計画建物－天空率
  6
CONTINUOUS
 62
  132
 10
102833.65367143366
 20
39205.206914733011
 11
103344.04557414454
 21
39499.881817155335
  0
LINE
  8
_0-3_計画建物－天空率
  6
CONTINUOUS
 62
  132
 10
102747.09516576727
 20
39250.324000750006
 11
103290.1136512605
 21
39589.639609854944
  0
LINE
  8
_0-3_計画建物－天空率
  6
CONTINUOUS
 62
  132
 10
102661.21370923219
 20
39291.73044066409
 11
103233.08208045634
 21
39677.460527567578
  0
LINE
  8
_0-3_計画建物－天空率
  6
CONTINUOUS
 62
  132
 10
102576.29925699284
 20
39329.694325572374
 11
103173.02034591606
 21
39763.237574032755
  0
LINE
  8
_0-3_計画建物－天空率
  6
CONTINUOUS
 62
  132
 10
102492.57564334127
 20
39364.480199315439
 11
103110.00162361137
 21
39846.86624313231
  0
LINE
  8
_0-3_計画建物－天空率
  6
CONTINUOUS
 62
  132
 10
102410.19335891684
 20
39396.331558500736
 11
103044.10269214815
 21
39928.244646214952
  0
LINE
  8
_0-3_計画建物－天空率
  6
CONTINUOUS
 62
  132
 10
102329.26269617608
 20
39425.48553784487
 11
102975.40383922339
 21
40007.273636231911
  0
LINE
  8
_0-3_計画建物－天空率
  6
CONTINUOUS
 62
  132
 10
102249.84555619409
 20
39452.158175824086
 11
102903.98876380718
 21
40083.856928532324
  0
LINE
  8
_0-3_計画建物－天空率
  6
CONTINUOUS
 62
  132
 10
102171.96517579672
 20
39476.543708860961
 11
102829.94447416822
 21
40157.901218171289
  0
LINE
  8
_0-3_計画建物－天空率
  6
CONTINUOUS
 62
  132
 10
102095.61796575141
 20
39498.818446224671
 11
102753.36118186778
 21
40229.316293587515
  0
LINE
  8
_0-3_計画建物－天空率
  6
CONTINUOUS
 62
  132
 10
102020.80811730444
 20
39519.175482824801
 11
102674.33219185084
 21
40298.015146512268
  0
LINE
  8
_0-3_計画建物－天空率
  6
CONTINUOUS
 62
  132
 10
101947.49444902838
 20
39537.763797154664
 11
102592.9537887682
 21
40363.914077975496
  0
LINE
  8
_0-3_計画建物－天空率
  6
CONTINUOUS
 62
  132
 10
101875.63244499194
 20
39554.729659720156
 11
102509.32511966864
 21
40426.932800280177
  0
LINE
  8
_0-3_計画建物－天空率
  6
CONTINUOUS
 62
  132
 10
101805.16227425003
 20
39570.199885809546
 11
102423.54807320346
 21
40486.994534820463
  0
LINE
  8
_0-3_計画建物－天空率
  6
CONTINUOUS
 62
  132
 10
101735.97934485938
 20
39584.228975554324
 11
102335.72715549083
 21
40544.026105624616
  0
LINE
  8
_0-3_計画建物－天空率
  6
CONTINUOUS
 62
  132
 10
101668.07461512819
 20
39597.014964129099
 11
102245.96936279122
 21
40597.958028508648
  0
LINE
  8
_0-3_計画建物－天空率
  6
CONTINUOUS
 62
  132
 10
101601.33627991109
 20
39608.593015764381
 11
102154.38405114889
 21
40648.724595732113
  0
LINE
  8
_0-3_計画建物－天空率
  6
CONTINUOUS
 62
  132
 10
101535.69771225268
 20
39619.064885860243
 11
102061.08280315845
 21
40696.26395605284
  0
LINE
  8
_0-3_計画建物－天空率
  6
CONTINUOUS
 62
  132
 10
101471.07196867518
 20
39628.48893482449
 11
101966.17929201861
 21
40740.518190083137
  0
LINE
  8
_0-3_計画建物－天空率
  6
CONTINUOUS
 62
  132
 10
101407.40348552096
 20
39636.988718724656
 11
101869.78914303895
 21
40781.433380855698
  0
LINE
  8
_0-3_計画建物－天空率
  6
CONTINUOUS
 62
  132
 10
101344.56071422051
 20
39644.49803868815
 11
101772.02979276822
 21
40818.959679513063
  0
LINE
  8
_0-3_計画建物－天空率
  6
CONTINUOUS
 62
  132
 10
101282.51277307153
 20
39651.192637954911
 11
101673.02034591606
 21
40853.051366040795
  0
LINE
  8
_0-3_計画建物－天空率
  6
CONTINUOUS
 62
  132
 10
101221.17108470798
 20
39657.107165905879
 11
101572.88143024221
 21
40883.66690497029
  0
LINE
  8
_0-3_計画建物－天空率
  6
CONTINUOUS
 62
  132
 10
101160.42300595932
 20
39662.16458700841
 11
101471.73504959022
 21
40910.768995983322
  0
LINE
  8
_0-3_計画建物－天空率
  6
CONTINUOUS
 62
  132
 10
101100.22015824417
 20
39666.500775749998
 11
101369.70443524449
 21
40934.324619356753
  0
LINE
  8
_0-3_計画建物－天空率
  6
CONTINUOUS
 62
  132
 10
101040.48176203924
 20
39670.144632662624
 11
101266.91389579202
 21
40954.305076191958
  0
LINE
  8
_0-3_計画建物－天空率
  6
CONTINUOUS
 62
  132
 10
100981.12701701978
 20
39673.115470040153
 11
101163.4886656714
 21
40970.686023380047
  0
LINE
  8
_0-3_計画建物－天空率
  6
CONTINUOUS
 62
  132
 10
100922.0720353856
 20
39675.386825580855
 11
101059.55475259418
 21
40983.447503260154
  0
LINE
  8
_0-3_計画建物－天空率
  6
CONTINUOUS
 62
  132
 10
100863.24288284307
 20
39676.971288166714
 11
100955.23878402358
 21
40992.573967934804
  0
LINE
  8
_0-3_計画建物－天空率
  6
CONTINUOUS
 62
  132
 10
100804.5678395386
 20
39677.922639286538
 11
100850.66785289872
 21
40998.05429821262
  0
LINE
  8
_0-3_計画建物－天空率
  6
CONTINUOUS
 62
  132
 10
100745.96936279122
 20
39678.245900496622
 11
100745.96936279122
 21
40999.881817155335
  0
LINE
  8
_0-3_計画建物－天空率
  6
CONTINUOUS
 62
  132
 10
100687.37018123567
 20
39677.942822351578
 11
100641.27087268371
 21
40998.05429821262
  0
LINE
  8
_0-3_計画建物－天空率
  6
CONTINUOUS
 62
  132
 10
100628.6930035162
 20
39677.011890949535
 11
100536.69994155885
 21
40992.573967934804
  0
LINE
  8
_0-3_計画建物－天空率
  6
CONTINUOUS
 62
  132
 10
100569.8678882959
 20
39675.375426429774
 11
100432.38397298826
 21
40983.447503260154
  0
LINE
  8
_0-3_計画建物－天空率
  6
CONTINUOUS
 62
  132
 10
100510.81614366265
 20
39673.083912663896
 11
100328.45005991103
 21
40970.686023380047
  0
LINE
  8
_0-3_計画建物－天空率
  6
CONTINUOUS
 62
  132
 10
100451.45842631944
 20
39670.136336846313
 11
100225.02482979043
 21
40954.305076191958
  0
LINE
  8
_0-3_計画建物－天空率
  6
CONTINUOUS
 62
  132
 10
100391.71511450775
 20
39666.517020040417
 11
100122.23429033794
 21
40934.324619356753
  0
LINE
  8
_0-3_計画建物－天空率
  6
CONTINUOUS
 62
  132
 10
100331.50586147353
 20
39662.204125886804
 11
100020.20367599221
 21
40910.768995983322
  0
LINE
  8
_0-3_計画建物－天空率
  6
CONTINUOUS
 62
  132
 10
100270.77892059899
 20
39657.067828831648
 11
99919.057295340229
 21
40883.66690497029
  0
TEXT
  8
_0-3_計画建物－天空率
 62
  132
 10
98745.96936279122
 20
32749.881817155335
 40
500
 41
1
 50
0
  1
天空率 = 86.49 %
  0
LINE
  8
_0-3_計画建物－天空率
  6
CONTINUOUS
 62
   18
 10
100400.26280476288
 20
40475.140772638224
 11
100387.00525028796
 21
40429.350930577333
  0
LINE
  8
_0-3_計画建物－天空率
  6
CONTINUOUS
 62
   18
 10
100387.00525028796
 20
40429.350930577333
 11
100372.98437947571
 21
40378.034070774963
  0
LINE
  8
_0-3_計画建物－天空率
  6
CONTINUOUS
 62
   18
 10
100372.98437947571
 20
40378.034070774963
 11
100358.18034559329
 21
40320.411296067752
  0
LINE
  8
_0-3_計画建物－天空率
  6
CONTINUOUS
 62
   18
 10
100358.18034559329
 20
40320.411296067752
 11
100342.58635138059
 21
40255.59961696351
  0
LINE
  8
_0-3_計画建物－天空率
  6
CONTINUOUS
 62
   18
 10
100342.58635138059
 20
40255.59961696351
 11
100326.21442813485
 21
40182.607477368394
  0
LINE
  8
_0-3_計画建物－天空率
  6
CONTINUOUS
 62
   18
 10
100326.21442813485
 20
40182.607477368394
 11
100309.10280905474
 21
40100.336207520253
  0
LINE
  8
_0-3_計画建物－天空率
  6
CONTINUOUS
 62
   18
 10
100309.10280905474
 20
40100.336207520253
 11
100291.32503635944
 21
40007.591162678058
  0
LINE
  8
_0-3_計画建物－天空率
  6
CONTINUOUS
 62
   18
 10
100291.32503635944
 20
40007.591162678058
 11
100273.00073522873
 21
39903.107574466754
  0
LINE
  8
_0-3_計画建物－天空率
  6
CONTINUOUS
 62
   18
 10
100273.00073522873
 20
39903.107574466754
 11
100254.30760312722
 21
39785.597328254967
  0
LINE
  8
_0-3_計画建物－天空率
  6
CONTINUOUS
 62
   18
 10
100254.30760312722
 20
39785.597328254967
 11
100235.49354091729
 21
39653.823480026891
  0
LINE
  8
_0-3_計画建物－天空率
  6
CONTINUOUS
 62
   18
 10
99861.225299924975
 20
40866.452580841963
 11
100235.49354091729
 21
39653.823480026891
  0
LINE
  8
_0-3_計画建物－天空率
  6
CONTINUOUS
 62
   18
 10
100331.0026270358
 20
40971.043645164114
 11
100400.26280476288
 21
40475.140772638224
  0
LINE
  8
_0-3_計画建物－天空率
  6
CONTINUOUS
 62
   18
 10
103057.46658837351
 20
39069.774818710575
 11
103044.37392585884
 21
39078.567602670424
  0
LINE
  8
_0-3_計画建物－天空率
  6
CONTINUOUS
 62
   18
 10
103044.37392585884
 20
39078.567602670424
 11
103030.9553957187
 21
39087.454284367478
  0
LINE
  8
_0-3_計画建物－天空率
  6
CONTINUOUS
 62
   18
 10
103030.9553957187
 20
39087.454284367478
 11
103017.20209239805
 21
39096.434610056363
  0
LINE
  8
_0-3_計画建物－天空率
  6
CONTINUOUS
 62
   18
 10
103017.20209239805
 20
39096.434610056363
 11
103003.10490391543
 21
39105.508210086336
  0
LINE
  8
_0-3_計画建物－天空率
  6
CONTINUOUS
 62
   18
 10
103003.10490391543
 20
39105.508210086336
 11
102988.65451264202
 21
39114.674590718888
  0
LINE
  8
_0-3_計画建物－天空率
  6
CONTINUOUS
 62
   18
 10
102988.65451264202
 20
39114.674590718888
 11
102973.84139676549
 21
39123.933125553761
  0
LINE
  8
_0-3_計画建物－天空率
  6
CONTINUOUS
 62
   18
 10
102973.84139676549
 20
39123.933125553761
 11
102958.65583250892
 21
39133.283046558171
  0
LINE
  8
_0-3_計画建物－天空率
  6
CONTINUOUS
 62
   18
 10
102958.65583250892
 20
39133.283046558171
 11
102943.08789718116
 21
39142.723434695253
  0
LINE
  8
_0-3_計画建物－天空率
  6
CONTINUOUS
 62
   18
 10
102943.08789718116
 20
39142.723434695253
 11
102927.12747313824
 21
39152.253210150462
  0
LINE
  8
_0-3_計画建物－天空率
  6
CONTINUOUS
 62
   18
 10
102927.12747313824
 20
39152.253210150462
 11
102910.76425274211
 21
39161.871122156517
  0
LINE
  8
_0-3_計画建物－天空率
  6
CONTINUOUS
 62
   18
 10
102910.76425274211
 20
39161.871122156517
 11
102893.98774440569
 21
39171.575738420571
  0
LINE
  8
_0-3_計画建物－天空率
  6
CONTINUOUS
 62
   18
 10
102893.98774440569
 20
39171.575738420571
 11
102876.78727982006
 21
39181.365434160281
  0
LINE
  8
_0-3_計画建物－天空率
  6
CONTINUOUS
 62
   18
 10
102876.78727982006
 20
39181.365434160281
 11
102859.15202246296
 21
39191.238380758957
  0
LINE
  8
_0-3_計画建物－天空率
  6
CONTINUOUS
 62
   18
 10
102859.15202246296
 20
39191.238380758957
 11
102841.07097749284
 21
39201.192534054185
  0
LINE
  8
_0-3_計画建物－天空率
  6
CONTINUOUS
 62
   18
 10
102841.07097749284
 20
39201.192534054185
 11
102822.53300313702
 21
39211.225622278529
  0
LINE
  8
_0-3_計画建物－天空率
  6
CONTINUOUS
 62
   18
 10
102822.53300313702
 20
39211.225622278529
 11
102803.52682368615
 21
39221.335133676009
  0
LINE
  8
_0-3_計画建物－天空率
  6
CONTINUOUS
 62
   18
 10
102803.52682368615
 20
39221.335133676009
 11
102784.04104421101
 21
39231.518303823671
  0
LINE
  8
_0-3_計画建物－天空率
  6
CONTINUOUS
 62
   18
 10
102784.04104421101
 20
39231.518303823671
 11
102764.06416712015
 21
39241.772102693401
  0
LINE
  8
_0-3_計画建物－天空率
  6
CONTINUOUS
 62
   18
 10
102764.06416712015
 20
39241.772102693401
 11
102743.58461067959
 21
39252.093221495983
  0
LINE
  8
_0-3_計画建物－天空率
  6
CONTINUOUS
 62
   18
 10
102743.58461067959
 20
39252.093221495983
 11
102722.59072961658
 21
39262.478059356457
  0
LINE
  8
_0-3_計画建物－天空率
  6
CONTINUOUS
 62
   18
 10
102722.59072961658
 20
39262.478059356457
 11
102701.07083793017
 21
39272.922709877784
  0
LINE
  8
_0-3_計画建物－天空率
  6
CONTINUOUS
 62
   18
 10
102701.07083793017
 20
39272.922709877784
 11
102679.01323403033
 21
39283.422947658109
  0
LINE
  8
_0-3_計画建物－天空率
  6
CONTINUOUS
 62
   18
 10
102679.01323403033
 20
39283.422947658109
 11
102656.40622832466
 21
39293.974214836074
  0
LINE
  8
_0-3_計画建物－天空率
  6
CONTINUOUS
 62
   18
 10
102656.40622832466
 20
39293.974214836074
 11
102633.23817336882
 21
39304.571607747944
  0
LINE
  8
_0-3_計画建物－天空率
  6
CONTINUOUS
 62
   18
 10
102633.23817336882
 20
39304.571607747944
 11
102609.49749668998
 21
39315.209863790652
  0
LINE
  8
_0-3_計画建物－天空率
  6
CONTINUOUS
 62
   18
 10
102609.49749668998
 20
39315.209863790652
 11
102585.17273638596
 21
39325.883348595285
  0
LINE
  8
_0-3_計画建物－天空率
  6
CONTINUOUS
 62
   18
 10
102585.17273638596
 20
39325.883348595285
 11
102560.25257959149
 21
39336.586043626375
  0
LINE
  8
_0-3_計画建物－天空率
  6
CONTINUOUS
 62
   18
 10
102560.25257959149
 20
39336.586043626375
 11
102534.72590389181
 21
39347.311534333959
  0
LINE
  8
_0-3_計画建物－天空率
  6
CONTINUOUS
 62
   18
 10
102534.72590389181
 20
39347.311534333959
 11
102508.58182174758
 21
39358.052998996427
  0
LINE
  8
_0-3_計画建物－天空率
  6
CONTINUOUS
 62
   18
 10
102508.58182174758
 20
39358.052998996427
 11
102481.80972797717
 21
39368.803198404042
  0
LINE
  8
_0-3_計画建物－天空率
  6
CONTINUOUS
 62
   18
 10
102481.80972797717
 20
39368.803198404042
 11
102454.399350321
 21
39379.554466544243
  0
LINE
  8
_0-3_計画建物－天空率
  6
CONTINUOUS
 62
   18
 10
102454.399350321
 20
39379.554466544243
 11
102426.3408030871
 21
39390.298702461084
  0
LINE
  8
_0-3_計画建物－天空率
  6
CONTINUOUS
 62
   18
 10
102426.3408030871
 20
39390.298702461084
 11
102397.62464384983
 21
39401.027363471686
  0
LINE
  8
_0-3_計画建物－天空率
  6
CONTINUOUS
 62
   18
 10
102397.62464384983
 20
39401.027363471686
 11
102368.24193313982
 21
39411.731459932503
  0
LINE
  8
_0-3_計画建物－天空率
  6
CONTINUOUS
 62
   18
 10
102368.24193313982
 20
39411.731459932503
 11
102338.18429702859
 21
39422.401551757036
  0
LINE
  8
_0-3_計画建物－天空率
  6
CONTINUOUS
 62
   18
 10
102338.18429702859
 20
39422.401551757036
 11
102307.44399247069
 21
39433.027746893916
  0
LINE
  8
_0-3_計画建物－天空率
  6
CONTINUOUS
 62
   18
 10
102307.44399247069
 20
39433.027746893916
 11
102276.01397522279
 21
39443.599701980238
  0
LINE
  8
_0-3_計画建物－天空率
  6
CONTINUOUS
 62
   18
 10
102276.01397522279
 20
39443.599701980238
 11
102243.88797011163
 21
39454.106625388558
  0
LINE
  8
_0-3_計画建物－天空率
  6
CONTINUOUS
 62
   18
 10
102243.88797011163
 20
39454.106625388558
 11
102211.06054337254
 21
39464.537282887395
  0
LINE
  8
_0-3_計画建物－天空率
  6
CONTINUOUS
 62
   18
 10
102211.06054337254
 20
39464.537282887395
 11
102177.52717672561
 21
39474.880006133251
  0
LINE
  8
_0-3_計画建物－天空率
  6
CONTINUOUS
 62
   18
 10
102177.52717672561
 20
39474.880006133251
 11
102143.28434280109
 21
39485.122704207722
  0
LINE
  8
_0-3_計画建物－天空率
  6
CONTINUOUS
 62
   18
 10
102143.28434280109
 20
39485.122704207722
 11
102108.32958146609
 21
39495.252878404491
  0
LINE
  8
_0-3_計画建物－天空率
  6
CONTINUOUS
 62
   18
 10
102108.32958146609
 20
39495.252878404491
 11
102072.66157654608
 21
39505.257640458956
  0
LINE
  8
_0-3_計画建物－天空率
  6
CONTINUOUS
 62
   18
 10
102072.66157654608
 20
39505.257640458956
 11
102036.28023237378
 21
39515.123734396118
  0
LINE
  8
_0-3_計画建物－天空率
  6
CONTINUOUS
 62
   18
 10
102036.28023237378
 20
39515.123734396118
 11
101999.18674953861
 21
39524.837562151296
  0
LINE
  8
_0-3_計画建物－天空率
  6
CONTINUOUS
 62
   18
 10
101999.18674953861
 20
39524.837562151296
 11
101961.38369915309
 21
39534.385213091642
  0
LINE
  8
_0-3_計画建物－天空率
  6
CONTINUOUS
 62
   18
 10
101961.38369915309
 20
39534.385213091642
 11
101922.87509489709
 21
39543.752497535373
  0
LINE
  8
_0-3_計画建物－天空率
  6
CONTINUOUS
 62
   18
 10
101922.87509489709
 20
39543.752497535373
 11
101883.66646205185
 21
39552.924984328768
  0
LINE
  8
_0-3_計画建物－天空率
  6
CONTINUOUS
 62
   18
 10
101883.66646205185
 20
39552.924984328768
 11
101843.76490269193
 21
39561.888042499784
  0
LINE
  8
_0-3_計画建物－天空率
  6
CONTINUOUS
 62
   18
 10
101843.76490269193
 20
39561.888042499784
 11
101803.17915616734
 21
39570.626886960337
  0
LINE
  8
_0-3_計画建物－天空率
  6
CONTINUOUS
 62
   18
 10
101803.17915616734
 20
39570.626886960337
 11
101761.91965398182
 21
39579.126628178288
  0
LINE
  8
_0-3_計画建物－天空率
  6
CONTINUOUS
 62
   18
 10
101761.91965398182
 20
39579.126628178288
 11
101719.99856815852
 21
39587.372325684882
  0
LINE
  8
_0-3_計画建物－天空率
  6
CONTINUOUS
 62
   18
 10
101719.99856815852
 20
39587.372325684882
 11
101677.4298521816
 21
39595.349045224502
  0
LINE
  8
_0-3_計画建物－天空率
  6
CONTINUOUS
 62
   18
 10
101677.4298521816
 20
39595.349045224502
 11
101634.22927361377
 21
39603.041919292249
  0
LINE
  8
_0-3_計画建物－天空率
  6
CONTINUOUS
 62
   18
 10
101634.22927361377
 20
39603.041919292249
 11
101590.41443751845
 21
39610.436210741485
  0
LINE
  8
_0-3_計画建物－天空率
  6
CONTINUOUS
 62
   18
 10
101590.41443751845
 20
39610.436210741485
 11
101546.00479985777
 21
39617.517379079676
  0
LINE
  8
_0-3_計画建物－天空率
  6
CONTINUOUS
 62
   18
 10
101546.00479985777
 20
39617.517379079676
 11
101501.02167010019
 21
39624.271149007545
  0
LINE
  8
_0-3_計画建物－天空率
  6
CONTINUOUS
 62
   18
 10
101501.02167010019
 20
39624.271149007545
 11
101455.48820235033
 21
39630.683580695804
  0
LINE
  8
_0-3_計画建物－天空率
  6
CONTINUOUS
 62
   18
 10
101455.48820235033
 20
39630.683580695804
 11
101409.42937441085
 21
39636.741141235608
  0
LINE
  8
_0-3_計画建物－天空率
  6
CONTINUOUS
 62
   18
 10
101409.42937441085
 20
39636.741141235608
 11
101362.87195430042
 21
39642.43077664695
  0
LINE
  8
_0-3_計画建物－天空率
  6
CONTINUOUS
 62
   18
 10
101362.87195430042
 20
39642.43077664695
 11
101315.84445388296
 21
39647.739983783198
  0
LINE
  8
_0-3_計画建物－天空率
  6
CONTINUOUS
 62
   18
 10
101315.84445388296
 20
39647.739983783198
 11
101268.37706940862
 21
39652.65688143239
  0
LINE
  8
_0-3_計画建物－天空率
  6
CONTINUOUS
 62
   18
 10
101268.37706940862
 20
39652.65688143239
 11
101220.50160892547
 21
39657.17027988813
  0
LINE
  8
_0-3_計画建物－天空率
  6
CONTINUOUS
 62
   18
 10
101220.50160892547
 20
39657.17027988813
 11
101172.25140668993
 21
39661.269748245729
  0
LINE
  8
_0-3_計画建物－天空率
  6
CONTINUOUS
 62
   18
 10
101172.25140668993
 20
39661.269748245729
 11
101123.6612248791
 21
39664.945678674543
  0
LINE
  8
_0-3_計画建物－天空率
  6
CONTINUOUS
 62
   18
 10
101123.6612248791
 20
39664.945678674543
 11
101074.76714308941
 21
39668.189346924904
  0
LINE
  8
_0-3_計画建物－天空率
  6
CONTINUOUS
 62
   18
 10
101074.76714308941
 20
39668.189346924904
 11
101025.60643628427
 21
39670.992968349775
  0
LINE
  8
_0-3_計画建物－天空率
  6
CONTINUOUS
 62
   18
 10
101025.60643628427
 20
39670.992968349775
 11
100976.21744203119
 21
39673.349748755674
  0
LINE
  8
_0-3_計画建物－天空率
  6
CONTINUOUS
 62
   18
 10
100976.21744203119
 20
39673.349748755674
 11
100926.63941803602
 21
39675.253929445985
  0
LINE
  8
_0-3_計画建物－天空率
  6
CONTINUOUS
 62
   18
 10
100926.63941803602
 20
39675.253929445985
 11
100876.91239113881
 21
39676.700825880776
  0
LINE
  8
_0-3_計画建物－天空率
  6
CONTINUOUS
 62
   18
 10
100876.91239113881
 20
39676.700825880776
 11
100827.07699907648
 21
39677.686859450252
  0
LINE
  8
_0-3_計画建物－天空率
  6
CONTINUOUS
 62
   18
 10
100827.07699907648
 20
39677.686859450252
 11
100777.17432643816
 21
39678.209581943076
  0
LINE
  8
_0-3_計画建物－天空率
  6
CONTINUOUS
 62
   18
 10
100777.17432643816
 20
39678.209581943076
 11
100727.24573633843
 21
39678.267692383247
  0
LINE
  8
_0-3_計画建物－天空率
  6
CONTINUOUS
 62
   18
 10
100727.24573633843
 20
39678.267692383247
 11
100677.33269940658
 21
39677.861046009369
  0
LINE
  8
_0-3_計画建物－天空率
  6
CONTINUOUS
 62
   18
 10
100677.33269940658
 20
39677.861046009369
 11
100627.47662173709
 21
39676.990655275185
  0
LINE
  8
_0-3_計画建物－天空率
  6
CONTINUOUS
 62
   18
 10
100627.47662173709
 20
39676.990655275185
 11
100577.71867346366
 21
39675.658682857792
  0
LINE
  8
_0-3_計画建物－天空率
  6
CONTINUOUS
 62
   18
 10
100577.71867346366
 20
39675.658682857792
 11
100528.09961960944
 21
39673.868426767978
  0
LINE
  8
_0-3_計画建物－天空率
  6
CONTINUOUS
 62
   18
 10
100528.09961960944
 20
39673.868426767978
 11
100478.65965482553
 21
39671.624297763039
  0
LINE
  8
_0-3_計画建物－天空率
  6
CONTINUOUS
 62
   18
 10
100478.65965482553
 20
39671.624297763039
 11
100429.43824356383
 21
39668.931789363763
  0
LINE
  8
_0-3_計画建物－天空率
  6
CONTINUOUS
 62
   18
 10
100429.43824356383
 20
39668.931789363763
 11
100380.47396713713
 21
39665.797440872178
  0
LINE
  8
_0-3_計画建物－天空率
  6
CONTINUOUS
 62
   18
 10
100380.47396713713
 20
39665.797440872178
 11
100331.80437900396
 21
39662.228793872818
  0
LINE
  8
_0-3_計画建物－天空率
  6
CONTINUOUS
 62
   18
 10
100331.80437900396
 20
39662.228793872818
 11
100283.46586947886
 21
39658.234342776115
  0
LINE
  8
_0-3_計画建物－天空率
  6
CONTINUOUS
 62
   18
 10
100283.46586947886
 20
39658.234342776115
 11
100235.49354091729
 21
39653.823480026891
  0
LINE
  8
_0-3_計画建物－天空率
  6
CONTINUOUS
 62
   18
 10
103468.47991003976
 20
39260.015270453222
 11
103057.46658837351
 21
39069.774818710575
  0
LINE
  8
_0-3_計画建物－天空率
  6
CONTINUOUS
 62
   18
 10
103057.46658837351
 20
39069.774818710575
 11
103040.23562019797
 21
39122.979775543019
  0
LINE
  8
_0-3_計画建物－天空率
  6
CONTINUOUS
 62
   18
 10
103040.23562019797
 20
39122.979775543019
 11
103022.4516104522
 21
39174.980272614629
  0
LINE
  8
_0-3_計画建物－天空率
  6
CONTINUOUS
 62
   18
 10
103022.4516104522
 20
39174.980272614629
 11
103004.16442929276
 21
39225.759138970453
  0
LINE
  8
_0-3_計画建物－天空率
  6
CONTINUOUS
 62
   18
 10
103004.16442929276
 20
39225.759138970453
 11
102985.42306022977
 21
39275.304018172719
  0
LINE
  8
_0-3_計画建物－天空率
  6
CONTINUOUS
 62
   18
 10
102985.42306022977
 20
39275.304018172719
 11
102966.27535553532
 21
39323.607104258007
  0
LINE
  8
_0-3_計画建物－天空率
  6
CONTINUOUS
 62
   18
 10
102966.27535553532
 20
39323.607104258007
 11
102946.76782357091
 21
39370.664858440977
  0
LINE
  8
_0-3_計画建物－天空率
  6
CONTINUOUS
 62
   18
 10
102946.76782357091
 20
39370.664858440977
 11
102926.94544765804
 21
39416.47771227837
  0
LINE
  8
_0-3_計画建物－天空率
  6
CONTINUOUS
 62
   18
 10
102926.94544765804
 20
39416.47771227837
 11
102906.85153558684
 21
39461.049762569513
  0
LINE
  8
_0-3_計画建物－天空率
  6
CONTINUOUS
 62
   18
 10
102906.85153558684
 20
39461.049762569513
 11
102886.52759842252
 21
39504.388462770482
  0
LINE
  8
_0-3_計画建物－天空率
  6
CONTINUOUS
 62
   18
 10
102886.52759842252
 20
39504.388462770482
 11
102866.01325692496
 21
39546.504315161488
  0
LINE
  8
_0-3_計画建物－天空率
  6
CONTINUOUS
 62
   18
 10
102866.01325692496
 20
39546.504315161488
 11
102845.34617363772
 21
39587.410567452599
  0
LINE
  8
_0-3_計画建物－天空率
  6
CONTINUOUS
 62
   18
 10
102845.34617363772
 20
39587.410567452599
 11
102824.56200852572
 21
39627.12291695892
  0
LINE
  8
_0-3_計画建物－天空率
  6
CONTINUOUS
 62
   18
 10
102824.56200852572
 20
39627.12291695892
 11
102803.69439593469
 21
39665.659224938135
  0
LINE
  8
_0-3_計画建物－天空率
  6
CONTINUOUS
 62
   18
 10
102803.69439593469
 20
39665.659224938135
 11
102782.77494060153
 21
39703.039243171966
  0
LINE
  8
_0-3_計画建物－天空率
  6
CONTINUOUS
 62
   18
 10
102782.77494060153
 20
39703.039243171966
 11
102761.83323045636
 21
39739.28435439783
  0
LINE
  8
_0-3_計画建物－天空率
  6
CONTINUOUS
 62
   18
 10
102761.83323045636
 20
39739.28435439783
 11
102740.89686401
 21
39774.417327763294
  0
LINE
  8
_0-3_計画建物－天空率
  6
CONTINUOUS
 62
   18
 10
102740.89686401
 20
39774.417327763294
 11
102719.9914902118
 21
39808.462090087334
  0
LINE
  8
_0-3_計画建物－天空率
  6
CONTINUOUS
 62
   18
 10
102719.9914902118
 20
39808.462090087334
 11
102699.14085877758
 21
39841.443513371043
  0
LINE
  8
_0-3_計画建物－天空率
  6
CONTINUOUS
 62
   18
 10
102699.14085877758
 20
39841.443513371043
 11
102678.36687912438
 21
39873.387218705007
  0
LINE
  8
_0-3_計画建物－天空率
  6
CONTINUOUS
 62
   18
 10
102678.36687912438
 20
39873.387218705007
 11
102657.68968619615
 21
39904.319396471117
  0
LINE
  8
_0-3_計画建物－天空率
  6
CONTINUOUS
 62
   18
 10
102657.68968619615
 20
39904.319396471117
 11
102637.12771162009
 21
39934.266642528869
  0
LINE
  8
_0-3_計画建物－天空率
  6
CONTINUOUS
 62
   18
 10
102843.18610581362
 20
40145.03494287539
 11
102637.12771162009
 21
39934.266642528869
  0
LINE
  8
_0-3_計画建物－天空率
  6
CONTINUOUS
 62
   18
 10
102637.12771162009
 20
39934.266642528869
 11
102612.23522198727
 21
39950.875118113239
  0
LINE
  8
_0-3_計画建物－天空率
  6
CONTINUOUS
 62
   18
 10
102612.23522198727
 20
39950.875118113239
 11
102586.69764185772
 21
39967.5425702262
  0
LINE
  8
_0-3_計画建物－天空率
  6
CONTINUOUS
 62
   18
 10
102586.69764185772
 20
39967.5425702262
 11
102560.50177987926
 21
39984.258651842879
  0
LINE
  8
_0-3_計画建物－天空率
  6
CONTINUOUS
 62
   18
 10
102560.50177987926
 20
39984.258651842879
 11
102533.63467486599
 21
40001.012296878448
  0
LINE
  8
_0-3_計画建物－天空率
  6
CONTINUOUS
 62
   18
 10
102533.63467486599
 20
40001.012296878448
 11
102506.08365292703
 21
40017.791698788991
  0
LINE
  8
_0-3_計画建物－天空率
  6
CONTINUOUS
 62
   18
 10
102506.08365292703
 20
40017.791698788991
 11
102477.83638874095
 21
40034.584290862469
  0
LINE
  8
_0-3_計画建物－天空率
  6
CONTINUOUS
 62
   18
 10
102477.83638874095
 20
40034.584290862469
 11
102448.88097100972
 21
40051.376728541865
  0
LINE
  8
_0-3_計画建物－天空率
  6
CONTINUOUS
 62
   18
 10
102448.88097100972
 20
40051.376728541865
 11
102419.20597208906
 21
40068.154874146697
  0
LINE
  8
_0-3_計画建物－天空率
  6
CONTINUOUS
 62
   18
 10
102419.20597208906
 20
40068.154874146697
 11
102388.80052174873
 21
40084.903784383423
  0
LINE
  8
_0-3_計画建物－天空率
  6
CONTINUOUS
 62
   18
 10
102388.80052174873
 20
40084.903784383423
 11
102357.65438496654
 21
40101.607701055989
  0
LINE
  8
_0-3_計画建物－天空率
  6
CONTINUOUS
 62
   18
 10
102357.65438496654
 20
40101.607701055989
 11
102325.7580436056
 21
40118.250045407767
  0
LINE
  8
_0-3_計画建物－天空率
  6
CONTINUOUS
 62
   18
 10
102325.7580436056
 20
40118.250045407767
 11
102293.10278176203
 21
40134.81341654095
  0
LINE
  8
_0-3_計画建物－天空率
  6
CONTINUOUS
 62
   18
 10
102293.10278176203
 20
40134.81341654095
 11
102259.68077450395
 21
40151.279594371611
  0
LINE
  8
_0-3_計画建物－天空率
  6
CONTINUOUS
 62
   18
 10
102259.68077450395
 20
40151.279594371611
 11
102225.48517964906
 21
40167.62954758475
  0
LINE
  8
_0-3_計画建物－天空率
  6
CONTINUOUS
 62
   18
 10
102225.48517964906
 20
40167.62954758475
 11
102190.51023215067
 21
40183.843447053841
  0
LINE
  8
_0-3_計画建物－天空率
  6
CONTINUOUS
 62
   18
 10
102190.51023215067
 20
40183.843447053841
 11
102154.75134057857
 21
40199.900685183085
  0
LINE
  8
_0-3_計画建物－天空率
  6
CONTINUOUS
 62
   18
 10
102154.75134057857
 20
40199.900685183085
 11
102118.2051850957
 21
40215.77990161538
  0
LINE
  8
_0-3_計画建物－天空率
  6
CONTINUOUS
 62
   18
 10
102118.2051850957
 20
40215.77990161538
 11
102080.8698162419
 21
40231.45901572566
  0
LINE
  8
_0-3_計画建物－天空率
  6
CONTINUOUS
 62
   18
 10
102080.8698162419
 20
40231.45901572566
 11
102042.74475374599
 21
40246.91526628557
  0
LINE
  8
_0-3_計画建物－天空率
  6
CONTINUOUS
 62
   18
 10
102042.74475374599
 20
40246.91526628557
 11
102003.83108449865
 21
40262.125258641288
  0
LINE
  8
_0-3_計画建物－天空率
  6
CONTINUOUS
 62
   18
 10
102003.83108449865
 20
40262.125258641288
 11
101964.13155872949
 21
40277.065019690584
  0
LINE
  8
_0-3_計画建物－天空率
  6
CONTINUOUS
 62
   18
 10
101964.13155872949
 20
40277.065019690584
 11
101923.65068335087
 21
40291.710060878314
  0
LINE
  8
_0-3_計画建物－天空率
  6
CONTINUOUS
 62
   18
 10
101923.65068335087
 20
40291.710060878314
 11
101882.39481135331
 21
40306.035449349692
  0
LINE
  8
_0-3_計画建物－天空率
  6
CONTINUOUS
 62
   18
 10
101882.39481135331
 20
40306.035449349692
 11
101840.37222607168
 21
40320.015887309935
  0
LINE
  8
_0-3_計画建物－天空率
  6
CONTINUOUS
 62
   18
 10
101840.37222607168
 20
40320.015887309935
 11
101797.5932190867
 21
40333.625799535511
  0
LINE
  8
_0-3_計画建物－天空率
  6
CONTINUOUS
 62
   18
 10
101797.5932190867
 20
40333.625799535511
 11
101754.07016048622
 21
40346.839428868821
  0
LINE
  8
_0-3_計画建物－天空率
  6
CONTINUOUS
 62
   18
 10
101754.07016048622
 20
40346.839428868821
 11
101709.8175601893
 21
40359.630939404516
  0
LINE
  8
_0-3_計画建物－天空率
  6
CONTINUOUS
 62
   18
 10
101709.8175601893
 20
40359.630939404516
 11
101664.85211903386
 21
40371.974526944191
  0
LINE
  8
_0-3_計画建物－天空率
  6
CONTINUOUS
 62
   18
 10
101664.85211903386
 20
40371.974526944191
 11
101619.19276834993
 21
40383.844536158394
  0
LINE
  8
_0-3_計画建物－天空率
  6
CONTINUOUS
 62
   18
 10
101619.19276834993
 20
40383.844536158394
 11
101572.86069678611
 21
40395.215583753706
  0
LINE
  8
_0-3_計画建物－天空率
  6
CONTINUOUS
 62
   18
 10
101572.86069678611
 20
40395.215583753706
 11
101525.87936322955
 21
40406.062686800381
  0
LINE
  8
_0-3_計画建物－天空率
  6
CONTINUOUS
 62
   18
 10
101525.87936322955
 20
40406.062686800381
 11
101478.27449475949
 21
40416.361395236352
  0
LINE
  8
_0-3_計画建物－天空率
  6
CONTINUOUS
 62
   18
 10
101478.27449475949
 20
40416.361395236352
 11
101430.07406870287
 21
40426.087927429718
  0
LINE
  8
_0-3_計画建物－天空率
  6
CONTINUOUS
 62
   18
 10
101430.07406870287
 20
40426.087927429718
 11
101381.30827801687
 21
40435.219307557708
  0
LINE
  8
_0-3_計画建物－天空率
  6
CONTINUOUS
 62
   18
 10
101381.30827801687
 20
40435.219307557708
 11
101332.00947940548
 21
40443.733503449628
  0
LINE
  8
_0-3_計画建物－天空率
  6
CONTINUOUS
 62
   18
 10
101332.00947940548
 20
40443.733503449628
 11
101282.21212378601
 21
40451.60956344816
  0
LINE
  8
_0-3_計画建物－天空率
  6
CONTINUOUS
 62
   18
 10
101282.21212378601
 20
40451.60956344816
 11
101231.95266895015
 21
40458.82775077124
  0
LINE
  8
_0-3_計画建物－天空率
  6
CONTINUOUS
 62
   18
 10
101231.95266895015
 20
40458.82775077124
 11
101181.26947451199
 21
40465.369673809072
  0
LINE
  8
_0-3_計画建物－天空率
  6
CONTINUOUS
 62
   18
 10
101181.26947451199
 20
40465.369673809072
 11
101130.20267949641
 21
40471.218410770379
  0
LINE
  8
_0-3_計画建物－天空率
  6
CONTINUOUS
 62
   18
 10
101130.20267949641
 20
40471.218410770379
 11
101078.79406318973
 21
40476.358627101013
  0
LINE
  8
_0-3_計画建物－天空率
  6
CONTINUOUS
 62
   18
 10
101078.79406318973
 20
40476.358627101013
 11
101027.08689014514
 21
40480.776684138334
  0
LINE
  8
_0-3_計画建物－天空率
  6
CONTINUOUS
 62
   18
 10
101027.08689014514
 20
40480.776684138334
 11
100975.12574050111
 21
40484.460737536777
  0
LINE
  8
_0-3_計画建物－天空率
  6
CONTINUOUS
 62
   18
 10
100975.12574050111
 20
40484.460737536777
 11
100922.95632702544
 21
40487.400824103613
  0
LINE
  8
_0-3_計画建物－天空率
  6
CONTINUOUS
 62
   18
 10
100922.95632702544
 20
40487.400824103613
 11
100870.62530053388
 21
40489.588935817686
  0
LINE
  8
_0-3_計画建物－天空率
  6
CONTINUOUS
 62
   18
 10
100870.62530053388
 20
40489.588935817686
 11
100818.18004554373
 21
40491.019079966194
  0
LINE
  8
_0-3_計画建物－天空率
  6
CONTINUOUS
 62
   18
 10
100818.18004554373
 20
40491.019079966194
 11
100765.66846820415
 21
40491.687324521517
  0
LINE
  8
_0-3_計画建物－天空率
  6
CONTINUOUS
 62
   18
 10
100765.66846820415
 20
40491.687324521517
 11
100713.13877869017
 21
40491.591828088239
  0
LINE
  8
_0-3_計画建物－天空率
  6
CONTINUOUS
 62
   18
 10
100713.13877869017
 20
40491.591828088239
 11
100660.63927035249
 21
40490.732853974775
  0
LINE
  8
_0-3_計画建物－天空率
  6
CONTINUOUS
 62
   18
 10
100660.63927035249
 20
40490.732853974775
 11
100608.21809797751
 21
40489.112768179373
  0
LINE
  8
_0-3_計画建物－天空率
  6
CONTINUOUS
 62
   18
 10
100608.21809797751
 20
40489.112768179373
 11
100555.9230575293
 21
40486.736021320597
  0
LINE
  8
_0-3_計画建物－天空率
  6
CONTINUOUS
 62
   18
 10
100555.9230575293
 20
40486.736021320597
 11
100503.80136971597
 21
40483.609114782077
  0
LINE
  8
_0-3_計画建物－天空率
  6
CONTINUOUS
 62
   18
 10
100503.80136971597
 20
40483.609114782077
 11
100451.89946965097
 21
40479.740551574483
  0
LINE
  8
_0-3_計画建物－天空率
  6
CONTINUOUS
 62
   18
 10
100451.89946965097
 20
40479.740551574483
 11
100400.26280476288
 21
40475.140772638224
  0
LINE
  8
_0-3_計画建物－天空率
  6
CONTINUOUS
 62
   18
 10
101119.89570367182
 20
40025.316163591945
 11
101078.52237937838
 21
40058.115352248816
  0
LINE
  8
_0-3_計画建物－天空率
  6
CONTINUOUS
 62
   18
 10
101078.52237937838
 20
40058.115352248816
 11
101037.33577690119
 21
40089.906821162054
  0
LINE
  8
_0-3_計画建物－天空率
  6
CONTINUOUS
 62
   18
 10
101037.33577690119
 20
40089.906821162054
 11
100996.38034139393
 21
40120.676415871464
  0
LINE
  8
_0-3_計画建物－天空率
  6
CONTINUOUS
 62
   18
 10
100996.38034139393
 20
40120.676415871464
 11
100955.69865103141
 21
40150.413672725866
  0
LINE
  8
_0-3_計画建物－天空率
  6
CONTINUOUS
 62
   18
 10
100955.69865103141
 20
40150.413672725866
 11
100915.33124549761
 21
40179.111729704425
  0
LINE
  8
_0-3_計画建物－天空率
  6
CONTINUOUS
 62
   18
 10
100915.33124549761
 20
40179.111729704425
 11
100875.31648055693
 21
40206.767209158155
  0
LINE
  8
_0-3_計画建物－天空率
  6
CONTINUOUS
 62
   18
 10
100875.31648055693
 20
40206.767209158155
 11
100835.69040908066
 21
40233.380075670516
  0
LINE
  8
_0-3_計画建物－天空率
  6
CONTINUOUS
 62
   18
 10
100835.69040908066
 20
40233.380075670516
 11
100796.48668841618
 21
40258.953472446679
  0
LINE
  8
_0-3_計画建物－天空率
  6
CONTINUOUS
 62
   18
 10
100796.48668841618
 20
40258.953472446679
 11
100757.7365135432
 21
40283.493539756251
  0
LINE
  8
_0-3_計画建物－天空率
  6
CONTINUOUS
 62
   18
 10
100757.7365135432
 20
40283.493539756251
 11
100719.46857506755
 21
40307.009218981511
  0
LINE
  8
_0-3_計画建物－天空率
  6
CONTINUOUS
 62
   18
 10
100719.46857506755
 20
40307.009218981511
 11
100681.70904076565
 21
40329.512045769311
  0
LINE
  8
_0-3_計画建物－天空率
  6
CONTINUOUS
 62
   18
 10
100681.70904076565
 20
40329.512045769311
 11
100644.48155911477
 21
40351.015935659743
  0
LINE
  8
_0-3_計画建物－天空率
  6
CONTINUOUS
 62
   18
 10
100644.48155911477
 20
40351.015935659743
 11
100607.8072830266
 21
40371.536965380066
  0
LINE
  8
_0-3_計画建物－天空率
  6
CONTINUOUS
 62
   18
 10
100607.8072830266
 20
40371.536965380066
 11
100571.70491184415
 21
40391.093152759523
  0
LINE
  8
_0-3_計画建物－天空率
  6
CONTINUOUS
 62
   18
 10
100571.70491184415
 20
40391.093152759523
 11
100536.19074956125
 21
40409.704237951249
  0
LINE
  8
_0-3_計画建物－天空率
  6
CONTINUOUS
 62
   18
 10
100536.19074956125
 20
40409.704237951249
 11
100501.27877717564
 21
40427.391468353787
  0
LINE
  8
_0-3_計画建物－天空率
  6
CONTINUOUS
 62
   18
 10
100501.27877717564
 20
40427.391468353787
 11
100466.98073708594
 21
40444.177389315926
  0
LINE
  8
_0-3_計画建物－天空率
  6
CONTINUOUS
 62
   18
 10
100466.98073708594
 20
40444.177389315926
 11
100433.30622748317
 21
40460.085642396115
  0
LINE
  8
_0-3_計画建物－天空率
  6
CONTINUOUS
 62
   18
 10
100433.30622748317
 20
40460.085642396115
 11
100400.26280476288
 21
40475.140772638224
  0
LINE
  8
_0-3_計画建物－天空率
  6
CONTINUOUS
 62
   18
 10
101290.61180115952
 20
40950.028358317009
 11
101119.89570367182
 21
40025.316163591945
  0
LINE
  8
_0-3_計画建物－天空率
  6
CONTINUOUS
 62
   18
 10
101119.89570367182
 20
40025.316163591945
 11
101096.10562216657
 21
40018.082952655953
  0
LINE
  8
_0-3_計画建物－天空率
  6
CONTINUOUS
 62
   18
 10
101096.10562216657
 20
40018.082952655953
 11
101071.80642255258
 21
40010.534893243799
  0
LINE
  8
_0-3_計画建物－天空率
  6
CONTINUOUS
 62
   18
 10
101071.80642255258
 20
40010.534893243799
 11
101046.98800236517
 21
40002.659165787415
  0
LINE
  8
_0-3_計画建物－天空率
  6
CONTINUOUS
 62
   18
 10
101046.98800236517
 20
40002.659165787415
 11
101021.64035364915
 21
39994.442515715643
  0
LINE
  8
_0-3_計画建物－天空率
  6
CONTINUOUS
 62
   18
 10
101021.64035364915
 20
39994.442515715643
 11
100995.75360096299
 21
39985.87125179977
  0
LINE
  8
_0-3_計画建物－天空率
  6
CONTINUOUS
 62
   18
 10
100995.75360096299
 20
39985.87125179977
 11
100969.31804308765
 21
39976.931246445914
  0
LINE
  8
_0-3_計画建物－天空率
  6
CONTINUOUS
 62
   18
 10
100969.31804308765
 20
39976.931246445914
 11
100942.32419864971
 21
39967.607938205321
  0
LINE
  8
_0-3_計画建物－天空率
  6
CONTINUOUS
 62
   18
 10
100942.32419864971
 20
39967.607938205321
 11
100914.76285586363
 21
39957.886336795396
  0
LINE
  8
_0-3_計画建物－天空率
  6
CONTINUOUS
 62
   18
 10
100914.76285586363
 20
39957.886336795396
 11
100886.62512658792
 21
39947.751030946179
  0
LINE
  8
_0-3_計画建物－天空率
  6
CONTINUOUS
 62
   18
 10
100886.62512658792
 20
39947.751030946179
 11
100857.90250487696
 21
39937.186199408744
  0
LINE
  8
_0-3_計画建物－天空率
  6
CONTINUOUS
 62
   18
 10
100857.90250487696
 20
39937.186199408744
 11
100828.58693019126
 21
39926.175625482588
  0
LINE
  8
_0-3_計画建物－天空率
  6
CONTINUOUS
 62
   18
 10
100828.58693019126
 20
39926.175625482588
 11
100798.67085540454
 21
39914.702715439227
  0
LINE
  8
_0-3_計画建物－天空率
  6
CONTINUOUS
 62
   18
 10
100798.67085540454
 20
39914.702715439227
 11
100768.14731971523
 21
39902.750521236586
  0
LINE
  8
_0-3_計画建物－天空率
  6
CONTINUOUS
 62
   18
 10
100768.14731971523
 20
39902.750521236586
 11
100737.01002653161
 21
39890.301767934375
  0
LINE
  8
_0-3_計画建物－天空率
  6
CONTINUOUS
 62
   18
 10
100737.01002653161
 20
39890.301767934375
 11
100705.2534263534
 21
39877.33888623226
  0
LINE
  8
_0-3_計画建物－天空率
  6
CONTINUOUS
 62
   18
 10
100705.2534263534
 20
39877.33888623226
 11
100672.87280461846
 21
39863.844050560379
  0
LINE
  8
_0-3_計画建物－天空率
  6
CONTINUOUS
 62
   18
 10
100672.87280461846
 20
39863.844050560379
 11
100639.86437441725
 21
39849.799223153335
  0
LINE
  8
_0-3_計画建物－天空率
  6
CONTINUOUS
 62
   18
 10
100639.86437441725
 20
39849.799223153335
 11
100606.22537390445
 21
39835.18620453494
  0
LINE
  8
_0-3_計画建物－天空率
  6
CONTINUOUS
 62
   18
 10
100606.22537390445
 20
39835.18620453494
 11
100571.95416815069
 21
39819.986690827863
  0
LINE
  8
_0-3_計画建物－天空率
  6
CONTINUOUS
 62
   18
 10
100571.95416815069
 20
39819.986690827863
 11
100537.05035508188
 21
39804.182338281396
  0
LINE
  8
_0-3_計画建物－天空率
  6
CONTINUOUS
 62
   18
 10
100537.05035508188
 20
39804.182338281396
 11
100501.51487504498
 21
39787.75483537784
  0
LINE
  8
_0-3_計画建物－天空率
  6
CONTINUOUS
 62
   18
 10
100501.51487504498
 20
39787.75483537784
 11
100465.35012342137
 21
39770.685982833972
  0
LINE
  8
_0-3_計画建物－天空率
  6
CONTINUOUS
 62
   18
 10
100465.35012342137
 20
39770.685982833972
 11
100428.56006557933
 21
39752.957781756391
  0
LINE
  8
_0-3_計画建物－天空率
  6
CONTINUOUS
 62
   18
 10
100428.56006557933
 20
39752.957781756391
 11
100391.15035331778
 21
39734.552530136541
  0
LINE
  8
_0-3_計画建物－天空率
  6
CONTINUOUS
 62
   18
 10
100391.15035331778
 20
39734.552530136541
 11
100353.12844180695
 21
39715.45292778284
  0
LINE
  8
_0-3_計画建物－天空率
  6
CONTINUOUS
 62
   18
 10
100353.12844180695
 20
39715.45292778284
 11
100314.50370587634
 21
39695.642189681268
  0
LINE
  8
_0-3_計画建物－天空率
  6
CONTINUOUS
 62
   18
 10
100314.50370587634
 20
39695.642189681268
 11
100275.28755434355
 21
39675.104167651894
  0
LINE
  8
_0-3_計画建物－天空率
  6
CONTINUOUS
 62
   18
 10
100275.28755434355
 20
39675.104167651894
 11
100235.49354091729
 21
39653.823480026891
  0
LINE
  8
_0-3_計画建物－天空率
  6
CONTINUOUS
 62
   18
 10
103057.46658837351
 20
39069.774818710575
 11
103032.25731504285
 21
39101.221790997151
  0
LINE
  8
_0-3_計画建物－天空率
  6
CONTINUOUS
 62
   18
 10
103032.25731504285
 20
39101.221790997151
 11
103006.4881642927
 21
39132.551152662475
  0
LINE
  8
_0-3_計画建物－天空率
  6
CONTINUOUS
 62
   18
 10
103006.4881642927
 20
39132.551152662475
 11
102980.17007823837
 21
39163.741709161156
  0
LINE
  8
_0-3_計画建物－天空率
  6
CONTINUOUS
 62
   18
 10
102980.17007823837
 20
39163.741709161156
 11
102953.3151303491
 21
39194.772328438717
  0
LINE
  8
_0-3_計画建物－天空率
  6
CONTINUOUS
 62
   18
 10
102953.3151303491
 20
39194.772328438717
 11
102925.93650303292
 21
39225.622009463222
  0
LINE
  8
_0-3_計画建物－天空率
  6
CONTINUOUS
 62
   18
 10
102925.93650303292
 20
39225.622009463222
 11
102898.04845910145
 21
39256.269950996749
  0
LINE
  8
_0-3_計画建物－天空率
  6
CONTINUOUS
 62
   18
 10
102898.04845910145
 20
39256.269950996749
 11
102869.666307223
 21
39286.695620097321
  0
LINE
  8
_0-3_計画建物－天空率
  6
CONTINUOUS
 62
   18
 10
102869.666307223
 20
39286.695620097321
 11
102840.80636153589
 21
39316.878819836354
  0
LINE
  8
_0-3_計画建物－天空率
  6
CONTINUOUS
 62
   18
 10
102840.80636153589
 20
39316.878819836354
 11
102811.48589565706
 21
39346.799755718187
  0
LINE
  8
_0-3_計画建物－天空率
  6
CONTINUOUS
 62
   18
 10
102811.48589565706
 20
39346.799755718187
 11
102781.72309138058
 21
39376.439100296709
  0
LINE
  8
_0-3_計画建物－天空率
  6
CONTINUOUS
 62
   18
 10
102781.72309138058
 20
39376.439100296709
 11
102751.53698241899
 21
39405.778055499053
  0
LINE
  8
_0-3_計画建物－天空率
  6
CONTINUOUS
 62
   18
 10
102751.53698241899
 20
39405.778055499053
 11
102720.94739359219
 21
39434.798412188538
  0
LINE
  8
_0-3_計画建物－天空率
  6
CONTINUOUS
 62
   18
 10
102720.94739359219
 20
39434.798412188538
 11
102689.97487591684
 21
39463.482606526922
  0
LINE
  8
_0-3_計画建物－天空率
  6
CONTINUOUS
 62
   18
 10
102689.97487591684
 20
39463.482606526922
 11
102658.64063809062
 21
39491.813772730216
  0
LINE
  8
_0-3_計画建物－天空率
  6
CONTINUOUS
 62
   18
 10
102658.64063809062
 20
39491.813772730216
 11
102626.96647490019
 21
39519.77579185141
  0
LINE
  8
_0-3_計画建物－天空率
  6
CONTINUOUS
 62
   18
 10
102626.96647490019
 20
39519.77579185141
 11
102594.97469310987
 21
39547.353336267435
  0
LINE
  8
_0-3_計画建物－天空率
  6
CONTINUOUS
 62
   18
 10
102594.97469310987
 20
39547.353336267435
 11
102562.6880354071
 21
39574.531909595032
  0
LINE
  8
_0-3_計画建物－天空率
  6
CONTINUOUS
 62
   18
 10
102562.6880354071
 20
39574.531909595032
 11
102530.12960299293
 21
39601.297881810787
  0
LINE
  8
_0-3_計画建物－天空率
  6
CONTINUOUS
 62
   18
 10
102530.12960299293
 20
39601.297881810787
 11
102497.32277740997
 21
39627.638519402913
  0
LINE
  8
_0-3_計画建物－天空率
  6
CONTINUOUS
 62
   18
 10
102497.32277740997
 20
39627.638519402913
 11
102464.29114219572
 21
39653.542010435914
  0
LINE
  8
_0-3_計画建物－天空率
  6
CONTINUOUS
 62
   18
 10
102464.29114219572
 20
39653.542010435914
 11
102431.05840493812
 21
39678.997484463005
  0
LINE
  8
_0-3_計画建物－天空率
  6
CONTINUOUS
 62
   18
 10
102431.05840493812
 20
39678.997484463005
 11
102397.64832029074
 21
39703.995027273893
  0
LINE
  8
_0-3_計画建物－天空率
  6
CONTINUOUS
 62
   18
 10
102833.8892185078
 20
40154.084842894662
 11
102397.64832029074
 21
39703.995027273893
  0
LINE
  8
_0-3_計画建物－天空率
  6
CONTINUOUS
 62
   18
 10
102637.12771162009
 20
39934.266642528869
 11
102397.64832029074
 21
39703.995027273893
  0
LINE
  8
_0-3_計画建物－天空率
  6
CONTINUOUS
 62
   18
 10
102397.64832029074
 20
39703.995027273893
 11
102369.94499932006
 21
39716.278831372816
  0
LINE
  8
_0-3_計画建物－天空率
  6
CONTINUOUS
 62
   18
 10
102369.94499932006
 20
39716.278831372816
 11
102341.64130863179
 21
39728.526425149291
  0
LINE
  8
_0-3_計画建物－天空率
  6
CONTINUOUS
 62
   18
 10
102341.64130863179
 20
39728.526425149291
 11
102312.73069711193
 21
39740.727744178351
  0
LINE
  8
_0-3_計画建物－天空率
  6
CONTINUOUS
 62
   18
 10
102312.73069711193
 20
39740.727744178351
 11
102283.20716108033
 21
39752.872288888531
  0
LINE
  8
_0-3_計画建物－天空率
  6
CONTINUOUS
 62
   18
 10
102283.20716108033
 20
39752.872288888531
 11
102253.06529658687
 21
39764.949127006097
  0
LINE
  8
_0-3_計画建物－天空率
  6
CONTINUOUS
 62
   18
 10
102253.06529658687
 20
39764.949127006097
 11
102222.30035320507
 21
39776.946898209062
  0
LINE
  8
_0-3_計画建物－天空率
  6
CONTINUOUS
 62
   18
 10
102222.30035320507
 20
39776.946898209062
 11
102190.90828910924
 21
39788.853821168115
  0
LINE
  8
_0-3_計画建物－天空率
  6
CONTINUOUS
 62
   18
 10
102190.90828910924
 20
39788.853821168115
 11
102158.88582718581
 21
39800.657703148448
  0
LINE
  8
_0-3_計画建物－天空率
  6
CONTINUOUS
 62
   18
 10
102158.88582718581
 20
39800.657703148448
 11
102126.23051189405
 21
39812.345952340874
  0
LINE
  8
_0-3_計画建物－天空率
  6
CONTINUOUS
 62
   18
 10
102126.23051189405
 20
39812.345952340874
 11
102092.94076655278
 21
39823.905593082454
  0
LINE
  8
_0-3_計画建物－天空率
  6
CONTINUOUS
 62
   18
 10
102092.94076655278
 20
39823.905593082454
 11
102059.01595069316
 21
39835.323284115038
  0
LINE
  8
_0-3_計画建物－天空率
  6
CONTINUOUS
 62
   18
 10
102059.01595069316
 20
39835.323284115038
 11
102024.45641707924
 21
39846.585340015808
  0
LINE
  8
_0-3_計画建物－天空率
  6
CONTINUOUS
 62
   18
 10
102024.45641707924
 20
39846.585340015808
 11
101989.26356796149
 21
39857.677755915494
  0
LINE
  8
_0-3_計画建物－天空率
  6
CONTINUOUS
 62
   18
 10
101989.26356796149
 20
39857.677755915494
 11
101953.43991009281
 21
39868.58623559826
  0
LINE
  8
_0-3_計画建物－天空率
  6
CONTINUOUS
 62
   18
 10
101953.43991009281
 20
39868.58623559826
 11
101916.98910800373
 21
39879.296223051955
  0
LINE
  8
_0-3_計画建物－天空率
  6
CONTINUOUS
 62
   18
 10
101916.98910800373
 20
39879.296223051955
 11
101879.91603500286
 21
39889.792937508085
  0
LINE
  8
_0-3_計画建物－天空率
  6
CONTINUOUS
 62
   18
 10
101879.91603500286
 20
39889.792937508085
 11
101842.22682134293
 21
39900.061411978313
  0
LINE
  8
_0-3_計画建物－天空率
  6
CONTINUOUS
 62
   18
 10
101842.22682134293
 20
39900.061411978313
 11
101803.92889897104
 21
39910.086535257803
  0
LINE
  8
_0-3_計画建物－天空率
  6
CONTINUOUS
 62
   18
 10
101803.92889897104
 20
39910.086535257803
 11
101765.03104226662
 21
39919.853097326369
  0
LINE
  8
_0-3_計画建物－天空率
  6
CONTINUOUS
 62
   18
 10
101765.03104226662
 20
39919.853097326369
 11
101725.54340416121
 21
39929.345838035631
  0
LINE
  8
_0-3_計画建物－天空率
  6
CONTINUOUS
 62
   18
 10
101725.54340416121
 20
39929.345838035631
 11
101685.47754703373
 21
39938.549498925603
  0
LINE
  8
_0-3_計画建物－天空率
  6
CONTINUOUS
 62
   18
 10
101685.47754703373
 20
39938.549498925603
 11
101644.84646778128
 21
39947.44887796713
  0
LINE
  8
_0-3_計画建物－天空率
  6
CONTINUOUS
 62
   18
 10
101644.84646778128
 20
39947.44887796713
 11
101603.66461648275
 21
39956.028886978136
  0
LINE
  8
_0-3_計画建物－天空率
  6
CONTINUOUS
 62
   18
 10
101603.66461648275
 20
39956.028886978136
 11
101561.9479080983
 21
39964.274611413122
  0
LINE
  8
_0-3_計画建物－天空率
  6
CONTINUOUS
 62
   18
 10
101561.9479080983
 20
39964.274611413122
 11
101519.71372668426
 21
39972.171372176817
  0
LINE
  8
_0-3_計画建物－天空率
  6
CONTINUOUS
 62
   18
 10
101519.71372668426
 20
39972.171372176817
 11
101476.98092165034
 21
39979.704789065472
  0
LINE
  8
_0-3_計画建物－天空率
  6
CONTINUOUS
 62
   18
 10
101476.98092165034
 20
39979.704789065472
 11
101433.76979564332
 21
39986.860845394738
  0
LINE
  8
_0-3_計画建物－天空率
  6
CONTINUOUS
 62
   18
 10
101433.76979564332
 20
39986.860845394738
 11
101390.10208370954
 21
39993.625953331094
  0
LINE
  8
_0-3_計画建物－天空率
  6
CONTINUOUS
 62
   18
 10
101390.10208370954
 20
39993.625953331094
 11
101346.00092346663
 21
39999.987019406733
  0
LINE
  8
_0-3_計画建物－天空率
  6
CONTINUOUS
 62
   18
 10
101346.00092346663
 20
39999.987019406733
 11
101301.49081610186
 21
40005.931509665992
  0
LINE
  8
_0-3_計画建物－天空率
  6
CONTINUOUS
 62
   18
 10
101301.49081610186
 20
40005.931509665992
 11
101256.59757811005
 21
40011.447513865939
  0
LINE
  8
_0-3_計画建物－天空率
  6
CONTINUOUS
 62
   18
 10
101256.59757811005
 20
40011.447513865939
 11
101211.34828378674
 21
40016.523808135912
  0
LINE
  8
_0-3_計画建物－天空率
  6
CONTINUOUS
 62
   18
 10
101211.34828378674
 20
40016.523808135912
 11
101165.77119859935
 21
40021.149915490765
  0
LINE
  8
_0-3_計画建物－天空率
  6
CONTINUOUS
 62
   18
 10
101165.77119859935
 20
40021.149915490765
 11
101119.89570367182
 21
40025.316163591945
  0
CIRCLE
  8
_0-3_計画建物－天空率
  6
CONTINUOUS
 62
   18
 10
108745.96936279122
 20
37999.881817155335
 40
3000
  0
POINT
  8
_0-3_計画建物－天空率
 62
   18
 10
89225.45276732133
 20
67110.169491525419
  0
TEXT
  8
_0-3_計画建物－天空率
 62
  132
 10
89225.45276732133
 20
67110.169491525419
 40
500
 41
1
 50
0
  1
No.4
  0
TEXT
  8
_0-3_計画建物－天空率
 62
  132
 10
107370.96936279122
 20
34249.881817155335
 40
500
 41
1
 50
0
  1
測定点 No.4
  0
TEXT
  8
_0-3_計画建物－天空率
 62
  132
 10
105120.96936279122
 20
33499.881817155335
 40
500
 41
1
 50
0
  1
正射影 　測定面高さ = 0.000 m
  0
LINE
  8
_0-3_計画建物－天空率
  6
CONTINUOUS
 62
  132
 10
110833.6574362512
 20
39205.209088351432
 11
111344.04557414454
 21
39499.881817155335
  0
LINE
  8
_0-3_計画建物－天空率
  6
CONTINUOUS
 62
  132
 10
110747.0909139822
 20
39250.321343939831
 11
111290.1136512605
 21
39589.639609854944
  0
LINE
  8
_0-3_計画建物－天空率
  6
CONTINUOUS
 62
  132
 10
110661.2251013187
 20
39291.738124723458
 11
111233.08208045634
 21
39677.460527567578
  0
LINE
  8
_0-3_計画建物－天空率
  6
CONTINUOUS
 62
  132
 10
110576.31514730378
 20
39329.705870559038
 11
111173.02034591605
 21
39763.237574032755
  0
LINE
  8
_0-3_計画建物－天空率
  6
CONTINUOUS
 62
  132
 10
110492.58655458559
 20
39364.488724113798
 11
111110.00162361137
 21
39846.86624313231
  0
LINE
  8
_0-3_計画建物－天空率
  6
CONTINUOUS
 62
  132
 10
110410.21070633493
 20
39396.346114712854
 11
111044.10269214815
 21
39928.244646214952
  0
LINE
  8
_0-3_計画建物－天空率
  6
CONTINUOUS
 62
  132
 10
110329.27107891914
 20
39425.493085700625
 11
110975.40383922339
 21
40007.273636231911
  0
LINE
  8
_0-3_計画建物－天空率
  6
CONTINUOUS
 62
  132
 10
110249.85650030794
 20
39452.168744431975
 11
110903.98876380718
 21
40083.856928532324
  0
LINE
  8
_0-3_計画建物－天空率
  6
CONTINUOUS
 62
  132
 10
110171.96356127221
 20
39476.542036971899
 11
110829.94447416822
 21
40157.901218171289
  0
LINE
  8
_0-3_計画建物－天空率
  6
CONTINUOUS
 62
  132
 10
110095.62930030745
 20
39498.831034524446
 11
110753.36118186778
 21
40229.316293587515
  0
LINE
  8
_0-3_計画建物－天空率
  6
CONTINUOUS
 62
  132
 10
110020.81419263975
 20
39519.18272312748
 11
110674.33219185084
 21
40298.015146512268
  0
LINE
  8
_0-3_計画建物－天空率
  6
CONTINUOUS
 62
  132
 10
109947.50478716325
 20
39537.777029363889
 11
110592.9537887682
 21
40363.914077975496
  0
LINE
  8
_0-3_計画建物－天空率
  6
CONTINUOUS
 62
  132
 10
109875.63910265643
 20
39554.738823209212
 11
110509.32511966864
 21
40426.932800280177
  0
LINE
  8
_0-3_計画建物－天空率
  6
CONTINUOUS
 62
  132
 10
109805.15463323378
 20
39570.188557537105
 11
110423.54807320346
 21
40486.994534820463
  0
LINE
  8
_0-3_計画建物－天空率
  6
CONTINUOUS
 62
  132
 10
109735.98756333492
 20
39584.242127864497
 11
110335.72715549082
 21
40544.026105624616
  0
LINE
  8
_0-3_計画建物－天空率
  6
CONTINUOUS
 62
  132
 10
109668.0721048669
 20
39597.010616229003
 11
110245.96936279122
 21
40597.958028508648
  0
LINE
  8
_0-3_計画建物－天空率
  6
CONTINUOUS
 62
  132
 10
109601.3399594287
 20
39608.59993593052
 11
110154.38405114889
 21
40648.724595732113
  0
LINE
  8
_0-3_計画建物－天空率
  6
CONTINUOUS
 62
  132
 10
109535.70985791856
 20
39619.089788165678
 11
110061.08280315845
 21
40696.26395605284
  0
LINE
  8
_0-3_計画建物－天空率
  6
CONTINUOUS
 62
  132
 10
109471.07478827283
 20
39628.495267744503
 11
109966.17929201861
 21
40740.518190083137
  0
LINE
  8
_0-3_計画建物－天空率
  6
CONTINUOUS
 62
  132
 10
109407.40017867412
 20
39636.980533991525
 11
109869.78914303895
 21
40781.433380855698
  0
LINE
  8
_0-3_計画建物－天空率
  6
CONTINUOUS
 62
  132
 10
109344.56525625905
 20
39644.510517836468
 11
109772.02979276821
 21
40818.959679513063
  0
LINE
  8
_0-3_計画建物－天空率
  6
CONTINUOUS
 62
  132
 10
109282.52113528721
 20
39651.218374208438
 11
109673.02034591606
 21
40853.051366040795
  0
LINE
  8
_0-3_計画建物－天空率
  6
CONTINUOUS
 62
  132
 10
109221.16009565049
 20
39657.068842508124
 11
109572.88143024222
 21
40883.66690497029
  0
LINE
  8
_0-3_計画建物－天空率
  6
CONTINUOUS
 62
  132
 10
109160.43285558721
 20
39662.204091708132
 11
109471.73504959023
 21
40910.768995983322
  0
LINE
  8
_0-3_計画建物－天空率
  6
CONTINUOUS
 62
  132
 10
109100.22307994106
 20
39666.514521253171
 11
109369.70443524449
 21
40934.324619356753
  0
LINE
  8
_0-3_計画建物－天空率
  6
CONTINUOUS
 62
  132
 10
109040.48497339132
 20
39670.162845145328
 11
109266.913895792
 21
40954.305076191958
  0
LINE
  8
_0-3_計画建物－天空率
  6
CONTINUOUS
 62
  132
 10
108981.12669713266
 20
39673.113193924982
 11
109163.4886656714
 21
40970.686023380047
  0
LINE
  8
_0-3_計画建物－天空率
  6
CONTINUOUS
 62
  132
 10
108922.06933759816
 20
39675.361157848165
 11
109059.55475259418
 21
40983.447503260154
  0
LINE
  8
_0-3_計画建物－天空率
  6
CONTINUOUS
 62
  132
 10
108863.24439371844
 20
39676.992894691211
 11
108955.23878402358
 21
40992.573967934804
  0
LINE
  8
_0-3_計画建物－天空率
  6
CONTINUOUS
 62
  132
 10
108804.56895300246
 20
39677.954524719876
 11
108850.66785289873
 21
40998.05429821262
  0
LINE
  8
_0-3_計画建物－天空率
  6
CONTINUOUS
 62
  132
 10
108745.96936279122
 20
39678.255073105246
 11
108745.96936279122
 21
40999.881817155335
  0
LINE
  8
_0-3_計画建物－天空率
  6
CONTINUOUS
 62
  132
 10
108687.36977257997
 20
39677.954524719876
 11
108641.2708726837
 21
40998.05429821262
  0
LINE
  8
_0-3_計画建物－天空率
  6
CONTINUOUS
 62
  132
 10
108628.69433186399
 20
39676.992894691211
 11
108536.69994155885
 21
40992.573967934804
  0
LINE
  8
_0-3_計画建物－天空率
  6
CONTINUOUS
 62
  132
 10
108569.86938798427
 20
39675.361157848165
 11
108432.38397298826
 21
40983.447503260154
  0
LINE
  8
_0-3_計画建物－天空率
  6
CONTINUOUS
 62
  132
 10
108510.81202844977
 20
39673.113193924982
 11
108328.45005991103
 21
40970.686023380047
  0
LINE
  8
_0-3_計画建物－天空率
  6
CONTINUOUS
 62
  132
 10
108451.45375219111
 20
39670.162845145328
 11
108225.02482979043
 21
40954.305076191958
  0
LINE
  8
_0-3_計画建物－天空率
  6
CONTINUOUS
 62
  132
 10
108391.71564564137
 20
39666.514521253171
 11
108122.23429033794
 21
40934.324619356753
  0
LINE
  8
_0-3_計画建物－天空率
  6
CONTINUOUS
 62
  132
 10
108331.50586999522
 20
39662.204091708132
 11
108020.2036759922
 21
40910.768995983322
  0
LINE
  8
_0-3_計画建物－天空率
  6
CONTINUOUS
 62
  132
 10
108270.77862993194
 20
39657.068842508124
 11
107919.05729534022
 21
40883.66690497029
  0
LINE
  8
_0-3_計画建物－天空率
  6
CONTINUOUS
 62
  132
 10
108209.41759029524
 20
39651.218374208445
 11
107818.91837966638
 21
40853.051366040795
  0
LINE
  8
_0-3_計画建物－天空率
  6
CONTINUOUS
 62
  132
 10
108147.37346932338
 20
39644.510517836468
 11
107719.90893281422
 21
40818.959679513063
  0
LINE
  8
_0-3_計画建物－天空率
  6
CONTINUOUS
 62
  132
 10
108084.53854690831
 20
39636.980533991525
 11
107622.14958254348
 21
40781.433380855698
  0
LINE
  8
_0-3_計画建物－天空率
  6
CONTINUOUS
 62
  132
 10
108020.8639373096
 20
39628.495267744503
 11
107525.75943356382
 21
40740.518190083137
  0
LINE
  8
_0-3_計画建物－天空率
  6
CONTINUOUS
 62
  132
 10
107956.22886766387
 20
39619.089788165678
 11
107430.85592242398
 21
40696.26395605284
  0
LINE
  8
_0-3_計画建物－天空率
  6
CONTINUOUS
 62
  132
 10
107890.59876615373
 20
39608.59993593052
 11
107337.55467443354
 21
40648.724595732121
  0
LINE
  8
_0-3_計画建物－天空率
  6
CONTINUOUS
 62
  132
 10
107823.86662071553
 20
39597.010616229003
 11
107245.96936279122
 21
40597.958028508648
  0
TEXT
  8
_0-3_計画建物－天空率
 62
  132
 10
106745.96936279122
 20
32749.881817155335
 40
500
 41
1
 50
0
  1
天空率 = 84.19 %
  0
LINE
  8
_0-3_計画建物－天空率
  6
CONTINUOUS
 62
   18
 10
108067.93010535147
 20
40427.262358789652
 11
108053.41099615527
 21
40399.392863911598
  0
LINE
  8
_0-3_計画建物－天空率
  6
CONTINUOUS
 62
   18
 10
108053.41099615527
 20
40399.392863911598
 11
108038.44106731643
 21
40369.685413880863
  0
LINE
  8
_0-3_計画建物－天空率
  6
CONTINUOUS
 62
   18
 10
108038.44106731643
 20
40369.685413880863
 11
108023.01518371648
 21
40338.000685715844
  0
LINE
  8
_0-3_計画建物－天空率
  6
CONTINUOUS
 62
   18
 10
108023.01518371648
 20
40338.000685715844
 11
108007.13065040997
 21
40304.189377770235
  0
LINE
  8
_0-3_計画建物－天空率
  6
CONTINUOUS
 62
   18
 10
108007.13065040997
 20
40304.189377770235
 11
107990.78777089885
 21
40268.091939627323
  0
LINE
  8
_0-3_計画建物－天空率
  6
CONTINUOUS
 62
   18
 10
107990.78777089885
 20
40268.091939627323
 11
107973.99049008877
 21
40229.538443607729
  0
LINE
  8
_0-3_計画建物－天空率
  6
CONTINUOUS
 62
   18
 10
107973.99049008877
 20
40229.538443607729
 11
107956.74712845675
 21
40188.348648127466
  0
LINE
  8
_0-3_計画建物－天空率
  6
CONTINUOUS
 62
   18
 10
107956.74712845675
 20
40188.348648127466
 11
107939.07121222866
 21
40144.332313768063
  0
LINE
  8
_0-3_計画建物－天空率
  6
CONTINUOUS
 62
   18
 10
107939.07121222866
 20
40144.332313768063
 11
107920.98240155
 21
40097.289844499158
  0
LINE
  8
_0-3_計画建物－天空率
  6
CONTINUOUS
 62
   18
 10
107920.98240155
 20
40097.289844499158
 11
107902.50751441979
 21
40047.013338555661
  0
LINE
  8
_0-3_計画建物－天空率
  6
CONTINUOUS
 62
   18
 10
107902.50751441979
 20
40047.013338555661
 11
107883.68163818477
 21
39993.288145216138
  0
LINE
  8
_0-3_計画建物－天空率
  6
CONTINUOUS
 62
   18
 10
107883.68163818477
 20
39993.288145216138
 11
107864.54931230602
 21
39935.895033926906
  0
LINE
  8
_0-3_計画建物－天空率
  6
CONTINUOUS
 62
   18
 10
107864.54931230602
 20
39935.895033926906
 11
107845.16575558365
 21
39874.61308909671
  0
LINE
  8
_0-3_計画建物－天空率
  6
CONTINUOUS
 62
   18
 10
107845.16575558365
 20
39874.61308909671
 11
107825.59809785443
 21
39809.223445048701
  0
LINE
  8
_0-3_計画建物－天空率
  6
CONTINUOUS
 62
   18
 10
107825.59809785443
 20
39809.223445048701
 11
107805.92656037049
 21
39739.513967988044
  0
LINE
  8
_0-3_計画建物－天空率
  6
CONTINUOUS
 62
   18
 10
107805.92656037049
 20
39739.513967988044
 11
107786.24551099749
 21
39665.284971738576
  0
LINE
  8
_0-3_計画建物－天空率
  6
CONTINUOUS
 62
   18
 10
107786.24551099749
 20
39665.284971738576
 11
107766.66430094373
 21
39586.356017348254
  0
LINE
  8
_0-3_計画建物－天空率
  6
CONTINUOUS
 62
   18
 10
107170.16175141336
 20
40552.690147587454
 11
107766.66430094373
 21
39586.356017348254
  0
LINE
  8
_0-3_計画建物－天空率
  6
CONTINUOUS
 62
   18
 10
107938.875944554
 20
40889.276254444601
 11
108067.93010535147
 21
40427.262358789652
  0
LINE
  8
_0-3_計画建物－天空率
  6
CONTINUOUS
 62
   18
 10
110904.5220635274
 20
39165.500275552869
 11
110889.59140062675
 21
39174.093198168266
  0
LINE
  8
_0-3_計画建物－天空率
  6
CONTINUOUS
 62
   18
 10
110889.59140062675
 20
39174.093198168266
 11
110874.32803468266
 21
39182.752103854705
  0
LINE
  8
_0-3_計画建物－天空率
  6
CONTINUOUS
 62
   18
 10
110874.32803468266
 20
39182.752103854705
 11
110858.72448315558
 21
39191.475705040844
  0
LINE
  8
_0-3_計画建物－天空率
  6
CONTINUOUS
 62
   18
 10
110858.72448315558
 20
39191.475705040844
 11
110842.77316815617
 21
39200.262582121402
  0
LINE
  8
_0-3_計画建物－天空率
  6
CONTINUOUS
 62
   18
 10
110842.77316815617
 20
39200.262582121402
 11
110826.46642262347
 21
39209.111176969287
  0
LINE
  8
_0-3_計画建物－天空率
  6
CONTINUOUS
 62
   18
 10
110826.46642262347
 20
39209.111176969287
 11
110809.79649726577
 21
39218.019786294033
  0
LINE
  8
_0-3_計画建物－天空率
  6
CONTINUOUS
 62
   18
 10
110809.79649726577
 20
39218.019786294033
 11
110792.75556831227
 21
39226.98655485906
  0
LINE
  8
_0-3_計画建物－天空率
  6
CONTINUOUS
 62
   18
 10
110792.75556831227
 20
39226.98655485906
 11
110775.33574612531
 21
39236.009468571806
  0
LINE
  8
_0-3_計画建物－天空率
  6
CONTINUOUS
 62
   18
 10
110775.33574612531
 20
39236.009468571806
 11
110757.52908472353
 21
39245.086347463671
  0
LINE
  8
_0-3_計画建物－天空率
  6
CONTINUOUS
 62
   18
 10
110757.52908472353
 20
39245.086347463671
 11
110739.3275922667
 21
39254.214838578998
  0
LINE
  8
_0-3_計画建物－天空率
  6
CONTINUOUS
 62
   18
 10
110739.3275922667
 20
39254.214838578998
 11
110720.72324255423
 21
39263.392408795305
  0
LINE
  8
_0-3_計画建物－天空率
  6
CONTINUOUS
 62
   18
 10
110720.72324255423
 20
39263.392408795305
 11
110701.70798758776
 21
39272.616337599865
  0
LINE
  8
_0-3_計画建物－天空率
  6
CONTINUOUS
 62
   18
 10
110701.70798758776
 20
39272.616337599865
 11
110682.27377124922
 21
39281.883709850924
  0
LINE
  8
_0-3_計画建物－天空率
  6
CONTINUOUS
 62
   18
 10
110682.27377124922
 20
39281.883709850924
 11
110662.41254414385
 21
39291.191408555248
  0
LINE
  8
_0-3_計画建物－天空率
  6
CONTINUOUS
 62
   18
 10
110662.41254414385
 20
39291.191408555248
 11
110642.1162796568
 21
39300.536107697182
  0
LINE
  8
_0-3_計画建物－天空率
  6
CONTINUOUS
 62
   18
 10
110642.1162796568
 20
39300.536107697182
 11
110621.37699126923
 21
39309.914265158229
  0
LINE
  8
_0-3_計画建物－天空率
  6
CONTINUOUS
 62
   18
 10
110621.37699126923
 20
39309.914265158229
 11
110600.18675117778
 21
39319.322115769849
  0
LINE
  8
_0-3_計画建物－天空率
  6
CONTINUOUS
 62
   18
 10
110600.18675117778
 20
39319.322115769849
 11
110578.53771025725
 21
39328.755664546413
  0
LINE
  8
_0-3_計画建物－天空率
  6
CONTINUOUS
 62
   18
 10
110578.53771025725
 20
39328.755664546413
 11
110556.42211940229
 21
39338.210680149204
  0
LINE
  8
_0-3_計画建物－天空率
  6
CONTINUOUS
 62
   18
 10
110556.42211940229
 20
39338.210680149204
 11
110533.83235227917
 21
39347.682688636654
  0
LINE
  8
_0-3_計画建物－天空率
  6
CONTINUOUS
 62
   18
 10
110533.83235227917
 20
39347.682688636654
 11
110510.76092951152
 21
39357.166967560231
  0
LINE
  8
_0-3_計画建物－天空率
  6
CONTINUOUS
 62
   18
 10
110510.76092951152
 20
39357.166967560231
 11
110487.20054431846
 21
39366.658540469601
  0
LINE
  8
_0-3_計画建物－天空率
  6
CONTINUOUS
 62
   18
 10
110487.20054431846
 20
39366.658540469601
 11
110463.14408961386
 21
39376.152171895089
  0
LINE
  8
_0-3_計画建物－天空率
  6
CONTINUOUS
 62
   18
 10
110463.14408961386
 20
39376.152171895089
 11
110438.58468656749
 21
39385.642362879269
  0
LINE
  8
_0-3_計画建物－天空率
  6
CONTINUOUS
 62
   18
 10
110438.58468656749
 20
39385.642362879269
 11
110413.51571461737
 21
39395.123347133827
  0
LINE
  8
_0-3_計画建物－天空率
  6
CONTINUOUS
 62
   18
 10
110413.51571461737
 20
39395.123347133827
 11
110387.93084291178
 21
39404.589087901171
  0
LINE
  8
_0-3_計画建物－天空率
  6
CONTINUOUS
 62
   18
 10
110387.93084291178
 20
39404.589087901171
 11
110361.82406314639
 21
39414.033275604102
  0
LINE
  8
_0-3_計画建物－天空率
  6
CONTINUOUS
 62
   18
 10
110361.82406314639
 20
39414.033275604102
 11
110335.18972374715
 21
39423.449326369285
  0
LINE
  8
_0-3_計画建物－天空率
  6
CONTINUOUS
 62
   18
 10
110335.18972374715
 20
39423.449326369285
 11
110308.02256533545
 21
39432.830381513384
  0
LINE
  8
_0-3_計画建物－天空率
  6
CONTINUOUS
 62
   18
 10
110308.02256533545
 20
39432.830381513384
 11
110280.31775739419
 21
39442.16930808212
  0
LINE
  8
_0-3_計画建物－天空率
  6
CONTINUOUS
 62
   18
 10
110280.31775739419
 20
39442.16930808212
 11
110252.07093603667
 21
39451.458700533912
  0
LINE
  8
_0-3_計画建物－天空率
  6
CONTINUOUS
 62
   18
 10
110252.07093603667
 20
39451.458700533912
 11
110223.27824276078
 21
39460.690883660303
  0
LINE
  8
_0-3_計画建物－天空率
  6
CONTINUOUS
 62
   18
 10
110223.27824276078
 20
39460.690883660303
 11
110193.93636405107
 21
39469.857916834334
  0
LINE
  8
_0-3_計画建物－天空率
  6
CONTINUOUS
 62
   18
 10
110193.93636405107
 20
39469.857916834334
 11
110164.04257167075
 21
39478.951599677093
  0
LINE
  8
_0-3_計画建物－天空率
  6
CONTINUOUS
 62
   18
 10
110164.04257167075
 20
39478.951599677093
 11
110133.59476346441
 21
39487.963479229372
  0
LINE
  8
_0-3_計画建物－天空率
  6
CONTINUOUS
 62
   18
 10
110133.59476346441
 20
39487.963479229372
 11
110102.59150446945
 21
39496.884858711586
  0
LINE
  8
_0-3_計画建物－天空率
  6
CONTINUOUS
 62
   18
 10
110102.59150446945
 20
39496.884858711586
 11
110071.03206811338
 21
39505.706807949827
  0
LINE
  8
_0-3_計画建物－天空率
  6
CONTINUOUS
 62
   18
 10
110071.03206811338
 20
39505.706807949827
 11
110038.9164772504
 21
39514.420175538747
  0
LINE
  8
_0-3_計画建物－天空率
  6
CONTINUOUS
 62
   18
 10
110038.9164772504
 20
39514.420175538747
 11
110006.24554477003
 21
39523.015602804007
  0
LINE
  8
_0-3_計画建物－天空率
  6
CONTINUOUS
 62
   18
 10
110006.24554477003
 20
39523.015602804007
 11
109973.02091348904
 21
39531.483539616514
  0
LINE
  8
_0-3_計画建物－天空率
  6
CONTINUOUS
 62
   18
 10
109973.02091348904
 20
39531.483539616514
 11
109939.24509501743
 21
39539.814262099476
  0
LINE
  8
_0-3_計画建物－天空率
  6
CONTINUOUS
 62
   18
 10
109939.24509501743
 20
39539.814262099476
 11
109904.92150727137
 21
39547.997892255647
  0
LINE
  8
_0-3_計画建物－天空率
  6
CONTINUOUS
 62
   18
 10
109904.92150727137
 20
39547.997892255647
 11
109870.05451028865
 21
39556.024419527217
  0
LINE
  8
_0-3_計画建物－天空率
  6
CONTINUOUS
 62
   18
 10
109870.05451028865
 20
39556.024419527217
 11
109834.64943998881
 21
39563.883724284081
  0
LINE
  8
_0-3_計画建物－天空率
  6
CONTINUOUS
 62
   18
 10
109834.64943998881
 20
39563.883724284081
 11
109798.71263950792
 21
39571.565603218266
  0
LINE
  8
_0-3_計画建物－天空率
  6
CONTINUOUS
 62
   18
 10
109798.71263950792
 20
39571.565603218266
 11
109762.25148773075
 21
39579.059796602217
  0
LINE
  8
_0-3_計画建物－天空率
  6
CONTINUOUS
 62
   18
 10
109762.25148773075
 20
39579.059796602217
 11
109725.2744246387
 21
39586.356017348254
  0
LINE
  8
_0-3_計画建物－天空率
  6
CONTINUOUS
 62
   18
 10
109725.2744246387
 20
39586.356017348254
 11
109687.79097309184
 21
39593.443981783988
  0
LINE
  8
_0-3_計画建物－天空率
  6
CONTINUOUS
 62
   18
 10
109687.79097309184
 20
39593.443981783988
 11
109649.81175666923
 21
39600.31344203608
  0
LINE
  8
_0-3_計画建物－天空率
  6
CONTINUOUS
 62
   18
 10
109649.81175666923
 20
39600.31344203608
 11
109611.3485132005
 21
39606.954219890998
  0
LINE
  8
_0-3_計画建物－天空率
  6
CONTINUOUS
 62
   18
 10
109611.3485132005
 20
39606.954219890998
 11
109572.41410363814
 21
39613.356241978013
  0
LINE
  8
_0-3_計画建物－天空率
  6
CONTINUOUS
 62
   18
 10
109572.41410363814
 20
39613.356241978013
 11
109533.02251594084
 21
39619.509576096184
  0
LINE
  8
_0-3_計画建物－天空率
  6
CONTINUOUS
 62
   18
 10
109533.02251594084
 20
39619.509576096184
 11
109493.18886366457
 21
39625.404468483829
  0
LINE
  8
_0-3_計画建物－天空率
  6
CONTINUOUS
 62
   18
 10
109493.18886366457
 20
39625.404468483829
 11
109452.92937899191
 21
39631.031381807464
  0
LINE
  8
_0-3_計画建物－天空率
  6
CONTINUOUS
 62
   18
 10
109452.92937899191
 20
39631.031381807464
 11
109412.2613999674
 21
39636.381033626115
  0
LINE
  8
_0-3_計画建物－天空率
  6
CONTINUOUS
 62
   18
 10
109412.2613999674
 20
39636.381033626115
 11
109371.20335175209
 21
39641.444435068478
  0
LINE
  8
_0-3_計画建物－天空率
  6
CONTINUOUS
 62
   18
 10
109371.20335175209
 20
39641.444435068478
 11
109329.77472175871
 21
39646.212929443659
  0
LINE
  8
_0-3_計画建物－天空率
  6
CONTINUOUS
 62
   18
 10
109329.77472175871
 20
39646.212929443659
 11
109287.99602858367
 21
39650.678230492812
  0
LINE
  8
_0-3_計画建物－天空率
  6
CONTINUOUS
 62
   18
 10
109287.99602858367
 20
39650.678230492812
 11
109245.88878471036
 21
39654.83245997806
  0
LINE
  8
_0-3_計画建物－天空率
  6
CONTINUOUS
 62
   18
 10
109245.88878471036
 20
39654.83245997806
 11
109203.47545301976
 21
39658.668184298308
  0
LINE
  8
_0-3_計画建物－天空率
  6
CONTINUOUS
 62
   18
 10
109203.47545301976
 20
39658.668184298308
 11
109160.77939720933
 21
39662.178449818209
  0
LINE
  8
_0-3_計画建物－天空率
  6
CONTINUOUS
 62
   18
 10
109160.77939720933
 20
39662.178449818209
 11
109117.82482628627
 21
39665.356816597362
  0
LINE
  8
_0-3_計画建物－天空率
  6
CONTINUOUS
 62
   18
 10
109117.82482628627
 20
39665.356816597362
 11
109074.63673336981
 21
39668.197390212291
  0
LINE
  8
_0-3_計画建物－天空率
  6
CONTINUOUS
 62
   18
 10
109074.63673336981
 20
39668.197390212291
 11
109031.24082910105
 21
39670.694851373067
  0
LINE
  8
_0-3_計画建物－天空率
  6
CONTINUOUS
 62
   18
 10
109031.24082910105
 20
39670.694851373067
 11
108987.6634700259
 21
39672.844483050786
  0
LINE
  8
_0-3_計画建物－天空率
  6
CONTINUOUS
 62
   18
 10
108987.6634700259
 20
39672.844483050786
 11
108943.93158237689
 21
39674.64219485021
  0
LINE
  8
_0-3_計画建物－天空率
  6
CONTINUOUS
 62
   18
 10
108943.93158237689
 20
39674.64219485021
 11
108900.072581738
 21
39676.084544385026
  0
LINE
  8
_0-3_計画建物－天空率
  6
CONTINUOUS
 62
   18
 10
108900.072581738
 20
39676.084544385026
 11
108856.11428912977
 21
39677.168755439037
  0
LINE
  8
_0-3_計画建物－天空率
  6
CONTINUOUS
 62
   18
 10
108856.11428912977
 20
39677.168755439037
 11
108812.08484409823
 21
39677.892732727479
  0
LINE
  8
_0-3_計画建物－天空率
  6
CONTINUOUS
 62
   18
 10
108812.08484409823
 20
39677.892732727479
 11
108768.01261543044
 21
39678.255073105246
  0
LINE
  8
_0-3_計画建物－天空率
  6
CONTINUOUS
 62
   18
 10
108768.01261543044
 20
39678.255073105246
 11
108723.92611015199
 21
39678.255073105246
  0
LINE
  8
_0-3_計画建物－天空率
  6
CONTINUOUS
 62
   18
 10
108723.92611015199
 20
39678.255073105246
 11
108679.8538814842
 21
39677.892732727479
  0
LINE
  8
_0-3_計画建物－天空率
  6
CONTINUOUS
 62
   18
 10
108679.8538814842
 20
39677.892732727479
 11
108635.82443645264
 21
39677.168755439037
  0
LINE
  8
_0-3_計画建物－天空率
  6
CONTINUOUS
 62
   18
 10
108635.82443645264
 20
39677.168755439037
 11
108591.86614384443
 21
39676.084544385026
  0
LINE
  8
_0-3_計画建物－天空率
  6
CONTINUOUS
 62
   18
 10
108591.86614384443
 20
39676.084544385026
 11
108548.00714320551
 21
39674.64219485021
  0
LINE
  8
_0-3_計画建物－天空率
  6
CONTINUOUS
 62
   18
 10
108548.00714320551
 20
39674.64219485021
 11
108504.2752555565
 21
39672.844483050786
  0
LINE
  8
_0-3_計画建物－天空率
  6
CONTINUOUS
 62
   18
 10
108504.2752555565
 20
39672.844483050786
 11
108460.69789648138
 21
39670.694851373067
  0
LINE
  8
_0-3_計画建物－天空率
  6
CONTINUOUS
 62
   18
 10
108460.69789648138
 20
39670.694851373067
 11
108417.30199221261
 21
39668.197390212291
  0
LINE
  8
_0-3_計画建物－天空率
  6
CONTINUOUS
 62
   18
 10
108417.30199221261
 20
39668.197390212291
 11
108374.11389929613
 21
39665.356816597362
  0
LINE
  8
_0-3_計画建物－天空率
  6
CONTINUOUS
 62
   18
 10
108374.11389929613
 20
39665.356816597362
 11
108331.1593283731
 21
39662.178449818209
  0
LINE
  8
_0-3_計画建物－天空率
  6
CONTINUOUS
 62
   18
 10
108331.1593283731
 20
39662.178449818209
 11
108288.46327256264
 21
39658.668184298308
  0
LINE
  8
_0-3_計画建物－天空率
  6
CONTINUOUS
 62
   18
 10
108288.46327256264
 20
39658.668184298308
 11
108246.04994087207
 21
39654.832459978053
  0
LINE
  8
_0-3_計画建物－天空率
  6
CONTINUOUS
 62
   18
 10
108246.04994087207
 20
39654.832459978053
 11
108203.94269699875
 21
39650.678230492812
  0
LINE
  8
_0-3_計画建物－天空率
  6
CONTINUOUS
 62
   18
 10
108203.94269699875
 20
39650.678230492812
 11
108162.1640038237
 21
39646.212929443659
  0
LINE
  8
_0-3_計画建物－天空率
  6
CONTINUOUS
 62
   18
 10
108162.1640038237
 20
39646.212929443659
 11
108120.73537383032
 21
39641.444435068478
  0
LINE
  8
_0-3_計画建物－天空率
  6
CONTINUOUS
 62
   18
 10
108120.73537383032
 20
39641.444435068478
 11
108079.67732561503
 21
39636.381033626115
  0
LINE
  8
_0-3_計画建物－天空率
  6
CONTINUOUS
 62
   18
 10
108079.67732561503
 20
39636.381033626115
 11
108039.00934659052
 21
39631.031381807464
  0
LINE
  8
_0-3_計画建物－天空率
  6
CONTINUOUS
 62
   18
 10
108039.00934659052
 20
39631.031381807464
 11
107998.74986191785
 21
39625.404468483829
  0
LINE
  8
_0-3_計画建物－天空率
  6
CONTINUOUS
 62
   18
 10
107998.74986191785
 20
39625.404468483829
 11
107958.91620964159
 21
39619.509576096184
  0
LINE
  8
_0-3_計画建物－天空率
  6
CONTINUOUS
 62
   18
 10
107958.91620964159
 20
39619.509576096184
 11
107919.52462194429
 21
39613.356241978013
  0
LINE
  8
_0-3_計画建物－天空率
  6
CONTINUOUS
 62
   18
 10
107919.52462194429
 20
39613.356241978013
 11
107880.59021238193
 21
39606.954219890991
  0
LINE
  8
_0-3_計画建物－天空率
  6
CONTINUOUS
 62
   18
 10
107880.59021238193
 20
39606.954219890991
 11
107842.12696891318
 21
39600.31344203608
  0
LINE
  8
_0-3_計画建物－天空率
  6
CONTINUOUS
 62
   18
 10
107842.12696891318
 20
39600.31344203608
 11
107804.14775249057
 21
39593.443981783988
  0
LINE
  8
_0-3_計画建物－天空率
  6
CONTINUOUS
 62
   18
 10
107804.14775249057
 20
39593.443981783988
 11
107766.66430094373
 21
39586.356017348254
  0
LINE
  8
_0-3_計画建物－天空率
  6
CONTINUOUS
 62
   18
 10
111385.6855557628
 20
39425.328561359987
 11
110904.5220635274
 21
39165.500275552869
  0
LINE
  8
_0-3_計画建物－天空率
  6
CONTINUOUS
 62
   18
 10
110904.5220635274
 20
39165.500275552869
 11
110886.34105670971
 21
39219.245085205868
  0
LINE
  8
_0-3_計画建物－天空率
  6
CONTINUOUS
 62
   18
 10
110886.34105670971
 20
39219.245085205868
 11
110867.67531127856
 21
39271.619503854723
  0
LINE
  8
_0-3_計画建物－天空率
  6
CONTINUOUS
 62
   18
 10
110867.67531127856
 20
39271.619503854723
 11
110848.57807690171
 21
39322.613844577565
  0
LINE
  8
_0-3_計画建物－天空率
  6
CONTINUOUS
 62
   18
 10
110848.57807690171
 20
39322.613844577565
 11
110829.10104855161
 21
39372.223721653244
  0
LINE
  8
_0-3_計画建物－天空率
  6
CONTINUOUS
 62
   18
 10
110829.10104855161
 20
39372.223721653244
 11
110809.29414111576
 21
39420.449664535131
  0
LINE
  8
_0-3_計画建物－天空率
  6
CONTINUOUS
 62
   18
 10
110809.29414111576
 20
39420.449664535131
 11
110789.20530388645
 21
39467.296720305545
  0
LINE
  8
_0-3_計画建物－天空率
  6
CONTINUOUS
 62
   18
 10
110789.20530388645
 20
39467.296720305545
 11
110768.88037309245
 21
39512.774051526081
  0
LINE
  8
_0-3_計画建物－天空率
  6
CONTINUOUS
 62
   18
 10
110768.88037309245
 20
39512.774051526081
 11
110748.36296013939
 21
39556.894535578183
  0
LINE
  8
_0-3_計画建物－天空率
  6
CONTINUOUS
 62
   18
 10
110748.36296013939
 20
39556.894535578183
 11
110727.69437286313
 21
39599.674370740656
  0
LINE
  8
_0-3_計画建物－天空率
  6
CONTINUOUS
 62
   18
 10
110727.69437286313
 20
39599.674370740656
 11
110706.91356685817
 21
39641.132693407744
  0
LINE
  8
_0-3_計画建物－天空率
  6
CONTINUOUS
 62
   18
 10
110706.91356685817
 20
39641.132693407744
 11
110686.05712380773
 21
39681.291210036317
  0
LINE
  8
_0-3_計画建物－天空率
  6
CONTINUOUS
 62
   18
 10
110686.05712380773
 20
39681.291210036317
 11
110665.15925370015
 21
39720.173846642792
  0
LINE
  8
_0-3_計画建物－天空率
  6
CONTINUOUS
 62
   18
 10
110665.15925370015
 20
39720.173846642792
 11
110644.25181785204
 21
39757.806417963191
  0
LINE
  8
_0-3_計画建物－天空率
  6
CONTINUOUS
 62
   18
 10
110644.25181785204
 20
39757.806417963191
 11
110623.36436975617
 21
39794.216317751532
  0
LINE
  8
_0-3_計画建物－天空率
  6
CONTINUOUS
 62
   18
 10
110623.36436975617
 20
39794.216317751532
 11
110602.52421091852
 21
39829.43223112807
  0
LINE
  8
_0-3_計画建物－天空率
  6
CONTINUOUS
 62
   18
 10
110602.52421091852
 20
39829.43223112807
 11
110581.75645903227
 21
39863.483869400042
  0
LINE
  8
_0-3_計画建物－天空率
  6
CONTINUOUS
 62
   18
 10
110581.75645903227
 20
39863.483869400042
 11
110561.08412604176
 21
39896.401727363787
  0
LINE
  8
_0-3_計画建物－天空率
  6
CONTINUOUS
 62
   18
 10
110561.08412604176
 20
39896.401727363787
 11
110540.52820387137
 21
39928.216862752371
  0
LINE
  8
_0-3_計画建物－天空率
  6
CONTINUOUS
 62
   18
 10
110540.52820387137
 20
39928.216862752371
 11
110520.10775582093
 21
39958.960697216025
  0
LINE
  8
_0-3_計画建物－天空率
  6
CONTINUOUS
 62
   18
 10
110520.10775582093
 20
39958.960697216025
 11
110499.84001185568
 21
39988.664838003584
  0
LINE
  8
_0-3_計画建物－天空率
  6
CONTINUOUS
 62
   18
 10
110499.84001185568
 20
39988.664838003584
 11
110479.74046623944
 21
40017.360919349615
  0
LINE
  8
_0-3_計画建物－天空率
  6
CONTINUOUS
 62
   18
 10
110479.74046623944
 20
40017.360919349615
 11
110459.82297616986
 21
40045.080462453828
  0
LINE
  8
_0-3_計画建物－天空率
  6
CONTINUOUS
 62
   18
 10
110672.83293145983
 20
40299.272342433207
 11
110459.82297616986
 21
40045.080462453828
  0
LINE
  8
_0-3_計画建物－天空率
  6
CONTINUOUS
 62
   18
 10
110459.82297616986
 20
40045.080462453828
 11
110432.01265163395
 21
40060.966930247974
  0
LINE
  8
_0-3_計画建物－天空率
  6
CONTINUOUS
 62
   18
 10
110432.01265163395
 20
40060.966930247974
 11
110403.55214470304
 21
40076.833042890852
  0
LINE
  8
_0-3_計画建物－天空率
  6
CONTINUOUS
 62
   18
 10
110403.55214470304
 20
40076.833042890852
 11
110374.43252424093
 21
40092.665756946596
  0
LINE
  8
_0-3_計画建物－天空率
  6
CONTINUOUS
 62
   18
 10
110374.43252424093
 20
40092.665756946596
 11
110344.6454022599
 21
40108.451372370356
  0
LINE
  8
_0-3_計画建物－天空率
  6
CONTINUOUS
 62
   18
 10
110344.6454022599
 20
40108.451372370356
 11
110314.1829973379
 21
40124.17552968183
  0
LINE
  8
_0-3_計画建物－天空率
  6
CONTINUOUS
 62
   18
 10
110314.1829973379
 20
40124.17552968183
 11
110283.03820058786
 21
40139.823210221104
  0
LINE
  8
_0-3_計画建物－天空率
  6
CONTINUOUS
 62
   18
 10
110283.03820058786
 20
40139.823210221104
 11
110251.20464396815
 21
40155.378739800704
  0
LINE
  8
_0-3_計画建物－天空率
  6
CONTINUOUS
 62
   18
 10
110251.20464396815
 20
40155.378739800704
 11
110218.67677067457
 21
40170.82579607045
  0
LINE
  8
_0-3_計画建物－天空率
  6
CONTINUOUS
 62
   18
 10
110218.67677067457
 20
40170.82579607045
 11
110185.44990730274
 21
40186.147419910397
  0
LINE
  8
_0-3_計画建物－天空率
  6
CONTINUOUS
 62
   18
 10
110185.44990730274
 20
40186.147419910397
 11
110151.52033741594
 21
40201.326031161319
  0
LINE
  8
_0-3_計画建物－天空率
  6
CONTINUOUS
 62
   18
 10
110151.52033741594
 20
40201.326031161319
 11
110116.88537609759
 21
40216.343448991312
  0
LINE
  8
_0-3_計画建物－天空率
  6
CONTINUOUS
 62
   18
 10
110116.88537609759
 20
40216.343448991312
 11
110081.54344500915
 21
40231.180917180776
  0
LINE
  8
_0-3_計画建物－天空率
  6
CONTINUOUS
 62
   18
 10
110081.54344500915
 20
40231.180917180776
 11
110045.49414741749
 21
40245.819134585304
  0
LINE
  8
_0-3_計画建物－天空率
  6
CONTINUOUS
 62
   18
 10
110045.49414741749
 20
40245.819134585304
 11
110008.73834259671
 21
40260.23829100719
  0
LINE
  8
_0-3_計画建物－天空率
  6
CONTINUOUS
 62
   18
 10
110008.73834259671
 20
40260.23829100719
 11
109971.27821895433
 21
40274.41810866996
  0
LINE
  8
_0-3_計画建物－天空率
  6
CONTINUOUS
 62
   18
 10
109971.27821895433
 20
40274.41810866996
 11
109933.11736517741
 21
40288.337889447502
  0
LINE
  8
_0-3_計画建物－天空率
  6
CONTINUOUS
 62
   18
 10
109933.11736517741
 20
40288.337889447502
 11
109894.26083864572
 21
40301.976567948448
  0
LINE
  8
_0-3_計画建物－天空率
  6
CONTINUOUS
 62
   18
 10
109894.26083864572
 20
40301.976567948448
 11
109854.71523031417
 21
40315.312770499091
  0
LINE
  8
_0-3_計画建物－天空率
  6
CONTINUOUS
 62
   18
 10
109854.71523031417
 20
40315.312770499091
 11
109814.48872523117
 21
40328.32488000275
  0
LINE
  8
_0-3_計画建物－天空率
  6
CONTINUOUS
 62
   18
 10
109814.48872523117
 20
40328.32488000275
 11
109773.59115783094
 21
40340.991106582208
  0
LINE
  8
_0-3_計画建物－天空率
  6
CONTINUOUS
 62
   18
 10
109773.59115783094
 20
40340.991106582208
 11
109732.03406112013
 21
40353.289563833706
  0
LINE
  8
_0-3_計画建物－天空率
  6
CONTINUOUS
 62
   18
 10
109732.03406112013
 20
40353.289563833706
 11
109689.83070887373
 21
40365.19835043812
  0
LINE
  8
_0-3_計画建物－天空率
  6
CONTINUOUS
 62
   18
 10
109689.83070887373
 20
40365.19835043812
 11
109646.99614996224
 21
40376.695636787531
  0
LINE
  8
_0-3_計画建物－天空率
  6
CONTINUOUS
 62
   18
 10
109646.99614996224
 20
40376.695636787531
 11
109603.54723395479
 21
40387.759756195264
  0
LINE
  8
_0-3_計画建物－天空率
  6
CONTINUOUS
 62
   18
 10
109603.54723395479
 20
40387.759756195264
 11
109559.50262718024
 21
40398.369300165802
  0
LINE
  8
_0-3_計画建物－天空率
  6
CONTINUOUS
 62
   18
 10
109559.50262718024
 20
40398.369300165802
 11
109514.88281848303
 21
40408.503217109951
  0
LINE
  8
_0-3_計画建物－天空率
  6
CONTINUOUS
 62
   18
 10
109514.88281848303
 20
40408.503217109951
 11
109469.71011398229
 21
40418.140913801798
  0
LINE
  8
_0-3_計画建物－天空率
  6
CONTINUOUS
 62
   18
 10
109469.71011398229
 20
40418.140913801798
 11
109424.00862023096
 21
40427.262358789652
  0
LINE
  8
_0-3_計画建物－天空率
  6
CONTINUOUS
 62
   18
 10
109424.00862023096
 20
40427.262358789652
 11
109377.80421527769
 21
40435.848186895433
  0
LINE
  8
_0-3_計画建物－天空率
  6
CONTINUOUS
 62
   18
 10
109377.80421527769
 20
40435.848186895433
 11
109331.12450725559
 21
40443.879803868236
  0
LINE
  8
_0-3_計画建物－天空率
  6
CONTINUOUS
 62
   18
 10
109331.12450725559
 20
40443.879803868236
 11
109283.99878025907
 21
40451.339490199803
  0
LINE
  8
_0-3_計画建物－天空率
  6
CONTINUOUS
 62
   18
 10
109283.99878025907
 20
40451.339490199803
 11
109236.45792741808
 21
40458.210503065216
  0
LINE
  8
_0-3_計画建物－天空率
  6
CONTINUOUS
 62
   18
 10
109236.45792741808
 20
40458.210503065216
 11
109188.53437124102
 21
40464.477175322463
  0
LINE
  8
_0-3_計画建物－天空率
  6
CONTINUOUS
 62
   18
 10
109188.53437124102
 20
40464.477175322463
 11
109140.26197146417
 21
40470.125010491392
  0
LINE
  8
_0-3_計画建物－天空率
  6
CONTINUOUS
 62
   18
 10
109140.26197146417
 20
40470.125010491392
 11
109091.67592081955
 21
40475.140772638224
  0
LINE
  8
_0-3_計画建物－天空率
  6
CONTINUOUS
 62
   18
 10
109091.67592081955
 20
40475.140772638224
 11
109042.81262930676
 21
40479.512570115286
  0
LINE
  8
_0-3_計画建物－天空率
  6
CONTINUOUS
 62
   18
 10
109042.81262930676
 20
40479.512570115286
 11
108993.70959772677
 21
40483.229932149435
  0
LINE
  8
_0-3_計画建物－天空率
  6
CONTINUOUS
 62
   18
 10
108993.70959772677
 20
40483.229932149435
 11
108944.40528140094
 21
40486.28387733519
  0
LINE
  8
_0-3_計画建物－天空率
  6
CONTINUOUS
 62
   18
 10
108944.40528140094
 20
40486.28387733519
 11
108894.93894515444
 21
40488.666973170198
  0
LINE
  8
_0-3_計画建物－天空率
  6
CONTINUOUS
 62
   18
 10
108894.93894515444
 20
40488.666973170198
 11
108845.35051078459
 21
40490.373385869599
  0
LINE
  8
_0-3_計画建物－天空率
  6
CONTINUOUS
 62
   18
 10
108845.35051078459
 20
40490.373385869599
 11
108795.68039835896
 21
40491.398919811013
  0
LINE
  8
_0-3_計画建物－天空率
  6
CONTINUOUS
 62
   18
 10
108795.68039835896
 20
40491.398919811013
 11
108745.96936279122
 21
40491.741046090617
  0
LINE
  8
_0-3_計画建物－天空率
  6
CONTINUOUS
 62
   18
 10
108745.96936279122
 20
40491.741046090617
 11
108696.25832722347
 21
40491.398919811006
  0
LINE
  8
_0-3_計画建物－天空率
  6
CONTINUOUS
 62
   18
 10
108696.25832722347
 20
40491.398919811006
 11
108646.58821479784
 21
40490.373385869599
  0
LINE
  8
_0-3_計画建物－天空率
  6
CONTINUOUS
 62
   18
 10
108646.58821479784
 20
40490.373385869599
 11
108596.99978042799
 21
40488.666973170198
  0
LINE
  8
_0-3_計画建物－天空率
  6
CONTINUOUS
 62
   18
 10
108596.99978042799
 20
40488.666973170198
 11
108547.53344418149
 21
40486.28387733519
  0
LINE
  8
_0-3_計画建物－天空率
  6
CONTINUOUS
 62
   18
 10
108547.53344418149
 20
40486.28387733519
 11
108498.22912785566
 21
40483.229932149435
  0
LINE
  8
_0-3_計画建物－天空率
  6
CONTINUOUS
 62
   18
 10
108498.22912785566
 20
40483.229932149435
 11
108449.12609627564
 21
40479.512570115286
  0
LINE
  8
_0-3_計画建物－天空率
  6
CONTINUOUS
 62
   18
 10
108449.12609627564
 20
40479.512570115286
 11
108400.26280476288
 21
40475.140772638224
  0
LINE
  8
_0-3_計画建物－天空率
  6
CONTINUOUS
 62
   18
 10
108400.26280476288
 20
40475.140772638224
 11
108351.67675411826
 21
40470.125010491392
  0
LINE
  8
_0-3_計画建物－天空率
  6
CONTINUOUS
 62
   18
 10
108351.67675411826
 20
40470.125010491392
 11
108303.40435434141
 21
40464.477175322463
  0
LINE
  8
_0-3_計画建物－天空率
  6
CONTINUOUS
 62
   18
 10
108303.40435434141
 20
40464.477175322463
 11
108255.48079816435
 21
40458.210503065216
  0
LINE
  8
_0-3_計画建物－天空率
  6
CONTINUOUS
 62
   18
 10
108255.48079816435
 20
40458.210503065216
 11
108207.93994532336
 21
40451.339490199796
  0
LINE
  8
_0-3_計画建物－天空率
  6
CONTINUOUS
 62
   18
 10
108207.93994532336
 20
40451.339490199796
 11
108160.81421832685
 21
40443.879803868236
  0
LINE
  8
_0-3_計画建物－天空率
  6
CONTINUOUS
 62
   18
 10
108160.81421832685
 20
40443.879803868236
 11
108114.13451030474
 21
40435.848186895433
  0
LINE
  8
_0-3_計画建物－天空率
  6
CONTINUOUS
 62
   18
 10
108114.13451030474
 20
40435.848186895433
 11
108067.93010535147
 21
40427.262358789652
  0
LINE
  8
_0-3_計画建物－天空率
  6
CONTINUOUS
 62
   18
 10
108730.2668602148
 20
40041.207152087939
 11
108682.58703287436
 21
40075.896900124345
  0
LINE
  8
_0-3_計画建物－天空率
  6
CONTINUOUS
 62
   18
 10
108682.58703287436
 20
40075.896900124345
 11
108635.57024592625
 21
40109.085997259651
  0
LINE
  8
_0-3_計画建物－天空率
  6
CONTINUOUS
 62
   18
 10
108635.57024592625
 20
40109.085997259651
 11
108589.27157350639
 21
40140.777379960825
  0
LINE
  8
_0-3_計画建物－天空率
  6
CONTINUOUS
 62
   18
 10
108589.27157350639
 20
40140.777379960825
 11
108543.74048963186
 21
40170.980474281132
  0
LINE
  8
_0-3_計画建物－天空率
  6
CONTINUOUS
 62
   18
 10
108543.74048963186
 20
40170.980474281132
 11
108499.02083169599
 21
40199.710686106918
  0
LINE
  8
_0-3_計画建物－天空率
  6
CONTINUOUS
 62
   18
 10
108499.02083169599
 20
40199.710686106918
 11
108455.15083591846
 21
40226.988858432472
  0
LINE
  8
_0-3_計画建物－天空率
  6
CONTINUOUS
 62
   18
 10
108455.15083591846
 20
40226.988858432472
 11
108412.16323732507
 21
40252.840708532603
  0
LINE
  8
_0-3_計画建物－天空率
  6
CONTINUOUS
 62
   18
 10
108412.16323732507
 20
40252.840708532603
 11
108370.08542613055
 21
40277.296256922934
  0
LINE
  8
_0-3_計画建物－天空率
  6
CONTINUOUS
 62
   18
 10
108370.08542613055
 20
40277.296256922934
 11
108328.93965203259
 21
40300.389258780021
  0
LINE
  8
_0-3_計画建物－天空率
  6
CONTINUOUS
 62
   18
 10
108328.93965203259
 20
40300.389258780021
 11
108288.74326786439
 21
40322.156647119649
  0
LINE
  8
_0-3_計画建物－天空率
  6
CONTINUOUS
 62
   18
 10
108288.74326786439
 20
40322.156647119649
 11
108249.50900424834
 21
40342.637995576507
  0
LINE
  8
_0-3_計画建物－天空率
  6
CONTINUOUS
 62
   18
 10
108249.50900424834
 20
40342.637995576507
 11
108211.24526730332
 21
40361.875007158225
  0
LINE
  8
_0-3_計画建物－天空率
  6
CONTINUOUS
 62
   18
 10
108211.24526730332
 20
40361.875007158225
 11
108173.95645202737
 21
40379.911033917014
  0
LINE
  8
_0-3_計画建物－天空率
  6
CONTINUOUS
 62
   18
 10
108173.95645202737
 20
40379.911033917014
 11
108137.64326466605
 21
40396.790631135685
  0
LINE
  8
_0-3_計画建物－天空率
  6
CONTINUOUS
 62
   18
 10
108137.64326466605
 20
40396.790631135685
 11
108102.30304813385
 21
40412.559148394313
  0
LINE
  8
_0-3_計画建物－天空率
  6
CONTINUOUS
 62
   18
 10
108102.30304813385
 20
40412.559148394313
 11
108067.93010535147
 21
40427.262358789652
  0
LINE
  8
_0-3_計画建物－天空率
  6
CONTINUOUS
 62
   18
 10
108722.89312243319
 20
40999.793063697623
 11
108730.2668602148
 21
40041.207152087939
  0
LINE
  8
_0-3_計画建物－天空率
  6
CONTINUOUS
 62
   18
 10
108730.2668602148
 20
40041.207152087939
 11
108705.91117282374
 21
40032.958594393858
  0
LINE
  8
_0-3_計画建物－天空率
  6
CONTINUOUS
 62
   18
 10
108705.91117282374
 20
40032.958594393858
 11
108681.17631961224
 21
40024.415212486303
  0
LINE
  8
_0-3_計画建物－天空率
  6
CONTINUOUS
 62
   18
 10
108681.17631961224
 20
40024.415212486303
 11
108656.05960187963
 21
40015.568244743051
  0
LINE
  8
_0-3_計画建物－天空率
  6
CONTINUOUS
 62
   18
 10
108656.05960187963
 20
40015.568244743051
 11
108630.5586284796
 21
40006.408794397757
  0
LINE
  8
_0-3_計画建物－天空率
  6
CONTINUOUS
 62
   18
 10
108630.5586284796
 20
40006.408794397757
 11
108604.67134277746
 21
39996.927840093419
  0
LINE
  8
_0-3_計画建物－天空率
  6
CONTINUOUS
 62
   18
 10
108604.67134277746
 20
39996.927840093419
 11
108578.39605073556
 21
39987.116247852165
  0
LINE
  8
_0-3_計画建物－天空率
  6
CONTINUOUS
 62
   18
 10
108578.39605073556
 20
39987.116247852165
 11
108551.73145009225
 21
39976.964784547213
  0
LINE
  8
_0-3_計画建物－天空率
  6
CONTINUOUS
 62
   18
 10
108551.73145009225
 20
39976.964784547213
 11
108524.67666058793
 21
39966.464132961773
  0
LINE
  8
_0-3_計画建物－天空率
  6
CONTINUOUS
 62
   18
 10
108524.67666058793
 20
39966.464132961773
 11
108497.23125517771
 21
39955.604908518158
  0
LINE
  8
_0-3_計画建物－天空率
  6
CONTINUOUS
 62
   18
 10
108497.23125517771
 20
39955.604908518158
 11
108469.39529215519
 21
39944.377677757314
  0
LINE
  8
_0-3_計画建物－天空率
  6
CONTINUOUS
 62
   18
 10
108469.39529215519
 20
39944.377677757314
 11
108441.16934809624
 21
39932.772978644825
  0
LINE
  8
_0-3_計画建物－天空率
  6
CONTINUOUS
 62
   18
 10
108441.16934809624
 20
39932.772978644825
 11
108412.5545515136
 21
39920.781342774076
  0
LINE
  8
_0-3_計画建物－天空率
  6
CONTINUOUS
 62
   18
 10
108412.5545515136
 20
39920.781342774076
 11
108383.55261709472
 21
39908.393319530077
  0
LINE
  8
_0-3_計画建物－天空率
  6
CONTINUOUS
 62
   18
 10
108383.55261709472
 20
39908.393319530077
 11
108354.16588037571
 21
39895.599502268829
  0
LINE
  8
_0-3_計画建物－天空率
  6
CONTINUOUS
 62
   18
 10
108354.16588037571
 20
39895.599502268829
 11
108324.39733268295
 21
39882.390556556696
  0
LINE
  8
_0-3_計画建物－天空率
  6
CONTINUOUS
 62
   18
 10
108324.39733268295
 20
39882.390556556696
 11
108294.25065615294
 21
39868.757250501912
  0
LINE
  8
_0-3_計画建物－天空率
  6
CONTINUOUS
 62
   18
 10
108294.25065615294
 20
39868.757250501912
 11
108263.73025861782
 21
39854.690487195657
  0
LINE
  8
_0-3_計画建物－天空率
  6
CONTINUOUS
 62
   18
 10
108263.73025861782
 20
39854.690487195657
 11
108232.84130812146
 21
39840.181339264127
  0
LINE
  8
_0-3_計画建物－天空率
  6
CONTINUOUS
 62
   18
 10
108232.84130812146
 20
39840.181339264127
 11
108201.58976680814
 21
39825.221085513985
  0
LINE
  8
_0-3_計画建物－天空率
  6
CONTINUOUS
 62
   18
 10
108201.58976680814
 20
39825.221085513985
 11
108169.98242390218
 21
39809.801249632771
  0
LINE
  8
_0-3_計画建物－天空率
  6
CONTINUOUS
 62
   18
 10
108169.98242390218
 20
39809.801249632771
 11
108138.02692747503
 21
39793.913640882921
  0
LINE
  8
_0-3_計画建物－天空率
  6
CONTINUOUS
 62
   18
 10
108138.02692747503
 20
39793.913640882921
 11
108105.73181467399
 21
39777.550396702419
  0
LINE
  8
_0-3_計画建物－天空率
  6
CONTINUOUS
 62
   18
 10
108105.73181467399
 20
39777.550396702419
 11
108073.10654006659
 21
39760.704027098225
  0
LINE
  8
_0-3_計画建物－天空率
  6
CONTINUOUS
 62
   18
 10
108073.10654006659
 20
39760.704027098225
 11
108040.16150173616
 21
39743.367460688685
  0
LINE
  8
_0-3_計画建物－天空率
  6
CONTINUOUS
 62
   18
 10
108040.16150173616
 20
39743.367460688685
 11
108006.90806474788
 21
39725.534092220717
  0
LINE
  8
_0-3_計画建物－天空率
  6
CONTINUOUS
 62
   18
 10
108006.90806474788
 20
39725.534092220717
 11
107973.35858159094
 21
39707.197831354395
  0
LINE
  8
_0-3_計画建物－天空率
  6
CONTINUOUS
 62
   18
 10
107973.35858159094
 20
39707.197831354395
 11
107939.52640919334
 21
39688.353152474279
  0
LINE
  8
_0-3_計画建物－天空率
  6
CONTINUOUS
 62
   18
 10
107939.52640919334
 20
39688.353152474279
 11
107905.42592209967
 21
39668.995145252236
  0
LINE
  8
_0-3_計画建物－天空率
  6
CONTINUOUS
 62
   18
 10
107905.42592209967
 20
39668.995145252236
 11
107871.07252140191
 21
39649.119565651759
  0
LINE
  8
_0-3_計画建物－天空率
  6
CONTINUOUS
 62
   18
 10
107871.07252140191
 20
39649.119565651759
 11
107836.4826390176
 21
39628.722887029551
  0
LINE
  8
_0-3_計画建物－天空率
  6
CONTINUOUS
 62
   18
 10
107836.4826390176
 20
39628.722887029551
 11
107801.67373692012
 21
39607.802350956451
  0
LINE
  8
_0-3_計画建物－天空率
  6
CONTINUOUS
 62
   18
 10
107801.67373692012
 20
39607.802350956451
 11
107766.66430094373
 21
39586.356017348254
  0
LINE
  8
_0-3_計画建物－天空率
  6
CONTINUOUS
 62
   18
 10
110904.5220635274
 20
39165.500275552869
 11
110876.92526214648
 21
39195.881565793766
  0
LINE
  8
_0-3_計画建物－天空率
  6
CONTINUOUS
 62
   18
 10
110876.92526214648
 20
39195.881565793766
 11
110848.84526566222
 21
39226.059028366813
  0
LINE
  8
_0-3_計画建物－天空率
  6
CONTINUOUS
 62
   18
 10
110848.84526566222
 20
39226.059028366813
 11
110820.29785079657
 21
39256.012969318435
  0
LINE
  8
_0-3_計画建物－天空率
  6
CONTINUOUS
 62
   18
 10
110820.29785079657
 20
39256.012969318435
 11
110791.29972052881
 21
39285.724051455705
  0
LINE
  8
_0-3_計画建物－天空率
  6
CONTINUOUS
 62
   18
 10
110791.29972052881
 20
39285.724051455705
 11
110761.86845567276
 21
39315.173356445266
  0
LINE
  8
_0-3_計画建物－天空率
  6
CONTINUOUS
 62
   18
 10
110761.86845567276
 20
39315.173356445266
 11
110732.02246172484
 21
39344.342444927096
  0
LINE
  8
_0-3_計画建物－天空率
  6
CONTINUOUS
 62
   18
 10
110732.02246172484
 20
39344.342444927096
 11
110701.78091135653
 21
39373.213414198289
  0
LINE
  8
_0-3_計画建物－天空率
  6
CONTINUOUS
 62
   18
 10
110701.78091135653
 20
39373.213414198289
 11
110671.16368297052
 21
39401.768953046492
  0
LINE
  8
_0-3_計画建物－天空率
  6
CONTINUOUS
 62
   18
 10
110671.16368297052
 20
39401.768953046492
 11
110640.19129577786
 21
39429.992393341839
  0
LINE
  8
_0-3_計画建物－天空率
  6
CONTINUOUS
 62
   18
 10
110640.19129577786
 20
39429.992393341839
 11
110608.88484188908
 21
39457.867758031279
  0
LINE
  8
_0-3_計画建物－天空率
  6
CONTINUOUS
 62
   18
 10
110608.88484188908
 20
39457.867758031279
 11
110577.26591593628
 21
39485.37980521778
  0
LINE
  8
_0-3_計画建物－天空率
  6
CONTINUOUS
 62
   18
 10
110577.26591593628
 20
39485.37980521778
 11
110545.35654276546
 21
39512.514068050018
  0
LINE
  8
_0-3_計画建物－天空率
  6
CONTINUOUS
 62
   18
 10
110545.35654276546
 20
39512.514068050018
 11
110513.17910374894
 21
39539.256890193435
  0
LINE
  8
_0-3_計画建物－天空率
  6
CONTINUOUS
 62
   18
 10
110513.17910374894
 20
39539.256890193435
 11
110480.75626227339
 21
39565.59545670171
  0
LINE
  8
_0-3_計画建物－天空率
  6
CONTINUOUS
 62
   18
 10
110480.75626227339
 20
39565.59545670171
 11
110448.11088895701
 21
39591.517820156434
  0
LINE
  8
_0-3_計画建物－天空率
  6
CONTINUOUS
 62
   18
 10
110448.11088895701
 20
39591.517820156434
 11
110415.26598713954
 21
39617.012921992776
  0
LINE
  8
_0-3_計画建物－天空率
  6
CONTINUOUS
 62
   18
 10
110415.26598713954
 20
39617.012921992776
 11
110382.24461917314
 21
39642.070608977737
  0
LINE
  8
_0-3_計画建物－天空率
  6
CONTINUOUS
 62
   18
 10
110382.24461917314
 20
39642.070608977737
 11
110349.06983401927
 21
39666.68164485602
  0
LINE
  8
_0-3_計画建物－天空率
  6
CONTINUOUS
 62
   18
 10
110349.06983401927
 20
39666.68164485602
 11
110315.76459662953
 21
39690.837717224712
  0
LINE
  8
_0-3_計画建物－天空率
  6
CONTINUOUS
 62
   18
 10
110315.76459662953
 20
39690.837717224712
 11
110282.35171955448
 21
39714.531439741491
  0
LINE
  8
_0-3_計画建物－天空率
  6
CONTINUOUS
 62
   18
 10
110282.35171955448
 20
39714.531439741491
 11
110248.85379718762
 21
39737.756349812079
  0
LINE
  8
_0-3_計画建物－天空率
  6
CONTINUOUS
 62
   18
 10
110248.85379718762
 20
39737.756349812079
 11
110215.29314301123
 21
39760.506901939188
  0
LINE
  8
_0-3_計画建物－天空率
  6
CONTINUOUS
 62
   18
 10
110215.29314301123
 20
39760.506901939188
 11
110181.6917301664
 21
39782.77845694877
  0
LINE
  8
_0-3_計画建物－天空率
  6
CONTINUOUS
 62
   18
 10
110181.6917301664
 20
39782.77845694877
 11
110148.07113562501
 21
39804.567267337464
  0
LINE
  8
_0-3_計画建物－天空率
  6
CONTINUOUS
 62
   18
 10
110586.52932430288
 20
40368.919391378287
 11
110148.07113562501
 21
39804.567267337464
  0
LINE
  8
_0-3_計画建物－天空率
  6
CONTINUOUS
 62
   18
 10
110459.82297616986
 20
40045.080462453828
 11
110377.99805571573
 21
39985.991548195634
  0
LINE
  8
_0-3_計画建物－天空率
  6
CONTINUOUS
 62
   18
 10
110377.99805571573
 20
39985.991548195634
 11
110275.56103012102
 21
39907.52597044449
  0
LINE
  8
_0-3_計画建物－天空率
  6
CONTINUOUS
 62
   18
 10
110275.56103012102
 20
39907.52597044449
 11
110148.07113562501
 21
39804.567267337464
  0
LINE
  8
_0-3_計画建物－天空率
  6
CONTINUOUS
 62
   18
 10
110148.07113562501
 20
39804.567267337464
 11
110119.45360339499
 21
39814.728077218191
  0
LINE
  8
_0-3_計画建物－天空率
  6
CONTINUOUS
 62
   18
 10
110119.45360339499
 20
39814.728077218191
 11
110090.35371394941
 21
39824.789089008627
  0
LINE
  8
_0-3_計画建物－天空率
  6
CONTINUOUS
 62
   18
 10
110090.35371394941
 20
39824.789089008627
 11
110060.77113231881
 21
39834.741429460576
  0
LINE
  8
_0-3_計画建物－天空率
  6
CONTINUOUS
 62
   18
 10
110060.77113231881
 20
39834.741429460576
 11
110030.70609980187
 21
39844.576027476483
  0
LINE
  8
_0-3_計画建物－天空率
  6
CONTINUOUS
 62
   18
 10
110030.70609980187
 20
39844.576027476483
 11
110000.15946229902
 21
39854.283626576339
  0
LINE
  8
_0-3_計画建物－天空率
  6
CONTINUOUS
 62
   18
 10
110000.15946229902
 20
39854.283626576339
 11
109969.13269811496
 21
39863.854798847954
  0
LINE
  8
_0-3_計画建物－天空率
  6
CONTINUOUS
 62
   18
 10
109969.13269811496
 20
39863.854798847954
 11
109937.62794503793
 21
39873.279960408319
  0
LINE
  8
_0-3_計画建物－天空率
  6
CONTINUOUS
 62
   18
 10
109937.62794503793
 20
39873.279960408319
 11
109905.64802649499
 21
39882.549388393919
  0
LINE
  8
_0-3_計画建物－天空率
  6
CONTINUOUS
 62
   18
 10
109905.64802649499
 20
39882.549388393919
 11
109873.19647657149
 21
39891.653239487699
  0
LINE
  8
_0-3_計画建物－天空率
  6
CONTINUOUS
 62
   18
 10
109873.19647657149
 20
39891.653239487699
 11
109840.27756367686
 21
39900.581569978305
  0
LINE
  8
_0-3_計画建物－天空率
  6
CONTINUOUS
 62
   18
 10
109840.27756367686
 20
39900.581569978305
 11
109806.89631263076
 21
39909.324357335121
  0
LINE
  8
_0-3_計画建物－天空率
  6
CONTINUOUS
 62
   18
 10
109806.89631263076
 20
39909.324357335121
 11
109773.05852494067
 21
39917.871523268659
  0
LINE
  8
_0-3_計画建物－天空率
  6
CONTINUOUS
 62
   18
 10
109773.05852494067
 20
39917.871523268659
 11
109738.77079703831
 21
39926.212958231779
  0
LINE
  8
_0-3_計画建物－天空率
  6
CONTINUOUS
 62
   18
 10
109738.77079703831
 20
39926.212958231779
 11
109704.04053624258
 21
39934.338547302075
  0
LINE
  8
_0-3_計画建物－天空率
  6
CONTINUOUS
 62
   18
 10
109704.04053624258
 20
39934.338547302075
 11
109668.87597421866
 21
39942.238197369995
  0
LINE
  8
_0-3_計画建物－天空率
  6
CONTINUOUS
 62
   18
 10
109668.87597421866
 20
39942.238197369995
 11
109633.28617770773
 21
39949.90186554144
  0
LINE
  8
_0-3_計画建物－天空率
  6
CONTINUOUS
 62
   18
 10
109633.28617770773
 20
39949.90186554144
 11
109597.28105630984
 21
39957.3195886471
  0
LINE
  8
_0-3_計画建物－天空率
  6
CONTINUOUS
 62
   18
 10
109597.28105630984
 20
39957.3195886471
 11
109560.87136711199
 21
39964.481513734644
  0
LINE
  8
_0-3_計画建物－天空率
  6
CONTINUOUS
 62
   18
 10
109560.87136711199
 20
39964.481513734644
 11
109524.06871596854
 21
39971.377929403744
  0
LINE
  8
_0-3_計画建物－天空率
  6
CONTINUOUS
 62
   18
 10
109524.06871596854
 20
39971.377929403744
 11
109486.8855552563
 21
39977.999297828318
  0
LINE
  8
_0-3_計画建物－天空率
  6
CONTINUOUS
 62
   18
 10
109486.8855552563
 20
39977.999297828318
 11
109449.33517794743
 21
39984.336287295591
  0
LINE
  8
_0-3_計画建物－天空率
  6
CONTINUOUS
 62
   18
 10
109449.33517794743
 20
39984.336287295591
 11
109411.43170786582
 21
39990.379805077529
  0
LINE
  8
_0-3_計画建物－天空率
  6
CONTINUOUS
 62
   18
 10
109411.43170786582
 20
39990.379805077529
 11
109373.19008601784
 21
39996.121030437803
  0
LINE
  8
_0-3_計画建物－天空率
  6
CONTINUOUS
 62
   18
 10
109373.19008601784
 20
39996.121030437803
 11
109334.62605291791
 21
40001.551447566016
  0
LINE
  8
_0-3_計画建物－天空率
  6
CONTINUOUS
 62
   18
 10
109334.62605291791
 20
40001.551447566016
 11
109295.75612685862
 21
40006.662878222086
  0
LINE
  8
_0-3_計画建物－天空率
  6
CONTINUOUS
 62
   18
 10
109295.75612685862
 20
40006.662878222086
 11
109256.59757811005
 21
40011.447513865939
  0
LINE
  8
_0-3_計画建物－天空率
  6
CONTINUOUS
 62
   18
 10
109256.59757811005
 20
40011.447513865939
 11
109217.16839906673
 21
40015.897947042976
  0
LINE
  8
_0-3_計画建物－天空率
  6
CONTINUOUS
 62
   18
 10
109217.16839906673
 20
40015.897947042976
 11
109177.48727039727
 21
40020.007201793137
  0
LINE
  8
_0-3_計画建物－天空率
  6
CONTINUOUS
 62
   18
 10
109177.48727039727
 20
40020.007201793137
 11
109137.57352328982
 21
40023.76876285149
  0
LINE
  8
_0-3_計画建物－天空率
  6
CONTINUOUS
 62
   18
 10
109137.57352328982
 20
40023.76876285149
 11
109097.44709792309
 21
40027.176603410953
  0
LINE
  8
_0-3_計画建物－天空率
  6
CONTINUOUS
 62
   18
 10
109097.44709792309
 20
40027.176603410953
 11
109057.12849833187
 21
40030.22521122366
  0
LINE
  8
_0-3_計画建物－天空率
  6
CONTINUOUS
 62
   18
 10
109057.12849833187
 20
40030.22521122366
 11
109016.63874387161
 21
40032.909612825809
  0
LINE
  8
_0-3_計画建物－天空率
  6
CONTINUOUS
 62
   18
 10
109016.63874387161
 20
40032.909612825809
 11
108975.99931752413
 21
40035.22539568218
  0
LINE
  8
_0-3_計画建物－天空率
  6
CONTINUOUS
 62
   18
 10
108975.99931752413
 20
40035.22539568218
 11
108935.23211131909
 21
40037.168728060642
  0
LINE
  8
_0-3_計画建物－天空率
  6
CONTINUOUS
 62
   18
 10
108935.23211131909
 20
40037.168728060642
 11
108894.35936917875
 21
40038.736376463813
  0
LINE
  8
_0-3_計画建物－天空率
  6
CONTINUOUS
 62
   18
 10
108894.35936917875
 20
40038.736376463813
 11
108853.40362752167
 21
40039.925720463965
  0
LINE
  8
_0-3_計画建物－天空率
  6
CONTINUOUS
 62
   18
 10
108853.40362752167
 20
40039.925720463965
 11
108812.38765398705
 21
40040.73476480897
  0
LINE
  8
_0-3_計画建物－天空率
  6
CONTINUOUS
 62
   18
 10
108812.38765398705
 20
40040.73476480897
 11
108771.33438466234
 21
40041.162148690149
  0
LINE
  8
_0-3_計画建物－天空率
  6
CONTINUOUS
 62
   18
 10
108771.33438466234
 20
40041.162148690149
 11
108730.2668602148
 21
40041.207152087939
  0
CIRCLE
  8
_0-3_計画建物－天空率
  6
CONTINUOUS
 62
   18
 10
116745.96936279122
 20
37999.881817155335
 40
3000
  0
POINT
  8
_0-3_計画建物－天空率
 62
   18
 10
91725.45276732133
 20
67110.169491525419
  0
TEXT
  8
_0-3_計画建物－天空率
 62
  132
 10
91725.45276732133
 20
67110.169491525419
 40
500
 41
1
 50
0
  1
No.5
  0
TEXT
  8
_0-3_計画建物－天空率
 62
  132
 10
115370.96936279122
 20
34249.881817155335
 40
500
 41
1
 50
0
  1
測定点 No.5
  0
TEXT
  8
_0-3_計画建物－天空率
 62
  132
 10
113120.96936279122
 20
33499.881817155335
 40
500
 41
1
 50
0
  1
正射影 　測定面高さ = 0.000 m
  0
LINE
  8
_0-3_計画建物－天空率
  6
CONTINUOUS
 62
  132
 10
118661.21322981185
 20
39291.730117290971
 11
119233.08208045634
 21
39677.460527567578
  0
LINE
  8
_0-3_計画建物－天空率
  6
CONTINUOUS
 62
  132
 10
118576.30963530371
 20
39329.701865856579
 11
119173.02034591605
 21
39763.237574032755
  0
LINE
  8
_0-3_計画建物－天空率
  6
CONTINUOUS
 62
  132
 10
118492.58472702927
 20
39364.48729627033
 11
119110.00162361137
 21
39846.86624313231
  0
LINE
  8
_0-3_計画建物－天空率
  6
CONTINUOUS
 62
  132
 10
118410.20680650745
 20
39396.342842369034
 11
119044.10269214815
 21
39928.244646214952
  0
LINE
  8
_0-3_計画建物－天空率
  6
CONTINUOUS
 62
  132
 10
118329.26673424153
 20
39425.489173735346
 11
118975.40383922339
 21
40007.273636231911
  0
LINE
  8
_0-3_計画建物－天空率
  6
CONTINUOUS
 62
  132
 10
118249.8432380682
 20
39452.15593723594
 11
118903.98876380718
 21
40083.856928532324
  0
LINE
  8
_0-3_計画建物－天空率
  6
CONTINUOUS
 62
  132
 10
118171.96201433536
 20
39476.540435071903
 11
118829.94447416819
 21
40157.901218171289
  0
LINE
  8
_0-3_計画建物－天空率
  6
CONTINUOUS
 62
  132
 10
118095.64266996455
 20
39498.845883032961
 11
118753.36118186778
 21
40229.316293587515
  0
LINE
  8
_0-3_計画建物－天空率
  6
CONTINUOUS
 62
  132
 10
118020.8166092964
 20
39519.185603186728
 11
118674.33219185084
 21
40298.015146512268
  0
LINE
  8
_0-3_計画建物－天空率
  6
CONTINUOUS
 62
  132
 10
117947.51177589807
 20
39537.785974536527
 11
118592.9537887682
 21
40363.914077975496
  0
LINE
  8
_0-3_計画建物－天空率
  6
CONTINUOUS
 62
  132
 10
117875.64557162736
 20
39554.747726983805
 11
118509.32511966864
 21
40426.932800280177
  0
LINE
  8
_0-3_計画建物－天空率
  6
CONTINUOUS
 62
  132
 10
117805.15586441966
 20
39570.190382845212
 11
118423.54807320346
 21
40486.994534820463
  0
LINE
  8
_0-3_計画建物－天空率
  6
CONTINUOUS
 62
  132
 10
117735.9932605977
 20
39584.251245390856
 11
118335.72715549082
 21
40544.026105624616
  0
LINE
  8
_0-3_計画建物－天空率
  6
CONTINUOUS
 62
  132
 10
117668.08498568812
 20
39597.032926465799
 11
118245.96936279122
 21
40597.958028508648
  0
LINE
  8
_0-3_計画建物－天空率
  6
CONTINUOUS
 62
  132
 10
117601.35263637283
 20
39608.62377779484
 11
118154.38405114889
 21
40648.724595732113
  0
LINE
  8
_0-3_計画建物－天空率
  6
CONTINUOUS
 62
  132
 10
117535.70220345912
 20
39619.074094198069
 11
118061.08280315845
 21
40696.26395605284
  0
LINE
  8
_0-3_計画建物－天空率
  6
CONTINUOUS
 62
  132
 10
117471.07668652645
 20
39628.499531291919
 11
117966.17929201861
 21
40740.518190083137
  0
LINE
  8
_0-3_計画建物－天空率
  6
CONTINUOUS
 62
  132
 10
117407.40019316342
 20
39636.980569853789
 11
117869.78914303895
 21
40781.433380855698
  0
LINE
  8
_0-3_計画建物－天空率
  6
CONTINUOUS
 62
  132
 10
117344.56930070272
 20
39644.521629854141
 11
117772.02979276821
 21
40818.959679513063
  0
LINE
  8
_0-3_計画建物－天空率
  6
CONTINUOUS
 62
  132
 10
117282.51651499577
 20
39651.204154413513
 11
117673.02034591605
 21
40853.051366040795
  0
LINE
  8
_0-3_計画建物－天空率
  6
CONTINUOUS
 62
  132
 10
117221.16762441034
 20
39657.095098413963
 11
117572.88143024222
 21
40883.66690497029
  0
LINE
  8
_0-3_計画建物－天空率
  6
CONTINUOUS
 62
  132
 10
117160.42404953586
 20
39662.168772565346
 11
117471.73504959023
 21
40910.768995983322
  0
LINE
  8
_0-3_計画建物－天空率
  6
CONTINUOUS
 62
  132
 10
117100.2288903594
 20
39666.541857122254
 11
117369.70443524449
 21
40934.324619356753
  0
LINE
  8
_0-3_計画建物－天空率
  6
CONTINUOUS
 62
  132
 10
117040.48385072014
 20
39670.156478160723
 11
117266.913895792
 21
40954.305076191958
  0
LINE
  8
_0-3_計画建物－天空率
  6
CONTINUOUS
 62
  132
 10
116981.12645619903
 20
39673.111479593135
 11
117163.4886656714
 21
40970.686023380047
  0
LINE
  8
_0-3_計画建物－天空率
  6
CONTINUOUS
 62
  132
 10
116922.07098560854
 20
39675.376837619318
 11
117059.55475259418
 21
40983.447503260154
  0
LINE
  8
_0-3_計画建物－天空率
  6
CONTINUOUS
 62
  132
 10
116863.24363423281
 20
39676.982033540836
 11
116955.23878402358
 21
40992.573967934804
  0
LINE
  8
_0-3_計画建物－天空率
  6
CONTINUOUS
 62
  132
 10
116804.56940978408
 20
39677.967605233578
 11
116850.66785289873
 21
40998.05429821262
  0
LINE
  8
_0-3_計画建物－天空率
  6
CONTINUOUS
 62
  132
 10
116745.96936279122
 20
39678.260346890354
 11
116745.96936279122
 21
40999.881817155335
  0
LINE
  8
_0-3_計画建物－天空率
  6
CONTINUOUS
 62
  132
 10
116687.36931579835
 20
39677.967605233578
 11
116641.2708726837
 21
40998.05429821262
  0
LINE
  8
_0-3_計画建物－天空率
  6
CONTINUOUS
 62
  132
 10
116628.69509134962
 20
39676.982033540836
 11
116536.69994155885
 21
40992.573967934804
  0
LINE
  8
_0-3_計画建物－天空率
  6
CONTINUOUS
 62
  132
 10
116569.8677399739
 20
39675.376837619318
 11
116432.38397298826
 21
40983.447503260154
  0
LINE
  8
_0-3_計画建物－天空率
  6
CONTINUOUS
 62
  132
 10
116510.8122693834
 20
39673.111479593135
 11
116328.45005991103
 21
40970.686023380047
  0
LINE
  8
_0-3_計画建物－天空率
  6
CONTINUOUS
 62
  132
 10
116451.45487486229
 20
39670.156478160723
 11
116225.02482979043
 21
40954.305076191958
  0
LINE
  8
_0-3_計画建物－天空率
  6
CONTINUOUS
 62
  132
 10
116391.70983522303
 20
39666.541857122247
 11
116122.23429033794
 21
40934.324619356753
  0
LINE
  8
_0-3_計画建物－天空率
  6
CONTINUOUS
 62
  132
 10
116331.51467604657
 20
39662.168772565346
 11
116020.2036759922
 21
40910.768995983322
  0
LINE
  8
_0-3_計画建物－天空率
  6
CONTINUOUS
 62
  132
 10
116270.77110117209
 20
39657.095098413963
 11
115919.05729534021
 21
40883.66690497029
  0
LINE
  8
_0-3_計画建物－天空率
  6
CONTINUOUS
 62
  132
 10
116209.42221058666
 20
39651.204154413513
 11
115818.91837966638
 21
40853.051366040795
  0
LINE
  8
_0-3_計画建物－天空率
  6
CONTINUOUS
 62
  132
 10
116147.36942487971
 20
39644.521629854141
 11
115719.90893281422
 21
40818.959679513063
  0
LINE
  8
_0-3_計画建物－天空率
  6
CONTINUOUS
 62
  132
 10
116084.53853241901
 20
39636.980569853789
 11
115622.14958254348
 21
40781.433380855698
  0
LINE
  8
_0-3_計画建物－天空率
  6
CONTINUOUS
 62
  132
 10
116020.86203905598
 20
39628.499531291919
 11
115525.75943356382
 21
40740.518190083137
  0
LINE
  8
_0-3_計画建物－天空率
  6
CONTINUOUS
 62
  132
 10
115956.23652212331
 20
39619.074094198069
 11
115430.85592242398
 21
40696.26395605284
  0
LINE
  8
_0-3_計画建物－天空率
  6
CONTINUOUS
 62
  132
 10
115890.5860892096
 20
39608.62377779484
 11
115337.55467443354
 21
40648.724595732121
  0
LINE
  8
_0-3_計画建物－天空率
  6
CONTINUOUS
 62
  132
 10
115823.85373989431
 20
39597.032926465799
 11
115245.96936279122
 21
40597.958028508648
  0
LINE
  8
_0-3_計画建物－天空率
  6
CONTINUOUS
 62
  132
 10
115755.94546498473
 20
39584.251245390856
 11
115156.21157009161
 21
40544.026105624616
  0
LINE
  8
_0-3_計画建物－天空率
  6
CONTINUOUS
 62
  132
 10
115686.78286116277
 20
39570.190382845212
 11
115068.39065237897
 21
40486.994534820463
  0
LINE
  8
_0-3_計画建物－天空率
  6
CONTINUOUS
 62
  132
 10
115616.29315395507
 20
39554.747726983805
 11
114982.61360591379
 21
40426.932800280177
  0
LINE
  8
_0-3_計画建物－天空率
  6
CONTINUOUS
 62
  132
 10
115544.42694968436
 20
39537.785974536527
 11
114898.98493681423
 21
40363.914077975496
  0
LINE
  8
_0-3_計画建物－天空率
  6
CONTINUOUS
 62
  132
 10
115471.12211628603
 20
39519.185603186728
 11
114817.60653373159
 21
40298.015146512276
  0
LINE
  8
_0-3_計画建物－天空率
  6
CONTINUOUS
 62
  132
 10
115396.29605561788
 20
39498.845883032961
 11
114738.57754371465
 21
40229.316293587515
  0
TEXT
  8
_0-3_計画建物－天空率
 62
  132
 10
114745.96936279122
 20
32749.881817155335
 40
500
 41
1
 50
0
  1
天空率 = 82.86 %
  0
LINE
  8
_0-3_計画建物－天空率
  6
CONTINUOUS
 62
   18
 10
115759.90466446228
 20
40353.289563833706
 11
115743.90979388894
 21
40329.113615092617
  0
LINE
  8
_0-3_計画建物－天空率
  6
CONTINUOUS
 62
   18
 10
115743.90979388894
 20
40329.113615092617
 11
115727.56510726557
 21
40303.738555211122
  0
LINE
  8
_0-3_計画建物－天空率
  6
CONTINUOUS
 62
   18
 10
115727.56510726557
 20
40303.738555211122
 11
115710.87102377769
 21
40277.098162985108
  0
LINE
  8
_0-3_計画建物－天空率
  6
CONTINUOUS
 62
   18
 10
115710.87102377769
 20
40277.098162985108
 11
115693.82949832327
 21
40249.123038529032
  0
LINE
  8
_0-3_計画建物－天空率
  6
CONTINUOUS
 62
   18
 10
115693.82949832327
 20
40249.123038529032
 11
115676.4442481083
 21
40219.740610741646
  0
LINE
  8
_0-3_計画建物－天空率
  6
CONTINUOUS
 62
   18
 10
115676.4442481083
 20
40219.740610741646
 11
115658.7210014652
 21
40188.87518462503
  0
LINE
  8
_0-3_計画建物－天空率
  6
CONTINUOUS
 62
   18
 10
115658.7210014652
 20
40188.87518462503
 11
115640.66776947358
 21
40156.448037006193
  0
LINE
  8
_0-3_計画建物－天空率
  6
CONTINUOUS
 62
   18
 10
115640.66776947358
 20
40156.448037006193
 11
115622.2951405212
 21
40122.377570332006
  0
LINE
  8
_0-3_計画建物－天空率
  6
CONTINUOUS
 62
   18
 10
115622.2951405212
 20
40122.377570332006
 11
115603.6165973562
 21
40086.579535349956
  0
LINE
  8
_0-3_計画建物－天空率
  6
CONTINUOUS
 62
   18
 10
115603.6165973562
 20
40086.579535349956
 11
115584.64885542125
 21
40048.967334603679
  0
LINE
  8
_0-3_計画建物－天空率
  6
CONTINUOUS
 62
   18
 10
115584.64885542125
 20
40048.967334603679
 11
115565.41222030299
 21
40009.452419701927
  0
LINE
  8
_0-3_計画建物－天空率
  6
CONTINUOUS
 62
   18
 10
115565.41222030299
 20
40009.452419701927
 11
115545.93096094792
 21
39967.944796178344
  0
LINE
  8
_0-3_計画建物－天空率
  6
CONTINUOUS
 62
   18
 10
115545.93096094792
 20
39967.944796178344
 11
115526.23369386912
 21
39924.353650343524
  0
LINE
  8
_0-3_計画建物－天空率
  6
CONTINUOUS
 62
   18
 10
115526.23369386912
 20
39924.353650343524
 11
115506.35377188494
 21
39878.588112706645
  0
LINE
  8
_0-3_計画建物－天空率
  6
CONTINUOUS
 62
   18
 10
115506.35377188494
 20
39878.588112706645
 11
115486.32966898399
 21
39830.558172155164
  0
LINE
  8
_0-3_計画建物－天空率
  6
CONTINUOUS
 62
   18
 10
115486.32966898399
 20
39830.558172155164
 11
115466.20535072352
 21
39780.175753942843
  0
LINE
  8
_0-3_計画建物－天空率
  6
CONTINUOUS
 62
   18
 10
115466.20535072352
 20
39780.175753942843
 11
115446.03061717216
 21
39727.355972444653
  0
LINE
  8
_0-3_計画建物－天空率
  6
CONTINUOUS
 62
   18
 10
115446.03061717216
 20
39727.355972444653
 11
115425.86140288128
 21
39672.018566374579
  0
LINE
  8
_0-3_計画建物－天空率
  6
CONTINUOUS
 62
   18
 10
115425.86140288128
 20
39672.018566374579
 11
115405.76001581527
 21
39614.089519513014
  0
LINE
  8
_0-3_計画建物－天空率
  6
CONTINUOUS
 62
   18
 10
115405.76001581527
 20
39614.089519513014
 11
115385.79529474879
 21
39553.502863763787
  0
LINE
  8
_0-3_計画建物－天空率
  6
CONTINUOUS
 62
   18
 10
115385.79529474879
 20
39553.502863763787
 11
115366.04266255073
 21
39490.20265341505
  0
LINE
  8
_0-3_計画建物－天空率
  6
CONTINUOUS
 62
   18
 10
114707.7452682963
 20
40201.163839209839
 11
115366.04266255073
 21
39490.20265341505
  0
LINE
  8
_0-3_計画建物－天空率
  6
CONTINUOUS
 62
   18
 10
115586.63751333046
 20
40766.820497868357
 11
115759.90466446228
 21
40353.289563833706
  0
LINE
  8
_0-3_計画建物－天空率
  6
CONTINUOUS
 62
   18
 10
118706.50076426248
 20
39270.306165308706
 11
118688.34367149493
 21
39279.006361911437
  0
LINE
  8
_0-3_計画建物－天空率
  6
CONTINUOUS
 62
   18
 10
118688.34367149493
 20
39279.006361911437
 11
118669.81147525296
 21
39287.743065993359
  0
LINE
  8
_0-3_計画建物－天空率
  6
CONTINUOUS
 62
   18
 10
118669.81147525296
 20
39287.743065993359
 11
118650.8975005612
 21
39296.513574797078
  0
LINE
  8
_0-3_計画建物－天空率
  6
CONTINUOUS
 62
   18
 10
118650.8975005612
 20
39296.513574797078
 11
118631.59509861061
 21
39305.315018876448
  0
LINE
  8
_0-3_計画建物－天空率
  6
CONTINUOUS
 62
   18
 10
118631.59509861061
 20
39305.315018876448
 11
118611.89766003642
 21
39314.144356954137
  0
LINE
  8
_0-3_計画建物－天空率
  6
CONTINUOUS
 62
   18
 10
118611.89766003642
 20
39314.144356954137
 11
118591.79862911117
 21
39322.998370889101
  0
LINE
  8
_0-3_計画建物－天空率
  6
CONTINUOUS
 62
   18
 10
118591.79862911117
 20
39322.998370889101
 11
118571.29151887743
 21
39331.873660785808
  0
LINE
  8
_0-3_計画建物－天空率
  6
CONTINUOUS
 62
   18
 10
118571.29151887743
 20
39331.873660785808
 11
118550.36992724238
 21
39340.766640279587
  0
LINE
  8
_0-3_計画建物－天空率
  6
CONTINUOUS
 62
   18
 10
118550.36992724238
 20
39340.766640279587
 11
118529.02755405189
 21
39349.67353203491
  0
LINE
  8
_0-3_計画建物－天空率
  6
CONTINUOUS
 62
   18
 10
118529.02755405189
 20
39349.67353203491
 11
118507.25821915907
 21
39358.590363496245
  0
LINE
  8
_0-3_計画建物－天空率
  6
CONTINUOUS
 62
   18
 10
118507.25821915907
 20
39358.590363496245
 11
118485.05588149692
 21
39367.5129629336
  0
LINE
  8
_0-3_計画建物－天空率
  6
CONTINUOUS
 62
   18
 10
118485.05588149692
 20
39367.5129629336
 11
118462.41465915998
 21
39376.436955827317
  0
LINE
  8
_0-3_計画建物－天空率
  6
CONTINUOUS
 62
   18
 10
118462.41465915998
 20
39376.436955827317
 11
118439.3288504941
 21
39385.357761639497
  0
LINE
  8
_0-3_計画建物－天空率
  6
CONTINUOUS
 62
   18
 10
118439.3288504941
 20
39385.357761639497
 11
118415.79295618632
 21
39394.270591021348
  0
LINE
  8
_0-3_計画建物－天空率
  6
CONTINUOUS
 62
   18
 10
118415.79295618632
 20
39394.270591021348
 11
118391.80170234121
 21
39403.17044350849
  0
LINE
  8
_0-3_計画建物－天空率
  6
CONTINUOUS
 62
   18
 10
118391.80170234121
 20
39403.17044350849
 11
118367.35006452022
 21
39412.052105758011
  0
LINE
  8
_0-3_計画建物－天空率
  6
CONTINUOUS
 62
   18
 10
118367.35006452022
 20
39412.052105758011
 11
118342.43329271356
 21
39420.910150382922
  0
LINE
  8
_0-3_計画建物－天空率
  6
CONTINUOUS
 62
   18
 10
118342.43329271356
 20
39420.910150382922
 11
118317.04693720432
 21
39429.738935441419
  0
LINE
  8
_0-3_計画建物－天空率
  6
CONTINUOUS
 62
   18
 10
118317.04693720432
 20
39429.738935441419
 11
118291.18687527393
 21
39438.532604639243
  0
LINE
  8
_0-3_計画建物－天空率
  6
CONTINUOUS
 62
   18
 10
118291.18687527393
 20
39438.532604639243
 11
118264.84933868864
 21
39447.285088304641
  0
LINE
  8
_0-3_計画建物－天空率
  6
CONTINUOUS
 62
   18
 10
118264.84933868864
 20
39447.285088304641
 11
118238.03094189404
 21
39455.990105195443
  0
LINE
  8
_0-3_計画建物－天空率
  6
CONTINUOUS
 62
   18
 10
118238.03094189404
 20
39455.990105195443
 11
118210.72871083383
 21
39464.641165197943
  0
LINE
  8
_0-3_計画建物－天空率
  6
CONTINUOUS
 62
   18
 10
118210.72871083383
 20
39464.641165197943
 11
118182.94011229563
 21
39473.231572976306
  0
LINE
  8
_0-3_計画建物－天空率
  6
CONTINUOUS
 62
   18
 10
118182.94011229563
 20
39473.231572976306
 11
118154.66308367458
 21
39481.754432630048
  0
LINE
  8
_0-3_計画建物－天空率
  6
CONTINUOUS
 62
   18
 10
118154.66308367458
 20
39481.754432630048
 11
118125.8960630317
 21
39490.20265341505
  0
LINE
  8
_0-3_計画建物－天空率
  6
CONTINUOUS
 62
   18
 10
118125.8960630317
 20
39490.20265341505
 11
118096.63801931039
 21
39498.568956580718
  0
LINE
  8
_0-3_計画建物－天空率
  6
CONTINUOUS
 62
   18
 10
118096.63801931039
 20
39498.568956580718
 11
118066.88848256174
 21
39506.845883372399
  0
LINE
  8
_0-3_計画建物－天空率
  6
CONTINUOUS
 62
   18
 10
118066.88848256174
 20
39506.845883372399
 11
118036.64757401449
 21
39515.02580424353
  0
LINE
  8
_0-3_計画建物－天空率
  6
CONTINUOUS
 62
   18
 10
118036.64757401449
 20
39515.02580424353
 11
118005.91603581374
 21
39523.100929316889
  0
LINE
  8
_0-3_計画建物－天空率
  6
CONTINUOUS
 62
   18
 10
118005.91603581374
 20
39523.100929316889
 11
117974.69526023822
 21
39531.063320127745
  0
LINE
  8
_0-3_計画建物－天空率
  6
CONTINUOUS
 62
   18
 10
117974.69526023822
 20
39531.063320127745
 11
117942.98731819521
 21
39538.904902674759
  0
LINE
  8
_0-3_計画建物－天空率
  6
CONTINUOUS
 62
   18
 10
117942.98731819521
 20
39538.904902674759
 11
117910.79498677977
 21
39546.617481795859
  0
LINE
  8
_0-3_計画建物－天空率
  6
CONTINUOUS
 62
   18
 10
117910.79498677977
 20
39546.617481795859
 11
117878.12177567541
 21
39554.192756877702
  0
LINE
  8
_0-3_計画建物－天空率
  6
CONTINUOUS
 62
   18
 10
117878.12177567541
 20
39554.192756877702
 11
117844.97195216479
 21
39561.622338896719
  0
LINE
  8
_0-3_計画建物－天空率
  6
CONTINUOUS
 62
   18
 10
117844.97195216479
 20
39561.622338896719
 11
117811.35056451101
 21
39568.897768779024
  0
LINE
  8
_0-3_計画建物－天空率
  6
CONTINUOUS
 62
   18
 10
117811.35056451101
 20
39568.897768779024
 11
117777.26346346603
 21
39576.010537054571
  0
LINE
  8
_0-3_計画建物－天空率
  6
CONTINUOUS
 62
   18
 10
117777.26346346603
 20
39576.010537054571
 11
117742.71732165871
 21
39582.952104768395
  0
LINE
  8
_0-3_計画建物－天空率
  6
CONTINUOUS
 62
   18
 10
117742.71732165871
 20
39582.952104768395
 11
117707.7196506148
 21
39589.713925598407
  0
LINE
  8
_0-3_計画建物－天空率
  6
CONTINUOUS
 62
   18
 10
117707.7196506148
 20
39589.713925598407
 11
117672.27881516324
 21
39596.287469115603
  0
LINE
  8
_0-3_計画建物－天空率
  6
CONTINUOUS
 62
   18
 10
117672.27881516324
 20
39596.287469115603
 11
117636.40404498731
 21
39602.66424510828
  0
LINE
  8
_0-3_計画建物－天空率
  6
CONTINUOUS
 62
   18
 10
117636.40404498731
 20
39602.66424510828
 11
117600.10544308817
 21
39608.835828877519
  0
LINE
  8
_0-3_計画建物－天空率
  6
CONTINUOUS
 62
   18
 10
117600.10544308817
 20
39608.835828877519
 11
117563.39399093817
 21
39614.793887396866
  0
LINE
  8
_0-3_計画建物－天空率
  6
CONTINUOUS
 62
   18
 10
117563.39399093817
 20
39614.793887396866
 11
117526.28155011612
 21
39620.530206214716
  0
LINE
  8
_0-3_計画建物－天空率
  6
CONTINUOUS
 62
   18
 10
117526.28155011612
 20
39620.530206214716
 11
117488.78086023485
 21
39626.03671696435
  0
LINE
  8
_0-3_計画建物－天空率
  6
CONTINUOUS
 62
   18
 10
117488.78086023485
 20
39626.03671696435
 11
117450.90553299148
 21
39631.305525333082
  0
LINE
  8
_0-3_計画建物－天空率
  6
CONTINUOUS
 62
   18
 10
117450.90553299148
 20
39631.305525333082
 11
117412.67004219566
 21
39636.32893932992
  0
LINE
  8
_0-3_計画建物－天空率
  6
CONTINUOUS
 62
   18
 10
117412.67004219566
 20
39636.32893932992
 11
117374.08970965852
 21
39641.099497679599
  0
LINE
  8
_0-3_計画建物－天空率
  6
CONTINUOUS
 62
   18
 10
117374.08970965852
 20
39641.099497679599
 11
117335.18068685509
 21
39645.609998161322
  0
LINE
  8
_0-3_計画建物－天空率
  6
CONTINUOUS
 62
   18
 10
117335.18068685509
 20
39645.609998161322
 11
117295.95993230675
 21
39649.853525701924
  0
LINE
  8
_0-3_計画建物－天空率
  6
CONTINUOUS
 62
   18
 10
117295.95993230675
 20
39649.853525701924
 11
117256.44518466515
 21
39653.823480026891
  0
LINE
  8
_0-3_計画建物－天空率
  6
CONTINUOUS
 62
   18
 10
117256.44518466515
 20
39653.823480026891
 11
117216.65493151708
 21
39657.513602668172
  0
LINE
  8
_0-3_計画建物－天空率
  6
CONTINUOUS
 62
   18
 10
117216.65493151708
 20
39657.513602668172
 11
117176.60837396862
 21
39660.918003125334
  0
LINE
  8
_0-3_計画建物－天空率
  6
CONTINUOUS
 62
   18
 10
117176.60837396862
 20
39660.918003125334
 11
117136.32538710738
 21
39664.031183976832
  0
LINE
  8
_0-3_計画建物－天空率
  6
CONTINUOUS
 62
   18
 10
117136.32538710738
 20
39664.031183976832
 11
117095.82647648194
 21
39666.848064740523
  0
LINE
  8
_0-3_計画建物－天空率
  6
CONTINUOUS
 62
   18
 10
117095.82647648194
 20
39666.848064740523
 11
117055.13273077868
 21
39669.364004287643
  0
LINE
  8
_0-3_計画建物－天空率
  6
CONTINUOUS
 62
   18
 10
117055.13273077868
 20
39669.364004287643
 11
117014.26577091551
 21
39671.57482162211
  0
LINE
  8
_0-3_計画建物－天空率
  6
CONTINUOUS
 62
   18
 10
117014.26577091551
 20
39671.57482162211
 11
116973.24769581107
 21
39673.476814846915
  0
LINE
  8
_0-3_計画建物－天空率
  6
CONTINUOUS
 62
   18
 10
116973.24769581107
 20
39673.476814846915
 11
116932.10102512421
 21
39675.066778152191
  0
LINE
  8
_0-3_計画建物－天空率
  6
CONTINUOUS
 62
   18
 10
116932.10102512421
 20
39675.066778152191
 11
116890.84863929286
 21
39676.342016674294
  0
LINE
  8
_0-3_計画建物－天空率
  6
CONTINUOUS
 62
   18
 10
116890.84863929286
 20
39676.342016674294
 11
116849.51371723177
 21
39677.30035909223
  0
LINE
  8
_0-3_計画建物－天空率
  6
CONTINUOUS
 62
   18
 10
116849.51371723177
 20
39677.30035909223
 11
116808.1196720761
 21
39677.940167847045
  0
LINE
  8
_0-3_計画建物－天空率
  6
CONTINUOUS
 62
   18
 10
116808.1196720761
 20
39677.940167847045
 11
116766.69008538054
 21
39678.260346890354
  0
LINE
  8
_0-3_計画建物－天空率
  6
CONTINUOUS
 62
   18
 10
116766.69008538054
 20
39678.260346890354
 11
116725.24864020189
 21
39678.260346890354
  0
LINE
  8
_0-3_計画建物－天空率
  6
CONTINUOUS
 62
   18
 10
116725.24864020189
 20
39678.260346890354
 11
116683.81905350633
 21
39677.940167847045
  0
LINE
  8
_0-3_計画建物－天空率
  6
CONTINUOUS
 62
   18
 10
116683.81905350633
 20
39677.940167847045
 11
116642.42500835066
 21
39677.30035909223
  0
LINE
  8
_0-3_計画建物－天空率
  6
CONTINUOUS
 62
   18
 10
116642.42500835066
 20
39677.30035909223
 11
116601.09008628957
 21
39676.342016674294
  0
LINE
  8
_0-3_計画建物－天空率
  6
CONTINUOUS
 62
   18
 10
116601.09008628957
 20
39676.342016674294
 11
116559.83770045822
 21
39675.066778152191
  0
LINE
  8
_0-3_計画建物－天空率
  6
CONTINUOUS
 62
   18
 10
116559.83770045822
 20
39675.066778152191
 11
116518.69102977136
 21
39673.476814846915
  0
LINE
  8
_0-3_計画建物－天空率
  6
CONTINUOUS
 62
   18
 10
116518.69102977136
 20
39673.476814846915
 11
116477.67295466692
 21
39671.57482162211
  0
LINE
  8
_0-3_計画建物－天空率
  6
CONTINUOUS
 62
   18
 10
116477.67295466692
 20
39671.57482162211
 11
116436.80599480375
 21
39669.364004287643
  0
LINE
  8
_0-3_計画建物－天空率
  6
CONTINUOUS
 62
   18
 10
116436.80599480375
 20
39669.364004287643
 11
116396.11224910049
 21
39666.848064740523
  0
LINE
  8
_0-3_計画建物－天空率
  6
CONTINUOUS
 62
   18
 10
116396.11224910049
 20
39666.848064740523
 11
116355.61333847505
 21
39664.031183976832
  0
LINE
  8
_0-3_計画建物－天空率
  6
CONTINUOUS
 62
   18
 10
116355.61333847505
 20
39664.031183976832
 11
116315.33035161381
 21
39660.918003125334
  0
LINE
  8
_0-3_計画建物－天空率
  6
CONTINUOUS
 62
   18
 10
116315.33035161381
 20
39660.918003125334
 11
116275.28379406535
 21
39657.513602668172
  0
LINE
  8
_0-3_計画建物－天空率
  6
CONTINUOUS
 62
   18
 10
116275.28379406535
 20
39657.513602668172
 11
116235.49354091729
 21
39653.823480026891
  0
LINE
  8
_0-3_計画建物－天空率
  6
CONTINUOUS
 62
   18
 10
116235.49354091729
 20
39653.823480026891
 11
116195.97879327568
 21
39649.853525701924
  0
LINE
  8
_0-3_計画建物－天空率
  6
CONTINUOUS
 62
   18
 10
116195.97879327568
 20
39649.853525701924
 11
116156.75803872734
 21
39645.609998161322
  0
LINE
  8
_0-3_計画建物－天空率
  6
CONTINUOUS
 62
   18
 10
116156.75803872734
 20
39645.609998161322
 11
116117.84901592391
 21
39641.099497679599
  0
LINE
  8
_0-3_計画建物－天空率
  6
CONTINUOUS
 62
   18
 10
116117.84901592391
 20
39641.099497679599
 11
116079.26868338677
 21
39636.32893932992
  0
LINE
  8
_0-3_計画建物－天空率
  6
CONTINUOUS
 62
   18
 10
116079.26868338677
 20
39636.32893932992
 11
116041.03319259095
 21
39631.305525333082
  0
LINE
  8
_0-3_計画建物－天空率
  6
CONTINUOUS
 62
   18
 10
116041.03319259095
 20
39631.305525333082
 11
116003.15786534758
 21
39626.03671696435
  0
LINE
  8
_0-3_計画建物－天空率
  6
CONTINUOUS
 62
   18
 10
116003.15786534758
 20
39626.03671696435
 11
115965.65717546631
 21
39620.530206214716
  0
LINE
  8
_0-3_計画建物－天空率
  6
CONTINUOUS
 62
   18
 10
115965.65717546631
 20
39620.530206214716
 11
115928.54473464426
 21
39614.793887396866
  0
LINE
  8
_0-3_計画建物－天空率
  6
CONTINUOUS
 62
   18
 10
115928.54473464426
 20
39614.793887396866
 11
115891.83328249426
 21
39608.835828877519
  0
LINE
  8
_0-3_計画建物－天空率
  6
CONTINUOUS
 62
   18
 10
115891.83328249426
 20
39608.835828877519
 11
115855.53468059512
 21
39602.66424510828
  0
LINE
  8
_0-3_計画建物－天空率
  6
CONTINUOUS
 62
   18
 10
115855.53468059512
 20
39602.66424510828
 11
115819.65991041919
 21
39596.287469115603
  0
LINE
  8
_0-3_計画建物－天空率
  6
CONTINUOUS
 62
   18
 10
115819.65991041919
 20
39596.287469115603
 11
115784.21907496763
 21
39589.713925598407
  0
LINE
  8
_0-3_計画建物－天空率
  6
CONTINUOUS
 62
   18
 10
115784.21907496763
 20
39589.713925598407
 11
115749.22140392372
 21
39582.952104768395
  0
LINE
  8
_0-3_計画建物－天空率
  6
CONTINUOUS
 62
   18
 10
115749.22140392372
 20
39582.952104768395
 11
115714.6752621164
 21
39576.010537054571
  0
LINE
  8
_0-3_計画建物－天空率
  6
CONTINUOUS
 62
   18
 10
115714.6752621164
 20
39576.010537054571
 11
115680.58816107142
 21
39568.897768779024
  0
LINE
  8
_0-3_計画建物－天空率
  6
CONTINUOUS
 62
   18
 10
115680.58816107142
 20
39568.897768779024
 11
115646.96677341764
 21
39561.622338896719
  0
LINE
  8
_0-3_計画建物－天空率
  6
CONTINUOUS
 62
   18
 10
115646.96677341764
 20
39561.622338896719
 11
115613.81694990702
 21
39554.192756877702
  0
LINE
  8
_0-3_計画建物－天空率
  6
CONTINUOUS
 62
   18
 10
115613.81694990702
 20
39554.192756877702
 11
115581.14373880266
 21
39546.617481795859
  0
LINE
  8
_0-3_計画建物－天空率
  6
CONTINUOUS
 62
   18
 10
115581.14373880266
 20
39546.617481795859
 11
115548.95140738722
 21
39538.904902674759
  0
LINE
  8
_0-3_計画建物－天空率
  6
CONTINUOUS
 62
   18
 10
115548.95140738722
 20
39538.904902674759
 11
115517.24346534421
 21
39531.063320127745
  0
LINE
  8
_0-3_計画建物－天空率
  6
CONTINUOUS
 62
   18
 10
115517.24346534421
 20
39531.063320127745
 11
115486.02268976869
 21
39523.100929316889
  0
LINE
  8
_0-3_計画建物－天空率
  6
CONTINUOUS
 62
   18
 10
115486.02268976869
 20
39523.100929316889
 11
115455.29115156794
 21
39515.02580424353
  0
LINE
  8
_0-3_計画建物－天空率
  6
CONTINUOUS
 62
   18
 10
115455.29115156794
 20
39515.02580424353
 11
115425.05024302069
 21
39506.845883372399
  0
LINE
  8
_0-3_計画建物－天空率
  6
CONTINUOUS
 62
   18
 10
115425.05024302069
 20
39506.845883372399
 11
115395.30070627204
 21
39498.568956580718
  0
LINE
  8
_0-3_計画建物－天空率
  6
CONTINUOUS
 62
   18
 10
115395.30070627204
 20
39498.568956580718
 11
115366.04266255073
 21
39490.20265341505
  0
LINE
  8
_0-3_計画建物－天空率
  6
CONTINUOUS
 62
   18
 10
119263.59854207787
 20
39631.305525333082
 11
118706.50076426248
 21
39270.306165308706
  0
LINE
  8
_0-3_計画建物－天空率
  6
CONTINUOUS
 62
   18
 10
118706.50076426248
 20
39270.306165308706
 11
118687.79112072955
 21
39324.373110135187
  0
LINE
  8
_0-3_計画建物－天空率
  6
CONTINUOUS
 62
   18
 10
118687.79112072955
 20
39324.373110135187
 11
118668.6887823637
 21
39376.883307555246
  0
LINE
  8
_0-3_計画建物－天空率
  6
CONTINUOUS
 62
   18
 10
118668.6887823637
 20
39376.883307555246
 11
118649.24859259938
 21
39427.837747136618
  0
LINE
  8
_0-3_計画建物－天空率
  6
CONTINUOUS
 62
   18
 10
118649.24859259938
 20
39427.837747136618
 11
118629.52308159382
 21
39477.243081816173
  0
LINE
  8
_0-3_計画建物－天空率
  6
CONTINUOUS
 62
   18
 10
118629.52308159382
 20
39477.243081816173
 11
118609.56228922278
 21
39525.111088770441
  0
LINE
  8
_0-3_計画建物－天空率
  6
CONTINUOUS
 62
   18
 10
118609.56228922278
 20
39525.111088770441
 11
118589.41363443659
 21
39571.458133608481
  0
LINE
  8
_0-3_計画建物－天空率
  6
CONTINUOUS
 62
   18
 10
118589.41363443659
 20
39571.458133608481
 11
118569.12182715427
 21
39616.304645559321
  0
LINE
  8
_0-3_計画建物－天空率
  6
CONTINUOUS
 62
   18
 10
118569.12182715427
 20
39616.304645559321
 11
118548.72881854834
 21
39659.674609986337
  0
LINE
  8
_0-3_計画建物－天空率
  6
CONTINUOUS
 62
   18
 10
118548.72881854834
 20
39659.674609986337
 11
118528.27378541485
 21
39701.595083277723
  0
LINE
  8
_0-3_計画建物－天空率
  6
CONTINUOUS
 62
   18
 10
118528.27378541485
 20
39701.595083277723
 11
118507.79314430008
 21
39742.095733965652
  0
LINE
  8
_0-3_計画建物－天空率
  6
CONTINUOUS
 62
   18
 10
118507.79314430008
 20
39742.095733965652
 11
118487.32059114619
 21
39781.208412839521
  0
LINE
  8
_0-3_計画建物－天空率
  6
CONTINUOUS
 62
   18
 10
118487.32059114619
 20
39781.208412839521
 11
118466.88716239773
 21
39818.966753852444
  0
LINE
  8
_0-3_計画建物－天空率
  6
CONTINUOUS
 62
   18
 10
118466.88716239773
 20
39818.966753852444
 11
118446.52131375539
 21
39855.405806781287
  0
LINE
  8
_0-3_計画建物－天空率
  6
CONTINUOUS
 62
   18
 10
118446.52131375539
 20
39855.405806781287
 11
118426.24901305616
 21
39890.561701888233
  0
LINE
  8
_0-3_計画建物－天空率
  6
CONTINUOUS
 62
   18
 10
118426.24901305616
 20
39890.561701888233
 11
118406.09384407692
 21
39924.471346242382
  0
LINE
  8
_0-3_計画建物－天空率
  6
CONTINUOUS
 62
   18
 10
118406.09384407692
 20
39924.471346242382
 11
118386.0771183931
 21
39957.172150884056
  0
LINE
  8
_0-3_計画建物－天空率
  6
CONTINUOUS
 62
   18
 10
118386.0771183931
 20
39957.172150884056
 11
118366.21799275853
 21
39988.701787643927
  0
LINE
  8
_0-3_計画建物－天空率
  6
CONTINUOUS
 62
   18
 10
118366.21799275853
 20
39988.701787643927
 11
118346.53358980003
 21
40019.097974150448
  0
LINE
  8
_0-3_計画建物－天空率
  6
CONTINUOUS
 62
   18
 10
118346.53358980003
 20
40019.097974150448
 11
118327.03912013309
 21
40048.398285363517
  0
LINE
  8
_0-3_計画建物－天空率
  6
CONTINUOUS
 62
   18
 10
118327.03912013309
 20
40048.398285363517
 11
118307.74800429814
 21
40076.639989844385
  0
LINE
  8
_0-3_計画建物－天空率
  6
CONTINUOUS
 62
   18
 10
118307.74800429814
 20
40076.639989844385
 11
118288.67199318631
 21
40103.859908904618
  0
LINE
  8
_0-3_計画建物－天空率
  6
CONTINUOUS
 62
   18
 10
118288.67199318631
 20
40103.859908904618
 11
118269.82128586944
 21
40130.094296755814
  0
LINE
  8
_0-3_計画建物－天空率
  6
CONTINUOUS
 62
   18
 10
118269.82128586944
 20
40130.094296755814
 11
118251.20464396815
 21
40155.378739800704
  0
LINE
  8
_0-3_計画建物－天空率
  6
CONTINUOUS
 62
   18
 10
118463.58867071085
 20
40459.512666096234
 11
118251.20464396815
 21
40155.378739800704
  0
LINE
  8
_0-3_計画建物－天空率
  6
CONTINUOUS
 62
   18
 10
118251.20464396815
 20
40155.378739800704
 11
118219.81003324754
 21
40170.295127889752
  0
LINE
  8
_0-3_計画建物－天空率
  6
CONTINUOUS
 62
   18
 10
118219.81003324754
 20
40170.295127889752
 11
118187.76393827026
 21
40185.095143085753
  0
LINE
  8
_0-3_計画建物－天空率
  6
CONTINUOUS
 62
   18
 10
118187.76393827026
 20
40185.095143085753
 11
118155.06296719306
 21
40199.762990223011
  0
LINE
  8
_0-3_計画建物－天空率
  6
CONTINUOUS
 62
   18
 10
118155.06296719306
 20
40199.762990223011
 11
118121.70462011299
 21
40214.282350723486
  0
LINE
  8
_0-3_計画建物－天空率
  6
CONTINUOUS
 62
   18
 10
118121.70462011299
 20
40214.282350723486
 11
118087.68735203325
 21
40228.636403445059
  0
LINE
  8
_0-3_計画建物－天空率
  6
CONTINUOUS
 62
   18
 10
118087.68735203325
 20
40228.636403445059
 11
118053.01063585234
 21
40242.807849704178
  0
LINE
  8
_0-3_計画建物－天空率
  6
CONTINUOUS
 62
   18
 10
118053.01063585234
 20
40242.807849704178
 11
118017.67502491625
 21
40256.77894265655
  0
LINE
  8
_0-3_計画建物－天空率
  6
CONTINUOUS
 62
   18
 10
118017.67502491625
 20
40256.77894265655
 11
117981.68221463213
 21
40270.531521192904
  0
LINE
  8
_0-3_計画建物－天空率
  6
CONTINUOUS
 62
   18
 10
117981.68221463213
 20
40270.531521192904
 11
117945.03510259978
 21
40284.047048475084
  0
LINE
  8
_0-3_計画建物－天空率
  6
CONTINUOUS
 62
   18
 10
117945.03510259978
 20
40284.047048475084
 11
117907.73784668061
 21
40297.306655200969
  0
LINE
  8
_0-3_計画建物－天空率
  6
CONTINUOUS
 62
   18
 10
117907.73784668061
 20
40297.306655200969
 11
117869.79592038792
 21
40310.291187644223
  0
LINE
  8
_0-3_計画建物－天空率
  6
CONTINUOUS
 62
   18
 10
117869.79592038792
 20
40310.291187644223
 11
117831.21616495485
 21
40322.98126046724
  0
LINE
  8
_0-3_計画建物－天空率
  6
CONTINUOUS
 62
   18
 10
117831.21616495485
 20
40322.98126046724
 11
117792.00683741125
 21
40335.357314253204
  0
LINE
  8
_0-3_計画建物－天空率
  6
CONTINUOUS
 62
   18
 10
117792.00683741125
 20
40335.357314253204
 11
117752.17765398588
 21
40347.399677645866
  0
LINE
  8
_0-3_計画建物－天空率
  6
CONTINUOUS
 62
   18
 10
117752.17765398588
 20
40347.399677645866
 11
117711.73982814159
 21
40359.088633924155
  0
LINE
  8
_0-3_計画建物－天空率
  6
CONTINUOUS
 62
   18
 10
117711.73982814159
 20
40359.088633924155
 11
117670.70610255302
 21
40370.404491774374
  0
LINE
  8
_0-3_計画建物－天空率
  6
CONTINUOUS
 62
   18
 10
117670.70610255302
 20
40370.404491774374
 11
117629.09077434759
 21
40381.327659954942
  0
LINE
  8
_0-3_計画建物－天空率
  6
CONTINUOUS
 62
   18
 10
117629.09077434759
 20
40381.327659954942
 11
117586.90971295359
 21
40391.838725480163
  0
LINE
  8
_0-3_計画建物－天空率
  6
CONTINUOUS
 62
   18
 10
117586.90971295359
 20
40391.838725480163
 11
117544.18036993347
 21
40401.918534880198
  0
LINE
  8
_0-3_計画建物－天空率
  6
CONTINUOUS
 62
   18
 10
117544.18036993347
 20
40401.918534880198
 11
117500.92178022812
 21
40411.548278026086
  0
LINE
  8
_0-3_計画建物－天空率
  6
CONTINUOUS
 62
   18
 10
117500.92178022812
 20
40411.548278026086
 11
117457.15455429592
 21
40420.709573942789
  0
LINE
  8
_0-3_計画建物－天空率
  6
CONTINUOUS
 62
   18
 10
117457.15455429592
 20
40420.709573942789
 11
117412.90086070353
 21
40429.38455797133
  0
LINE
  8
_0-3_計画建物－天空率
  6
CONTINUOUS
 62
   18
 10
117412.90086070353
 20
40429.38455797133
 11
117368.18439880904
 21
40437.555969584318
  0
LINE
  8
_0-3_計画建物－天空率
  6
CONTINUOUS
 62
   18
 10
117368.18439880904
 20
40437.555969584318
 11
117323.030361273
 21
40445.207240109506
  0
LINE
  8
_0-3_計画建物－天空率
  6
CONTINUOUS
 62
   18
 10
117323.030361273
 20
40445.207240109506
 11
117277.46538623995
 21
40452.322579575273
  0
LINE
  8
_0-3_計画建物－天空率
  6
CONTINUOUS
 62
   18
 10
117277.46538623995
 20
40452.322579575273
 11
117231.51749914695
 21
40458.887061860295
  0
LINE
  8
_0-3_計画建物－天空率
  6
CONTINUOUS
 62
   18
 10
117231.51749914695
 20
40458.887061860295
 11
117185.21604423859
 21
40464.886707310208
  0
LINE
  8
_0-3_計画建物－天空率
  6
CONTINUOUS
 62
   18
 10
117185.21604423859
 20
40464.886707310208
 11
117138.59160599627
 21
40470.30856197646
  0
LINE
  8
_0-3_計画建物－天空率
  6
CONTINUOUS
 62
   18
 10
117138.59160599627
 20
40470.30856197646
 11
117091.67592081955
 21
40475.140772638224
  0
LINE
  8
_0-3_計画建物－天空率
  6
CONTINUOUS
 62
   18
 10
117091.67592081955
 20
40475.140772638224
 11
117044.50177942971
 21
40479.372656788109
  0
LINE
  8
_0-3_計画建物－天空率
  6
CONTINUOUS
 62
   18
 10
117044.50177942971
 20
40479.372656788109
 11
116997.10292059539
 21
40482.994766796116
  0
LINE
  8
_0-3_計画建物－天空率
  6
CONTINUOUS
 62
   18
 10
116997.10292059539
 20
40482.994766796116
 11
116949.5139169046
 21
40485.998947514199
  0
LINE
  8
_0-3_計画建物－天空率
  6
CONTINUOUS
 62
   18
 10
116949.5139169046
 20
40485.998947514199
 11
116901.77005342581
 21
40488.378386645199
  0
LINE
  8
_0-3_計画建物－天空率
  6
CONTINUOUS
 62
   18
 10
116901.77005342581
 20
40488.378386645199
 11
116853.90720020729
 21
40490.127657274744
  0
LINE
  8
_0-3_計画建物－天空率
  6
CONTINUOUS
 62
   18
 10
116853.90720020729
 20
40490.127657274744
 11
116805.96167965923
 21
40491.24275205026
  0
LINE
  8
_0-3_計画建物－天空率
  6
CONTINUOUS
 62
   18
 10
116805.96167965923
 20
40491.24275205026
 11
116757.97012994319
 21
40491.721108588106
  0
LINE
  8
_0-3_計画建物－天空率
  6
CONTINUOUS
 62
   18
 10
116757.97012994319
 20
40491.721108588106
 11
116709.96936555602
 21
40491.561625794332
  0
LINE
  8
_0-3_計画建物－天空率
  6
CONTINUOUS
 62
   18
 10
116709.96936555602
 20
40491.561625794332
 11
116661.99623634072
 21
40490.764670895936
  0
LINE
  8
_0-3_計画建物－天空率
  6
CONTINUOUS
 62
   18
 10
116661.99623634072
 20
40490.764670895936
 11
116614.08748618107
 21
40489.33207709463
  0
LINE
  8
_0-3_計画建物－天空率
  6
CONTINUOUS
 62
   18
 10
116614.08748618107
 20
40489.33207709463
 11
116566.27961264309
 21
40487.267131872591
  0
LINE
  8
_0-3_計画建物－天空率
  6
CONTINUOUS
 62
   18
 10
116566.27961264309
 20
40487.267131872591
 11
116518.60872880993
 21
40484.574556096085
  0
LINE
  8
_0-3_計画建物－天空率
  6
CONTINUOUS
 62
   18
 10
116518.60872880993
 20
40484.574556096085
 11
116471.11042852286
 21
40481.260474176291
  0
LINE
  8
_0-3_計画建物－天空率
  6
CONTINUOUS
 62
   18
 10
116471.11042852286
 20
40481.260474176291
 11
116423.81965618606
 21
40477.33237565527
  0
LINE
  8
_0-3_計画建物－天空率
  6
CONTINUOUS
 62
   18
 10
116423.81965618606
 20
40477.33237565527
 11
116376.77058222182
 21
40472.799068685424
  0
LINE
  8
_0-3_計画建物－天空率
  6
CONTINUOUS
 62
   18
 10
116376.77058222182
 20
40472.799068685424
 11
116329.99648517489
 21
40467.6706259626
  0
LINE
  8
_0-3_計画建物－天空率
  6
CONTINUOUS
 62
   18
 10
116329.99648517489
 20
40467.6706259626
 11
116283.5296413632
 21
40461.958323753184
  0
LINE
  8
_0-3_計画建物－天空率
  6
CONTINUOUS
 62
   18
 10
116283.5296413632
 20
40461.958323753184
 11
116237.40122285942
 21
40455.674574723729
  0
LINE
  8
_0-3_計画建物－天空率
  6
CONTINUOUS
 62
   18
 10
116237.40122285942
 20
40455.674574723729
 11
116191.64120446665
 21
40448.832855336491
  0
LINE
  8
_0-3_計画建物－天空率
  6
CONTINUOUS
 62
   18
 10
116191.64120446665
 20
40448.832855336491
 11
116146.27828022309
 21
40441.447628615067
  0
LINE
  8
_0-3_計画建物－天空率
  6
CONTINUOUS
 62
   18
 10
116146.27828022309
 20
40441.447628615067
 11
116101.33978984013
 21
40433.534263111119
  0
LINE
  8
_0-3_計画建物－天空率
  6
CONTINUOUS
 62
   18
 10
116101.33978984013
 20
40433.534263111119
 11
116056.85165534629
 21
40425.108948915723
  0
LINE
  8
_0-3_計画建物－天空率
  6
CONTINUOUS
 62
   18
 10
116056.85165534629
 20
40425.108948915723
 11
116012.83832808031
 21
40416.1886115581
  0
LINE
  8
_0-3_計画建物－天空率
  6
CONTINUOUS
 62
   18
 10
116012.83832808031
 20
40416.1886115581
 11
115969.32274604987
 21
40406.790824620642
  0
LINE
  8
_0-3_計画建物－天空率
  6
CONTINUOUS
 62
   18
 10
115969.32274604987
 20
40406.790824620642
 11
115926.32630155554
 21
40396.933721873356
  0
LINE
  8
_0-3_計画建物－天空率
  6
CONTINUOUS
 62
   18
 10
115926.32630155554
 20
40396.933721873356
 11
115883.86881886681
 21
40386.635909694879
  0
LINE
  8
_0-3_計画建物－天空率
  6
CONTINUOUS
 62
   18
 10
115883.86881886681
 20
40386.635909694879
 11
115841.96854163764
 21
40375.916380501272
  0
LINE
  8
_0-3_計画建物－天空率
  6
CONTINUOUS
 62
   18
 10
115841.96854163764
 20
40375.916380501272
 11
115800.64212965825
 21
40364.794427850858
  0
LINE
  8
_0-3_計画建物－天空率
  6
CONTINUOUS
 62
   18
 10
115800.64212965825
 20
40364.794427850858
 11
115759.90466446228
 21
40353.289563833706
  0
LINE
  8
_0-3_計画建物－天空率
  6
CONTINUOUS
 62
   18
 10
116341.42768347568
 20
40022.590213732939
 11
116283.11512114253
 21
40062.852661511962
  0
LINE
  8
_0-3_計画建物－天空率
  6
CONTINUOUS
 62
   18
 10
116283.11512114253
 20
40062.852661511962
 11
116226.50848345999
 21
40100.530934060669
  0
LINE
  8
_0-3_計画建物－天空率
  6
CONTINUOUS
 62
   18
 10
116226.50848345999
 20
40100.530934060669
 11
116171.66722892379
 21
40135.685177747225
  0
LINE
  8
_0-3_計画建物－天空率
  6
CONTINUOUS
 62
   18
 10
116171.66722892379
 20
40135.685177747225
 11
116118.63354867875
 21
40168.389080111046
  0
LINE
  8
_0-3_計画建物－天空率
  6
CONTINUOUS
 62
   18
 10
116118.63354867875
 20
40168.389080111046
 11
116067.43363586736
 21
40198.727395427456
  0
LINE
  8
_0-3_計画建物－天空率
  6
CONTINUOUS
 62
   18
 10
116067.43363586736
 20
40198.727395427456
 11
116018.0791120171
 21
40226.793574474169
  0
LINE
  8
_0-3_計画建物－天空率
  6
CONTINUOUS
 62
   18
 10
116018.0791120171
 20
40226.793574474169
 11
115970.56854544983
 21
40252.687550591486
  0
LINE
  8
_0-3_計画建物－天空率
  6
CONTINUOUS
 62
   18
 10
115970.56854544983
 20
40252.687550591486
 11
115924.88900487871
 21
40276.513718640031
  0
LINE
  8
_0-3_計画建物－天空率
  6
CONTINUOUS
 62
   18
 10
115924.88900487871
 20
40276.513718640031
 11
115881.01760061908
 21
40298.379129381704
  0
LINE
  8
_0-3_計画建物－天空率
  6
CONTINUOUS
 62
   18
 10
115881.01760061908
 20
40298.379129381704
 11
115838.92297538145
 21
40318.391909661571
  0
LINE
  8
_0-3_計画建物－天空率
  6
CONTINUOUS
 62
   18
 10
115838.92297538145
 20
40318.391909661571
 11
115798.56671582201
 21
40336.659908798523
  0
LINE
  8
_0-3_計画建物－天空率
  6
CONTINUOUS
 62
   18
 10
115798.56671582201
 20
40336.659908798523
 11
115759.90466446228
 21
40353.289563833706
  0
LINE
  8
_0-3_計画建物－天空率
  6
CONTINUOUS
 62
   18
 10
116157.62095737666
 20
40941.623844228095
 11
116341.42768347568
 21
40022.590213732939
  0
LINE
  8
_0-3_計画建物－天空率
  6
CONTINUOUS
 62
   18
 10
116341.42768347568
 20
40022.590213732939
 11
116314.76052674278
 21
40012.026567433465
  0
LINE
  8
_0-3_計画建物－天空率
  6
CONTINUOUS
 62
   18
 10
116314.76052674278
 20
40012.026567433465
 11
116287.78101694033
 21
40001.130269678207
  0
LINE
  8
_0-3_計画建物－天空率
  6
CONTINUOUS
 62
   18
 10
116287.78101694033
 20
40001.130269678207
 11
116260.49167195682
 21
39989.894047306879
  0
LINE
  8
_0-3_計画建物－天空率
  6
CONTINUOUS
 62
   18
 10
116260.49167195682
 20
39989.894047306879
 11
116232.89548043344
 21
39978.310678698384
  0
LINE
  8
_0-3_計画建物－天空率
  6
CONTINUOUS
 62
   18
 10
116232.89548043344
 20
39978.310678698384
 11
116204.99592266614
 21
39966.37301315317
  0
LINE
  8
_0-3_計画建物－天空率
  6
CONTINUOUS
 62
   18
 10
116204.99592266614
 20
39966.37301315317
 11
116176.79699127373
 21
39954.073991477358
  0
LINE
  8
_0-3_計画建物－天空率
  6
CONTINUOUS
 62
   18
 10
116176.79699127373
 20
39954.073991477358
 11
116148.30321150277
 21
39941.406667766372
  0
LINE
  8
_0-3_計画建物－天空率
  6
CONTINUOUS
 62
   18
 10
116148.30321150277
 20
39941.406667766372
 11
116119.51966103147
 21
39928.364232376501
  0
LINE
  8
_0-3_計画建物－天空率
  6
CONTINUOUS
 62
   18
 10
116119.51966103147
 20
39928.364232376501
 11
116090.45198912367
 21
39914.94003606314
  0
LINE
  8
_0-3_計画建物－天空率
  6
CONTINUOUS
 62
   18
 10
116090.45198912367
 20
39914.94003606314
 11
116061.10643497499
 21
39901.127615253288
  0
LINE
  8
_0-3_計画建物－天空率
  6
CONTINUOUS
 62
   18
 10
116061.10643497499
 20
39901.127615253288
 11
116031.48984508395
 21
39886.920718408437
  0
LINE
  8
_0-3_計画建物－天空率
  6
CONTINUOUS
 62
   18
 10
116031.48984508395
 20
39886.920718408437
 11
116001.6096894717
 21
39872.313333421036
  0
LINE
  8
_0-3_計画建物－天空率
  6
CONTINUOUS
 62
   18
 10
116001.6096894717
 20
39872.313333421036
 11
115971.47407656775
 21
39857.29971597444
  0
LINE
  8
_0-3_計画建物－天空率
  6
CONTINUOUS
 62
   18
 10
115971.47407656775
 20
39857.29971597444
 11
115941.09176657091
 21
39841.874418782055
  0
LINE
  8
_0-3_計画建物－天空率
  6
CONTINUOUS
 62
   18
 10
115941.09176657091
 20
39841.874418782055
 11
115910.47218309059
 21
39826.032321606282
  0
LINE
  8
_0-3_計画建物－天空率
  6
CONTINUOUS
 62
   18
 10
115910.47218309059
 20
39826.032321606282
 11
115879.62542286916
 21
39809.768661942987
  0
LINE
  8
_0-3_計画建物－天空率
  6
CONTINUOUS
 62
   18
 10
115879.62542286916
 20
39809.768661942987
 11
115848.56226338406
 21
39793.079066240963
  0
LINE
  8
_0-3_計画建物－天空率
  6
CONTINUOUS
 62
   18
 10
115848.56226338406
 20
39793.079066240963
 11
115817.2941681285
 21
39775.959581510294
  0
LINE
  8
_0-3_計画建物－天空率
  6
CONTINUOUS
 62
   18
 10
115817.2941681285
 20
39775.959581510294
 11
115785.8332893711
 21
39758.406707157337
  0
LINE
  8
_0-3_計画建物－天空率
  6
CONTINUOUS
 62
   18
 10
115785.8332893711
 20
39758.406707157337
 11
115754.19246819992
 21
39740.417426868523
  0
LINE
  8
_0-3_計画建物－天空率
  6
CONTINUOUS
 62
   18
 10
115754.19246819992
 20
39740.417426868523
 11
115722.3852316623
 21
39721.989240349656
  0
LINE
  8
_0-3_計画建物－天空率
  6
CONTINUOUS
 62
   18
 10
115722.3852316623
 20
39721.989240349656
 11
115690.42578682261
 21
39703.120194713083
  0
LINE
  8
_0-3_計画建物－天空率
  6
CONTINUOUS
 62
   18
 10
115690.42578682261
 20
39703.120194713083
 11
115658.32901157179
 21
39683.808915291367
  0
LINE
  8
_0-3_計画建物－天空率
  6
CONTINUOUS
 62
   18
 10
115658.32901157179
 20
39683.808915291367
 11
115626.11044203884
 21
39664.054635643937
  0
LINE
  8
_0-3_計画建物－天空率
  6
CONTINUOUS
 62
   18
 10
115626.11044203884
 20
39664.054635643937
 11
115593.78625647166
 21
39643.85722651262
  0
LINE
  8
_0-3_計画建物－天空率
  6
CONTINUOUS
 62
   18
 10
115593.78625647166
 20
39643.85722651262
 11
115561.37325547829
 21
39623.217223473038
  0
LINE
  8
_0-3_計画建物－天空率
  6
CONTINUOUS
 62
   18
 10
115561.37325547829
 20
39623.217223473038
 11
115528.8888385423
 21
39602.135853022693
  0
LINE
  8
_0-3_計画建物－天空率
  6
CONTINUOUS
 62
   18
 10
115528.8888385423
 20
39602.135853022693
 11
115496.35097675466
 21
39580.615056842223
  0
LINE
  8
_0-3_計画建物－天空率
  6
CONTINUOUS
 62
   18
 10
115496.35097675466
 20
39580.615056842223
 11
115463.77818173487
 21
39558.657513965532
  0
LINE
  8
_0-3_計画建物－天空率
  6
CONTINUOUS
 62
   18
 10
115463.77818173487
 20
39558.657513965532
 11
115431.18947074626
 21
39536.266660596214
  0
LINE
  8
_0-3_計画建物－天空率
  6
CONTINUOUS
 62
   18
 10
115431.18947074626
 20
39536.266660596214
 11
115398.60432804662
 21
39513.446707312912
  0
LINE
  8
_0-3_計画建物－天空率
  6
CONTINUOUS
 62
   18
 10
115398.60432804662
 20
39513.446707312912
 11
115366.04266255073
 21
39490.20265341505
  0
LINE
  8
_0-3_計画建物－天空率
  6
CONTINUOUS
 62
   18
 10
118706.50076426248
 20
39270.306165308706
 11
118677.37144335146
 21
39298.322903184416
  0
LINE
  8
_0-3_計画建物－天空率
  6
CONTINUOUS
 62
   18
 10
118677.37144335146
 20
39298.322903184416
 11
118647.89199437954
 21
39326.0622300877
  0
LINE
  8
_0-3_計画建物－天空率
  6
CONTINUOUS
 62
   18
 10
118647.89199437954
 20
39326.0622300877
 11
118618.08076813112
 21
39353.508837001478
  0
LINE
  8
_0-3_計画建物－天空率
  6
CONTINUOUS
 62
   18
 10
118618.08076813112
 20
39353.508837001478
 11
118587.95662413246
 21
39380.647983804024
  0
LINE
  8
_0-3_計画建物－天空率
  6
CONTINUOUS
 62
   18
 10
118587.95662413246
 20
39380.647983804024
 11
118557.53887201583
 21
39407.465538060845
  0
LINE
  8
_0-3_計画建物－天空率
  6
CONTINUOUS
 62
   18
 10
118557.53887201583
 20
39407.465538060845
 11
118526.84721120135
 21
39433.948010568368
  0
LINE
  8
_0-3_計画建物－天空率
  6
CONTINUOUS
 62
   18
 10
118526.84721120135
 20
39433.948010568368
 11
118495.90166932712
 21
39460.0825874508
  0
LINE
  8
_0-3_計画建物－天空率
  6
CONTINUOUS
 62
   18
 10
118495.90166932712
 20
39460.0825874508
 11
118464.72253986207
 21
39485.857158645689
  0
LINE
  8
_0-3_計画建物－天空率
  6
CONTINUOUS
 62
   18
 10
118464.72253986207
 20
39485.857158645689
 11
118433.33031933791
 21
39511.260342651141
  0
LINE
  8
_0-3_計画建物－天空率
  6
CONTINUOUS
 62
   18
 10
118433.33031933791
 20
39511.260342651141
 11
118401.74564463013
 21
39536.281507443993
  0
LINE
  8
_0-3_計画建物－天空率
  6
CONTINUOUS
 62
   18
 10
118401.74564463013
 20
39536.281507443993
 11
118369.98923070868
 21
39560.910787516048
  0
LINE
  8
_0-3_計画建物－天空率
  6
CONTINUOUS
 62
   18
 10
118369.98923070868
 20
39560.910787516048
 11
118338.08180926344
 21
39585.139097011946
  0
LINE
  8
_0-3_計画建物－天空率
  6
CONTINUOUS
 62
   18
 10
118338.08180926344
 20
39585.139097011946
 11
118306.04406859113
 21
39608.958138988404
  0
LINE
  8
_0-3_計画建物－天空率
  6
CONTINUOUS
 62
   18
 10
118306.04406859113
 20
39608.958138988404
 11
118273.8965951063
 21
39632.360410848596
  0
LINE
  8
_0-3_計画建物－天空率
  6
CONTINUOUS
 62
   18
 10
118273.8965951063
 20
39632.360410848596
 11
118241.65981681265
 21
39655.339206038137
  0
LINE
  8
_0-3_計画建物－天空率
  6
CONTINUOUS
 62
   18
 10
118241.65981681265
 20
39655.339206038137
 11
118209.35394904202
 21
39677.888612119088
  0
LINE
  8
_0-3_計画建物－天空率
  6
CONTINUOUS
 62
   18
 10
118209.35394904202
 20
39677.888612119088
 11
118176.99894273528
 21
39700.003505365813
  0
LINE
  8
_0-3_計画建物－天空率
  6
CONTINUOUS
 62
   18
 10
118176.99894273528
 20
39700.003505365813
 11
118144.61443550705
 21
39721.679542051017
  0
LINE
  8
_0-3_計画建物－天空率
  6
CONTINUOUS
 62
   18
 10
118144.61443550705
 20
39721.679542051017
 11
118112.21970570058
 21
39742.913146611732
  0
LINE
  8
_0-3_計画建物－天空率
  6
CONTINUOUS
 62
   18
 10
118112.21970570058
 20
39742.913146611732
 11
118079.83362960387
 21
39763.701496903006
  0
LINE
  8
_0-3_計画建物－天空率
  6
CONTINUOUS
 62
   18
 10
118079.83362960387
 20
39763.701496903006
 11
118047.47464196306
 21
39784.042506761747
  0
LINE
  8
_0-3_計画建物－天空率
  6
CONTINUOUS
 62
   18
 10
118047.47464196306
 20
39784.042506761747
 11
118015.16069989379
 21
39803.93480611479
  0
LINE
  8
_0-3_計画建物－天空率
  6
CONTINUOUS
 62
   18
 10
118015.16069989379
 20
39803.93480611479
 11
117982.90925025704
 21
39823.377718873161
  0
LINE
  8
_0-3_計画建物－天空率
  6
CONTINUOUS
 62
   18
 10
117982.90925025704
 20
39823.377718873161
 11
117950.73720053369
 21
39842.371238859726
  0
LINE
  8
_0-3_計画建物－天空率
  6
CONTINUOUS
 62
   18
 10
117950.73720053369
 20
39842.371238859726
 11
117918.66089320067
 21
39860.916004019076
  0
LINE
  8
_0-3_計画建物－天空率
  6
CONTINUOUS
 62
   18
 10
117918.66089320067
 20
39860.916004019076
 11
117886.69608358213
 21
39879.013269157876
  0
LINE
  8
_0-3_計画建物－天空率
  6
CONTINUOUS
 62
   18
 10
117886.69608358213
 20
39879.013269157876
 11
117854.85792112333
 21
39896.664877460279
  0
LINE
  8
_0-3_計画建物－天空率
  6
CONTINUOUS
 62
   18
 10
118260.0591247847
 20
40589.772199512583
 11
117854.85792112333
 21
39896.664877460279
  0
LINE
  8
_0-3_計画建物－天空率
  6
CONTINUOUS
 62
   18
 10
118251.20464396815
 20
40155.378739800704
 11
118190.04056322103
 21
40120.861392786617
  0
LINE
  8
_0-3_計画建物－天空率
  6
CONTINUOUS
 62
   18
 10
118190.04056322103
 20
40120.861392786617
 11
118120.73222078238
 21
40078.982382276713
  0
LINE
  8
_0-3_計画建物－天空率
  6
CONTINUOUS
 62
   18
 10
118120.73222078238
 20
40078.982382276713
 11
118042.3470478325
 21
40028.523048140436
  0
LINE
  8
_0-3_計画建物－天空率
  6
CONTINUOUS
 62
   18
 10
118042.3470478325
 20
40028.523048140436
 11
117953.98506903674
 21
39968.187128730227
  0
LINE
  8
_0-3_計画建物－天空率
  6
CONTINUOUS
 62
   18
 10
117953.98506903674
 20
39968.187128730227
 11
117854.85792112333
 21
39896.664877460279
  0
LINE
  8
_0-3_計画建物－天空率
  6
CONTINUOUS
 62
   18
 10
117854.85792112333
 20
39896.664877460279
 11
117824.06512486004
 21
39904.866561781811
  0
LINE
  8
_0-3_計画建物－天空率
  6
CONTINUOUS
 62
   18
 10
117824.06512486004
 20
39904.866561781811
 11
117792.87602553336
 21
39912.904032206213
  0
LINE
  8
_0-3_計画建物－天空率
  6
CONTINUOUS
 62
   18
 10
117792.87602553336
 20
39912.904032206213
 11
117761.2955536906
 21
39920.769205343378
  0
LINE
  8
_0-3_計画建物－天空率
  6
CONTINUOUS
 62
   18
 10
117761.2955536906
 20
39920.769205343378
 11
117729.32923607085
 21
39928.453982423612
  0
LINE
  8
_0-3_計画建物－天空率
  6
CONTINUOUS
 62
   18
 10
117729.32923607085
 20
39928.453982423612
 11
117696.98320599082
 21
39935.950267516927
  0
LINE
  8
_0-3_計画建物－天空率
  6
CONTINUOUS
 62
   18
 10
117696.98320599082
 20
39935.950267516927
 11
117664.26421207546
 21
39943.249986570808
  0
LINE
  8
_0-3_計画建物－天空率
  6
CONTINUOUS
 62
   18
 10
117664.26421207546
 20
39943.249986570808
 11
117631.17962520016
 21
39950.345107208951
  0
LINE
  8
_0-3_計画建物－天空率
  6
CONTINUOUS
 62
   18
 10
117631.17962520016
 20
39950.345107208951
 11
117597.73744351594
 21
39957.227659224779
  0
LINE
  8
_0-3_計画建物－天空率
  6
CONTINUOUS
 62
   18
 10
117597.73744351594
 20
39957.227659224779
 11
117563.9462954354
 21
39963.889755694151
  0
LINE
  8
_0-3_計画建物－天空率
  6
CONTINUOUS
 62
   18
 10
117563.9462954354
 20
39963.889755694151
 11
117529.81544046524
 21
39970.323614623186
  0
LINE
  8
_0-3_計画建物－天空率
  6
CONTINUOUS
 62
   18
 10
117529.81544046524
 20
39970.323614623186
 11
117495.3547677798
 21
39976.52158103825
  0
LINE
  8
_0-3_計画建物－天空率
  6
CONTINUOUS
 62
   18
 10
117495.3547677798
 20
39976.52158103825
 11
117460.57479244162
 21
39982.476149417088
  0
LINE
  8
_0-3_計画建物－天空率
  6
CONTINUOUS
 62
   18
 10
117460.57479244162
 20
39982.476149417088
 11
117425.4866491871
 21
39988.17998635229
  0
LINE
  8
_0-3_計画建物－天空率
  6
CONTINUOUS
 62
   18
 10
117425.4866491871
 20
39988.17998635229
 11
117390.10208370955
 21
39993.625953331094
  0
LINE
  8
_0-3_計画建物－天空率
  6
CONTINUOUS
 62
   18
 10
117390.10208370955
 20
39993.625953331094
 11
117354.43344138689
 21
39998.807129509361
  0
LINE
  8
_0-3_計画建物－天空率
  6
CONTINUOUS
 62
   18
 10
117354.43344138689
 20
39998.807129509361
 11
117318.49365341884
 21
40003.716834351987
  0
LINE
  8
_0-3_計画建物－天空率
  6
CONTINUOUS
 62
   18
 10
117318.49365341884
 20
40003.716834351987
 11
117282.29622035505
 21
40008.348650007552
  0
LINE
  8
_0-3_計画建物－天空率
  6
CONTINUOUS
 62
   18
 10
117282.29622035505
 20
40008.348650007552
 11
117245.85519301601
 21
40012.696443281725
  0
LINE
  8
_0-3_計画建物－天空率
  6
CONTINUOUS
 62
   18
 10
117245.85519301601
 20
40012.696443281725
 11
117209.18515082699
 21
40016.7543870718
  0
LINE
  8
_0-3_計画建物－天空率
  6
CONTINUOUS
 62
   18
 10
117209.18515082699
 20
40016.7543870718
 11
117172.30117760656
 21
40020.516981123968
  0
LINE
  8
_0-3_計画建物－天空率
  6
CONTINUOUS
 62
   18
 10
117172.30117760656
 20
40020.516981123968
 11
117135.21883487199
 21
40023.979071975292
  0
LINE
  8
_0-3_計画建物－天空率
  6
CONTINUOUS
 62
   18
 10
117135.21883487199
 20
40023.979071975292
 11
117097.95413274366
 21
40027.135871944745
  0
LINE
  8
_0-3_計画建物－天空率
  6
CONTINUOUS
 62
   18
 10
117097.95413274366
 20
40027.135871944745
 11
117060.52349855365
 21
40029.982977040526
  0
LINE
  8
_0-3_計画建物－天空率
  6
CONTINUOUS
 62
   18
 10
117060.52349855365
 20
40029.982977040526
 11
117022.94374328148
 21
40032.516383656417
  0
LINE
  8
_0-3_計画建物－天空率
  6
CONTINUOUS
 62
   18
 10
117022.94374328148
 20
40032.516383656417
 11
116985.23202596211
 21
40034.732503935731
  0
LINE
  8
_0-3_計画建物－天空率
  6
CONTINUOUS
 62
   18
 10
116985.23202596211
 20
40034.732503935731
 11
116947.40581622868
 21
40036.628179689629
  0
LINE
  8
_0-3_計画建物－天空率
  6
CONTINUOUS
 62
   18
 10
116947.40581622868
 20
40036.628179689629
 11
116909.48285517092
 21
40038.200694765393
  0
LINE
  8
_0-3_計画建物－天空率
  6
CONTINUOUS
 62
   18
 10
116909.48285517092
 20
40038.200694765393
 11
116871.48111470603
 21
40039.447785770906
  0
LINE
  8
_0-3_計画建物－天空率
  6
CONTINUOUS
 62
   18
 10
116871.48111470603
 20
40039.447785770906
 11
116833.41875567341
 21
40040.367651072912
  0
LINE
  8
_0-3_計画建物－天空率
  6
CONTINUOUS
 62
   18
 10
116833.41875567341
 20
40040.367651072912
 11
116795.31408487755
 21
40040.958957999515
  0
LINE
  8
_0-3_計画建物－天空率
  6
CONTINUOUS
 62
   18
 10
116795.31408487755
 20
40040.958957999515
 11
116757.1855113134
 21
40041.22084819051
  0
LINE
  8
_0-3_計画建物－天空率
  6
CONTINUOUS
 62
   18
 10
116757.1855113134
 20
40041.22084819051
 11
116719.05150181673
 21
40041.152941053805
  0
LINE
  8
_0-3_計画建物－天空率
  6
CONTINUOUS
 62
   18
 10
116719.05150181673
 20
40041.152941053805
 11
116680.93053638879
 21
40040.755335300505
  0
LINE
  8
_0-3_計画建物－天空率
  6
CONTINUOUS
 62
   18
 10
116680.93053638879
 20
40040.755335300505
 11
116642.84106344616
 21
40040.028608546563
  0
LINE
  8
_0-3_計画建物－天空率
  6
CONTINUOUS
 62
   18
 10
116642.84106344616
 20
40040.028608546563
 11
116604.8014552492
 21
40038.973814984339
  0
LINE
  8
_0-3_計画建物－天空率
  6
CONTINUOUS
 62
   18
 10
116604.8014552492
 20
40038.973814984339
 11
116566.82996375941
 21
40037.592481142091
  0
LINE
  8
_0-3_計画建物－天空率
  6
CONTINUOUS
 62
   18
 10
116566.82996375941
 20
40037.592481142091
 11
116528.94467717237
 21
40035.886599765115
  0
LINE
  8
_0-3_計画建物－天空率
  6
CONTINUOUS
 62
   18
 10
116528.94467717237
 20
40035.886599765115
 11
116491.1634773659
 21
40033.858621866223
  0
LINE
  8
_0-3_計画建物－天空率
  6
CONTINUOUS
 62
   18
 10
116491.1634773659
 20
40033.858621866223
 11
116453.50399849383
 21
40031.511447007476
  0
LINE
  8
_0-3_計画建物－天空率
  6
CONTINUOUS
 62
   18
 10
116453.50399849383
 20
40031.511447007476
 11
116415.98358694455
 21
40028.848411888262
  0
LINE
  8
_0-3_計画建物－天空率
  6
CONTINUOUS
 62
   18
 10
116415.98358694455
 20
40028.848411888262
 11
116378.61926287002
 21
40025.873277326696
  0
LINE
  8
_0-3_計画建物－天空率
  6
CONTINUOUS
 62
   18
 10
116378.61926287002
 20
40025.873277326696
 11
116341.42768347568
 21
40022.590213732939
  0
CIRCLE
  8
_0-3_計画建物－天空率
  6
CONTINUOUS
 62
   18
 10
124745.96936279122
 20
37999.881817155335
 40
3000
  0
POINT
  8
_0-3_計画建物－天空率
 62
   18
 10
94225.45276732133
 20
67110.169491525419
  0
TEXT
  8
_0-3_計画建物－天空率
 62
  132
 10
94225.45276732133
 20
67110.169491525419
 40
500
 41
1
 50
0
  1
No.6
  0
TEXT
  8
_0-3_計画建物－天空率
 62
  132
 10
123370.96936279122
 20
34249.881817155335
 40
500
 41
1
 50
0
  1
測定点 No.6
  0
TEXT
  8
_0-3_計画建物－天空率
 62
  132
 10
121120.96936279122
 20
33499.881817155335
 40
500
 41
1
 50
0
  1
正射影 　測定面高さ = 0.000 m
  0
LINE
  8
_0-3_計画建物－天空率
  6
CONTINUOUS
 62
  132
 10
126410.20752926476
 20
39396.34344883445
 11
127044.10269214815
 21
39928.244646214952
  0
LINE
  8
_0-3_計画建物－天空率
  6
CONTINUOUS
 62
  132
 10
126329.27830294889
 20
39425.499590246225
 11
126975.40383922339
 21
40007.273636231911
  0
LINE
  8
_0-3_計画建物－天空率
  6
CONTINUOUS
 62
  132
 10
126249.84962576547
 20
39452.162105763491
 11
126903.98876380718
 21
40083.856928532324
  0
LINE
  8
_0-3_計画建物－天空率
  6
CONTINUOUS
 62
  132
 10
126171.97388121906
 20
39476.55272358968
 11
126829.94447416822
 21
40157.901218171289
  0
LINE
  8
_0-3_計画建物－天空率
  6
CONTINUOUS
 62
  132
 10
126095.63299393799
 20
39498.835136716741
 11
126753.36118186778
 21
40229.316293587515
  0
LINE
  8
_0-3_計画建物－天空率
  6
CONTINUOUS
 62
  132
 10
126020.81943759269
 20
39519.188973818992
 11
126674.33219185084
 21
40298.015146512268
  0
LINE
  8
_0-3_計画建物－天空率
  6
CONTINUOUS
 62
  132
 10
125947.50614138078
 20
39537.778762683272
 11
126592.9537887682
 21
40363.914077975496
  0
LINE
  8
_0-3_計画建物－天空率
  6
CONTINUOUS
 62
  132
 10
125875.65009405264
 20
39554.753951568207
 11
126509.32511966864
 21
40426.932800280177
  0
LINE
  8
_0-3_計画建物－天空率
  6
CONTINUOUS
 62
  132
 10
125805.15866910513
 20
39570.194540962424
 11
126423.54807320346
 21
40486.994534820463
  0
LINE
  8
_0-3_計画建物－天空率
  6
CONTINUOUS
 62
  132
 10
125735.99399067048
 20
39584.252413751506
 11
126335.72715549082
 21
40544.026105624616
  0
LINE
  8
_0-3_計画建物－天空率
  6
CONTINUOUS
 62
  132
 10
125668.08363024772
 20
39597.030578774152
 11
126245.96936279122
 21
40597.958028508648
  0
LINE
  8
_0-3_計画建物－天空率
  6
CONTINUOUS
 62
  132
 10
125601.3526566171
 20
39608.623815868792
 11
126154.38405114889
 21
40648.724595732113
  0
LINE
  8
_0-3_計画建物－天空率
  6
CONTINUOUS
 62
  132
 10
125535.70662116001
 20
39619.083151827166
 11
126061.08280315845
 21
40696.26395605284
  0
LINE
  8
_0-3_計画建物－天空率
  6
CONTINUOUS
 62
  132
 10
125471.07791545899
 20
39628.502291519624
 11
125966.17929201861
 21
40740.518190083137
  0
LINE
  8
_0-3_計画建物－天空率
  6
CONTINUOUS
 62
  132
 10
125407.39520844274
 20
39636.968232237195
 11
125869.78914303895
 21
40781.433380855698
  0
LINE
  8
_0-3_計画建物－天空率
  6
CONTINUOUS
 62
  132
 10
125344.5771797443
 20
39644.543277342963
 11
125772.02979276821
 21
40818.959679513063
  0
LINE
  8
_0-3_計画建物－天空率
  6
CONTINUOUS
 62
  132
 10
125282.51605404993
 20
39651.202735768136
 11
125673.02034591606
 21
40853.051366040795
  0
LINE
  8
_0-3_計画建物－天空率
  6
CONTINUOUS
 62
  132
 10
125221.16652275594
 20
39657.091256488471
 11
125572.88143024222
 21
40883.66690497029
  0
LINE
  8
_0-3_計画建物－天空率
  6
CONTINUOUS
 62
  132
 10
125160.42553086645
 20
39662.174713857777
 11
125471.73504959023
 21
40910.768995983322
  0
LINE
  8
_0-3_計画建物－天空率
  6
CONTINUOUS
 62
  132
 10
125100.22665347719
 20
39666.531333418846
 11
125369.70443524449
 21
40934.324619356753
  0
LINE
  8
_0-3_計画建物－天空率
  6
CONTINUOUS
 62
  132
 10
125040.48480914812
 20
39670.161913675794
 11
125266.913895792
 21
40954.305076191958
  0
LINE
  8
_0-3_計画建物－天空率
  6
CONTINUOUS
 62
  132
 10
124981.12655442237
 20
39673.112178488496
 11
125163.4886656714
 21
40970.686023380047
  0
LINE
  8
_0-3_計画建物－天空率
  6
CONTINUOUS
 62
  132
 10
124922.07045113461
 20
39675.371752439641
 11
125059.55475259418
 21
40983.447503260154
  0
LINE
  8
_0-3_計画建物－天空率
  6
CONTINUOUS
 62
  132
 10
124863.24504673325
 20
39677.002233237944
 11
124955.23878402358
 21
40992.573967934804
  0
LINE
  8
_0-3_計画建物－天空率
  6
CONTINUOUS
 62
  132
 10
124804.56852293803
 20
39677.94220928548
 11
124850.66785289873
 21
40998.05429821262
  0
LINE
  8
_0-3_計画建物－天空率
  6
CONTINUOUS
 62
  132
 10
124745.96936279122
 20
39678.300382158522
 11
124745.96936279122
 21
40999.881817155335
  0
LINE
  8
_0-3_計画建物－天空率
  6
CONTINUOUS
 62
  132
 10
124687.3702026444
 20
39677.94220928548
 11
124641.2708726837
 21
40998.05429821262
  0
LINE
  8
_0-3_計画建物－天空率
  6
CONTINUOUS
 62
  132
 10
124628.69367884918
 20
39677.002233237944
 11
124536.69994155885
 21
40992.573967934804
  0
LINE
  8
_0-3_計画建物－天空率
  6
CONTINUOUS
 62
  132
 10
124569.86827444782
 20
39675.371752439641
 11
124432.38397298826
 21
40983.447503260154
  0
LINE
  8
_0-3_計画建物－天空率
  6
CONTINUOUS
 62
  132
 10
124510.81217116006
 20
39673.112178488496
 11
124328.45005991103
 21
40970.686023380047
  0
LINE
  8
_0-3_計画建物－天空率
  6
CONTINUOUS
 62
  132
 10
124451.45391643431
 20
39670.161913675801
 11
124225.02482979043
 21
40954.305076191958
  0
LINE
  8
_0-3_計画建物－天空率
  6
CONTINUOUS
 62
  132
 10
124391.71207210524
 20
39666.531333418839
 11
124122.23429033794
 21
40934.324619356753
  0
LINE
  8
_0-3_計画建物－天空率
  6
CONTINUOUS
 62
  132
 10
124331.51319471598
 20
39662.174713857777
 11
124020.2036759922
 21
40910.768995983322
  0
LINE
  8
_0-3_計画建物－天空率
  6
CONTINUOUS
 62
  132
 10
124270.77220282649
 20
39657.091256488471
 11
123919.05729534021
 21
40883.66690497029
  0
LINE
  8
_0-3_計画建物－天空率
  6
CONTINUOUS
 62
  132
 10
124209.4226715325
 20
39651.202735768136
 11
123818.91837966638
 21
40853.051366040795
  0
LINE
  8
_0-3_計画建物－天空率
  6
CONTINUOUS
 62
  132
 10
124147.36154583813
 20
39644.543277342963
 11
123719.90893281422
 21
40818.959679513063
  0
LINE
  8
_0-3_計画建物－天空率
  6
CONTINUOUS
 62
  132
 10
124084.54351713969
 20
39636.968232237195
 11
123622.14958254348
 21
40781.433380855698
  0
LINE
  8
_0-3_計画建物－天空率
  6
CONTINUOUS
 62
  132
 10
124020.86081012344
 20
39628.502291519624
 11
123525.75943356382
 21
40740.518190083137
  0
LINE
  8
_0-3_計画建物－天空率
  6
CONTINUOUS
 62
  132
 10
123956.23210442242
 20
39619.083151827166
 11
123430.85592242398
 21
40696.26395605284
  0
LINE
  8
_0-3_計画建物－天空率
  6
CONTINUOUS
 62
  132
 10
123890.58606896533
 20
39608.623815868792
 11
123337.55467443354
 21
40648.724595732121
  0
LINE
  8
_0-3_計画建物－天空率
  6
CONTINUOUS
 62
  132
 10
123823.85509533471
 20
39597.030578774152
 11
123245.96936279122
 21
40597.958028508648
  0
LINE
  8
_0-3_計画建物－天空率
  6
CONTINUOUS
 62
  132
 10
123755.94473491198
 20
39584.252413751506
 11
123156.21157009161
 21
40544.026105624616
  0
LINE
  8
_0-3_計画建物－天空率
  6
CONTINUOUS
 62
  132
 10
123686.7800564773
 20
39570.194540962424
 11
123068.39065237897
 21
40486.994534820463
  0
LINE
  8
_0-3_計画建物－天空率
  6
CONTINUOUS
 62
  132
 10
123616.28863152979
 20
39554.753951568207
 11
122982.61360591379
 21
40426.932800280177
  0
LINE
  8
_0-3_計画建物－天空率
  6
CONTINUOUS
 62
  132
 10
123544.43258420165
 20
39537.778762683272
 11
122898.98493681423
 21
40363.914077975496
  0
LINE
  8
_0-3_計画建物－天空率
  6
CONTINUOUS
 62
  132
 10
123471.11928798974
 20
39519.188973818992
 11
122817.60653373159
 21
40298.015146512276
  0
LINE
  8
_0-3_計画建物－天空率
  6
CONTINUOUS
 62
  132
 10
123396.30573164444
 20
39498.835136716741
 11
122738.57754371465
 21
40229.316293587515
  0
LINE
  8
_0-3_計画建物－天空率
  6
CONTINUOUS
 62
  132
 10
123319.96484436337
 20
39476.55272358968
 11
122661.99425141424
 21
40157.901218171289
  0
LINE
  8
_0-3_計画建物－天空率
  6
CONTINUOUS
 62
  132
 10
123242.08909981696
 20
39452.162105763491
 11
122587.94996177525
 21
40083.856928532324
  0
LINE
  8
_0-3_計画建物－天空率
  6
CONTINUOUS
 62
  132
 10
123162.66042263354
 20
39425.499590246225
 11
122516.53488635904
 21
40007.273636231911
  0
LINE
  8
_0-3_計画建物－天空率
  6
CONTINUOUS
 62
  132
 10
123081.73119631767
 20
39396.34344883445
 11
122447.83603343428
 21
39928.244646214952
  0
TEXT
  8
_0-3_計画建物－天空率
 62
  132
 10
122745.96936279122
 20
32749.881817155335
 40
500
 41
1
 50
0
  1
天空率 = 82.43 %
  0
LINE
  8
_0-3_計画建物－天空率
  6
CONTINUOUS
 62
   18
 10
123483.20038298572
 20
40260.23829100719
 11
123465.20525845028
 21
40235.397344732249
  0
LINE
  8
_0-3_計画建物－天空率
  6
CONTINUOUS
 62
   18
 10
123465.20525845028
 20
40235.397344732249
 11
123446.90183317018
 21
40209.477587992558
  0
LINE
  8
_0-3_計画建物－天空率
  6
CONTINUOUS
 62
   18
 10
123446.90183317018
 20
40209.477587992558
 11
123428.29527115973
 21
40182.429267112209
  0
LINE
  8
_0-3_計画建物－天空率
  6
CONTINUOUS
 62
   18
 10
123428.29527115973
 20
40182.429267112209
 11
123409.39234314487
 21
40154.200958821675
  0
LINE
  8
_0-3_計画建物－天空率
  6
CONTINUOUS
 62
   18
 10
123409.39234314487
 20
40154.200958821675
 11
123390.20160222267
 21
40124.739652810043
  0
LINE
  8
_0-3_計画建物－天空率
  6
CONTINUOUS
 62
   18
 10
123390.20160222267
 20
40124.739652810043
 11
123370.73357081608
 21
40093.990864026578
  0
LINE
  8
_0-3_計画建物－天空率
  6
CONTINUOUS
 62
   18
 10
123370.73357081608
 20
40093.990864026578
 11
123351.00093835114
 21
40061.898779100381
  0
LINE
  8
_0-3_計画建物－天空率
  6
CONTINUOUS
 62
   18
 10
123351.00093835114
 20
40061.898779100381
 11
123331.01876871778
 21
40028.406441567894
  0
LINE
  8
_0-3_計画建物－天空率
  6
CONTINUOUS
 62
   18
 10
123331.01876871778
 20
40028.406441567894
 11
123310.8047161347
 21
39993.455980874583
  0
LINE
  8
_0-3_計画建物－天空率
  6
CONTINUOUS
 62
   18
 10
123310.8047161347
 20
39993.455980874583
 11
123290.37924752135
 21
39956.98889032274
  0
LINE
  8
_0-3_計画建物－天空率
  6
CONTINUOUS
 62
   18
 10
123290.37924752135
 20
39956.98889032274
 11
123269.76586887585
 21
39918.94635924531
  0
LINE
  8
_0-3_計画建物－天空率
  6
CONTINUOUS
 62
   18
 10
123269.76586887585
 20
39918.94635924531
 11
123248.99135247025
 21
39879.269664658291
  0
LINE
  8
_0-3_計画建物－天空率
  6
CONTINUOUS
 62
   18
 10
123248.99135247025
 20
39879.269664658291
 11
123228.08596090153
 21
39837.900627443574
  0
LINE
  8
_0-3_計画建物－天空率
  6
CONTINUOUS
 62
   18
 10
123228.08596090153
 20
39837.900627443574
 11
123207.08366318681
 21
39794.782137693917
  0
LINE
  8
_0-3_計画建物－天空率
  6
CONTINUOUS
 62
   18
 10
123207.08366318681
 20
39794.782137693917
 11
123186.02233717704
 21
39749.858753162508
  0
LINE
  8
_0-3_計画建物－天空率
  6
CONTINUOUS
 62
   18
 10
123186.02233717704
 20
39749.858753162508
 11
123164.94395160509
 21
39703.077373751308
  0
LINE
  8
_0-3_計画建物－天空率
  6
CONTINUOUS
 62
   18
 10
123164.94395160509
 20
39703.077373751308
 11
123143.89472011406
 21
39654.387993592819
  0
LINE
  8
_0-3_計画建物－天空率
  6
CONTINUOUS
 62
   18
 10
123143.89472011406
 20
39654.387993592819
 11
123122.92521866914
 21
39603.74453048325
  0
LINE
  8
_0-3_計画建物－天空率
  6
CONTINUOUS
 62
   18
 10
123122.92521866914
 20
39603.74453048325
 11
123102.09045689605
 21
39551.10573017277
  0
LINE
  8
_0-3_計画建物－天空率
  6
CONTINUOUS
 62
   18
 10
123102.09045689605
 20
39551.10573017277
 11
123081.44989317907
 21
39496.436140288431
  0
LINE
  8
_0-3_計画建物－天空率
  6
CONTINUOUS
 62
   18
 10
123081.44989317907
 20
39496.436140288431
 11
123061.06738286468
 21
39439.707145456195
  0
LINE
  8
_0-3_計画建物－天空率
  6
CONTINUOUS
 62
   18
 10
123061.06738286468
 20
39439.707145456195
 11
123041.01104874919
 21
39380.89805152938
  0
LINE
  8
_0-3_計画建物－天空率
  6
CONTINUOUS
 62
   18
 10
122414.77772734874
 20
39888.14704186374
 11
123041.01104874919
 21
39380.89805152938
  0
LINE
  8
_0-3_計画建物－天空率
  6
CONTINUOUS
 62
   18
 10
123282.83322894648
 20
40618.895496737386
 11
123483.20038298572
 21
40260.23829100719
  0
LINE
  8
_0-3_計画建物－天空率
  6
CONTINUOUS
 62
   18
 10
126450.92767683324
 20
39380.89805152938
 11
126428.0788960055
 21
39389.640713496977
  0
LINE
  8
_0-3_計画建物－天空率
  6
CONTINUOUS
 62
   18
 10
126428.0788960055
 20
39389.640713496977
 11
126404.79504257281
 21
39398.37342596714
  0
LINE
  8
_0-3_計画建物－天空率
  6
CONTINUOUS
 62
   18
 10
126404.79504257281
 20
39398.37342596714
 11
126381.0712544581
 21
39407.091382671154
  0
LINE
  8
_0-3_計画建物－天空率
  6
CONTINUOUS
 62
   18
 10
126381.0712544581
 20
39407.091382671154
 11
126356.90291056377
 21
39415.789580101809
  0
LINE
  8
_0-3_計画建物－天空率
  6
CONTINUOUS
 62
   18
 10
126356.90291056377
 20
39415.789580101809
 11
126332.28565375941
 21
39424.462816718296
  0
LINE
  8
_0-3_計画建物－天空率
  6
CONTINUOUS
 62
   18
 10
126332.28565375941
 20
39424.462816718296
 11
126307.21541464292
 21
39433.105692755205
  0
LINE
  8
_0-3_計画建物－天空率
  6
CONTINUOUS
 62
   18
 10
126307.21541464292
 20
39433.105692755205
 11
126281.68843602758
 21
39441.712610687027
  0
LINE
  8
_0-3_計画建物－天空率
  6
CONTINUOUS
 62
   18
 10
126281.68843602758
 20
39441.712610687027
 11
126255.7012980978
 21
39450.277776399867
  0
LINE
  8
_0-3_計画建物－天空率
  6
CONTINUOUS
 62
   18
 10
126255.7012980978
 20
39450.277776399867
 11
126229.25094416653
 21
39458.795201122338
  0
LINE
  8
_0-3_計画建物－天空率
  6
CONTINUOUS
 62
   18
 10
126229.25094416653
 20
39458.795201122338
 11
126202.3347069572
 21
39467.258704167463
  0
LINE
  8
_0-3_計画建物－天空率
  6
CONTINUOUS
 62
   18
 10
126202.3347069572
 20
39467.258704167463
 11
126174.95033532174
 21
39475.661916536242
  0
LINE
  8
_0-3_計画建物－天空率
  6
CONTINUOUS
 62
   18
 10
126174.95033532174
 20
39475.661916536242
 11
126147.09602129553
 21
39483.998285432593
  0
LINE
  8
_0-3_計画建物－天空率
  6
CONTINUOUS
 62
   18
 10
126147.09602129553
 20
39483.998285432593
 11
126118.77042737873
 21
39492.261079737181
  0
LINE
  8
_0-3_計画建物－天空率
  6
CONTINUOUS
 62
   18
 10
126118.77042737873
 20
39492.261079737181
 11
126089.97271392177
 21
39500.443396485141
  0
LINE
  8
_0-3_計画建物－天空率
  6
CONTINUOUS
 62
   18
 10
126089.97271392177
 20
39500.443396485141
 11
126060.70256648106
 21
39508.538168389437
  0
LINE
  8
_0-3_計画建物－天空率
  6
CONTINUOUS
 62
   18
 10
126060.70256648106
 20
39508.538168389437
 11
126030.96022300003
 21
39516.5381724475
  0
LINE
  8
_0-3_計画建物－天空率
  6
CONTINUOUS
 62
   18
 10
126030.96022300003
 20
39516.5381724475
 11
126000.74650065862
 21
39524.436039664229
  0
LINE
  8
_0-3_計画建物－天空率
  6
CONTINUOUS
 62
   18
 10
126000.74650065862
 20
39524.436039664229
 11
125970.06282222439
 21
39532.224265918506
  0
LINE
  8
_0-3_計画建物－天空率
  6
CONTINUOUS
 62
   18
 10
125970.06282222439
 20
39532.224265918506
 11
125938.91124172748
 21
39539.895223994615
  0
LINE
  8
_0-3_計画建物－天空率
  6
CONTINUOUS
 62
   18
 10
125938.91124172748
 20
39539.895223994615
 11
125907.29446927236
 21
39547.441176792002
  0
LINE
  8
_0-3_計画建物－天空率
  6
CONTINUOUS
 62
   18
 10
125907.29446927236
 20
39547.441176792002
 11
125875.21589479151
 21
39554.854291719741
  0
LINE
  8
_0-3_計画建物－天空率
  6
CONTINUOUS
 62
   18
 10
125875.21589479151
 20
39554.854291719741
 11
125842.67961053746
 21
39562.126656272499
  0
LINE
  8
_0-3_計画建物－天空率
  6
CONTINUOUS
 62
   18
 10
125842.67961053746
 20
39562.126656272499
 11
125809.69043210566
 21
39569.250294776029
  0
LINE
  8
_0-3_計画建物－天空率
  6
CONTINUOUS
 62
   18
 10
125809.69043210566
 20
39569.250294776029
 11
125776.2539177743
 21
39576.217186279456
  0
LINE
  8
_0-3_計画建物－天空率
  6
CONTINUOUS
 62
   18
 10
125776.2539177743
 20
39576.217186279456
 11
125742.37638594672
 21
39583.019283561261
  0
LINE
  8
_0-3_計画建物－天空率
  6
CONTINUOUS
 62
   18
 10
125742.37638594672
 20
39583.019283561261
 11
125708.06493048003
 21
39589.64853320433
  0
LINE
  8
_0-3_計画建物－天空率
  6
CONTINUOUS
 62
   18
 10
125708.06493048003
 20
39589.64853320433
 11
125673.32743368633
 21
39596.096896683578
  0
LINE
  8
_0-3_計画建物－天空率
  6
CONTINUOUS
 62
   18
 10
125673.32743368633
 20
39596.096896683578
 11
125638.17257679697
 21
39602.356372397851
  0
LINE
  8
_0-3_計画建物－天空率
  6
CONTINUOUS
 62
   18
 10
125638.17257679697
 20
39602.356372397851
 11
125602.60984768635
 21
39608.419018565262
  0
LINE
  8
_0-3_計画建物－天空率
  6
CONTINUOUS
 62
   18
 10
125602.60984768635
 20
39608.419018565262
 11
125566.64954566235
 21
39614.276976888984
  0
LINE
  8
_0-3_計画建物－天空率
  6
CONTINUOUS
 62
   18
 10
125566.64954566235
 20
39614.276976888984
 11
125530.3027831412
 21
39619.92249688824
  0
LINE
  8
_0-3_計画建物－天空率
  6
CONTINUOUS
 62
   18
 10
125530.3027831412
 20
39619.92249688824
 11
125493.58148404087
 21
39625.347960777617
  0
LINE
  8
_0-3_計画建物－天空率
  6
CONTINUOUS
 62
   18
 10
125493.58148404087
 20
39625.347960777617
 11
125456.4983787437
 21
39630.545908766282
  0
LINE
  8
_0-3_計画建物－天空率
  6
CONTINUOUS
 62
   18
 10
125456.4983787437
 20
39630.545908766282
 11
125419.0669955002
 21
39635.509064638157
  0
LINE
  8
_0-3_計画建物－天空率
  6
CONTINUOUS
 62
   18
 10
125419.0669955002
 20
39635.509064638157
 11
125381.30164816878
 21
39640.23036146452
  0
LINE
  8
_0-3_計画建物－天空率
  6
CONTINUOUS
 62
   18
 10
125381.30164816878
 20
39640.23036146452
 11
125343.21742021181
 21
39644.702967291661
  0
LINE
  8
_0-3_計画建物－天空率
  6
CONTINUOUS
 62
   18
 10
125343.21742021181
 20
39644.702967291661
 11
125304.83014489663
 21
39648.920310639252
  0
LINE
  8
_0-3_計画建物－天空率
  6
CONTINUOUS
 62
   18
 10
125304.83014489663
 20
39648.920310639252
 11
125266.1563816798
 21
39652.87610563897
  0
LINE
  8
_0-3_計画建物－天空率
  6
CONTINUOUS
 62
   18
 10
125266.1563816798
 20
39652.87610563897
 11
125227.213388785
 21
39656.564376638962
  0
LINE
  8
_0-3_計画建物－天空率
  6
CONTINUOUS
 62
   18
 10
125227.213388785
 20
39656.564376638962
 11
125188.01909201809
 21
39659.979482097383
  0
LINE
  8
_0-3_計画建物－天空率
  6
CONTINUOUS
 62
   18
 10
125188.01909201809
 20
39659.979482097383
 11
125148.59204989658
 21
39663.11613758769
  0
LINE
  8
_0-3_計画建物－天空率
  6
CONTINUOUS
 62
   18
 10
125148.59204989658
 20
39663.11613758769
 11
125108.9514152062
 21
39665.969437740161
  0
LINE
  8
_0-3_計画建物－天空率
  6
CONTINUOUS
 62
   18
 10
125108.9514152062
 20
39665.969437740161
 11
125069.11689313105
 21
39668.534876947735
  0
LINE
  8
_0-3_計画建物－天空率
  6
CONTINUOUS
 62
   18
 10
125069.11689313105
 20
39668.534876947735
 11
125029.10869613915
 21
39670.808368670099
  0
LINE
  8
_0-3_計画建物－天空率
  6
CONTINUOUS
 62
   18
 10
125029.10869613915
 20
39670.808368670099
 11
124988.94749583734
 21
39672.786263178037
  0
LINE
  8
_0-3_計画建物－天空率
  6
CONTINUOUS
 62
   18
 10
124988.94749583734
 20
39672.786263178037
 11
124948.65437204255
 21
39674.465363589879
  0
LINE
  8
_0-3_計画建物－天空率
  6
CONTINUOUS
 62
   18
 10
124948.65437204255
 20
39674.465363589879
 11
124908.25075934496
 21
39675.842940064248
  0
LINE
  8
_0-3_計画建物－天空率
  6
CONTINUOUS
 62
   18
 10
124908.25075934496
 20
39675.842940064248
 11
124867.75839146744
 21
39676.91674202698
  0
LINE
  8
_0-3_計画建物－天空率
  6
CONTINUOUS
 62
   18
 10
124867.75839146744
 20
39676.91674202698
 11
124827.1992437484
 21
39677.685008325752
  0
LINE
  8
_0-3_計画建物－天空率
  6
CONTINUOUS
 62
   18
 10
124827.1992437484
 20
39677.685008325752
 11
124786.59547409763
 21
39678.146475223351
  0
LINE
  8
_0-3_計画建物－天空率
  6
CONTINUOUS
 62
   18
 10
124786.59547409763
 20
39678.146475223351
 11
124745.96936279122
 21
39678.300382158522
  0
LINE
  8
_0-3_計画建物－天空率
  6
CONTINUOUS
 62
   18
 10
124745.96936279122
 20
39678.300382158522
 11
124705.34325148481
 21
39678.146475223351
  0
LINE
  8
_0-3_計画建物－天空率
  6
CONTINUOUS
 62
   18
 10
124705.34325148481
 20
39678.146475223351
 11
124664.73948183403
 21
39677.685008325752
  0
LINE
  8
_0-3_計画建物－天空率
  6
CONTINUOUS
 62
   18
 10
124664.73948183403
 20
39677.685008325752
 11
124624.18033411497
 21
39676.91674202698
  0
LINE
  8
_0-3_計画建物－天空率
  6
CONTINUOUS
 62
   18
 10
124624.18033411497
 20
39676.91674202698
 11
124583.68796623745
 21
39675.842940064248
  0
LINE
  8
_0-3_計画建物－天空率
  6
CONTINUOUS
 62
   18
 10
124583.68796623745
 20
39675.842940064248
 11
124543.28435353987
 21
39674.465363589879
  0
LINE
  8
_0-3_計画建物－天空率
  6
CONTINUOUS
 62
   18
 10
124543.28435353987
 20
39674.465363589879
 11
124502.99122974506
 21
39672.786263178037
  0
LINE
  8
_0-3_計画建物－天空率
  6
CONTINUOUS
 62
   18
 10
124502.99122974506
 20
39672.786263178037
 11
124462.83002944328
 21
39670.808368670099
  0
LINE
  8
_0-3_計画建物－天空率
  6
CONTINUOUS
 62
   18
 10
124462.83002944328
 20
39670.808368670099
 11
124422.82183245135
 21
39668.534876947735
  0
LINE
  8
_0-3_計画建物－天空率
  6
CONTINUOUS
 62
   18
 10
124422.82183245135
 20
39668.534876947735
 11
124382.9873103762
 21
39665.969437740161
  0
LINE
  8
_0-3_計画建物－天空率
  6
CONTINUOUS
 62
   18
 10
124382.9873103762
 20
39665.969437740161
 11
124343.34667568582
 21
39663.11613758769
  0
LINE
  8
_0-3_計画建物－天空率
  6
CONTINUOUS
 62
   18
 10
124343.34667568582
 20
39663.11613758769
 11
124303.91963356433
 21
39659.979482097383
  0
LINE
  8
_0-3_計画建物－天空率
  6
CONTINUOUS
 62
   18
 10
124303.91963356433
 20
39659.979482097383
 11
124264.72533679741
 21
39656.564376638962
  0
LINE
  8
_0-3_計画建物－天空率
  6
CONTINUOUS
 62
   18
 10
124264.72533679741
 20
39656.564376638962
 11
124225.78234390263
 21
39652.87610563897
  0
LINE
  8
_0-3_計画建物－天空率
  6
CONTINUOUS
 62
   18
 10
124225.78234390263
 20
39652.87610563897
 11
124187.1085806858
 21
39648.920310639252
  0
LINE
  8
_0-3_計画建物－天空率
  6
CONTINUOUS
 62
   18
 10
124187.1085806858
 20
39648.920310639252
 11
124148.72130537062
 21
39644.702967291661
  0
LINE
  8
_0-3_計画建物－天空率
  6
CONTINUOUS
 62
   18
 10
124148.72130537062
 20
39644.702967291661
 11
124110.63707741365
 21
39640.23036146452
  0
LINE
  8
_0-3_計画建物－天空率
  6
CONTINUOUS
 62
   18
 10
124110.63707741365
 20
39640.23036146452
 11
124072.87173008223
 21
39635.509064638157
  0
LINE
  8
_0-3_計画建物－天空率
  6
CONTINUOUS
 62
   18
 10
124072.87173008223
 20
39635.509064638157
 11
124035.44034683873
 21
39630.545908766282
  0
LINE
  8
_0-3_計画建物－天空率
  6
CONTINUOUS
 62
   18
 10
124035.44034683873
 20
39630.545908766282
 11
123998.35724154156
 21
39625.347960777617
  0
LINE
  8
_0-3_計画建物－天空率
  6
CONTINUOUS
 62
   18
 10
123998.35724154156
 20
39625.347960777617
 11
123961.63594244123
 21
39619.922496888233
  0
LINE
  8
_0-3_計画建物－天空率
  6
CONTINUOUS
 62
   18
 10
123961.63594244123
 20
39619.922496888233
 11
123925.28917992008
 21
39614.276976888984
  0
LINE
  8
_0-3_計画建物－天空率
  6
CONTINUOUS
 62
   18
 10
123925.28917992008
 20
39614.276976888984
 11
123889.32887789608
 21
39608.419018565262
  0
LINE
  8
_0-3_計画建物－天空率
  6
CONTINUOUS
 62
   18
 10
123889.32887789608
 20
39608.419018565262
 11
123853.76614878546
 21
39602.356372397851
  0
LINE
  8
_0-3_計画建物－天空率
  6
CONTINUOUS
 62
   18
 10
123853.76614878546
 20
39602.356372397851
 11
123818.61129189608
 21
39596.096896683578
  0
LINE
  8
_0-3_計画建物－天空率
  6
CONTINUOUS
 62
   18
 10
123818.61129189608
 20
39596.096896683578
 11
123783.8737951024
 21
39589.64853320433
  0
LINE
  8
_0-3_計画建物－天空率
  6
CONTINUOUS
 62
   18
 10
123783.8737951024
 20
39589.64853320433
 11
123749.56233963571
 21
39583.019283561261
  0
LINE
  8
_0-3_計画建物－天空率
  6
CONTINUOUS
 62
   18
 10
123749.56233963571
 20
39583.019283561261
 11
123715.68480780813
 21
39576.217186279456
  0
LINE
  8
_0-3_計画建物－天空率
  6
CONTINUOUS
 62
   18
 10
123715.68480780813
 20
39576.217186279456
 11
123682.24829347677
 21
39569.250294776029
  0
LINE
  8
_0-3_計画建物－天空率
  6
CONTINUOUS
 62
   18
 10
123682.24829347677
 20
39569.250294776029
 11
123649.25911504497
 21
39562.126656272499
  0
LINE
  8
_0-3_計画建物－天空率
  6
CONTINUOUS
 62
   18
 10
123649.25911504497
 20
39562.126656272499
 11
123616.72283079092
 21
39554.854291719741
  0
LINE
  8
_0-3_計画建物－天空率
  6
CONTINUOUS
 62
   18
 10
123616.72283079092
 20
39554.854291719741
 11
123584.64425631007
 21
39547.441176792002
  0
LINE
  8
_0-3_計画建物－天空率
  6
CONTINUOUS
 62
   18
 10
123584.64425631007
 20
39547.441176792002
 11
123553.02748385498
 21
39539.895223994615
  0
LINE
  8
_0-3_計画建物－天空率
  6
CONTINUOUS
 62
   18
 10
123553.02748385498
 20
39539.895223994615
 11
123521.87590335804
 21
39532.224265918506
  0
LINE
  8
_0-3_計画建物－天空率
  6
CONTINUOUS
 62
   18
 10
123521.87590335804
 20
39532.224265918506
 11
123491.19222492381
 21
39524.436039664229
  0
LINE
  8
_0-3_計画建物－天空率
  6
CONTINUOUS
 62
   18
 10
123491.19222492381
 20
39524.436039664229
 11
123460.9785025824
 21
39516.538172447508
  0
LINE
  8
_0-3_計画建物－天空率
  6
CONTINUOUS
 62
   18
 10
123460.9785025824
 20
39516.538172447508
 11
123431.23615910137
 21
39508.538168389437
  0
LINE
  8
_0-3_計画建物－天空率
  6
CONTINUOUS
 62
   18
 10
123431.23615910137
 20
39508.538168389437
 11
123401.96601166066
 21
39500.443396485141
  0
LINE
  8
_0-3_計画建物－天空率
  6
CONTINUOUS
 62
   18
 10
123401.96601166066
 20
39500.443396485141
 11
123373.1682982037
 21
39492.261079737181
  0
LINE
  8
_0-3_計画建物－天空率
  6
CONTINUOUS
 62
   18
 10
123373.1682982037
 20
39492.261079737181
 11
123344.8427042869
 21
39483.998285432593
  0
LINE
  8
_0-3_計画建物－天空率
  6
CONTINUOUS
 62
   18
 10
123344.8427042869
 20
39483.998285432593
 11
123316.98839026069
 21
39475.661916536242
  0
LINE
  8
_0-3_計画建物－天空率
  6
CONTINUOUS
 62
   18
 10
123316.98839026069
 20
39475.661916536242
 11
123289.60401862523
 21
39467.258704167463
  0
LINE
  8
_0-3_計画建物－天空率
  6
CONTINUOUS
 62
   18
 10
123289.60401862523
 20
39467.258704167463
 11
123262.6877814159
 21
39458.795201122338
  0
LINE
  8
_0-3_計画建物－天空率
  6
CONTINUOUS
 62
   18
 10
123262.6877814159
 20
39458.795201122338
 11
123236.23742748463
 21
39450.277776399867
  0
LINE
  8
_0-3_計画建物－天空率
  6
CONTINUOUS
 62
   18
 10
123236.23742748463
 20
39450.277776399867
 11
123210.25028955485
 21
39441.712610687034
  0
LINE
  8
_0-3_計画建物－天空率
  6
CONTINUOUS
 62
   18
 10
123210.25028955485
 20
39441.712610687034
 11
123184.72331093951
 21
39433.105692755205
  0
LINE
  8
_0-3_計画建物－天空率
  6
CONTINUOUS
 62
   18
 10
123184.72331093951
 20
39433.105692755205
 11
123159.65307182302
 21
39424.462816718296
  0
LINE
  8
_0-3_計画建物－天空率
  6
CONTINUOUS
 62
   18
 10
123159.65307182302
 20
39424.462816718296
 11
123135.03581501866
 21
39415.789580101809
  0
LINE
  8
_0-3_計画建物－天空率
  6
CONTINUOUS
 62
   18
 10
123135.03581501866
 20
39415.789580101809
 11
123110.86747112433
 21
39407.091382671154
  0
LINE
  8
_0-3_計画建物－天空率
  6
CONTINUOUS
 62
   18
 10
123110.86747112433
 20
39407.091382671154
 11
123087.14368300962
 21
39398.373425967147
  0
LINE
  8
_0-3_計画建物－天空率
  6
CONTINUOUS
 62
   18
 10
123087.14368300962
 20
39398.373425967147
 11
123063.85982957694
 21
39389.640713496977
  0
LINE
  8
_0-3_計画建物－天空率
  6
CONTINUOUS
 62
   18
 10
123063.85982957694
 20
39389.640713496977
 11
123041.01104874919
 21
39380.89805152938
  0
LINE
  8
_0-3_計画建物－天空率
  6
CONTINUOUS
 62
   18
 10
127077.16099823369
 20
39888.14704186374
 11
126450.92767683324
 21
39380.89805152938
  0
LINE
  8
_0-3_計画建物－天空率
  6
CONTINUOUS
 62
   18
 10
126450.92767683324
 20
39380.89805152938
 11
126430.87134271775
 21
39439.707145456195
  0
LINE
  8
_0-3_計画建物－天空率
  6
CONTINUOUS
 62
   18
 10
126430.87134271775
 20
39439.707145456195
 11
126410.48883240336
 21
39496.436140288431
  0
LINE
  8
_0-3_計画建物－天空率
  6
CONTINUOUS
 62
   18
 10
126410.48883240336
 20
39496.436140288431
 11
126389.84826868638
 21
39551.10573017277
  0
LINE
  8
_0-3_計画建物－天空率
  6
CONTINUOUS
 62
   18
 10
126389.84826868638
 20
39551.10573017277
 11
126369.01350691329
 21
39603.74453048325
  0
LINE
  8
_0-3_計画建物－天空率
  6
CONTINUOUS
 62
   18
 10
126369.01350691329
 20
39603.74453048325
 11
126348.04400546837
 21
39654.387993592819
  0
LINE
  8
_0-3_計画建物－天空率
  6
CONTINUOUS
 62
   18
 10
126348.04400546837
 20
39654.387993592819
 11
126326.99477397734
 21
39703.077373751308
  0
LINE
  8
_0-3_計画建物－天空率
  6
CONTINUOUS
 62
   18
 10
126326.99477397734
 20
39703.077373751308
 11
126305.91638840539
 21
39749.858753162508
  0
LINE
  8
_0-3_計画建物－天空率
  6
CONTINUOUS
 62
   18
 10
126305.91638840539
 20
39749.858753162508
 11
126284.85506239562
 21
39794.782137693917
  0
LINE
  8
_0-3_計画建物－天空率
  6
CONTINUOUS
 62
   18
 10
126284.85506239562
 20
39794.782137693917
 11
126263.8527646809
 21
39837.900627443574
  0
LINE
  8
_0-3_計画建物－天空率
  6
CONTINUOUS
 62
   18
 10
126263.8527646809
 20
39837.900627443574
 11
126242.94737311218
 21
39879.269664658291
  0
LINE
  8
_0-3_計画建物－天空率
  6
CONTINUOUS
 62
   18
 10
126242.94737311218
 20
39879.269664658291
 11
126222.17285670658
 21
39918.94635924531
  0
LINE
  8
_0-3_計画建物－天空率
  6
CONTINUOUS
 62
   18
 10
126222.17285670658
 20
39918.94635924531
 11
126201.55947806108
 21
39956.98889032274
  0
LINE
  8
_0-3_計画建物－天空率
  6
CONTINUOUS
 62
   18
 10
126201.55947806108
 20
39956.98889032274
 11
126181.13400944773
 21
39993.455980874583
  0
LINE
  8
_0-3_計画建物－天空率
  6
CONTINUOUS
 62
   18
 10
126181.13400944773
 20
39993.455980874583
 11
126160.91995686465
 21
40028.406441567894
  0
LINE
  8
_0-3_計画建物－天空率
  6
CONTINUOUS
 62
   18
 10
126160.91995686465
 20
40028.406441567894
 11
126140.93778723129
 21
40061.898779100381
  0
LINE
  8
_0-3_計画建物－天空率
  6
CONTINUOUS
 62
   18
 10
126140.93778723129
 20
40061.898779100381
 11
126121.20515476635
 21
40093.990864026578
  0
LINE
  8
_0-3_計画建物－天空率
  6
CONTINUOUS
 62
   18
 10
126121.20515476635
 20
40093.990864026578
 11
126101.73712335976
 21
40124.739652810043
  0
LINE
  8
_0-3_計画建物－天空率
  6
CONTINUOUS
 62
   18
 10
126101.73712335976
 20
40124.739652810043
 11
126082.54638243756
 21
40154.200958821675
  0
LINE
  8
_0-3_計画建物－天空率
  6
CONTINUOUS
 62
   18
 10
126082.54638243756
 20
40154.200958821675
 11
126063.6434544227
 21
40182.429267112209
  0
LINE
  8
_0-3_計画建物－天空率
  6
CONTINUOUS
 62
   18
 10
126063.6434544227
 20
40182.429267112209
 11
126045.03689241225
 21
40209.477587992558
  0
LINE
  8
_0-3_計画建物－天空率
  6
CONTINUOUS
 62
   18
 10
126045.03689241225
 20
40209.477587992558
 11
126026.73346713215
 21
40235.397344732249
  0
LINE
  8
_0-3_計画建物－天空率
  6
CONTINUOUS
 62
   18
 10
126026.73346713215
 20
40235.397344732249
 11
126008.73834259674
 21
40260.23829100719
  0
LINE
  8
_0-3_計画建物－天空率
  6
CONTINUOUS
 62
   18
 10
126209.10549663595
 20
40618.895496737386
 11
126008.73834259674
 21
40260.23829100719
  0
LINE
  8
_0-3_計画建物－天空率
  6
CONTINUOUS
 62
   18
 10
126008.73834259674
 20
40260.23829100719
 11
125973.199916591
 21
40273.703199379808
  0
LINE
  8
_0-3_計画建物－天空率
  6
CONTINUOUS
 62
   18
 10
125973.199916591
 20
40273.703199379808
 11
125937.03000271471
 21
40286.934802288422
  0
LINE
  8
_0-3_計画建物－天空率
  6
CONTINUOUS
 62
   18
 10
125937.03000271471
 20
40286.934802288422
 11
125900.23282697136
 21
40299.915108703738
  0
LINE
  8
_0-3_計画建物－天空率
  6
CONTINUOUS
 62
   18
 10
125900.23282697136
 20
40299.915108703738
 11
125862.81385487232
 21
40312.625872227596
  0
LINE
  8
_0-3_計画建物－天空率
  6
CONTINUOUS
 62
   18
 10
125862.81385487232
 20
40312.625872227596
 11
125824.77983853369
 21
40325.048640485139
  0
LINE
  8
_0-3_計画建物－天空率
  6
CONTINUOUS
 62
   18
 10
125824.77983853369
 20
40325.048640485139
 11
125786.13886004957
 21
40337.164808760746
  0
LINE
  8
_0-3_計画建物－天空率
  6
CONTINUOUS
 62
   18
 10
125786.13886004957
 20
40337.164808760746
 11
125746.90037053293
 21
40348.955677768739
  0
LINE
  8
_0-3_計画建物－天空率
  6
CONTINUOUS
 62
   18
 10
125746.90037053293
 20
40348.955677768739
 11
125707.07522420912
 21
40360.402515395915
  0
LINE
  8
_0-3_計画建物－天空率
  6
CONTINUOUS
 62
   18
 10
125707.07522420912
 20
40360.402515395915
 11
125666.67570695054
 21
40371.486622195923
  0
LINE
  8
_0-3_計画建物－天空率
  6
CONTINUOUS
 62
   18
 10
125666.67570695054
 20
40371.486622195923
 11
125625.71555865195
 21
40382.189400356641
  0
LINE
  8
_0-3_計画建物－天空率
  6
CONTINUOUS
 62
   18
 10
125625.71555865195
 20
40382.189400356641
 11
125584.20998886739
 21
40392.492425801421
  0
LINE
  8
_0-3_計画建物－天空率
  6
CONTINUOUS
 62
   18
 10
125584.20998886739
 20
40392.492425801421
 11
125542.17568516066
 21
40402.377523024959
  0
LINE
  8
_0-3_計画建物－天空率
  6
CONTINUOUS
 62
   18
 10
125542.17568516066
 20
40402.377523024959
 11
125499.63081366363
 21
40411.826842204878
  0
LINE
  8
_0-3_計画建物－天空率
  6
CONTINUOUS
 62
   18
 10
125499.63081366363
 20
40411.826842204878
 11
125456.59501138934
 21
40420.822938073004
  0
LINE
  8
_0-3_計画建物－天空率
  6
CONTINUOUS
 62
   18
 10
125456.59501138934
 20
40420.822938073004
 11
125413.08936990996
 21
40429.348849976428
  0
LINE
  8
_0-3_計画建物－天空率
  6
CONTINUOUS
 62
   18
 10
125413.08936990996
 20
40429.348849976428
 11
125369.13641008367
 21
40437.388182509326
  0
LINE
  8
_0-3_計画建物－天空率
  6
CONTINUOUS
 62
   18
 10
125369.13641008367
 20
40437.388182509326
 11
125324.76004759805
 21
40444.925186053318
  0
LINE
  8
_0-3_計画建物－天空率
  6
CONTINUOUS
 62
   18
 10
125324.76004759805
 20
40444.925186053318
 11
125279.98554919008
 21
40451.944836528607
  0
LINE
  8
_0-3_計画建物－天空率
  6
CONTINUOUS
 62
   18
 10
125279.98554919008
 20
40451.944836528607
 11
125234.83947950346
 21
40458.432913630596
  0
LINE
  8
_0-3_計画建物－天空率
  6
CONTINUOUS
 62
   18
 10
125234.83947950346
 20
40458.432913630596
 11
125189.34963864987
 21
40464.376076809647
  0
LINE
  8
_0-3_計画建物－天空率
  6
CONTINUOUS
 62
   18
 10
125189.34963864987
 20
40464.376076809647
 11
125143.54499065323
 21
40469.761938244017
  0
LINE
  8
_0-3_計画建物－天空率
  6
CONTINUOUS
 62
   18
 10
125143.54499065323
 20
40469.761938244017
 11
125097.45558306947
 21
40474.579132061095
  0
LINE
  8
_0-3_計画建物－天空率
  6
CONTINUOUS
 62
   18
 10
125097.45558306947
 20
40474.579132061095
 11
125051.11245818929
 21
40478.817379077816
  0
LINE
  8
_0-3_計画建物－天空率
  6
CONTINUOUS
 62
   18
 10
125051.11245818929
 20
40478.817379077816
 11
125004.54755634532
 21
40482.467546359694
  0
LINE
  8
_0-3_計画建物－天空率
  6
CONTINUOUS
 62
   18
 10
125004.54755634532
 20
40482.467546359694
 11
124957.79361195368
 21
40485.521700938545
  0
LINE
  8
_0-3_計画建物－天空率
  6
CONTINUOUS
 62
   18
 10
124957.79361195368
 20
40485.521700938545
 11
124910.88404302491
 21
40487.973157080967
  0
LINE
  8
_0-3_計画建物－天空率
  6
CONTINUOUS
 62
   18
 10
124910.88404302491
 20
40487.973157080967
 11
124863.85283497224
 21
40489.816516563216
  0
LINE
  8
_0-3_計画建物－天空率
  6
CONTINUOUS
 62
   18
 10
124863.85283497224
 20
40489.816516563216
 11
124816.73441963223
 21
40491.047701481737
  0
LINE
  8
_0-3_計画建物－天空率
  6
CONTINUOUS
 62
   18
 10
124816.73441963223
 20
40491.047701481737
 11
124769.5635504823
 21
40491.663979211036
  0
LINE
  8
_0-3_計画建物－天空率
  6
CONTINUOUS
 62
   18
 10
124769.5635504823
 20
40491.663979211036
 11
124722.37517510014
 21
40491.663979211036
  0
LINE
  8
_0-3_計画建物－天空率
  6
CONTINUOUS
 62
   18
 10
124722.37517510014
 20
40491.663979211036
 11
124675.2043059502
 21
40491.047701481737
  0
LINE
  8
_0-3_計画建物－天空率
  6
CONTINUOUS
 62
   18
 10
124675.2043059502
 20
40491.047701481737
 11
124628.08589061019
 21
40489.816516563216
  0
LINE
  8
_0-3_計画建物－天空率
  6
CONTINUOUS
 62
   18
 10
124628.08589061019
 20
40489.816516563216
 11
124581.05468255752
 21
40487.973157080967
  0
LINE
  8
_0-3_計画建物－天空率
  6
CONTINUOUS
 62
   18
 10
124581.05468255752
 20
40487.973157080967
 11
124534.14511362875
 21
40485.521700938545
  0
LINE
  8
_0-3_計画建物－天空率
  6
CONTINUOUS
 62
   18
 10
124534.14511362875
 20
40485.521700938545
 11
124487.39116923711
 21
40482.467546359694
  0
LINE
  8
_0-3_計画建物－天空率
  6
CONTINUOUS
 62
   18
 10
124487.39116923711
 20
40482.467546359694
 11
124440.82626739314
 21
40478.817379077816
  0
LINE
  8
_0-3_計画建物－天空率
  6
CONTINUOUS
 62
   18
 10
124440.82626739314
 20
40478.817379077816
 11
124394.48314251296
 21
40474.579132061095
  0
LINE
  8
_0-3_計画建物－天空率
  6
CONTINUOUS
 62
   18
 10
124394.48314251296
 20
40474.579132061095
 11
124348.39373492921
 21
40469.761938244017
  0
LINE
  8
_0-3_計画建物－天空率
  6
CONTINUOUS
 62
   18
 10
124348.39373492921
 20
40469.761938244017
 11
124302.58908693256
 21
40464.376076809647
  0
LINE
  8
_0-3_計画建物－天空率
  6
CONTINUOUS
 62
   18
 10
124302.58908693256
 20
40464.376076809647
 11
124257.09924607897
 21
40458.432913630596
  0
LINE
  8
_0-3_計画建物－天空率
  6
CONTINUOUS
 62
   18
 10
124257.09924607897
 20
40458.432913630596
 11
124211.95317639235
 21
40451.944836528607
  0
LINE
  8
_0-3_計画建物－天空率
  6
CONTINUOUS
 62
   18
 10
124211.95317639235
 20
40451.944836528607
 11
124167.17867798438
 21
40444.925186053325
  0
LINE
  8
_0-3_計画建物－天空率
  6
CONTINUOUS
 62
   18
 10
124167.17867798438
 20
40444.925186053325
 11
124122.80231549876
 21
40437.388182509326
  0
LINE
  8
_0-3_計画建物－天空率
  6
CONTINUOUS
 62
   18
 10
124122.80231549876
 20
40437.388182509326
 11
124078.84935567247
 21
40429.348849976428
  0
LINE
  8
_0-3_計画建物－天空率
  6
CONTINUOUS
 62
   18
 10
124078.84935567247
 20
40429.348849976428
 11
124035.34371419309
 21
40420.822938073004
  0
LINE
  8
_0-3_計画建物－天空率
  6
CONTINUOUS
 62
   18
 10
124035.34371419309
 20
40420.822938073004
 11
123992.3079119188
 21
40411.826842204885
  0
LINE
  8
_0-3_計画建物－天空率
  6
CONTINUOUS
 62
   18
 10
123992.3079119188
 20
40411.826842204885
 11
123949.76304042177
 21
40402.377523024959
  0
LINE
  8
_0-3_計画建物－天空率
  6
CONTINUOUS
 62
   18
 10
123949.76304042177
 20
40402.377523024959
 11
123907.72873671504
 21
40392.492425801421
  0
LINE
  8
_0-3_計画建物－天空率
  6
CONTINUOUS
 62
   18
 10
123907.72873671504
 20
40392.492425801421
 11
123866.22316693048
 21
40382.189400356641
  0
LINE
  8
_0-3_計画建物－天空率
  6
CONTINUOUS
 62
   18
 10
123866.22316693048
 20
40382.189400356641
 11
123825.2630186319
 21
40371.48662219593
  0
LINE
  8
_0-3_計画建物－天空率
  6
CONTINUOUS
 62
   18
 10
123825.2630186319
 20
40371.48662219593
 11
123784.86350137331
 21
40360.402515395915
  0
LINE
  8
_0-3_計画建物－天空率
  6
CONTINUOUS
 62
   18
 10
123784.86350137331
 20
40360.402515395915
 11
123745.0383550495
 21
40348.955677768739
  0
LINE
  8
_0-3_計画建物－天空率
  6
CONTINUOUS
 62
   18
 10
123745.0383550495
 20
40348.955677768739
 11
123705.79986553287
 21
40337.164808760746
  0
LINE
  8
_0-3_計画建物－天空率
  6
CONTINUOUS
 62
   18
 10
123705.79986553287
 20
40337.164808760746
 11
123667.15888704877
 21
40325.048640485139
  0
LINE
  8
_0-3_計画建物－天空率
  6
CONTINUOUS
 62
   18
 10
123667.15888704877
 20
40325.048640485139
 11
123629.12487071011
 21
40312.625872227596
  0
LINE
  8
_0-3_計画建物－天空率
  6
CONTINUOUS
 62
   18
 10
123629.12487071011
 20
40312.625872227596
 11
123591.70589861107
 21
40299.915108703738
  0
LINE
  8
_0-3_計画建物－天空率
  6
CONTINUOUS
 62
   18
 10
123591.70589861107
 20
40299.915108703738
 11
123554.90872286772
 21
40286.934802288422
  0
LINE
  8
_0-3_計画建物－天空率
  6
CONTINUOUS
 62
   18
 10
123554.90872286772
 20
40286.934802288422
 11
123518.73880899143
 21
40273.703199379808
  0
LINE
  8
_0-3_計画建物－天空率
  6
CONTINUOUS
 62
   18
 10
123518.73880899143
 20
40273.703199379808
 11
123483.20038298572
 21
40260.23829100719
  0
LINE
  8
_0-3_計画建物－天空率
  6
CONTINUOUS
 62
   18
 10
123972.22499889817
 20
39972.171372176817
 11
123896.49013394214
 21
40024.133196185175
  0
LINE
  8
_0-3_計画建物－天空率
  6
CONTINUOUS
 62
   18
 10
123896.49013394214
 20
40024.133196185175
 11
123825.11999700461
 21
40070.882959971837
  0
LINE
  8
_0-3_計画建物－天空率
  6
CONTINUOUS
 62
   18
 10
123825.11999700461
 20
40070.882959971837
 11
123758.07693822862
 21
40112.725615273884
  0
LINE
  8
_0-3_計画建物－天空率
  6
CONTINUOUS
 62
   18
 10
123758.07693822862
 20
40112.725615273884
 11
123695.26742384341
 21
40149.993731955801
  0
LINE
  8
_0-3_計画建物－天空率
  6
CONTINUOUS
 62
   18
 10
123695.26742384341
 20
40149.993731955801
 11
123636.55441594136
 21
40183.033741660765
  0
LINE
  8
_0-3_計画建物－天空率
  6
CONTINUOUS
 62
   18
 10
123636.55441594136
 20
40183.033741660765
 11
123581.76873495288
 21
40212.194691138749
  0
LINE
  8
_0-3_計画建物－天空率
  6
CONTINUOUS
 62
   18
 10
123581.76873495288
 20
40212.194691138749
 11
123530.71905541708
 21
40237.819467086657
  0
LINE
  8
_0-3_計画建物－天空率
  6
CONTINUOUS
 62
   18
 10
123530.71905541708
 20
40237.819467086657
 11
123483.20038298572
 21
40260.23829100719
  0
LINE
  8
_0-3_計画建物－天空率
  6
CONTINUOUS
 62
   18
 10
123650.34169816777
 20
40792.658217175892
 11
123972.22499889817
 21
39972.171372176817
  0
LINE
  8
_0-3_計画建物－天空率
  6
CONTINUOUS
 62
   18
 10
123972.22499889817
 20
39972.171372176817
 11
123942.92468219828
 21
39958.41574050139
  0
LINE
  8
_0-3_計画建物－天空率
  6
CONTINUOUS
 62
   18
 10
123942.92468219828
 20
39958.41574050139
 11
123913.38965430538
 21
39944.272512280098
  0
LINE
  8
_0-3_計画建物－天空率
  6
CONTINUOUS
 62
   18
 10
123913.38965430538
 20
39944.272512280098
 11
123883.62828252909
 21
39929.736363502248
  0
LINE
  8
_0-3_計画建物－天空率
  6
CONTINUOUS
 62
   18
 10
123883.62828252909
 20
39929.736363502248
 11
123853.64952613394
 21
39914.80225457048
  0
LINE
  8
_0-3_計画建物－天空率
  6
CONTINUOUS
 62
   18
 10
123853.64952613394
 20
39914.80225457048
 11
123823.46294388285
 21
39899.46545721736
  0
LINE
  8
_0-3_計画建物－天空率
  6
CONTINUOUS
 62
   18
 10
123823.46294388285
 20
39899.46545721736
 11
123793.07869975107
 21
39883.721581915633
  0
LINE
  8
_0-3_計画建物－天空率
  6
CONTINUOUS
 62
   18
 10
123793.07869975107
 20
39883.721581915633
 11
123762.50756664937
 21
39867.566605663902
  0
LINE
  8
_0-3_計画建物－天空率
  6
CONTINUOUS
 62
   18
 10
123762.50756664937
 20
39867.566605663902
 11
123731.76092799651
 21
39850.996900016856
  0
LINE
  8
_0-3_計画建物－天空率
  6
CONTINUOUS
 62
   18
 10
123731.76092799651
 20
39850.996900016856
 11
123700.85077698536
 21
39834.009259216458
  0
LINE
  8
_0-3_計画建物－天空率
  6
CONTINUOUS
 62
   18
 10
123700.85077698536
 20
39834.009259216458
 11
123669.78971339316
 21
39816.600928267886
  0
LINE
  8
_0-3_計画建物－天空率
  6
CONTINUOUS
 62
   18
 10
123669.78971339316
 20
39816.600928267886
 11
123638.59093779408
 21
39798.769630792536
  0
LINE
  8
_0-3_計画建物－天空率
  6
CONTINUOUS
 62
   18
 10
123638.59093779408
 20
39798.769630792536
 11
123607.26824304265
 21
39780.513596478871
  0
LINE
  8
_0-3_計画建物－天空率
  6
CONTINUOUS
 62
   18
 10
123607.26824304265
 20
39780.513596478871
 11
123575.83600290938
 21
39761.83158794188
  0
LINE
  8
_0-3_計画建物－天空率
  6
CONTINUOUS
 62
   18
 10
123575.83600290938
 20
39761.83158794188
 11
123544.3091577642
 21
39742.722926792892
  0
LINE
  8
_0-3_計画建物－天空率
  6
CONTINUOUS
 62
   18
 10
123544.3091577642
 20
39742.722926792892
 11
123512.70319722098
 21
39723.187518713741
  0
LINE
  8
_0-3_計画建物－天空率
  6
CONTINUOUS
 62
   18
 10
123512.70319722098
 20
39723.187518713741
 11
123481.03413967542
 21
39703.225877323362
  0
LINE
  8
_0-3_計画建物－天空率
  6
CONTINUOUS
 62
   18
 10
123481.03413967542
 20
39703.225877323362
 11
123449.31850869047
 21
39682.839146620855
  0
LINE
  8
_0-3_計画建物－天空率
  6
CONTINUOUS
 62
   18
 10
123449.31850869047
 20
39682.839146620855
 11
123417.57330620703
 21
39662.029121786785
  0
LINE
  8
_0-3_計画建物－天空率
  6
CONTINUOUS
 62
   18
 10
123417.57330620703
 20
39662.029121786785
 11
123385.81598258351
 21
39640.798268125137
  0
LINE
  8
_0-3_計画建物－天空率
  6
CONTINUOUS
 62
   18
 10
123385.81598258351
 20
39640.798268125137
 11
123354.0644034947
 21
39619.149737930551
  0
LINE
  8
_0-3_計画建物－天空率
  6
CONTINUOUS
 62
   18
 10
123354.0644034947
 20
39619.149737930551
 11
123322.33681375009
 21
39597.087385071339
  0
LINE
  8
_0-3_計画建物－天空率
  6
CONTINUOUS
 62
   18
 10
123322.33681375009
 20
39597.087385071339
 11
123290.65179812067
 21
39574.615777086437
  0
LINE
  8
_0-3_計画建物－天空率
  6
CONTINUOUS
 62
   18
 10
123290.65179812067
 20
39574.615777086437
 11
123259.02823929484
 21
39551.74020460563
  0
LINE
  8
_0-3_計画建物－天空率
  6
CONTINUOUS
 62
   18
 10
123259.02823929484
 20
39551.74020460563
 11
123227.485273115
 21
39528.466687915868
  0
LINE
  8
_0-3_計画建物－天空率
  6
CONTINUOUS
 62
   18
 10
123227.485273115
 20
39528.466687915868
 11
123196.04224127672
 21
39504.801980513329
  0
LINE
  8
_0-3_計画建物－天空率
  6
CONTINUOUS
 62
   18
 10
123196.04224127672
 20
39504.801980513329
 11
123164.71864170432
 21
39480.753569499909
  0
LINE
  8
_0-3_計画建物－天空率
  6
CONTINUOUS
 62
   18
 10
123164.71864170432
 20
39480.753569499909
 11
123133.53407684508
 21
39456.329672704996
  0
LINE
  8
_0-3_計画建物－天空率
  6
CONTINUOUS
 62
   18
 10
123133.53407684508
 20
39456.329672704996
 11
123102.50820015303
 21
39431.53923243768
  0
LINE
  8
_0-3_計画建物－天空率
  6
CONTINUOUS
 62
   18
 10
123102.50820015303
 20
39431.53923243768
 11
123071.66066105921
 21
39406.391905801101
  0
LINE
  8
_0-3_計画建物－天空率
  6
CONTINUOUS
 62
   18
 10
123071.66066105921
 20
39406.391905801101
 11
123041.01104874919
 21
39380.89805152938
  0
LINE
  8
_0-3_計画建物－天空率
  6
CONTINUOUS
 62
   18
 10
126450.92767683324
 20
39380.89805152938
 11
126420.27806452324
 21
39406.391905801101
  0
LINE
  8
_0-3_計画建物－天空率
  6
CONTINUOUS
 62
   18
 10
126420.27806452324
 20
39406.391905801101
 11
126389.43052542943
 21
39431.53923243768
  0
LINE
  8
_0-3_計画建物－天空率
  6
CONTINUOUS
 62
   18
 10
126389.43052542943
 20
39431.53923243768
 11
126358.40464873735
 21
39456.329672705003
  0
LINE
  8
_0-3_計画建物－天空率
  6
CONTINUOUS
 62
   18
 10
126358.40464873735
 20
39456.329672705003
 11
126327.22008387811
 21
39480.753569499909
  0
LINE
  8
_0-3_計画建物－天空率
  6
CONTINUOUS
 62
   18
 10
126327.22008387811
 20
39480.753569499909
 11
126295.89648430571
 21
39504.801980513329
  0
LINE
  8
_0-3_計画建物－天空率
  6
CONTINUOUS
 62
   18
 10
126295.89648430571
 20
39504.801980513329
 11
126264.45345246743
 21
39528.466687915868
  0
LINE
  8
_0-3_計画建物－天空率
  6
CONTINUOUS
 62
   18
 10
126264.45345246743
 20
39528.466687915868
 11
126232.91048628759
 21
39551.74020460563
  0
LINE
  8
_0-3_計画建物－天空率
  6
CONTINUOUS
 62
   18
 10
126232.91048628759
 20
39551.74020460563
 11
126201.28692746176
 21
39574.615777086437
  0
LINE
  8
_0-3_計画建物－天空率
  6
CONTINUOUS
 62
   18
 10
126201.28692746176
 20
39574.615777086437
 11
126169.60191183234
 21
39597.087385071339
  0
LINE
  8
_0-3_計画建物－天空率
  6
CONTINUOUS
 62
   18
 10
126169.60191183234
 20
39597.087385071339
 11
126137.87432208773
 21
39619.149737930551
  0
LINE
  8
_0-3_計画建物－天空率
  6
CONTINUOUS
 62
   18
 10
126137.87432208773
 20
39619.149737930551
 11
126106.12274299892
 21
39640.798268125137
  0
LINE
  8
_0-3_計画建物－天空率
  6
CONTINUOUS
 62
   18
 10
126106.12274299892
 20
39640.798268125137
 11
126074.3654193754
 21
39662.029121786785
  0
LINE
  8
_0-3_計画建物－天空率
  6
CONTINUOUS
 62
   18
 10
126074.3654193754
 20
39662.029121786785
 11
126042.62021689196
 21
39682.839146620855
  0
LINE
  8
_0-3_計画建物－天空率
  6
CONTINUOUS
 62
   18
 10
126042.62021689196
 20
39682.839146620855
 11
126010.90458590701
 21
39703.225877323362
  0
LINE
  8
_0-3_計画建物－天空率
  6
CONTINUOUS
 62
   18
 10
126010.90458590701
 20
39703.225877323362
 11
125979.23552836145
 21
39723.187518713741
  0
LINE
  8
_0-3_計画建物－天空率
  6
CONTINUOUS
 62
   18
 10
125979.23552836145
 20
39723.187518713741
 11
125947.62956781823
 21
39742.722926792892
  0
LINE
  8
_0-3_計画建物－天空率
  6
CONTINUOUS
 62
   18
 10
125947.62956781823
 20
39742.722926792892
 11
125916.10272267305
 21
39761.83158794188
  0
LINE
  8
_0-3_計画建物－天空率
  6
CONTINUOUS
 62
   18
 10
125916.10272267305
 20
39761.83158794188
 11
125884.67048253979
 21
39780.513596478871
  0
LINE
  8
_0-3_計画建物－天空率
  6
CONTINUOUS
 62
   18
 10
125884.67048253979
 20
39780.513596478871
 11
125853.34778778835
 21
39798.769630792536
  0
LINE
  8
_0-3_計画建物－天空率
  6
CONTINUOUS
 62
   18
 10
125853.34778778835
 20
39798.769630792536
 11
125822.14901218927
 21
39816.600928267886
  0
LINE
  8
_0-3_計画建物－天空率
  6
CONTINUOUS
 62
   18
 10
125822.14901218927
 20
39816.600928267886
 11
125791.08794859707
 21
39834.009259216458
  0
LINE
  8
_0-3_計画建物－天空率
  6
CONTINUOUS
 62
   18
 10
125791.08794859707
 20
39834.009259216458
 11
125760.17779758592
 21
39850.996900016856
  0
LINE
  8
_0-3_計画建物－天空率
  6
CONTINUOUS
 62
   18
 10
125760.17779758592
 20
39850.996900016856
 11
125729.43115893306
 21
39867.566605663902
  0
LINE
  8
_0-3_計画建物－天空率
  6
CONTINUOUS
 62
   18
 10
125729.43115893306
 20
39867.566605663902
 11
125698.86002583136
 21
39883.721581915633
  0
LINE
  8
_0-3_計画建物－天空率
  6
CONTINUOUS
 62
   18
 10
125698.86002583136
 20
39883.721581915633
 11
125668.47578169958
 21
39899.46545721736
  0
LINE
  8
_0-3_計画建物－天空率
  6
CONTINUOUS
 62
   18
 10
125668.47578169958
 20
39899.46545721736
 11
125638.28919944849
 21
39914.80225457048
  0
LINE
  8
_0-3_計画建物－天空率
  6
CONTINUOUS
 62
   18
 10
125638.28919944849
 20
39914.80225457048
 11
125608.31044305334
 21
39929.736363502248
  0
LINE
  8
_0-3_計画建物－天空率
  6
CONTINUOUS
 62
   18
 10
125608.31044305334
 20
39929.736363502248
 11
125578.54907127705
 21
39944.272512280098
  0
LINE
  8
_0-3_計画建物－天空率
  6
CONTINUOUS
 62
   18
 10
125578.54907127705
 20
39944.272512280098
 11
125549.01404338415
 21
39958.41574050139
  0
LINE
  8
_0-3_計画建物－天空率
  6
CONTINUOUS
 62
   18
 10
125549.01404338415
 20
39958.41574050139
 11
125519.71372668426
 21
39972.171372176817
  0
LINE
  8
_0-3_計画建物－天空率
  6
CONTINUOUS
 62
   18
 10
125841.59702741466
 20
40792.658217175892
 11
125519.71372668426
 21
39972.171372176817
  0
LINE
  8
_0-3_計画建物－天空率
  6
CONTINUOUS
 62
   18
 10
126008.73834259674
 20
40260.23829100719
 11
125961.21967016535
 21
40237.819467086657
  0
LINE
  8
_0-3_計画建物－天空率
  6
CONTINUOUS
 62
   18
 10
125961.21967016535
 20
40237.819467086657
 11
125910.16999062955
 21
40212.194691138749
  0
LINE
  8
_0-3_計画建物－天空率
  6
CONTINUOUS
 62
   18
 10
125910.16999062955
 20
40212.194691138749
 11
125855.38430964107
 21
40183.033741660765
  0
LINE
  8
_0-3_計画建物－天空率
  6
CONTINUOUS
 62
   18
 10
125855.38430964107
 20
40183.033741660765
 11
125796.67130173902
 21
40149.993731955801
  0
LINE
  8
_0-3_計画建物－天空率
  6
CONTINUOUS
 62
   18
 10
125796.67130173902
 20
40149.993731955801
 11
125733.86178735381
 21
40112.725615273884
  0
LINE
  8
_0-3_計画建物－天空率
  6
CONTINUOUS
 62
   18
 10
125733.86178735381
 20
40112.725615273884
 11
125666.81872857782
 21
40070.882959971837
  0
LINE
  8
_0-3_計画建物－天空率
  6
CONTINUOUS
 62
   18
 10
125666.81872857782
 20
40070.882959971837
 11
125595.44859164029
 21
40024.133196185175
  0
LINE
  8
_0-3_計画建物－天空率
  6
CONTINUOUS
 62
   18
 10
125595.44859164029
 20
40024.133196185175
 11
125519.71372668426
 21
39972.171372176817
  0
LINE
  8
_0-3_計画建物－天空率
  6
CONTINUOUS
 62
   18
 10
125519.71372668426
 20
39972.171372176817
 11
125485.96527571429
 21
39978.158791445108
  0
LINE
  8
_0-3_計画建物－天空率
  6
CONTINUOUS
 62
   18
 10
125485.96527571429
 20
39978.158791445108
 11
125451.91501768449
 21
39983.912089077639
  0
LINE
  8
_0-3_計画建物－天空率
  6
CONTINUOUS
 62
   18
 10
125451.91501768449
 20
39983.912089077639
 11
125417.57347692655
 21
39989.424476411564
  0
LINE
  8
_0-3_計画建物－天空率
  6
CONTINUOUS
 62
   18
 10
125417.57347692655
 20
39989.424476411564
 11
125382.9517315434
 21
39994.689347309227
  0
LINE
  8
_0-3_計画建物－天空率
  6
CONTINUOUS
 62
   18
 10
125382.9517315434
 20
39994.689347309227
 11
125348.06140284745
 21
39999.700298387833
  0
LINE
  8
_0-3_計画建物－天空率
  6
CONTINUOUS
 62
   18
 10
125348.06140284745
 20
39999.700298387833
 11
125312.91464254377
 21
40004.451149107742
  0
LINE
  8
_0-3_計画建物－天空率
  6
CONTINUOUS
 62
   18
 10
125312.91464254377
 20
40004.451149107742
 11
125277.52411764691
 21
40008.935961606483
  0
LINE
  8
_0-3_計画建物－天空率
  6
CONTINUOUS
 62
   18
 10
125277.52411764691
 20
40008.935961606483
 11
125241.90299313503
 21
40013.149060163326
  0
LINE
  8
_0-3_計画建物－天空率
  6
CONTINUOUS
 62
   18
 10
125241.90299313503
 20
40013.149060163326
 11
125206.06491236241
 21
40017.085050177323
  0
LINE
  8
_0-3_計画建物－天空率
  6
CONTINUOUS
 62
   18
 10
125206.06491236241
 20
40017.085050177323
 11
125170.02397526706
 21
40020.73883654148
  0
LINE
  8
_0-3_計画建物－天空率
  6
CONTINUOUS
 62
   18
 10
125170.02397526706
 20
40020.73883654148
 11
125133.79471442892
 21
40024.105641296111
  0
LINE
  8
_0-3_計画建物－天空率
  6
CONTINUOUS
 62
   18
 10
125133.79471442892
 20
40024.105641296111
 11
125097.39206905046
 21
40027.18102044655
  0
LINE
  8
_0-3_計画建物－天空率
  6
CONTINUOUS
 62
   18
 10
125097.39206905046
 20
40027.18102044655
 11
125060.83135694889
 21
40029.960879832804
  0
LINE
  8
_0-3_計画建物－天空率
  6
CONTINUOUS
 62
   18
 10
125060.83135694889
 20
40029.960879832804
 11
125024.12824466652
 21
40032.441489943499
  0
LINE
  8
_0-3_計画建物－天空率
  6
CONTINUOUS
 62
   18
 10
125024.12824466652
 20
40032.441489943499
 11
124987.29871582194
 21
40034.619499571257
  0
LINE
  8
_0-3_計画建物－天空率
  6
CONTINUOUS
 62
   18
 10
124987.29871582194
 20
40034.619499571257
 11
124950.35903784017
 21
40036.491948213464
  0
LINE
  8
_0-3_計画建物－天空率
  6
CONTINUOUS
 62
   18
 10
124950.35903784017
 20
40036.491948213464
 11
124913.32572721487
 21
40038.056277129689
  0
LINE
  8
_0-3_計画建物－天空率
  6
CONTINUOUS
 62
   18
 10
124913.32572721487
 20
40038.056277129689
 11
124876.2155134692
 21
40039.310338975847
  0
LINE
  8
_0-3_計画建物－天空率
  6
CONTINUOUS
 62
   18
 10
124876.2155134692
 20
40039.310338975847
 11
124839.04530199358
 21
40040.252405944534
  0
LINE
  8
_0-3_計画建物－天空率
  6
CONTINUOUS
 62
   18
 10
124839.04530199358
 20
40040.252405944534
 11
124801.83213594989
 21
40040.881176351424
  0
LINE
  8
_0-3_計画建物－天空率
  6
CONTINUOUS
 62
   18
 10
124801.83213594989
 20
40040.881176351424
 11
124764.59315743982
 21
40041.195779618792
  0
LINE
  8
_0-3_計画建物－天空率
  6
CONTINUOUS
 62
   18
 10
124764.59315743982
 20
40041.195779618792
 11
124727.34556814261
 21
40041.195779618792
  0
LINE
  8
_0-3_計画建物－天空率
  6
CONTINUOUS
 62
   18
 10
124727.34556814261
 20
40041.195779618792
 11
124690.10658963254
 21
40040.881176351424
  0
LINE
  8
_0-3_計画建物－天空率
  6
CONTINUOUS
 62
   18
 10
124690.10658963254
 20
40040.881176351424
 11
124652.89342358885
 21
40040.252405944534
  0
LINE
  8
_0-3_計画建物－天空率
  6
CONTINUOUS
 62
   18
 10
124652.89342358885
 20
40040.252405944534
 11
124615.72321211324
 21
40039.310338975847
  0
LINE
  8
_0-3_計画建物－天空率
  6
CONTINUOUS
 62
   18
 10
124615.72321211324
 20
40039.310338975847
 11
124578.61299836756
 21
40038.056277129689
  0
LINE
  8
_0-3_計画建物－天空率
  6
CONTINUOUS
 62
   18
 10
124578.61299836756
 20
40038.056277129689
 11
124541.57968774226
 21
40036.491948213464
  0
LINE
  8
_0-3_計画建物－天空率
  6
CONTINUOUS
 62
   18
 10
124541.57968774226
 20
40036.491948213464
 11
124504.64000976049
 21
40034.619499571257
  0
LINE
  8
_0-3_計画建物－天空率
  6
CONTINUOUS
 62
   18
 10
124504.64000976049
 20
40034.619499571257
 11
124467.81048091591
 21
40032.441489943499
  0
LINE
  8
_0-3_計画建物－天空率
  6
CONTINUOUS
 62
   18
 10
124467.81048091591
 20
40032.441489943499
 11
124431.10736863354
 21
40029.960879832804
  0
LINE
  8
_0-3_計画建物－天空率
  6
CONTINUOUS
 62
   18
 10
124431.10736863354
 20
40029.960879832804
 11
124394.54665653198
 21
40027.18102044655
  0
LINE
  8
_0-3_計画建物－天空率
  6
CONTINUOUS
 62
   18
 10
124394.54665653198
 20
40027.18102044655
 11
124358.14401115351
 21
40024.105641296111
  0
LINE
  8
_0-3_計画建物－天空率
  6
CONTINUOUS
 62
   18
 10
124358.14401115351
 20
40024.105641296111
 11
124321.91475031537
 21
40020.73883654148
  0
LINE
  8
_0-3_計画建物－天空率
  6
CONTINUOUS
 62
   18
 10
124321.91475031537
 20
40020.73883654148
 11
124285.87381322002
 21
40017.085050177323
  0
LINE
  8
_0-3_計画建物－天空率
  6
CONTINUOUS
 62
   18
 10
124285.87381322002
 20
40017.085050177323
 11
124250.0357324474
 21
40013.149060163326
  0
LINE
  8
_0-3_計画建物－天空率
  6
CONTINUOUS
 62
   18
 10
124250.0357324474
 20
40013.149060163326
 11
124214.41460793555
 21
40008.935961606483
  0
LINE
  8
_0-3_計画建物－天空率
  6
CONTINUOUS
 62
   18
 10
124214.41460793555
 20
40008.935961606483
 11
124179.02408303866
 21
40004.451149107742
  0
LINE
  8
_0-3_計画建物－天空率
  6
CONTINUOUS
 62
   18
 10
124179.02408303866
 20
40004.451149107742
 11
124143.87732273498
 21
39999.700298387833
  0
LINE
  8
_0-3_計画建物－天空率
  6
CONTINUOUS
 62
   18
 10
124143.87732273498
 20
39999.700298387833
 11
124108.98699403903
 21
39994.689347309227
  0
LINE
  8
_0-3_計画建物－天空率
  6
CONTINUOUS
 62
   18
 10
124108.98699403903
 20
39994.689347309227
 11
124074.36524865588
 21
39989.424476411571
  0
LINE
  8
_0-3_計画建物－天空率
  6
CONTINUOUS
 62
   18
 10
124074.36524865588
 20
39989.424476411571
 11
124040.02370789794
 21
39983.912089077646
  0
LINE
  8
_0-3_計画建物－天空率
  6
CONTINUOUS
 62
   18
 10
124040.02370789794
 20
39983.912089077646
 11
124005.97344986815
 21
39978.158791445108
  0
LINE
  8
_0-3_計画建物－天空率
  6
CONTINUOUS
 62
   18
 10
124005.97344986815
 20
39978.158791445108
 11
123972.22499889817
 21
39972.171372176817
  0
CIRCLE
  8
_0-3_計画建物－天空率
  6
CONTINUOUS
 62
   18
 10
132745.96936279122
 20
37999.881817155335
 40
3000
  0
POINT
  8
_0-3_計画建物－天空率
 62
   18
 10
96725.45276732133
 20
67110.169491525419
  0
TEXT
  8
_0-3_計画建物－天空率
 62
  132
 10
96725.45276732133
 20
67110.169491525419
 40
500
 41
1
 50
0
  1
No.7
  0
TEXT
  8
_0-3_計画建物－天空率
 62
  132
 10
131370.96936279122
 20
34249.881817155335
 40
500
 41
1
 50
0
  1
測定点 No.7
  0
TEXT
  8
_0-3_計画建物－天空率
 62
  132
 10
129120.96936279122
 20
33499.881817155335
 40
500
 41
1
 50
0
  1
正射影 　測定面高さ = 0.000 m
  0
LINE
  8
_0-3_計画建物－天空率
  6
CONTINUOUS
 62
  132
 10
134095.64266996455
 20
39498.845883032961
 11
134753.36118186777
 21
40229.316293587515
  0
LINE
  8
_0-3_計画建物－天空率
  6
CONTINUOUS
 62
  132
 10
134020.81660929642
 20
39519.185603186728
 11
134674.33219185084
 21
40298.015146512268
  0
LINE
  8
_0-3_計画建物－天空率
  6
CONTINUOUS
 62
  132
 10
133947.51177589807
 20
39537.785974536527
 11
134592.9537887682
 21
40363.914077975496
  0
LINE
  8
_0-3_計画建物－天空率
  6
CONTINUOUS
 62
  132
 10
133875.64557162736
 20
39554.747726983805
 11
134509.32511966864
 21
40426.932800280177
  0
LINE
  8
_0-3_計画建物－天空率
  6
CONTINUOUS
 62
  132
 10
133805.15586441964
 20
39570.190382845212
 11
134423.54807320344
 21
40486.994534820463
  0
LINE
  8
_0-3_計画建物－天空率
  6
CONTINUOUS
 62
  132
 10
133735.99326059769
 20
39584.251245390856
 11
134335.72715549083
 21
40544.026105624616
  0
LINE
  8
_0-3_計画建物－天空率
  6
CONTINUOUS
 62
  132
 10
133668.08498568812
 20
39597.032926465799
 11
134245.96936279122
 21
40597.958028508648
  0
LINE
  8
_0-3_計画建物－天空率
  6
CONTINUOUS
 62
  132
 10
133601.35263637281
 20
39608.62377779484
 11
134154.38405114889
 21
40648.724595732113
  0
LINE
  8
_0-3_計画建物－天空率
  6
CONTINUOUS
 62
  132
 10
133535.7022034591
 20
39619.074094198069
 11
134061.08280315846
 21
40696.26395605284
  0
LINE
  8
_0-3_計画建物－天空率
  6
CONTINUOUS
 62
  132
 10
133471.07668652644
 20
39628.499531291919
 11
133966.17929201861
 21
40740.518190083137
  0
LINE
  8
_0-3_計画建物－天空率
  6
CONTINUOUS
 62
  132
 10
133407.40019316342
 20
39636.980569853789
 11
133869.78914303894
 21
40781.433380855698
  0
LINE
  8
_0-3_計画建物－天空率
  6
CONTINUOUS
 62
  132
 10
133344.56930070274
 20
39644.521629854141
 11
133772.02979276821
 21
40818.959679513063
  0
LINE
  8
_0-3_計画建物－天空率
  6
CONTINUOUS
 62
  132
 10
133282.51651499577
 20
39651.204154413513
 11
133673.02034591606
 21
40853.051366040795
  0
LINE
  8
_0-3_計画建物－天空率
  6
CONTINUOUS
 62
  132
 10
133221.16762441035
 20
39657.095098413963
 11
133572.88143024223
 21
40883.66690497029
  0
LINE
  8
_0-3_計画建物－天空率
  6
CONTINUOUS
 62
  132
 10
133160.42404953588
 20
39662.168772565346
 11
133471.73504959023
 21
40910.768995983322
  0
LINE
  8
_0-3_計画建物－天空率
  6
CONTINUOUS
 62
  132
 10
133100.2288903594
 20
39666.541857122254
 11
133369.70443524449
 21
40934.324619356753
  0
LINE
  8
_0-3_計画建物－天空率
  6
CONTINUOUS
 62
  132
 10
133040.48385072013
 20
39670.156478160723
 11
133266.913895792
 21
40954.305076191958
  0
LINE
  8
_0-3_計画建物－天空率
  6
CONTINUOUS
 62
  132
 10
132981.12645619903
 20
39673.111479593135
 11
133163.4886656714
 21
40970.686023380047
  0
LINE
  8
_0-3_計画建物－天空率
  6
CONTINUOUS
 62
  132
 10
132922.07098560853
 20
39675.376837619318
 11
133059.55475259418
 21
40983.447503260154
  0
LINE
  8
_0-3_計画建物－天空率
  6
CONTINUOUS
 62
  132
 10
132863.24363423281
 20
39676.982033540836
 11
132955.23878402358
 21
40992.573967934804
  0
LINE
  8
_0-3_計画建物－天空率
  6
CONTINUOUS
 62
  132
 10
132804.56940978407
 20
39677.967605233578
 11
132850.66785289873
 21
40998.05429821262
  0
LINE
  8
_0-3_計画建物－天空率
  6
CONTINUOUS
 62
  132
 10
132745.96936279122
 20
39678.260346890354
 11
132745.96936279122
 21
40999.881817155335
  0
LINE
  8
_0-3_計画建物－天空率
  6
CONTINUOUS
 62
  132
 10
132687.36931579836
 20
39677.967605233578
 11
132641.2708726837
 21
40998.05429821262
  0
LINE
  8
_0-3_計画建物－天空率
  6
CONTINUOUS
 62
  132
 10
132628.69509134962
 20
39676.982033540836
 11
132536.69994155885
 21
40992.573967934804
  0
LINE
  8
_0-3_計画建物－天空率
  6
CONTINUOUS
 62
  132
 10
132569.8677399739
 20
39675.376837619318
 11
132432.38397298826
 21
40983.447503260154
  0
LINE
  8
_0-3_計画建物－天空率
  6
CONTINUOUS
 62
  132
 10
132510.8122693834
 20
39673.111479593135
 11
132328.45005991103
 21
40970.686023380047
  0
LINE
  8
_0-3_計画建物－天空率
  6
CONTINUOUS
 62
  132
 10
132451.4548748623
 20
39670.156478160723
 11
132225.02482979043
 21
40954.305076191958
  0
LINE
  8
_0-3_計画建物－天空率
  6
CONTINUOUS
 62
  132
 10
132391.70983522303
 20
39666.541857122247
 11
132122.23429033794
 21
40934.324619356753
  0
LINE
  8
_0-3_計画建物－天空率
  6
CONTINUOUS
 62
  132
 10
132331.51467604655
 20
39662.168772565346
 11
132020.2036759922
 21
40910.768995983322
  0
LINE
  8
_0-3_計画建物－天空率
  6
CONTINUOUS
 62
  132
 10
132270.77110117208
 20
39657.095098413963
 11
131919.05729534022
 21
40883.66690497029
  0
LINE
  8
_0-3_計画建物－天空率
  6
CONTINUOUS
 62
  132
 10
132209.42221058666
 20
39651.204154413513
 11
131818.9183796664
 21
40853.051366040795
  0
LINE
  8
_0-3_計画建物－天空率
  6
CONTINUOUS
 62
  132
 10
132147.36942487969
 20
39644.521629854141
 11
131719.90893281422
 21
40818.959679513063
  0
LINE
  8
_0-3_計画建物－天空率
  6
CONTINUOUS
 62
  132
 10
132084.53853241901
 20
39636.980569853789
 11
131622.14958254349
 21
40781.433380855698
  0
LINE
  8
_0-3_計画建物－天空率
  6
CONTINUOUS
 62
  132
 10
132020.86203905599
 20
39628.499531291919
 11
131525.75943356382
 21
40740.518190083137
  0
LINE
  8
_0-3_計画建物－天空率
  6
CONTINUOUS
 62
  132
 10
131956.23652212333
 20
39619.074094198069
 11
131430.85592242397
 21
40696.26395605284
  0
LINE
  8
_0-3_計画建物－天空率
  6
CONTINUOUS
 62
  132
 10
131890.58608920962
 20
39608.62377779484
 11
131337.55467443354
 21
40648.724595732121
  0
LINE
  8
_0-3_計画建物－天空率
  6
CONTINUOUS
 62
  132
 10
131823.85373989431
 20
39597.032926465799
 11
131245.96936279122
 21
40597.958028508648
  0
LINE
  8
_0-3_計画建物－天空率
  6
CONTINUOUS
 62
  132
 10
131755.94546498474
 20
39584.251245390856
 11
131156.2115700916
 21
40544.026105624616
  0
LINE
  8
_0-3_計画建物－天空率
  6
CONTINUOUS
 62
  132
 10
131686.78286116279
 20
39570.190382845212
 11
131068.39065237897
 21
40486.994534820463
  0
LINE
  8
_0-3_計画建物－天空率
  6
CONTINUOUS
 62
  132
 10
131616.29315395507
 20
39554.747726983805
 11
130982.61360591379
 21
40426.932800280177
  0
LINE
  8
_0-3_計画建物－天空率
  6
CONTINUOUS
 62
  132
 10
131544.42694968436
 20
39537.785974536527
 11
130898.98493681426
 21
40363.914077975496
  0
LINE
  8
_0-3_計画建物－天空率
  6
CONTINUOUS
 62
  132
 10
131471.12211628601
 20
39519.185603186728
 11
130817.60653373159
 21
40298.015146512276
  0
LINE
  8
_0-3_計画建物－天空率
  6
CONTINUOUS
 62
  132
 10
131396.29605561788
 20
39498.845883032961
 11
130738.57754371465
 21
40229.316293587515
  0
LINE
  8
_0-3_計画建物－天空率
  6
CONTINUOUS
 62
  132
 10
131319.97671124705
 20
39476.540435071903
 11
130661.99425141424
 21
40157.901218171289
  0
LINE
  8
_0-3_計画建物－天空率
  6
CONTINUOUS
 62
  132
 10
131242.09548751421
 20
39452.15593723594
 11
130587.94996177525
 21
40083.856928532324
  0
LINE
  8
_0-3_計画建物－天空率
  6
CONTINUOUS
 62
  132
 10
131162.6719913409
 20
39425.489173735346
 11
130516.53488635904
 21
40007.273636231911
  0
LINE
  8
_0-3_計画建物－天空率
  6
CONTINUOUS
 62
  132
 10
131081.73191907498
 20
39396.342842369034
 11
130447.83603343428
 21
39928.244646214952
  0
LINE
  8
_0-3_計画建物－天空率
  6
CONTINUOUS
 62
  132
 10
130999.35399855316
 20
39364.48729627033
 11
130381.93710197106
 21
39846.86624313231
  0
LINE
  8
_0-3_計画建物－天空率
  6
CONTINUOUS
 62
  132
 10
130915.62909027872
 20
39329.701865856586
 11
130318.91837966638
 21
39763.237574032755
  0
LINE
  8
_0-3_計画建物－天空率
  6
CONTINUOUS
 62
  132
 10
130830.72549577058
 20
39291.730117290971
 11
130258.85664512609
 21
39677.460527567578
  0
TEXT
  8
_0-3_計画建物－天空率
 62
  132
 10
130745.96936279122
 20
32749.881817155335
 40
500
 41
1
 50
0
  1
天空率 = 82.86 %
  0
LINE
  8
_0-3_計画建物－天空率
  6
CONTINUOUS
 62
   18
 10
131240.73408161426
 20
40155.378739800704
 11
131222.117439713
 21
40130.094296755814
  0
LINE
  8
_0-3_計画建物－天空率
  6
CONTINUOUS
 62
   18
 10
131222.117439713
 20
40130.094296755814
 11
131203.26673239609
 21
40103.859908904618
  0
LINE
  8
_0-3_計画建物－天空率
  6
CONTINUOUS
 62
   18
 10
131203.26673239609
 20
40103.859908904618
 11
131184.19072128427
 21
40076.639989844385
  0
LINE
  8
_0-3_計画建物－天空率
  6
CONTINUOUS
 62
   18
 10
131184.19072128427
 20
40076.639989844385
 11
131164.89960544934
 21
40048.398285363517
  0
LINE
  8
_0-3_計画建物－天空率
  6
CONTINUOUS
 62
   18
 10
131164.89960544934
 20
40048.398285363517
 11
131145.4051357824
 21
40019.097974150448
  0
LINE
  8
_0-3_計画建物－天空率
  6
CONTINUOUS
 62
   18
 10
131145.4051357824
 20
40019.097974150448
 11
131125.72073282388
 21
39988.701787643927
  0
LINE
  8
_0-3_計画建物－天空率
  6
CONTINUOUS
 62
   18
 10
131125.72073282388
 20
39988.701787643927
 11
131105.86160718931
 21
39957.172150884056
  0
LINE
  8
_0-3_計画建物－天空率
  6
CONTINUOUS
 62
   18
 10
131105.86160718931
 20
39957.172150884056
 11
131085.84488150553
 21
39924.471346242382
  0
LINE
  8
_0-3_計画建物－天空率
  6
CONTINUOUS
 62
   18
 10
131085.84488150553
 20
39924.471346242382
 11
131065.68971252627
 21
39890.561701888233
  0
LINE
  8
_0-3_計画建物－天空率
  6
CONTINUOUS
 62
   18
 10
131065.68971252627
 20
39890.561701888233
 11
131045.41741182704
 21
39855.405806781287
  0
LINE
  8
_0-3_計画建物－天空率
  6
CONTINUOUS
 62
   18
 10
131045.41741182704
 20
39855.405806781287
 11
131025.0515631847
 21
39818.966753852444
  0
LINE
  8
_0-3_計画建物－天空率
  6
CONTINUOUS
 62
   18
 10
131025.0515631847
 20
39818.966753852444
 11
131004.61813443624
 21
39781.208412839521
  0
LINE
  8
_0-3_計画建物－天空率
  6
CONTINUOUS
 62
   18
 10
131004.61813443624
 20
39781.208412839521
 11
130984.14558128235
 21
39742.095733965652
  0
LINE
  8
_0-3_計画建物－天空率
  6
CONTINUOUS
 62
   18
 10
130984.14558128235
 20
39742.095733965652
 11
130963.66494016758
 21
39701.595083277723
  0
LINE
  8
_0-3_計画建物－天空率
  6
CONTINUOUS
 62
   18
 10
130963.66494016758
 20
39701.595083277723
 11
130943.20990703409
 21
39659.674609986337
  0
LINE
  8
_0-3_計画建物－天空率
  6
CONTINUOUS
 62
   18
 10
130943.20990703409
 20
39659.674609986337
 11
130922.81689842816
 21
39616.304645559321
  0
LINE
  8
_0-3_計画建物－天空率
  6
CONTINUOUS
 62
   18
 10
130922.81689842816
 20
39616.304645559321
 11
130902.52509114584
 21
39571.458133608481
  0
LINE
  8
_0-3_計画建物－天空率
  6
CONTINUOUS
 62
   18
 10
130902.52509114584
 20
39571.458133608481
 11
130882.37643635965
 21
39525.111088770441
  0
LINE
  8
_0-3_計画建物－天空率
  6
CONTINUOUS
 62
   18
 10
130882.37643635965
 20
39525.111088770441
 11
130862.41564398861
 21
39477.243081816173
  0
LINE
  8
_0-3_計画建物－天空率
  6
CONTINUOUS
 62
   18
 10
130862.41564398861
 20
39477.243081816173
 11
130842.69013298308
 21
39427.837747136618
  0
LINE
  8
_0-3_計画建物－天空率
  6
CONTINUOUS
 62
   18
 10
130842.69013298308
 20
39427.837747136618
 11
130823.24994321873
 21
39376.883307555246
  0
LINE
  8
_0-3_計画建物－天空率
  6
CONTINUOUS
 62
   18
 10
130823.24994321873
 20
39376.883307555246
 11
130804.14760485288
 21
39324.373110135187
  0
LINE
  8
_0-3_計画建物－天空率
  6
CONTINUOUS
 62
   18
 10
130804.14760485288
 20
39324.373110135187
 11
130785.43796131995
 21
39270.306165308706
  0
LINE
  8
_0-3_計画建物－天空率
  6
CONTINUOUS
 62
   18
 10
130228.34018350456
 20
39631.305525333082
 11
130785.43796131995
 21
39270.306165308706
  0
LINE
  8
_0-3_計画建物－天空率
  6
CONTINUOUS
 62
   18
 10
131028.35005487158
 20
40459.512666096234
 11
131240.73408161426
 21
40155.378739800704
  0
LINE
  8
_0-3_計画建物－天空率
  6
CONTINUOUS
 62
   18
 10
134125.89606303168
 20
39490.20265341505
 11
134096.63801931039
 21
39498.568956580718
  0
LINE
  8
_0-3_計画建物－天空率
  6
CONTINUOUS
 62
   18
 10
134096.63801931039
 20
39498.568956580718
 11
134066.88848256174
 21
39506.845883372399
  0
LINE
  8
_0-3_計画建物－天空率
  6
CONTINUOUS
 62
   18
 10
134066.88848256174
 20
39506.845883372399
 11
134036.64757401449
 21
39515.02580424353
  0
LINE
  8
_0-3_計画建物－天空率
  6
CONTINUOUS
 62
   18
 10
134036.64757401449
 20
39515.02580424353
 11
134005.91603581374
 21
39523.100929316889
  0
LINE
  8
_0-3_計画建物－天空率
  6
CONTINUOUS
 62
   18
 10
134005.91603581374
 20
39523.100929316889
 11
133974.69526023822
 21
39531.063320127745
  0
LINE
  8
_0-3_計画建物－天空率
  6
CONTINUOUS
 62
   18
 10
133974.69526023822
 20
39531.063320127745
 11
133942.98731819522
 21
39538.904902674759
  0
LINE
  8
_0-3_計画建物－天空率
  6
CONTINUOUS
 62
   18
 10
133942.98731819522
 20
39538.904902674759
 11
133910.79498677977
 21
39546.617481795859
  0
LINE
  8
_0-3_計画建物－天空率
  6
CONTINUOUS
 62
   18
 10
133910.79498677977
 20
39546.617481795859
 11
133878.12177567541
 21
39554.192756877702
  0
LINE
  8
_0-3_計画建物－天空率
  6
CONTINUOUS
 62
   18
 10
133878.12177567541
 20
39554.192756877702
 11
133844.97195216477
 21
39561.622338896719
  0
LINE
  8
_0-3_計画建物－天空率
  6
CONTINUOUS
 62
   18
 10
133844.97195216477
 20
39561.622338896719
 11
133811.35056451099
 21
39568.897768779024
  0
LINE
  8
_0-3_計画建物－天空率
  6
CONTINUOUS
 62
   18
 10
133811.35056451099
 20
39568.897768779024
 11
133777.26346346602
 21
39576.010537054571
  0
LINE
  8
_0-3_計画建物－天空率
  6
CONTINUOUS
 62
   18
 10
133777.26346346602
 20
39576.010537054571
 11
133742.71732165871
 21
39582.952104768395
  0
LINE
  8
_0-3_計画建物－天空率
  6
CONTINUOUS
 62
   18
 10
133742.71732165871
 20
39582.952104768395
 11
133707.7196506148
 21
39589.713925598407
  0
LINE
  8
_0-3_計画建物－天空率
  6
CONTINUOUS
 62
   18
 10
133707.7196506148
 20
39589.713925598407
 11
133672.27881516324
 21
39596.287469115603
  0
LINE
  8
_0-3_計画建物－天空率
  6
CONTINUOUS
 62
   18
 10
133672.27881516324
 20
39596.287469115603
 11
133636.40404498731
 21
39602.66424510828
  0
LINE
  8
_0-3_計画建物－天空率
  6
CONTINUOUS
 62
   18
 10
133636.40404498731
 20
39602.66424510828
 11
133600.10544308819
 21
39608.835828877519
  0
LINE
  8
_0-3_計画建物－天空率
  6
CONTINUOUS
 62
   18
 10
133600.10544308819
 20
39608.835828877519
 11
133563.39399093817
 21
39614.793887396866
  0
LINE
  8
_0-3_計画建物－天空率
  6
CONTINUOUS
 62
   18
 10
133563.39399093817
 20
39614.793887396866
 11
133526.2815501161
 21
39620.530206214716
  0
LINE
  8
_0-3_計画建物－天空率
  6
CONTINUOUS
 62
   18
 10
133526.2815501161
 20
39620.530206214716
 11
133488.78086023483
 21
39626.03671696435
  0
LINE
  8
_0-3_計画建物－天空率
  6
CONTINUOUS
 62
   18
 10
133488.78086023483
 20
39626.03671696435
 11
133450.90553299148
 21
39631.305525333082
  0
LINE
  8
_0-3_計画建物－天空率
  6
CONTINUOUS
 62
   18
 10
133450.90553299148
 20
39631.305525333082
 11
133412.67004219567
 21
39636.32893932992
  0
LINE
  8
_0-3_計画建物－天空率
  6
CONTINUOUS
 62
   18
 10
133412.67004219567
 20
39636.32893932992
 11
133374.08970965852
 21
39641.099497679599
  0
LINE
  8
_0-3_計画建物－天空率
  6
CONTINUOUS
 62
   18
 10
133374.08970965852
 20
39641.099497679599
 11
133335.1806868551
 21
39645.609998161322
  0
LINE
  8
_0-3_計画建物－天空率
  6
CONTINUOUS
 62
   18
 10
133335.1806868551
 20
39645.609998161322
 11
133295.95993230675
 21
39649.853525701924
  0
LINE
  8
_0-3_計画建物－天空率
  6
CONTINUOUS
 62
   18
 10
133295.95993230675
 20
39649.853525701924
 11
133256.44518466515
 21
39653.823480026891
  0
LINE
  8
_0-3_計画建物－天空率
  6
CONTINUOUS
 62
   18
 10
133256.44518466515
 20
39653.823480026891
 11
133216.65493151708
 21
39657.513602668172
  0
LINE
  8
_0-3_計画建物－天空率
  6
CONTINUOUS
 62
   18
 10
133216.65493151708
 20
39657.513602668172
 11
133176.60837396862
 21
39660.918003125334
  0
LINE
  8
_0-3_計画建物－天空率
  6
CONTINUOUS
 62
   18
 10
133176.60837396862
 20
39660.918003125334
 11
133136.32538710738
 21
39664.031183976832
  0
LINE
  8
_0-3_計画建物－天空率
  6
CONTINUOUS
 62
   18
 10
133136.32538710738
 20
39664.031183976832
 11
133095.82647648194
 21
39666.848064740523
  0
LINE
  8
_0-3_計画建物－天空率
  6
CONTINUOUS
 62
   18
 10
133095.82647648194
 20
39666.848064740523
 11
133055.13273077868
 21
39669.364004287643
  0
LINE
  8
_0-3_計画建物－天空率
  6
CONTINUOUS
 62
   18
 10
133055.13273077868
 20
39669.364004287643
 11
133014.26577091551
 21
39671.57482162211
  0
LINE
  8
_0-3_計画建物－天空率
  6
CONTINUOUS
 62
   18
 10
133014.26577091551
 20
39671.57482162211
 11
132973.24769581106
 21
39673.476814846915
  0
LINE
  8
_0-3_計画建物－天空率
  6
CONTINUOUS
 62
   18
 10
132973.24769581106
 20
39673.476814846915
 11
132932.10102512419
 21
39675.066778152191
  0
LINE
  8
_0-3_計画建物－天空率
  6
CONTINUOUS
 62
   18
 10
132932.10102512419
 20
39675.066778152191
 11
132890.84863929284
 21
39676.342016674294
  0
LINE
  8
_0-3_計画建物－天空率
  6
CONTINUOUS
 62
   18
 10
132890.84863929284
 20
39676.342016674294
 11
132849.51371723177
 21
39677.30035909223
  0
LINE
  8
_0-3_計画建物－天空率
  6
CONTINUOUS
 62
   18
 10
132849.51371723177
 20
39677.30035909223
 11
132808.1196720761
 21
39677.940167847045
  0
LINE
  8
_0-3_計画建物－天空率
  6
CONTINUOUS
 62
   18
 10
132808.1196720761
 20
39677.940167847045
 11
132766.69008538054
 21
39678.260346890354
  0
LINE
  8
_0-3_計画建物－天空率
  6
CONTINUOUS
 62
   18
 10
132766.69008538054
 20
39678.260346890354
 11
132725.24864020189
 21
39678.260346890354
  0
LINE
  8
_0-3_計画建物－天空率
  6
CONTINUOUS
 62
   18
 10
132725.24864020189
 20
39678.260346890354
 11
132683.81905350633
 21
39677.940167847045
  0
LINE
  8
_0-3_計画建物－天空率
  6
CONTINUOUS
 62
   18
 10
132683.81905350633
 20
39677.940167847045
 11
132642.42500835066
 21
39677.30035909223
  0
LINE
  8
_0-3_計画建物－天空率
  6
CONTINUOUS
 62
   18
 10
132642.42500835066
 20
39677.30035909223
 11
132601.09008628959
 21
39676.342016674294
  0
LINE
  8
_0-3_計画建物－天空率
  6
CONTINUOUS
 62
   18
 10
132601.09008628959
 20
39676.342016674294
 11
132559.83770045824
 21
39675.066778152191
  0
LINE
  8
_0-3_計画建物－天空率
  6
CONTINUOUS
 62
   18
 10
132559.83770045824
 20
39675.066778152191
 11
132518.69102977137
 21
39673.476814846915
  0
LINE
  8
_0-3_計画建物－天空率
  6
CONTINUOUS
 62
   18
 10
132518.69102977137
 20
39673.476814846915
 11
132477.67295466692
 21
39671.57482162211
  0
LINE
  8
_0-3_計画建物－天空率
  6
CONTINUOUS
 62
   18
 10
132477.67295466692
 20
39671.57482162211
 11
132436.80599480375
 21
39669.364004287643
  0
LINE
  8
_0-3_計画建物－天空率
  6
CONTINUOUS
 62
   18
 10
132436.80599480375
 20
39669.364004287643
 11
132396.11224910049
 21
39666.848064740523
  0
LINE
  8
_0-3_計画建物－天空率
  6
CONTINUOUS
 62
   18
 10
132396.11224910049
 20
39666.848064740523
 11
132355.61333847505
 21
39664.031183976832
  0
LINE
  8
_0-3_計画建物－天空率
  6
CONTINUOUS
 62
   18
 10
132355.61333847505
 20
39664.031183976832
 11
132315.33035161381
 21
39660.918003125334
  0
LINE
  8
_0-3_計画建物－天空率
  6
CONTINUOUS
 62
   18
 10
132315.33035161381
 20
39660.918003125334
 11
132275.28379406535
 21
39657.513602668172
  0
LINE
  8
_0-3_計画建物－天空率
  6
CONTINUOUS
 62
   18
 10
132275.28379406535
 20
39657.513602668172
 11
132235.49354091729
 21
39653.823480026891
  0
LINE
  8
_0-3_計画建物－天空率
  6
CONTINUOUS
 62
   18
 10
132235.49354091729
 20
39653.823480026891
 11
132195.97879327568
 21
39649.853525701924
  0
LINE
  8
_0-3_計画建物－天空率
  6
CONTINUOUS
 62
   18
 10
132195.97879327568
 20
39649.853525701924
 11
132156.75803872733
 21
39645.609998161322
  0
LINE
  8
_0-3_計画建物－天空率
  6
CONTINUOUS
 62
   18
 10
132156.75803872733
 20
39645.609998161322
 11
132117.84901592391
 21
39641.099497679599
  0
LINE
  8
_0-3_計画建物－天空率
  6
CONTINUOUS
 62
   18
 10
132117.84901592391
 20
39641.099497679599
 11
132079.26868338676
 21
39636.32893932992
  0
LINE
  8
_0-3_計画建物－天空率
  6
CONTINUOUS
 62
   18
 10
132079.26868338676
 20
39636.32893932992
 11
132041.03319259095
 21
39631.305525333082
  0
LINE
  8
_0-3_計画建物－天空率
  6
CONTINUOUS
 62
   18
 10
132041.03319259095
 20
39631.305525333082
 11
132003.1578653476
 21
39626.03671696435
  0
LINE
  8
_0-3_計画建物－天空率
  6
CONTINUOUS
 62
   18
 10
132003.1578653476
 20
39626.03671696435
 11
131965.65717546633
 21
39620.530206214716
  0
LINE
  8
_0-3_計画建物－天空率
  6
CONTINUOUS
 62
   18
 10
131965.65717546633
 20
39620.530206214716
 11
131928.54473464426
 21
39614.793887396866
  0
LINE
  8
_0-3_計画建物－天空率
  6
CONTINUOUS
 62
   18
 10
131928.54473464426
 20
39614.793887396866
 11
131891.83328249424
 21
39608.835828877519
  0
LINE
  8
_0-3_計画建物－天空率
  6
CONTINUOUS
 62
   18
 10
131891.83328249424
 20
39608.835828877519
 11
131855.53468059512
 21
39602.66424510828
  0
LINE
  8
_0-3_計画建物－天空率
  6
CONTINUOUS
 62
   18
 10
131855.53468059512
 20
39602.66424510828
 11
131819.65991041919
 21
39596.287469115603
  0
LINE
  8
_0-3_計画建物－天空率
  6
CONTINUOUS
 62
   18
 10
131819.65991041919
 20
39596.287469115603
 11
131784.21907496763
 21
39589.713925598407
  0
LINE
  8
_0-3_計画建物－天空率
  6
CONTINUOUS
 62
   18
 10
131784.21907496763
 20
39589.713925598407
 11
131749.22140392372
 21
39582.952104768395
  0
LINE
  8
_0-3_計画建物－天空率
  6
CONTINUOUS
 62
   18
 10
131749.22140392372
 20
39582.952104768395
 11
131714.67526211641
 21
39576.010537054571
  0
LINE
  8
_0-3_計画建物－天空率
  6
CONTINUOUS
 62
   18
 10
131714.67526211641
 20
39576.010537054571
 11
131680.58816107144
 21
39568.897768779024
  0
LINE
  8
_0-3_計画建物－天空率
  6
CONTINUOUS
 62
   18
 10
131680.58816107144
 20
39568.897768779024
 11
131646.96677341766
 21
39561.622338896719
  0
LINE
  8
_0-3_計画建物－天空率
  6
CONTINUOUS
 62
   18
 10
131646.96677341766
 20
39561.622338896719
 11
131613.81694990702
 21
39554.192756877702
  0
LINE
  8
_0-3_計画建物－天空率
  6
CONTINUOUS
 62
   18
 10
131613.81694990702
 20
39554.192756877702
 11
131581.14373880266
 21
39546.617481795859
  0
LINE
  8
_0-3_計画建物－天空率
  6
CONTINUOUS
 62
   18
 10
131581.14373880266
 20
39546.617481795859
 11
131548.95140738721
 21
39538.904902674759
  0
LINE
  8
_0-3_計画建物－天空率
  6
CONTINUOUS
 62
   18
 10
131548.95140738721
 20
39538.904902674759
 11
131517.24346534421
 21
39531.063320127745
  0
LINE
  8
_0-3_計画建物－天空率
  6
CONTINUOUS
 62
   18
 10
131517.24346534421
 20
39531.063320127745
 11
131486.02268976869
 21
39523.100929316889
  0
LINE
  8
_0-3_計画建物－天空率
  6
CONTINUOUS
 62
   18
 10
131486.02268976869
 20
39523.100929316889
 11
131455.29115156794
 21
39515.02580424353
  0
LINE
  8
_0-3_計画建物－天空率
  6
CONTINUOUS
 62
   18
 10
131455.29115156794
 20
39515.02580424353
 11
131425.05024302069
 21
39506.845883372399
  0
LINE
  8
_0-3_計画建物－天空率
  6
CONTINUOUS
 62
   18
 10
131425.05024302069
 20
39506.845883372399
 11
131395.30070627204
 21
39498.568956580718
  0
LINE
  8
_0-3_計画建物－天空率
  6
CONTINUOUS
 62
   18
 10
131395.30070627204
 20
39498.568956580718
 11
131366.04266255075
 21
39490.20265341505
  0
LINE
  8
_0-3_計画建物－天空率
  6
CONTINUOUS
 62
   18
 10
131366.04266255075
 20
39490.20265341505
 11
131337.27564190785
 21
39481.754432630048
  0
LINE
  8
_0-3_計画建物－天空率
  6
CONTINUOUS
 62
   18
 10
131337.27564190785
 20
39481.754432630048
 11
131308.99861328679
 21
39473.231572976306
  0
LINE
  8
_0-3_計画建物－天空率
  6
CONTINUOUS
 62
   18
 10
131308.99861328679
 20
39473.231572976306
 11
131281.21001474859
 21
39464.641165197943
  0
LINE
  8
_0-3_計画建物－天空率
  6
CONTINUOUS
 62
   18
 10
131281.21001474859
 20
39464.641165197943
 11
131253.90778368839
 21
39455.990105195443
  0
LINE
  8
_0-3_計画建物－天空率
  6
CONTINUOUS
 62
   18
 10
131253.90778368839
 20
39455.990105195443
 11
131227.08938689378
 21
39447.285088304641
  0
LINE
  8
_0-3_計画建物－天空率
  6
CONTINUOUS
 62
   18
 10
131227.08938689378
 20
39447.285088304641
 11
131200.7518503085
 21
39438.532604639243
  0
LINE
  8
_0-3_計画建物－天空率
  6
CONTINUOUS
 62
   18
 10
131200.7518503085
 20
39438.532604639243
 11
131174.89178837812
 21
39429.738935441419
  0
LINE
  8
_0-3_計画建物－天空率
  6
CONTINUOUS
 62
   18
 10
131174.89178837812
 20
39429.738935441419
 11
131149.50543286887
 21
39420.910150382922
  0
LINE
  8
_0-3_計画建物－天空率
  6
CONTINUOUS
 62
   18
 10
131149.50543286887
 20
39420.910150382922
 11
131124.58866106221
 21
39412.052105758011
  0
LINE
  8
_0-3_計画建物－天空率
  6
CONTINUOUS
 62
   18
 10
131124.58866106221
 20
39412.052105758011
 11
131100.13702324123
 21
39403.17044350849
  0
LINE
  8
_0-3_計画建物－天空率
  6
CONTINUOUS
 62
   18
 10
131100.13702324123
 20
39403.17044350849
 11
131076.14576939609
 21
39394.270591021348
  0
LINE
  8
_0-3_計画建物－天空率
  6
CONTINUOUS
 62
   18
 10
131076.14576939609
 20
39394.270591021348
 11
131052.60987508833
 21
39385.357761639497
  0
LINE
  8
_0-3_計画建物－天空率
  6
CONTINUOUS
 62
   18
 10
131052.60987508833
 20
39385.357761639497
 11
131029.52406642244
 21
39376.436955827317
  0
LINE
  8
_0-3_計画建物－天空率
  6
CONTINUOUS
 62
   18
 10
131029.52406642244
 20
39376.436955827317
 11
131006.88284408551
 21
39367.5129629336
  0
LINE
  8
_0-3_計画建物－天空率
  6
CONTINUOUS
 62
   18
 10
131006.88284408551
 20
39367.5129629336
 11
130984.68050642336
 21
39358.590363496245
  0
LINE
  8
_0-3_計画建物－天空率
  6
CONTINUOUS
 62
   18
 10
130984.68050642336
 20
39358.590363496245
 11
130962.91117153054
 21
39349.67353203491
  0
LINE
  8
_0-3_計画建物－天空率
  6
CONTINUOUS
 62
   18
 10
130962.91117153054
 20
39349.67353203491
 11
130941.56879834005
 21
39340.766640279587
  0
LINE
  8
_0-3_計画建物－天空率
  6
CONTINUOUS
 62
   18
 10
130941.56879834005
 20
39340.766640279587
 11
130920.647206705
 21
39331.873660785808
  0
LINE
  8
_0-3_計画建物－天空率
  6
CONTINUOUS
 62
   18
 10
130920.647206705
 20
39331.873660785808
 11
130900.14009647126
 21
39322.998370889101
  0
LINE
  8
_0-3_計画建物－天空率
  6
CONTINUOUS
 62
   18
 10
130900.14009647126
 20
39322.998370889101
 11
130880.04106554601
 21
39314.144356954137
  0
LINE
  8
_0-3_計画建物－天空率
  6
CONTINUOUS
 62
   18
 10
130880.04106554601
 20
39314.144356954137
 11
130860.34362697182
 21
39305.315018876448
  0
LINE
  8
_0-3_計画建物－天空率
  6
CONTINUOUS
 62
   18
 10
130860.34362697182
 20
39305.315018876448
 11
130841.04122502126
 21
39296.513574797078
  0
LINE
  8
_0-3_計画建物－天空率
  6
CONTINUOUS
 62
   18
 10
130841.04122502126
 20
39296.513574797078
 11
130822.12725032947
 21
39287.743065993359
  0
LINE
  8
_0-3_計画建物－天空率
  6
CONTINUOUS
 62
   18
 10
130822.12725032947
 20
39287.743065993359
 11
130803.5950540875
 21
39279.006361911437
  0
LINE
  8
_0-3_計画建物－天空率
  6
CONTINUOUS
 62
   18
 10
130803.5950540875
 20
39279.006361911437
 11
130785.43796131995
 21
39270.306165308706
  0
LINE
  8
_0-3_計画建物－天空率
  6
CONTINUOUS
 62
   18
 10
134784.19345728613
 20
40201.163839209839
 11
134125.89606303168
 21
39490.20265341505
  0
LINE
  8
_0-3_計画建物－天空率
  6
CONTINUOUS
 62
   18
 10
134125.89606303168
 20
39490.20265341505
 11
134106.14343083364
 21
39553.502863763787
  0
LINE
  8
_0-3_計画建物－天空率
  6
CONTINUOUS
 62
   18
 10
134106.14343083364
 20
39553.502863763787
 11
134086.17870976714
 21
39614.089519513014
  0
LINE
  8
_0-3_計画建物－天空率
  6
CONTINUOUS
 62
   18
 10
134086.17870976714
 20
39614.089519513014
 11
134066.07732270116
 21
39672.018566374579
  0
LINE
  8
_0-3_計画建物－天空率
  6
CONTINUOUS
 62
   18
 10
134066.07732270116
 20
39672.018566374579
 11
134045.90810841027
 21
39727.355972444653
  0
LINE
  8
_0-3_計画建物－天空率
  6
CONTINUOUS
 62
   18
 10
134045.90810841027
 20
39727.355972444653
 11
134025.73337485891
 21
39780.175753942843
  0
LINE
  8
_0-3_計画建物－天空率
  6
CONTINUOUS
 62
   18
 10
134025.73337485891
 20
39780.175753942843
 11
134005.60905659844
 21
39830.558172155164
  0
LINE
  8
_0-3_計画建物－天空率
  6
CONTINUOUS
 62
   18
 10
134005.60905659844
 20
39830.558172155164
 11
133985.58495369751
 21
39878.588112706645
  0
LINE
  8
_0-3_計画建物－天空率
  6
CONTINUOUS
 62
   18
 10
133985.58495369751
 20
39878.588112706645
 11
133965.70503171329
 21
39924.353650343524
  0
LINE
  8
_0-3_計画建物－天空率
  6
CONTINUOUS
 62
   18
 10
133965.70503171329
 20
39924.353650343524
 11
133946.0077646345
 21
39967.944796178344
  0
LINE
  8
_0-3_計画建物－天空率
  6
CONTINUOUS
 62
   18
 10
133946.0077646345
 20
39967.944796178344
 11
133926.52650527944
 21
40009.452419701927
  0
LINE
  8
_0-3_計画建物－天空率
  6
CONTINUOUS
 62
   18
 10
133926.52650527944
 20
40009.452419701927
 11
133907.28987016118
 21
40048.967334603679
  0
LINE
  8
_0-3_計画建物－天空率
  6
CONTINUOUS
 62
   18
 10
133907.28987016118
 20
40048.967334603679
 11
133888.32212822622
 21
40086.579535349956
  0
LINE
  8
_0-3_計画建物－天空率
  6
CONTINUOUS
 62
   18
 10
133888.32212822622
 20
40086.579535349956
 11
133869.64358506121
 21
40122.377570332006
  0
LINE
  8
_0-3_計画建物－天空率
  6
CONTINUOUS
 62
   18
 10
133869.64358506121
 20
40122.377570332006
 11
133851.27095610884
 21
40156.448037006193
  0
LINE
  8
_0-3_計画建物－天空率
  6
CONTINUOUS
 62
   18
 10
133851.27095610884
 20
40156.448037006193
 11
133833.21772411721
 21
40188.87518462503
  0
LINE
  8
_0-3_計画建物－天空率
  6
CONTINUOUS
 62
   18
 10
133833.21772411721
 20
40188.87518462503
 11
133815.49447747413
 21
40219.740610741646
  0
LINE
  8
_0-3_計画建物－天空率
  6
CONTINUOUS
 62
   18
 10
133815.49447747413
 20
40219.740610741646
 11
133798.10922725917
 21
40249.123038529032
  0
LINE
  8
_0-3_計画建物－天空率
  6
CONTINUOUS
 62
   18
 10
133798.10922725917
 20
40249.123038529032
 11
133781.06770180474
 21
40277.098162985108
  0
LINE
  8
_0-3_計画建物－天空率
  6
CONTINUOUS
 62
   18
 10
133781.06770180474
 20
40277.098162985108
 11
133764.37361831686
 21
40303.738555211122
  0
LINE
  8
_0-3_計画建物－天空率
  6
CONTINUOUS
 62
   18
 10
133764.37361831686
 20
40303.738555211122
 11
133748.02893169349
 21
40329.113615092617
  0
LINE
  8
_0-3_計画建物－天空率
  6
CONTINUOUS
 62
   18
 10
133748.02893169349
 20
40329.113615092617
 11
133732.03406112015
 21
40353.289563833706
  0
LINE
  8
_0-3_計画建物－天空率
  6
CONTINUOUS
 62
   18
 10
133905.30121225197
 20
40766.820497868357
 11
133732.03406112015
 21
40353.289563833706
  0
LINE
  8
_0-3_計画建物－天空率
  6
CONTINUOUS
 62
   18
 10
133732.03406112015
 20
40353.289563833706
 11
133691.29659592418
 21
40364.794427850851
  0
LINE
  8
_0-3_計画建物－天空率
  6
CONTINUOUS
 62
   18
 10
133691.29659592418
 20
40364.794427850851
 11
133649.97018394479
 21
40375.916380501264
  0
LINE
  8
_0-3_計画建物－天空率
  6
CONTINUOUS
 62
   18
 10
133649.97018394479
 20
40375.916380501264
 11
133608.06990671562
 21
40386.635909694879
  0
LINE
  8
_0-3_計画建物－天空率
  6
CONTINUOUS
 62
   18
 10
133608.06990671562
 20
40386.635909694879
 11
133565.61242402691
 21
40396.933721873356
  0
LINE
  8
_0-3_計画建物－天空率
  6
CONTINUOUS
 62
   18
 10
133565.61242402691
 20
40396.933721873356
 11
133522.61597953256
 21
40406.790824620635
  0
LINE
  8
_0-3_計画建物－天空率
  6
CONTINUOUS
 62
   18
 10
133522.61597953256
 20
40406.790824620635
 11
133479.10039750213
 21
40416.188611558092
  0
LINE
  8
_0-3_計画建物－天空率
  6
CONTINUOUS
 62
   18
 10
133479.10039750213
 20
40416.188611558092
 11
133435.08707023612
 21
40425.108948915716
  0
LINE
  8
_0-3_計画建物－天空率
  6
CONTINUOUS
 62
   18
 10
133435.08707023612
 20
40425.108948915716
 11
133390.59893574233
 21
40433.534263111119
  0
LINE
  8
_0-3_計画建物－天空率
  6
CONTINUOUS
 62
   18
 10
133390.59893574233
 20
40433.534263111119
 11
133345.66044535936
 21
40441.447628615067
  0
LINE
  8
_0-3_計画建物－天空率
  6
CONTINUOUS
 62
   18
 10
133345.66044535936
 20
40441.447628615067
 11
133300.2975211158
 21
40448.832855336484
  0
LINE
  8
_0-3_計画建物－天空率
  6
CONTINUOUS
 62
   18
 10
133300.2975211158
 20
40448.832855336484
 11
133254.53750272304
 21
40455.674574723729
  0
LINE
  8
_0-3_計画建物－天空率
  6
CONTINUOUS
 62
   18
 10
133254.53750272304
 20
40455.674574723729
 11
133208.40908421925
 21
40461.958323753184
  0
LINE
  8
_0-3_計画建物－天空率
  6
CONTINUOUS
 62
   18
 10
133208.40908421925
 20
40461.958323753184
 11
133161.94224040754
 21
40467.6706259626
  0
LINE
  8
_0-3_計画建物－天空率
  6
CONTINUOUS
 62
   18
 10
133161.94224040754
 20
40467.6706259626
 11
133115.16814336064
 21
40472.799068685424
  0
LINE
  8
_0-3_計画建物－天空率
  6
CONTINUOUS
 62
   18
 10
133115.16814336064
 20
40472.799068685424
 11
133068.1190693964
 21
40477.33237565527
  0
LINE
  8
_0-3_計画建物－天空率
  6
CONTINUOUS
 62
   18
 10
133068.1190693964
 20
40477.33237565527
 11
133020.82829705957
 21
40481.260474176291
  0
LINE
  8
_0-3_計画建物－天空率
  6
CONTINUOUS
 62
   18
 10
133020.82829705957
 20
40481.260474176291
 11
132973.32999677251
 21
40484.574556096085
  0
LINE
  8
_0-3_計画建物－天空率
  6
CONTINUOUS
 62
   18
 10
132973.32999677251
 20
40484.574556096085
 11
132925.65911293937
 21
40487.267131872591
  0
LINE
  8
_0-3_計画建物－天空率
  6
CONTINUOUS
 62
   18
 10
132925.65911293937
 20
40487.267131872591
 11
132877.85123940138
 21
40489.33207709463
  0
LINE
  8
_0-3_計画建物－天空率
  6
CONTINUOUS
 62
   18
 10
132877.85123940138
 20
40489.33207709463
 11
132829.94248924174
 21
40490.764670895936
  0
LINE
  8
_0-3_計画建物－天空率
  6
CONTINUOUS
 62
   18
 10
132829.94248924174
 20
40490.764670895936
 11
132781.96936002641
 21
40491.561625794332
  0
LINE
  8
_0-3_計画建物－天空率
  6
CONTINUOUS
 62
   18
 10
132781.96936002641
 20
40491.561625794332
 11
132733.96859563927
 21
40491.721108588106
  0
LINE
  8
_0-3_計画建物－天空率
  6
CONTINUOUS
 62
   18
 10
132733.96859563927
 20
40491.721108588106
 11
132685.9770459232
 21
40491.24275205026
  0
LINE
  8
_0-3_計画建物－天空率
  6
CONTINUOUS
 62
   18
 10
132685.9770459232
 20
40491.24275205026
 11
132638.03152537514
 21
40490.127657274744
  0
LINE
  8
_0-3_計画建物－天空率
  6
CONTINUOUS
 62
   18
 10
132638.03152537514
 20
40490.127657274744
 11
132590.1686721566
 21
40488.378386645199
  0
LINE
  8
_0-3_計画建物－天空率
  6
CONTINUOUS
 62
   18
 10
132590.1686721566
 20
40488.378386645199
 11
132542.42480867786
 21
40485.998947514199
  0
LINE
  8
_0-3_計画建物－天空率
  6
CONTINUOUS
 62
   18
 10
132542.42480867786
 20
40485.998947514199
 11
132494.83580498705
 21
40482.994766796124
  0
LINE
  8
_0-3_計画建物－天空率
  6
CONTINUOUS
 62
   18
 10
132494.83580498705
 20
40482.994766796124
 11
132447.4369461527
 21
40479.372656788109
  0
LINE
  8
_0-3_計画建物－天空率
  6
CONTINUOUS
 62
   18
 10
132447.4369461527
 20
40479.372656788109
 11
132400.26280476289
 21
40475.140772638224
  0
LINE
  8
_0-3_計画建物－天空率
  6
CONTINUOUS
 62
   18
 10
132400.26280476289
 20
40475.140772638224
 11
132353.34711958616
 21
40470.308561976467
  0
LINE
  8
_0-3_計画建物－天空率
  6
CONTINUOUS
 62
   18
 10
132353.34711958616
 20
40470.308561976467
 11
132306.72268134384
 21
40464.886707310208
  0
LINE
  8
_0-3_計画建物－天空率
  6
CONTINUOUS
 62
   18
 10
132306.72268134384
 20
40464.886707310208
 11
132260.42122643551
 21
40458.887061860295
  0
LINE
  8
_0-3_計画建物－天空率
  6
CONTINUOUS
 62
   18
 10
132260.42122643551
 20
40458.887061860295
 11
132214.47333934248
 21
40452.322579575273
  0
LINE
  8
_0-3_計画建物－天空率
  6
CONTINUOUS
 62
   18
 10
132214.47333934248
 20
40452.322579575273
 11
132168.90836430946
 21
40445.207240109513
  0
LINE
  8
_0-3_計画建物－天空率
  6
CONTINUOUS
 62
   18
 10
132168.90836430946
 20
40445.207240109513
 11
132123.75432677342
 21
40437.555969584318
  0
LINE
  8
_0-3_計画建物－天空率
  6
CONTINUOUS
 62
   18
 10
132123.75432677342
 20
40437.555969584318
 11
132079.03786487891
 21
40429.384557971337
  0
LINE
  8
_0-3_計画建物－天空率
  6
CONTINUOUS
 62
   18
 10
132079.03786487891
 20
40429.384557971337
 11
132034.78417128653
 21
40420.709573942789
  0
LINE
  8
_0-3_計画建物－天空率
  6
CONTINUOUS
 62
   18
 10
132034.78417128653
 20
40420.709573942789
 11
131991.01694535432
 21
40411.548278026086
  0
LINE
  8
_0-3_計画建物－天空率
  6
CONTINUOUS
 62
   18
 10
131991.01694535432
 20
40411.548278026086
 11
131947.75835564898
 21
40401.918534880205
  0
LINE
  8
_0-3_計画建物－天空率
  6
CONTINUOUS
 62
   18
 10
131947.75835564898
 20
40401.918534880205
 11
131905.02901262886
 21
40391.838725480163
  0
LINE
  8
_0-3_計画建物－天空率
  6
CONTINUOUS
 62
   18
 10
131905.02901262886
 20
40391.838725480163
 11
131862.84795123484
 21
40381.327659954942
  0
LINE
  8
_0-3_計画建物－天空率
  6
CONTINUOUS
 62
   18
 10
131862.84795123484
 20
40381.327659954942
 11
131821.23262302941
 21
40370.404491774374
  0
LINE
  8
_0-3_計画建物－天空率
  6
CONTINUOUS
 62
   18
 10
131821.23262302941
 20
40370.404491774374
 11
131780.19889744085
 21
40359.088633924162
  0
LINE
  8
_0-3_計画建物－天空率
  6
CONTINUOUS
 62
   18
 10
131780.19889744085
 20
40359.088633924162
 11
131739.76107159658
 21
40347.399677645866
  0
LINE
  8
_0-3_計画建物－天空率
  6
CONTINUOUS
 62
   18
 10
131739.76107159658
 20
40347.399677645866
 11
131699.9318881712
 21
40335.357314253211
  0
LINE
  8
_0-3_計画建物－天空率
  6
CONTINUOUS
 62
   18
 10
131699.9318881712
 20
40335.357314253211
 11
131660.72256062758
 21
40322.98126046724
  0
LINE
  8
_0-3_計画建物－天空率
  6
CONTINUOUS
 62
   18
 10
131660.72256062758
 20
40322.98126046724
 11
131622.14280519454
 21
40310.291187644223
  0
LINE
  8
_0-3_計画建物－天空率
  6
CONTINUOUS
 62
   18
 10
131622.14280519454
 20
40310.291187644223
 11
131584.20087890184
 21
40297.306655200969
  0
LINE
  8
_0-3_計画建物－天空率
  6
CONTINUOUS
 62
   18
 10
131584.20087890184
 20
40297.306655200969
 11
131546.90362298264
 21
40284.047048475084
  0
LINE
  8
_0-3_計画建物－天空率
  6
CONTINUOUS
 62
   18
 10
131546.90362298264
 20
40284.047048475084
 11
131510.25651095033
 21
40270.531521192904
  0
LINE
  8
_0-3_計画建物－天空率
  6
CONTINUOUS
 62
   18
 10
131510.25651095033
 20
40270.531521192904
 11
131474.26370066619
 21
40256.778942656557
  0
LINE
  8
_0-3_計画建物－天空率
  6
CONTINUOUS
 62
   18
 10
131474.26370066619
 20
40256.778942656557
 11
131438.92808973012
 21
40242.807849704178
  0
LINE
  8
_0-3_計画建物－天空率
  6
CONTINUOUS
 62
   18
 10
131438.92808973012
 20
40242.807849704178
 11
131404.25137354919
 21
40228.636403445059
  0
LINE
  8
_0-3_計画建物－天空率
  6
CONTINUOUS
 62
   18
 10
131404.25137354919
 20
40228.636403445059
 11
131370.23410546945
 21
40214.282350723486
  0
LINE
  8
_0-3_計画建物－天空率
  6
CONTINUOUS
 62
   18
 10
131370.23410546945
 20
40214.282350723486
 11
131336.87575838936
 21
40199.762990223011
  0
LINE
  8
_0-3_計画建物－天空率
  6
CONTINUOUS
 62
   18
 10
131336.87575838936
 20
40199.762990223011
 11
131304.17478731219
 21
40185.09514308576
  0
LINE
  8
_0-3_計画建物－天空率
  6
CONTINUOUS
 62
   18
 10
131304.17478731219
 20
40185.09514308576
 11
131272.12869233489
 21
40170.295127889752
  0
LINE
  8
_0-3_計画建物－天空率
  6
CONTINUOUS
 62
   18
 10
131272.12869233489
 20
40170.295127889752
 11
131240.73408161426
 21
40155.378739800704
  0
LINE
  8
_0-3_計画建物－天空率
  6
CONTINUOUS
 62
   18
 10
131637.08080445911
 20
39896.664877460279
 11
131537.95365654569
 21
39968.187128730227
  0
LINE
  8
_0-3_計画建物－天空率
  6
CONTINUOUS
 62
   18
 10
131537.95365654569
 20
39968.187128730227
 11
131449.59167774993
 21
40028.523048140436
  0
LINE
  8
_0-3_計画建物－天空率
  6
CONTINUOUS
 62
   18
 10
131449.59167774993
 20
40028.523048140436
 11
131371.20650480006
 21
40078.982382276713
  0
LINE
  8
_0-3_計画建物－天空率
  6
CONTINUOUS
 62
   18
 10
131371.20650480006
 20
40078.982382276713
 11
131301.8981623614
 21
40120.861392786617
  0
LINE
  8
_0-3_計画建物－天空率
  6
CONTINUOUS
 62
   18
 10
131301.8981623614
 20
40120.861392786617
 11
131240.73408161426
 21
40155.378739800704
  0
LINE
  8
_0-3_計画建物－天空率
  6
CONTINUOUS
 62
   18
 10
131231.87960079775
 20
40589.772199512583
 11
131637.08080445911
 21
39896.664877460279
  0
LINE
  8
_0-3_計画建物－天空率
  6
CONTINUOUS
 62
   18
 10
131637.08080445911
 20
39896.664877460279
 11
131605.24264200031
 21
39879.013269157876
  0
LINE
  8
_0-3_計画建物－天空率
  6
CONTINUOUS
 62
   18
 10
131605.24264200031
 20
39879.013269157876
 11
131573.27783238177
 21
39860.916004019076
  0
LINE
  8
_0-3_計画建物－天空率
  6
CONTINUOUS
 62
   18
 10
131573.27783238177
 20
39860.916004019076
 11
131541.20152504876
 21
39842.371238859726
  0
LINE
  8
_0-3_計画建物－天空率
  6
CONTINUOUS
 62
   18
 10
131541.20152504876
 20
39842.371238859726
 11
131509.02947532539
 21
39823.377718873161
  0
LINE
  8
_0-3_計画建物－天空率
  6
CONTINUOUS
 62
   18
 10
131509.02947532539
 20
39823.377718873161
 11
131476.77802568863
 21
39803.93480611479
  0
LINE
  8
_0-3_計画建物－天空率
  6
CONTINUOUS
 62
   18
 10
131476.77802568863
 20
39803.93480611479
 11
131444.46408361935
 21
39784.042506761747
  0
LINE
  8
_0-3_計画建物－天空率
  6
CONTINUOUS
 62
   18
 10
131444.46408361935
 20
39784.042506761747
 11
131412.10509597856
 21
39763.701496903006
  0
LINE
  8
_0-3_計画建物－天空率
  6
CONTINUOUS
 62
   18
 10
131412.10509597856
 20
39763.701496903006
 11
131379.71901988185
 21
39742.913146611732
  0
LINE
  8
_0-3_計画建物－天空率
  6
CONTINUOUS
 62
   18
 10
131379.71901988185
 20
39742.913146611732
 11
131347.32429007536
 21
39721.679542051017
  0
LINE
  8
_0-3_計画建物－天空率
  6
CONTINUOUS
 62
   18
 10
131347.32429007536
 20
39721.679542051017
 11
131314.93978284715
 21
39700.003505365813
  0
LINE
  8
_0-3_計画建物－天空率
  6
CONTINUOUS
 62
   18
 10
131314.93978284715
 20
39700.003505365813
 11
131282.58477654043
 21
39677.888612119088
  0
LINE
  8
_0-3_計画建物－天空率
  6
CONTINUOUS
 62
   18
 10
131282.58477654043
 20
39677.888612119088
 11
131250.2789087698
 21
39655.339206038137
  0
LINE
  8
_0-3_計画建物－天空率
  6
CONTINUOUS
 62
   18
 10
131250.2789087698
 20
39655.339206038137
 11
131218.04213047615
 21
39632.360410848596
  0
LINE
  8
_0-3_計画建物－天空率
  6
CONTINUOUS
 62
   18
 10
131218.04213047615
 20
39632.360410848596
 11
131185.89465699129
 21
39608.958138988404
  0
LINE
  8
_0-3_計画建物－天空率
  6
CONTINUOUS
 62
   18
 10
131185.89465699129
 20
39608.958138988404
 11
131153.85691631899
 21
39585.139097011946
  0
LINE
  8
_0-3_計画建物－天空率
  6
CONTINUOUS
 62
   18
 10
131153.85691631899
 20
39585.139097011946
 11
131121.94949487375
 21
39560.910787516048
  0
LINE
  8
_0-3_計画建物－天空率
  6
CONTINUOUS
 62
   18
 10
131121.94949487375
 20
39560.910787516048
 11
131090.1930809523
 21
39536.281507443993
  0
LINE
  8
_0-3_計画建物－天空率
  6
CONTINUOUS
 62
   18
 10
131090.1930809523
 20
39536.281507443993
 11
131058.60840624452
 21
39511.260342651141
  0
LINE
  8
_0-3_計画建物－天空率
  6
CONTINUOUS
 62
   18
 10
131058.60840624452
 20
39511.260342651141
 11
131027.21618572036
 21
39485.857158645689
  0
LINE
  8
_0-3_計画建物－天空率
  6
CONTINUOUS
 62
   18
 10
131027.21618572036
 20
39485.857158645689
 11
130996.03705625529
 21
39460.0825874508
  0
LINE
  8
_0-3_計画建物－天空率
  6
CONTINUOUS
 62
   18
 10
130996.03705625529
 20
39460.0825874508
 11
130965.09151438105
 21
39433.948010568368
  0
LINE
  8
_0-3_計画建物－天空率
  6
CONTINUOUS
 62
   18
 10
130965.09151438105
 20
39433.948010568368
 11
130934.3998535666
 21
39407.465538060845
  0
LINE
  8
_0-3_計画建物－天空率
  6
CONTINUOUS
 62
   18
 10
130934.3998535666
 20
39407.465538060845
 11
130903.98210144997
 21
39380.647983804024
  0
LINE
  8
_0-3_計画建物－天空率
  6
CONTINUOUS
 62
   18
 10
130903.98210144997
 20
39380.647983804024
 11
130873.85795745131
 21
39353.50883700147
  0
LINE
  8
_0-3_計画建物－天空率
  6
CONTINUOUS
 62
   18
 10
130873.85795745131
 20
39353.50883700147
 11
130844.04673120286
 21
39326.0622300877
  0
LINE
  8
_0-3_計画建物－天空率
  6
CONTINUOUS
 62
   18
 10
130844.04673120286
 20
39326.0622300877
 11
130814.56728223097
 21
39298.322903184416
  0
LINE
  8
_0-3_計画建物－天空率
  6
CONTINUOUS
 62
   18
 10
130814.56728223097
 20
39298.322903184416
 11
130785.43796131995
 21
39270.306165308706
  0
LINE
  8
_0-3_計画建物－天空率
  6
CONTINUOUS
 62
   18
 10
134125.89606303168
 20
39490.20265341505
 11
134093.33439753582
 21
39513.446707312912
  0
LINE
  8
_0-3_計画建物－天空率
  6
CONTINUOUS
 62
   18
 10
134093.33439753582
 20
39513.446707312912
 11
134060.74925483617
 21
39536.266660596214
  0
LINE
  8
_0-3_計画建物－天空率
  6
CONTINUOUS
 62
   18
 10
134060.74925483617
 20
39536.266660596214
 11
134028.16054384756
 21
39558.657513965532
  0
LINE
  8
_0-3_計画建物－天空率
  6
CONTINUOUS
 62
   18
 10
134028.16054384756
 20
39558.657513965532
 11
133995.58774882779
 21
39580.615056842223
  0
LINE
  8
_0-3_計画建物－天空率
  6
CONTINUOUS
 62
   18
 10
133995.58774882779
 20
39580.615056842223
 11
133963.04988704013
 21
39602.135853022693
  0
LINE
  8
_0-3_計画建物－天空率
  6
CONTINUOUS
 62
   18
 10
133963.04988704013
 20
39602.135853022693
 11
133930.56547010413
 21
39623.217223473038
  0
LINE
  8
_0-3_計画建物－天空率
  6
CONTINUOUS
 62
   18
 10
133930.56547010413
 20
39623.217223473038
 11
133898.15246911079
 21
39643.85722651262
  0
LINE
  8
_0-3_計画建物－天空率
  6
CONTINUOUS
 62
   18
 10
133898.15246911079
 20
39643.85722651262
 11
133865.82828354361
 21
39664.054635643937
  0
LINE
  8
_0-3_計画建物－天空率
  6
CONTINUOUS
 62
   18
 10
133865.82828354361
 20
39664.054635643937
 11
133833.60971401064
 21
39683.808915291367
  0
LINE
  8
_0-3_計画建物－天空率
  6
CONTINUOUS
 62
   18
 10
133833.60971401064
 20
39683.808915291367
 11
133801.51293875984
 21
39703.120194713083
  0
LINE
  8
_0-3_計画建物－天空率
  6
CONTINUOUS
 62
   18
 10
133801.51293875984
 20
39703.120194713083
 11
133769.55349392013
 21
39721.989240349656
  0
LINE
  8
_0-3_計画建物－天空率
  6
CONTINUOUS
 62
   18
 10
133769.55349392013
 20
39721.989240349656
 11
133737.7462573825
 21
39740.417426868523
  0
LINE
  8
_0-3_計画建物－天空率
  6
CONTINUOUS
 62
   18
 10
133737.7462573825
 20
39740.417426868523
 11
133706.10543621133
 21
39758.406707157337
  0
LINE
  8
_0-3_計画建物－天空率
  6
CONTINUOUS
 62
   18
 10
133706.10543621133
 20
39758.406707157337
 11
133674.64455745392
 21
39775.959581510294
  0
LINE
  8
_0-3_計画建物－天空率
  6
CONTINUOUS
 62
   18
 10
133674.64455745392
 20
39775.959581510294
 11
133643.37646219838
 21
39793.079066240963
  0
LINE
  8
_0-3_計画建物－天空率
  6
CONTINUOUS
 62
   18
 10
133643.37646219838
 20
39793.079066240963
 11
133612.31330271327
 21
39809.768661942987
  0
LINE
  8
_0-3_計画建物－天空率
  6
CONTINUOUS
 62
   18
 10
133612.31330271327
 20
39809.768661942987
 11
133581.46654249186
 21
39826.032321606282
  0
LINE
  8
_0-3_計画建物－天空率
  6
CONTINUOUS
 62
   18
 10
133581.46654249186
 20
39826.032321606282
 11
133550.84695901154
 21
39841.874418782055
  0
LINE
  8
_0-3_計画建物－天空率
  6
CONTINUOUS
 62
   18
 10
133550.84695901154
 20
39841.874418782055
 11
133520.46464901469
 21
39857.29971597444
  0
LINE
  8
_0-3_計画建物－天空率
  6
CONTINUOUS
 62
   18
 10
133520.46464901469
 20
39857.29971597444
 11
133490.32903611072
 21
39872.313333421036
  0
LINE
  8
_0-3_計画建物－天空率
  6
CONTINUOUS
 62
   18
 10
133490.32903611072
 20
39872.313333421036
 11
133460.44888049847
 21
39886.920718408437
  0
LINE
  8
_0-3_計画建物－天空率
  6
CONTINUOUS
 62
   18
 10
133460.44888049847
 20
39886.920718408437
 11
133430.83229060744
 21
39901.127615253288
  0
LINE
  8
_0-3_計画建物－天空率
  6
CONTINUOUS
 62
   18
 10
133430.83229060744
 20
39901.127615253288
 11
133401.48673645875
 21
39914.94003606314
  0
LINE
  8
_0-3_計画建物－天空率
  6
CONTINUOUS
 62
   18
 10
133401.48673645875
 20
39914.94003606314
 11
133372.41906455098
 21
39928.364232376501
  0
LINE
  8
_0-3_計画建物－天空率
  6
CONTINUOUS
 62
   18
 10
133372.41906455098
 20
39928.364232376501
 11
133343.63551407965
 21
39941.406667766372
  0
LINE
  8
_0-3_計画建物－天空率
  6
CONTINUOUS
 62
   18
 10
133343.63551407965
 20
39941.406667766372
 11
133315.1417343087
 21
39954.073991477358
  0
LINE
  8
_0-3_計画建物－天空率
  6
CONTINUOUS
 62
   18
 10
133315.1417343087
 20
39954.073991477358
 11
133286.94280291628
 21
39966.37301315317
  0
LINE
  8
_0-3_計画建物－天空率
  6
CONTINUOUS
 62
   18
 10
133286.94280291628
 20
39966.37301315317
 11
133259.04324514899
 21
39978.310678698384
  0
LINE
  8
_0-3_計画建物－天空率
  6
CONTINUOUS
 62
   18
 10
133259.04324514899
 20
39978.310678698384
 11
133231.44705362559
 21
39989.894047306879
  0
LINE
  8
_0-3_計画建物－天空率
  6
CONTINUOUS
 62
   18
 10
133231.44705362559
 20
39989.894047306879
 11
133204.1577086421
 21
40001.130269678207
  0
LINE
  8
_0-3_計画建物－天空率
  6
CONTINUOUS
 62
   18
 10
133204.1577086421
 20
40001.130269678207
 11
133177.17819883965
 21
40012.026567433465
  0
LINE
  8
_0-3_計画建物－天空率
  6
CONTINUOUS
 62
   18
 10
133177.17819883965
 20
40012.026567433465
 11
133150.51104210675
 21
40022.590213732939
  0
LINE
  8
_0-3_計画建物－天空率
  6
CONTINUOUS
 62
   18
 10
133334.31776820577
 20
40941.623844228095
 11
133150.51104210675
 21
40022.590213732939
  0
LINE
  8
_0-3_計画建物－天空率
  6
CONTINUOUS
 62
   18
 10
133732.03406112015
 20
40353.289563833706
 11
133693.3720097604
 21
40336.659908798523
  0
LINE
  8
_0-3_計画建物－天空率
  6
CONTINUOUS
 62
   18
 10
133693.3720097604
 20
40336.659908798523
 11
133653.01575020098
 21
40318.391909661571
  0
LINE
  8
_0-3_計画建物－天空率
  6
CONTINUOUS
 62
   18
 10
133653.01575020098
 20
40318.391909661571
 11
133610.92112496335
 21
40298.379129381704
  0
LINE
  8
_0-3_計画建物－天空率
  6
CONTINUOUS
 62
   18
 10
133610.92112496335
 20
40298.379129381704
 11
133567.04972070374
 21
40276.513718640031
  0
LINE
  8
_0-3_計画建物－天空率
  6
CONTINUOUS
 62
   18
 10
133567.04972070374
 20
40276.513718640031
 11
133521.37018013262
 21
40252.687550591486
  0
LINE
  8
_0-3_計画建物－天空率
  6
CONTINUOUS
 62
   18
 10
133521.37018013262
 20
40252.687550591486
 11
133473.85961356532
 21
40226.793574474169
  0
LINE
  8
_0-3_計画建物－天空率
  6
CONTINUOUS
 62
   18
 10
133473.85961356532
 20
40226.793574474169
 11
133424.50508971509
 21
40198.727395427456
  0
LINE
  8
_0-3_計画建物－天空率
  6
CONTINUOUS
 62
   18
 10
133424.50508971509
 20
40198.727395427456
 11
133373.30517690366
 21
40168.389080111046
  0
LINE
  8
_0-3_計画建物－天空率
  6
CONTINUOUS
 62
   18
 10
133373.30517690366
 20
40168.389080111046
 11
133320.27149665864
 21
40135.685177747225
  0
LINE
  8
_0-3_計画建物－天空率
  6
CONTINUOUS
 62
   18
 10
133320.27149665864
 20
40135.685177747225
 11
133265.43024212247
 21
40100.530934060669
  0
LINE
  8
_0-3_計画建物－天空率
  6
CONTINUOUS
 62
   18
 10
133265.43024212247
 20
40100.530934060669
 11
133208.8236044399
 21
40062.852661511962
  0
LINE
  8
_0-3_計画建物－天空率
  6
CONTINUOUS
 62
   18
 10
133208.8236044399
 20
40062.852661511962
 11
133150.51104210675
 21
40022.590213732939
  0
LINE
  8
_0-3_計画建物－天空率
  6
CONTINUOUS
 62
   18
 10
133150.51104210675
 20
40022.590213732939
 11
133113.31946271238
 21
40025.873277326696
  0
LINE
  8
_0-3_計画建物－天空率
  6
CONTINUOUS
 62
   18
 10
133113.31946271238
 20
40025.873277326696
 11
133075.95513863788
 21
40028.848411888262
  0
LINE
  8
_0-3_計画建物－天空率
  6
CONTINUOUS
 62
   18
 10
133075.95513863788
 20
40028.848411888262
 11
133038.4347270886
 21
40031.511447007476
  0
LINE
  8
_0-3_計画建物－天空率
  6
CONTINUOUS
 62
   18
 10
133038.4347270886
 20
40031.511447007476
 11
133000.77524821655
 21
40033.858621866223
  0
LINE
  8
_0-3_計画建物－天空率
  6
CONTINUOUS
 62
   18
 10
133000.77524821655
 20
40033.858621866223
 11
132962.99404841006
 21
40035.886599765115
  0
LINE
  8
_0-3_計画建物－天空率
  6
CONTINUOUS
 62
   18
 10
132962.99404841006
 20
40035.886599765115
 11
132925.10876182303
 21
40037.592481142091
  0
LINE
  8
_0-3_計画建物－天空率
  6
CONTINUOUS
 62
   18
 10
132925.10876182303
 20
40037.592481142091
 11
132887.13727033324
 21
40038.973814984339
  0
LINE
  8
_0-3_計画建物－天空率
  6
CONTINUOUS
 62
   18
 10
132887.13727033324
 20
40038.973814984339
 11
132849.09766213627
 21
40040.028608546563
  0
LINE
  8
_0-3_計画建物－天空率
  6
CONTINUOUS
 62
   18
 10
132849.09766213627
 20
40040.028608546563
 11
132811.00818919364
 21
40040.755335300505
  0
LINE
  8
_0-3_計画建物－天空率
  6
CONTINUOUS
 62
   18
 10
132811.00818919364
 20
40040.755335300505
 11
132772.88722376569
 21
40041.152941053805
  0
LINE
  8
_0-3_計画建物－天空率
  6
CONTINUOUS
 62
   18
 10
132772.88722376569
 20
40041.152941053805
 11
132734.75321426903
 21
40041.22084819051
  0
LINE
  8
_0-3_計画建物－天空率
  6
CONTINUOUS
 62
   18
 10
132734.75321426903
 20
40041.22084819051
 11
132696.62464070488
 21
40040.958957999515
  0
LINE
  8
_0-3_計画建物－天空率
  6
CONTINUOUS
 62
   18
 10
132696.62464070488
 20
40040.958957999515
 11
132658.51996990904
 21
40040.367651072912
  0
LINE
  8
_0-3_計画建物－天空率
  6
CONTINUOUS
 62
   18
 10
132658.51996990904
 20
40040.367651072912
 11
132620.45761087641
 21
40039.447785770906
  0
LINE
  8
_0-3_計画建物－天空率
  6
CONTINUOUS
 62
   18
 10
132620.45761087641
 20
40039.447785770906
 11
132582.4558704115
 21
40038.200694765393
  0
LINE
  8
_0-3_計画建物－天空率
  6
CONTINUOUS
 62
   18
 10
132582.4558704115
 20
40038.200694765393
 11
132544.53290935375
 21
40036.628179689629
  0
LINE
  8
_0-3_計画建物－天空率
  6
CONTINUOUS
 62
   18
 10
132544.53290935375
 20
40036.628179689629
 11
132506.70669962035
 21
40034.732503935738
  0
LINE
  8
_0-3_計画建物－天空率
  6
CONTINUOUS
 62
   18
 10
132506.70669962035
 20
40034.732503935738
 11
132468.99498230096
 21
40032.516383656424
  0
LINE
  8
_0-3_計画建物－天空率
  6
CONTINUOUS
 62
   18
 10
132468.99498230096
 20
40032.516383656424
 11
132431.41522702877
 21
40029.982977040534
  0
LINE
  8
_0-3_計画建物－天空率
  6
CONTINUOUS
 62
   18
 10
132431.41522702877
 20
40029.982977040534
 11
132393.98459283876
 21
40027.135871944745
  0
LINE
  8
_0-3_計画建物－天空率
  6
CONTINUOUS
 62
   18
 10
132393.98459283876
 20
40027.135871944745
 11
132356.71989071046
 21
40023.979071975292
  0
LINE
  8
_0-3_計画建物－天空率
  6
CONTINUOUS
 62
   18
 10
132356.71989071046
 20
40023.979071975292
 11
132319.63754797587
 21
40020.516981123968
  0
LINE
  8
_0-3_計画建物－天空率
  6
CONTINUOUS
 62
   18
 10
132319.63754797587
 20
40020.516981123968
 11
132282.75357475545
 21
40016.754387071807
  0
LINE
  8
_0-3_計画建物－天空率
  6
CONTINUOUS
 62
   18
 10
132282.75357475545
 20
40016.754387071807
 11
132246.0835325664
 21
40012.696443281725
  0
LINE
  8
_0-3_計画建物－天空率
  6
CONTINUOUS
 62
   18
 10
132246.0835325664
 20
40012.696443281725
 11
132209.64250522738
 21
40008.348650007559
  0
LINE
  8
_0-3_計画建物－天空率
  6
CONTINUOUS
 62
   18
 10
132209.64250522738
 20
40008.348650007559
 11
132173.44507216359
 21
40003.716834351987
  0
LINE
  8
_0-3_計画建物－天空率
  6
CONTINUOUS
 62
   18
 10
132173.44507216359
 20
40003.716834351987
 11
132137.50528419556
 21
39998.807129509361
  0
LINE
  8
_0-3_計画建物－天空率
  6
CONTINUOUS
 62
   18
 10
132137.50528419556
 20
39998.807129509361
 11
132101.83664187291
 21
39993.625953331094
  0
LINE
  8
_0-3_計画建物－天空率
  6
CONTINUOUS
 62
   18
 10
132101.83664187291
 20
39993.625953331094
 11
132066.45207639533
 21
39988.17998635229
  0
LINE
  8
_0-3_計画建物－天空率
  6
CONTINUOUS
 62
   18
 10
132066.45207639533
 20
39988.17998635229
 11
132031.36393314081
 21
39982.476149417088
  0
LINE
  8
_0-3_計画建物－天空率
  6
CONTINUOUS
 62
   18
 10
132031.36393314081
 20
39982.476149417088
 11
131996.58395780264
 21
39976.52158103825
  0
LINE
  8
_0-3_計画建物－天空率
  6
CONTINUOUS
 62
   18
 10
131996.58395780264
 20
39976.52158103825
 11
131962.1232851172
 21
39970.323614623186
  0
LINE
  8
_0-3_計画建物－天空率
  6
CONTINUOUS
 62
   18
 10
131962.1232851172
 20
39970.323614623186
 11
131927.99243014704
 21
39963.889755694159
  0
LINE
  8
_0-3_計画建物－天空率
  6
CONTINUOUS
 62
   18
 10
131927.99243014704
 20
39963.889755694159
 11
131894.20128206649
 21
39957.227659224779
  0
LINE
  8
_0-3_計画建物－天空率
  6
CONTINUOUS
 62
   18
 10
131894.20128206649
 20
39957.227659224779
 11
131860.75910038227
 21
39950.345107208951
  0
LINE
  8
_0-3_計画建物－天空率
  6
CONTINUOUS
 62
   18
 10
131860.75910038227
 20
39950.345107208951
 11
131827.67451350699
 21
39943.249986570808
  0
LINE
  8
_0-3_計画建物－天空率
  6
CONTINUOUS
 62
   18
 10
131827.67451350699
 20
39943.249986570808
 11
131794.95551959163
 21
39935.950267516927
  0
LINE
  8
_0-3_計画建物－天空率
  6
CONTINUOUS
 62
   18
 10
131794.95551959163
 20
39935.950267516927
 11
131762.60948951158
 21
39928.453982423612
  0
LINE
  8
_0-3_計画建物－天空率
  6
CONTINUOUS
 62
   18
 10
131762.60948951158
 20
39928.453982423612
 11
131730.64317189183
 21
39920.769205343378
  0
LINE
  8
_0-3_計画建物－天空率
  6
CONTINUOUS
 62
   18
 10
131730.64317189183
 20
39920.769205343378
 11
131699.06270004907
 21
39912.904032206213
  0
LINE
  8
_0-3_計画建物－天空率
  6
CONTINUOUS
 62
   18
 10
131699.06270004907
 20
39912.904032206213
 11
131667.8736007224
 21
39904.866561781811
  0
LINE
  8
_0-3_計画建物－天空率
  6
CONTINUOUS
 62
   18
 10
131667.8736007224
 20
39904.866561781811
 11
131637.08080445911
 21
39896.664877460279
  0
CIRCLE
  8
_0-3_計画建物－天空率
  6
CONTINUOUS
 62
   18
 10
140745.96936279122
 20
37999.881817155335
 40
3000
  0
POINT
  8
_0-3_計画建物－天空率
 62
   18
 10
99225.45276732133
 20
67110.169491525419
  0
TEXT
  8
_0-3_計画建物－天空率
 62
  132
 10
99225.45276732133
 20
67110.169491525419
 40
500
 41
1
 50
0
  1
No.8
  0
TEXT
  8
_0-3_計画建物－天空率
 62
  132
 10
139370.96936279122
 20
34249.881817155335
 40
500
 41
1
 50
0
  1
測定点 No.8
  0
TEXT
  8
_0-3_計画建物－天空率
 62
  132
 10
137120.96936279122
 20
33499.881817155335
 40
500
 41
1
 50
0
  1
正射影 　測定面高さ = 0.000 m
  0
LINE
  8
_0-3_計画建物－天空率
  6
CONTINUOUS
 62
  132
 10
141668.0721048669
 20
39597.010616229003
 11
142245.96936279122
 21
40597.958028508648
  0
LINE
  8
_0-3_計画建物－天空率
  6
CONTINUOUS
 62
  132
 10
141601.3399594287
 20
39608.59993593052
 11
142154.38405114889
 21
40648.724595732113
  0
LINE
  8
_0-3_計画建物－天空率
  6
CONTINUOUS
 62
  132
 10
141535.70985791858
 20
39619.089788165678
 11
142061.08280315846
 21
40696.26395605284
  0
LINE
  8
_0-3_計画建物－天空率
  6
CONTINUOUS
 62
  132
 10
141471.07478827284
 20
39628.495267744503
 11
141966.17929201861
 21
40740.518190083137
  0
LINE
  8
_0-3_計画建物－天空率
  6
CONTINUOUS
 62
  132
 10
141407.40017867414
 20
39636.980533991525
 11
141869.78914303894
 21
40781.433380855698
  0
LINE
  8
_0-3_計画建物－天空率
  6
CONTINUOUS
 62
  132
 10
141344.56525625905
 20
39644.510517836468
 11
141772.02979276821
 21
40818.959679513063
  0
LINE
  8
_0-3_計画建物－天空率
  6
CONTINUOUS
 62
  132
 10
141282.52113528718
 20
39651.218374208438
 11
141673.02034591606
 21
40853.051366040795
  0
LINE
  8
_0-3_計画建物－天空率
  6
CONTINUOUS
 62
  132
 10
141221.16009565049
 20
39657.068842508124
 11
141572.88143024223
 21
40883.66690497029
  0
LINE
  8
_0-3_計画建物－天空率
  6
CONTINUOUS
 62
  132
 10
141160.43285558721
 20
39662.204091708132
 11
141471.73504959023
 21
40910.768995983322
  0
LINE
  8
_0-3_計画建物－天空率
  6
CONTINUOUS
 62
  132
 10
141100.22307994106
 20
39666.514521253171
 11
141369.70443524449
 21
40934.324619356753
  0
LINE
  8
_0-3_計画建物－天空率
  6
CONTINUOUS
 62
  132
 10
141040.48497339134
 20
39670.162845145328
 11
141266.913895792
 21
40954.305076191958
  0
LINE
  8
_0-3_計画建物－天空率
  6
CONTINUOUS
 62
  132
 10
140981.12669713265
 20
39673.113193924982
 11
141163.4886656714
 21
40970.686023380047
  0
LINE
  8
_0-3_計画建物－天空率
  6
CONTINUOUS
 62
  132
 10
140922.06933759816
 20
39675.361157848165
 11
141059.55475259418
 21
40983.447503260154
  0
LINE
  8
_0-3_計画建物－天空率
  6
CONTINUOUS
 62
  132
 10
140863.24439371845
 20
39676.992894691211
 11
140955.23878402358
 21
40992.573967934804
  0
LINE
  8
_0-3_計画建物－天空率
  6
CONTINUOUS
 62
  132
 10
140804.56895300245
 20
39677.954524719876
 11
140850.66785289873
 21
40998.05429821262
  0
LINE
  8
_0-3_計画建物－天空率
  6
CONTINUOUS
 62
  132
 10
140745.96936279122
 20
39678.255073105246
 11
140745.96936279122
 21
40999.881817155335
  0
LINE
  8
_0-3_計画建物－天空率
  6
CONTINUOUS
 62
  132
 10
140687.36977257998
 20
39677.954524719876
 11
140641.2708726837
 21
40998.05429821262
  0
LINE
  8
_0-3_計画建物－天空率
  6
CONTINUOUS
 62
  132
 10
140628.69433186398
 20
39676.992894691211
 11
140536.69994155885
 21
40992.573967934804
  0
LINE
  8
_0-3_計画建物－天空率
  6
CONTINUOUS
 62
  132
 10
140569.86938798427
 20
39675.361157848165
 11
140432.38397298826
 21
40983.447503260154
  0
LINE
  8
_0-3_計画建物－天空率
  6
CONTINUOUS
 62
  132
 10
140510.81202844978
 20
39673.113193924982
 11
140328.45005991103
 21
40970.686023380047
  0
LINE
  8
_0-3_計画建物－天空率
  6
CONTINUOUS
 62
  132
 10
140451.45375219109
 20
39670.162845145328
 11
140225.02482979043
 21
40954.305076191958
  0
LINE
  8
_0-3_計画建物－天空率
  6
CONTINUOUS
 62
  132
 10
140391.71564564137
 20
39666.514521253171
 11
140122.23429033794
 21
40934.324619356753
  0
LINE
  8
_0-3_計画建物－天空率
  6
CONTINUOUS
 62
  132
 10
140331.50586999522
 20
39662.204091708132
 11
140020.2036759922
 21
40910.768995983322
  0
LINE
  8
_0-3_計画建物－天空率
  6
CONTINUOUS
 62
  132
 10
140270.77862993194
 20
39657.068842508124
 11
139919.05729534022
 21
40883.66690497029
  0
LINE
  8
_0-3_計画建物－天空率
  6
CONTINUOUS
 62
  132
 10
140209.41759029525
 20
39651.218374208445
 11
139818.9183796664
 21
40853.051366040795
  0
LINE
  8
_0-3_計画建物－天空率
  6
CONTINUOUS
 62
  132
 10
140147.37346932338
 20
39644.510517836468
 11
139719.90893281422
 21
40818.959679513063
  0
LINE
  8
_0-3_計画建物－天空率
  6
CONTINUOUS
 62
  132
 10
140084.53854690829
 20
39636.980533991525
 11
139622.14958254349
 21
40781.433380855698
  0
LINE
  8
_0-3_計画建物－天空率
  6
CONTINUOUS
 62
  132
 10
140020.86393730959
 20
39628.495267744503
 11
139525.75943356382
 21
40740.518190083137
  0
LINE
  8
_0-3_計画建物－天空率
  6
CONTINUOUS
 62
  132
 10
139956.22886766385
 20
39619.089788165678
 11
139430.85592242397
 21
40696.26395605284
  0
LINE
  8
_0-3_計画建物－天空率
  6
CONTINUOUS
 62
  132
 10
139890.59876615373
 20
39608.59993593052
 11
139337.55467443354
 21
40648.724595732121
  0
LINE
  8
_0-3_計画建物－天空率
  6
CONTINUOUS
 62
  132
 10
139823.86662071553
 20
39597.010616229003
 11
139245.96936279122
 21
40597.958028508648
  0
LINE
  8
_0-3_計画建物－天空率
  6
CONTINUOUS
 62
  132
 10
139755.95116224754
 20
39584.242127864497
 11
139156.2115700916
 21
40544.026105624616
  0
LINE
  8
_0-3_計画建物－天空率
  6
CONTINUOUS
 62
  132
 10
139686.78409234865
 20
39570.188557537105
 11
139068.39065237899
 21
40486.994534820463
  0
LINE
  8
_0-3_計画建物－天空率
  6
CONTINUOUS
 62
  132
 10
139616.29962292598
 20
39554.738823209212
 11
138982.61360591379
 21
40426.932800280177
  0
LINE
  8
_0-3_計画建物－天空率
  6
CONTINUOUS
 62
  132
 10
139544.43393841918
 20
39537.777029363889
 11
138898.98493681426
 21
40363.914077975496
  0
LINE
  8
_0-3_計画建物－天空率
  6
CONTINUOUS
 62
  132
 10
139471.12453294268
 20
39519.18272312748
 11
138817.60653373159
 21
40298.015146512276
  0
LINE
  8
_0-3_計画建物－天空率
  6
CONTINUOUS
 62
  132
 10
139396.30942527498
 20
39498.831034524446
 11
138738.57754371466
 21
40229.316293587515
  0
LINE
  8
_0-3_計画建物－天空率
  6
CONTINUOUS
 62
  132
 10
139319.97516431022
 20
39476.542036971899
 11
138661.9942514142
 21
40157.901218171289
  0
LINE
  8
_0-3_計画建物－天空率
  6
CONTINUOUS
 62
  132
 10
139242.08222527449
 20
39452.168744431975
 11
138587.94996177524
 21
40083.856928532324
  0
LINE
  8
_0-3_計画建物－天空率
  6
CONTINUOUS
 62
  132
 10
139162.66764666329
 20
39425.493085700625
 11
138516.53488635903
 21
40007.273636231911
  0
LINE
  8
_0-3_計画建物－天空率
  6
CONTINUOUS
 62
  132
 10
139081.7280192475
 20
39396.346114712854
 11
138447.83603343428
 21
39928.244646214952
  0
LINE
  8
_0-3_計画建物－天空率
  6
CONTINUOUS
 62
  132
 10
138999.35217099686
 20
39364.488724113798
 11
138381.93710197106
 21
39846.86624313231
  0
LINE
  8
_0-3_計画建物－天空率
  6
CONTINUOUS
 62
  132
 10
138915.62357827866
 20
39329.705870559046
 11
138318.91837966637
 21
39763.237574032755
  0
LINE
  8
_0-3_計画建物－天空率
  6
CONTINUOUS
 62
  132
 10
138830.71362426373
 20
39291.738124723458
 11
138258.85664512609
 21
39677.460527567578
  0
LINE
  8
_0-3_計画建物－天空率
  6
CONTINUOUS
 62
  132
 10
138744.84781160025
 20
39250.321343939831
 11
138201.82507432193
 21
39589.639609854952
  0
LINE
  8
_0-3_計画建物－天空率
  6
CONTINUOUS
 62
  132
 10
138658.28128933123
 20
39205.209088351432
 11
138147.89315143789
 21
39499.881817155335
  0
TEXT
  8
_0-3_計画建物－天空率
 62
  132
 10
138745.96936279122
 20
32749.881817155335
 40
500
 41
1
 50
0
  1
天空率 = 84.19 %
  0
LINE
  8
_0-3_計画建物－天空率
  6
CONTINUOUS
 62
   18
 10
139032.11574941259
 20
40045.080462453828
 11
139012.19825934298
 21
40017.360919349615
  0
LINE
  8
_0-3_計画建物－天空率
  6
CONTINUOUS
 62
   18
 10
139012.19825934298
 20
40017.360919349615
 11
138992.09871372673
 21
39988.664838003584
  0
LINE
  8
_0-3_計画建物－天空率
  6
CONTINUOUS
 62
   18
 10
138992.09871372673
 20
39988.664838003584
 11
138971.8309697615
 21
39958.960697216025
  0
LINE
  8
_0-3_計画建物－天空率
  6
CONTINUOUS
 62
   18
 10
138971.8309697615
 20
39958.960697216025
 11
138951.41052171107
 21
39928.216862752371
  0
LINE
  8
_0-3_計画建物－天空率
  6
CONTINUOUS
 62
   18
 10
138951.41052171107
 20
39928.216862752371
 11
138930.85459954067
 21
39896.401727363787
  0
LINE
  8
_0-3_計画建物－天空率
  6
CONTINUOUS
 62
   18
 10
138930.85459954067
 20
39896.401727363787
 11
138910.18226655016
 21
39863.483869400042
  0
LINE
  8
_0-3_計画建物－天空率
  6
CONTINUOUS
 62
   18
 10
138910.18226655016
 20
39863.483869400042
 11
138889.41451466392
 21
39829.43223112807
  0
LINE
  8
_0-3_計画建物－天空率
  6
CONTINUOUS
 62
   18
 10
138889.41451466392
 20
39829.43223112807
 11
138868.57435582627
 21
39794.216317751532
  0
LINE
  8
_0-3_計画建物－天空率
  6
CONTINUOUS
 62
   18
 10
138868.57435582627
 20
39794.216317751532
 11
138847.68690773038
 21
39757.806417963191
  0
LINE
  8
_0-3_計画建物－天空率
  6
CONTINUOUS
 62
   18
 10
138847.68690773038
 20
39757.806417963191
 11
138826.77947188229
 21
39720.173846642792
  0
LINE
  8
_0-3_計画建物－天空率
  6
CONTINUOUS
 62
   18
 10
138826.77947188229
 20
39720.173846642792
 11
138805.88160177468
 21
39681.291210036317
  0
LINE
  8
_0-3_計画建物－天空率
  6
CONTINUOUS
 62
   18
 10
138805.88160177468
 20
39681.291210036317
 11
138785.02515872425
 21
39641.132693407744
  0
LINE
  8
_0-3_計画建物－天空率
  6
CONTINUOUS
 62
   18
 10
138785.02515872425
 20
39641.132693407744
 11
138764.2443527193
 21
39599.674370740656
  0
LINE
  8
_0-3_計画建物－天空率
  6
CONTINUOUS
 62
   18
 10
138764.2443527193
 20
39599.674370740656
 11
138743.57576544306
 21
39556.894535578183
  0
LINE
  8
_0-3_計画建物－天空率
  6
CONTINUOUS
 62
   18
 10
138743.57576544306
 20
39556.894535578183
 11
138723.05835248998
 21
39512.774051526081
  0
LINE
  8
_0-3_計画建物－天空率
  6
CONTINUOUS
 62
   18
 10
138723.05835248998
 20
39512.774051526081
 11
138702.73342169597
 21
39467.296720305545
  0
LINE
  8
_0-3_計画建物－天空率
  6
CONTINUOUS
 62
   18
 10
138702.73342169597
 20
39467.296720305545
 11
138682.64458446667
 21
39420.449664535131
  0
LINE
  8
_0-3_計画建物－天空率
  6
CONTINUOUS
 62
   18
 10
138682.64458446667
 20
39420.449664535131
 11
138662.83767703082
 21
39372.223721653244
  0
LINE
  8
_0-3_計画建物－天空率
  6
CONTINUOUS
 62
   18
 10
138662.83767703082
 20
39372.223721653244
 11
138643.36064868074
 21
39322.613844577565
  0
LINE
  8
_0-3_計画建物－天空率
  6
CONTINUOUS
 62
   18
 10
138643.36064868074
 20
39322.613844577565
 11
138624.26341430385
 21
39271.619503854723
  0
LINE
  8
_0-3_計画建物－天空率
  6
CONTINUOUS
 62
   18
 10
138624.26341430385
 20
39271.619503854723
 11
138605.59766887273
 21
39219.245085205868
  0
LINE
  8
_0-3_計画建物－天空率
  6
CONTINUOUS
 62
   18
 10
138605.59766887273
 20
39219.245085205868
 11
138587.41666205503
 21
39165.500275552869
  0
LINE
  8
_0-3_計画建物－天空率
  6
CONTINUOUS
 62
   18
 10
138106.25316981962
 20
39425.328561359987
 11
138587.41666205503
 21
39165.500275552869
  0
LINE
  8
_0-3_計画建物－天空率
  6
CONTINUOUS
 62
   18
 10
138819.10579412261
 20
40299.272342433207
 11
139032.11574941259
 21
40045.080462453828
  0
LINE
  8
_0-3_計画建物－天空率
  6
CONTINUOUS
 62
   18
 10
141725.27442463871
 20
39586.356017348254
 11
141687.79097309184
 21
39593.443981783988
  0
LINE
  8
_0-3_計画建物－天空率
  6
CONTINUOUS
 62
   18
 10
141687.79097309184
 20
39593.443981783988
 11
141649.81175666922
 21
39600.31344203608
  0
LINE
  8
_0-3_計画建物－天空率
  6
CONTINUOUS
 62
   18
 10
141649.81175666922
 20
39600.31344203608
 11
141611.34851320047
 21
39606.954219890998
  0
LINE
  8
_0-3_計画建物－天空率
  6
CONTINUOUS
 62
   18
 10
141611.34851320047
 20
39606.954219890998
 11
141572.41410363811
 21
39613.356241978013
  0
LINE
  8
_0-3_計画建物－天空率
  6
CONTINUOUS
 62
   18
 10
141572.41410363811
 20
39613.356241978013
 11
141533.02251594082
 21
39619.509576096184
  0
LINE
  8
_0-3_計画建物－天空率
  6
CONTINUOUS
 62
   18
 10
141533.02251594082
 20
39619.509576096184
 11
141493.18886366457
 21
39625.404468483829
  0
LINE
  8
_0-3_計画建物－天空率
  6
CONTINUOUS
 62
   18
 10
141493.18886366457
 20
39625.404468483829
 11
141452.92937899188
 21
39631.031381807464
  0
LINE
  8
_0-3_計画建物－天空率
  6
CONTINUOUS
 62
   18
 10
141452.92937899188
 20
39631.031381807464
 11
141412.26139996739
 21
39636.381033626115
  0
LINE
  8
_0-3_計画建物－天空率
  6
CONTINUOUS
 62
   18
 10
141412.26139996739
 20
39636.381033626115
 11
141371.2033517521
 21
39641.444435068478
  0
LINE
  8
_0-3_計画建物－天空率
  6
CONTINUOUS
 62
   18
 10
141371.2033517521
 20
39641.444435068478
 11
141329.7747217587
 21
39646.212929443659
  0
LINE
  8
_0-3_計画建物－天空率
  6
CONTINUOUS
 62
   18
 10
141329.7747217587
 20
39646.212929443659
 11
141287.99602858367
 21
39650.678230492812
  0
LINE
  8
_0-3_計画建物－天空率
  6
CONTINUOUS
 62
   18
 10
141287.99602858367
 20
39650.678230492812
 11
141245.88878471034
 21
39654.83245997806
  0
LINE
  8
_0-3_計画建物－天空率
  6
CONTINUOUS
 62
   18
 10
141245.88878471034
 20
39654.83245997806
 11
141203.47545301978
 21
39658.668184298308
  0
LINE
  8
_0-3_計画建物－天空率
  6
CONTINUOUS
 62
   18
 10
141203.47545301978
 20
39658.668184298308
 11
141160.77939720932
 21
39662.178449818209
  0
LINE
  8
_0-3_計画建物－天空率
  6
CONTINUOUS
 62
   18
 10
141160.77939720932
 20
39662.178449818209
 11
141117.82482628629
 21
39665.356816597362
  0
LINE
  8
_0-3_計画建物－天空率
  6
CONTINUOUS
 62
   18
 10
141117.82482628629
 20
39665.356816597362
 11
141074.63673336981
 21
39668.197390212291
  0
LINE
  8
_0-3_計画建物－天空率
  6
CONTINUOUS
 62
   18
 10
141074.63673336981
 20
39668.197390212291
 11
141031.24082910106
 21
39670.694851373067
  0
LINE
  8
_0-3_計画建物－天空率
  6
CONTINUOUS
 62
   18
 10
141031.24082910106
 20
39670.694851373067
 11
140987.66347002593
 21
39672.844483050786
  0
LINE
  8
_0-3_計画建物－天空率
  6
CONTINUOUS
 62
   18
 10
140987.66347002593
 20
39672.844483050786
 11
140943.93158237688
 21
39674.64219485021
  0
LINE
  8
_0-3_計画建物－天空率
  6
CONTINUOUS
 62
   18
 10
140943.93158237688
 20
39674.64219485021
 11
140900.072581738
 21
39676.084544385026
  0
LINE
  8
_0-3_計画建物－天空率
  6
CONTINUOUS
 62
   18
 10
140900.072581738
 20
39676.084544385026
 11
140856.11428912979
 21
39677.168755439037
  0
LINE
  8
_0-3_計画建物－天空率
  6
CONTINUOUS
 62
   18
 10
140856.11428912979
 20
39677.168755439037
 11
140812.08484409825
 21
39677.892732727479
  0
LINE
  8
_0-3_計画建物－天空率
  6
CONTINUOUS
 62
   18
 10
140812.08484409825
 20
39677.892732727479
 11
140768.01261543043
 21
39678.255073105246
  0
LINE
  8
_0-3_計画建物－天空率
  6
CONTINUOUS
 62
   18
 10
140768.01261543043
 20
39678.255073105246
 11
140723.926110152
 21
39678.255073105246
  0
LINE
  8
_0-3_計画建物－天空率
  6
CONTINUOUS
 62
   18
 10
140723.926110152
 20
39678.255073105246
 11
140679.85388148418
 21
39677.892732727479
  0
LINE
  8
_0-3_計画建物－天空率
  6
CONTINUOUS
 62
   18
 10
140679.85388148418
 20
39677.892732727479
 11
140635.82443645267
 21
39677.168755439037
  0
LINE
  8
_0-3_計画建物－天空率
  6
CONTINUOUS
 62
   18
 10
140635.82443645267
 20
39677.168755439037
 11
140591.86614384443
 21
39676.084544385026
  0
LINE
  8
_0-3_計画建物－天空率
  6
CONTINUOUS
 62
   18
 10
140591.86614384443
 20
39676.084544385026
 11
140548.00714320555
 21
39674.64219485021
  0
LINE
  8
_0-3_計画建物－天空率
  6
CONTINUOUS
 62
   18
 10
140548.00714320555
 20
39674.64219485021
 11
140504.2752555565
 21
39672.844483050786
  0
LINE
  8
_0-3_計画建物－天空率
  6
CONTINUOUS
 62
   18
 10
140504.2752555565
 20
39672.844483050786
 11
140460.69789648137
 21
39670.694851373067
  0
LINE
  8
_0-3_計画建物－天空率
  6
CONTINUOUS
 62
   18
 10
140460.69789648137
 20
39670.694851373067
 11
140417.30199221262
 21
39668.197390212291
  0
LINE
  8
_0-3_計画建物－天空率
  6
CONTINUOUS
 62
   18
 10
140417.30199221262
 20
39668.197390212291
 11
140374.11389929614
 21
39665.356816597362
  0
LINE
  8
_0-3_計画建物－天空率
  6
CONTINUOUS
 62
   18
 10
140374.11389929614
 20
39665.356816597362
 11
140331.15932837311
 21
39662.178449818209
  0
LINE
  8
_0-3_計画建物－天空率
  6
CONTINUOUS
 62
   18
 10
140331.15932837311
 20
39662.178449818209
 11
140288.46327256265
 21
39658.668184298308
  0
LINE
  8
_0-3_計画建物－天空率
  6
CONTINUOUS
 62
   18
 10
140288.46327256265
 20
39658.668184298308
 11
140246.04994087209
 21
39654.83245997806
  0
LINE
  8
_0-3_計画建物－天空率
  6
CONTINUOUS
 62
   18
 10
140246.04994087209
 20
39654.83245997806
 11
140203.94269699876
 21
39650.678230492812
  0
LINE
  8
_0-3_計画建物－天空率
  6
CONTINUOUS
 62
   18
 10
140203.94269699876
 20
39650.678230492812
 11
140162.16400382373
 21
39646.212929443659
  0
LINE
  8
_0-3_計画建物－天空率
  6
CONTINUOUS
 62
   18
 10
140162.16400382373
 20
39646.212929443659
 11
140120.73537383033
 21
39641.444435068478
  0
LINE
  8
_0-3_計画建物－天空率
  6
CONTINUOUS
 62
   18
 10
140120.73537383033
 20
39641.444435068478
 11
140079.67732561504
 21
39636.381033626115
  0
LINE
  8
_0-3_計画建物－天空率
  6
CONTINUOUS
 62
   18
 10
140079.67732561504
 20
39636.381033626115
 11
140039.00934659055
 21
39631.031381807464
  0
LINE
  8
_0-3_計画建物－天空率
  6
CONTINUOUS
 62
   18
 10
140039.00934659055
 20
39631.031381807464
 11
139998.74986191786
 21
39625.404468483829
  0
LINE
  8
_0-3_計画建物－天空率
  6
CONTINUOUS
 62
   18
 10
139998.74986191786
 20
39625.404468483829
 11
139958.91620964161
 21
39619.509576096184
  0
LINE
  8
_0-3_計画建物－天空率
  6
CONTINUOUS
 62
   18
 10
139958.91620964161
 20
39619.509576096184
 11
139919.52462194432
 21
39613.356241978013
  0
LINE
  8
_0-3_計画建物－天空率
  6
CONTINUOUS
 62
   18
 10
139919.52462194432
 20
39613.356241978013
 11
139880.59021238196
 21
39606.954219890998
  0
LINE
  8
_0-3_計画建物－天空率
  6
CONTINUOUS
 62
   18
 10
139880.59021238196
 20
39606.954219890998
 11
139842.12696891321
 21
39600.31344203608
  0
LINE
  8
_0-3_計画建物－天空率
  6
CONTINUOUS
 62
   18
 10
139842.12696891321
 20
39600.31344203608
 11
139804.14775249059
 21
39593.443981783988
  0
LINE
  8
_0-3_計画建物－天空率
  6
CONTINUOUS
 62
   18
 10
139804.14775249059
 20
39593.443981783988
 11
139766.66430094372
 21
39586.356017348254
  0
LINE
  8
_0-3_計画建物－天空率
  6
CONTINUOUS
 62
   18
 10
139766.66430094372
 20
39586.356017348254
 11
139729.68723785167
 21
39579.059796602217
  0
LINE
  8
_0-3_計画建物－天空率
  6
CONTINUOUS
 62
   18
 10
139729.68723785167
 20
39579.059796602217
 11
139693.22608607451
 21
39571.565603218266
  0
LINE
  8
_0-3_計画建物－天空率
  6
CONTINUOUS
 62
   18
 10
139693.22608607451
 20
39571.565603218266
 11
139657.28928559366
 21
39563.883724284081
  0
LINE
  8
_0-3_計画建物－天空率
  6
CONTINUOUS
 62
   18
 10
139657.28928559366
 20
39563.883724284081
 11
139621.8842152938
 21
39556.024419527224
  0
LINE
  8
_0-3_計画建物－天空率
  6
CONTINUOUS
 62
   18
 10
139621.8842152938
 20
39556.024419527224
 11
139587.01721831108
 21
39547.997892255654
  0
LINE
  8
_0-3_計画建物－天空率
  6
CONTINUOUS
 62
   18
 10
139587.01721831108
 20
39547.997892255654
 11
139552.69363056498
 21
39539.814262099476
  0
LINE
  8
_0-3_計画建物－天空率
  6
CONTINUOUS
 62
   18
 10
139552.69363056498
 20
39539.814262099476
 11
139518.91781209339
 21
39531.483539616514
  0
LINE
  8
_0-3_計画建物－天空率
  6
CONTINUOUS
 62
   18
 10
139518.91781209339
 20
39531.483539616514
 11
139485.6931808124
 21
39523.015602804007
  0
LINE
  8
_0-3_計画建物－天空率
  6
CONTINUOUS
 62
   18
 10
139485.6931808124
 20
39523.015602804007
 11
139453.02224833203
 21
39514.420175538747
  0
LINE
  8
_0-3_計画建物－天空率
  6
CONTINUOUS
 62
   18
 10
139453.02224833203
 20
39514.420175538747
 11
139420.90665746905
 21
39505.706807949827
  0
LINE
  8
_0-3_計画建物－天空率
  6
CONTINUOUS
 62
   18
 10
139420.90665746905
 20
39505.706807949827
 11
139389.34722111298
 21
39496.884858711586
  0
LINE
  8
_0-3_計画建物－天空率
  6
CONTINUOUS
 62
   18
 10
139389.34722111298
 20
39496.884858711586
 11
139358.34396211802
 21
39487.963479229372
  0
LINE
  8
_0-3_計画建物－天空率
  6
CONTINUOUS
 62
   18
 10
139358.34396211802
 20
39487.963479229372
 11
139327.89615391165
 21
39478.951599677093
  0
LINE
  8
_0-3_計画建物－天空率
  6
CONTINUOUS
 62
   18
 10
139327.89615391165
 20
39478.951599677093
 11
139298.00236153136
 21
39469.857916834334
  0
LINE
  8
_0-3_計画建物－天空率
  6
CONTINUOUS
 62
   18
 10
139298.00236153136
 20
39469.857916834334
 11
139268.66048282166
 21
39460.690883660303
  0
LINE
  8
_0-3_計画建物－天空率
  6
CONTINUOUS
 62
   18
 10
139268.66048282166
 20
39460.690883660303
 11
139239.86778954576
 21
39451.458700533912
  0
LINE
  8
_0-3_計画建物－天空率
  6
CONTINUOUS
 62
   18
 10
139239.86778954576
 20
39451.458700533912
 11
139211.62096818824
 21
39442.16930808212
  0
LINE
  8
_0-3_計画建物－天空率
  6
CONTINUOUS
 62
   18
 10
139211.62096818824
 20
39442.16930808212
 11
139183.91616024699
 21
39432.830381513384
  0
LINE
  8
_0-3_計画建物－天空率
  6
CONTINUOUS
 62
   18
 10
139183.91616024699
 20
39432.830381513384
 11
139156.74900183526
 21
39423.449326369285
  0
LINE
  8
_0-3_計画建物－天空率
  6
CONTINUOUS
 62
   18
 10
139156.74900183526
 20
39423.449326369285
 11
139130.11466243604
 21
39414.033275604102
  0
LINE
  8
_0-3_計画建物－天空率
  6
CONTINUOUS
 62
   18
 10
139130.11466243604
 20
39414.033275604102
 11
139104.00788267064
 21
39404.589087901171
  0
LINE
  8
_0-3_計画建物－天空率
  6
CONTINUOUS
 62
   18
 10
139104.00788267064
 20
39404.589087901171
 11
139078.42301096508
 21
39395.12334713382
  0
LINE
  8
_0-3_計画建物－天空率
  6
CONTINUOUS
 62
   18
 10
139078.42301096508
 20
39395.12334713382
 11
139053.35403901492
 21
39385.642362879269
  0
LINE
  8
_0-3_計画建物－天空率
  6
CONTINUOUS
 62
   18
 10
139053.35403901492
 20
39385.642362879269
 11
139028.79463596854
 21
39376.152171895089
  0
LINE
  8
_0-3_計画建物－天空率
  6
CONTINUOUS
 62
   18
 10
139028.79463596854
 20
39376.152171895089
 11
139004.73818126396
 21
39366.658540469601
  0
LINE
  8
_0-3_計画建物－天空率
  6
CONTINUOUS
 62
   18
 10
139004.73818126396
 20
39366.658540469601
 11
138981.1777960709
 21
39357.166967560224
  0
LINE
  8
_0-3_計画建物－天空率
  6
CONTINUOUS
 62
   18
 10
138981.1777960709
 20
39357.166967560224
 11
138958.10637330324
 21
39347.682688636654
  0
LINE
  8
_0-3_計画建物－天空率
  6
CONTINUOUS
 62
   18
 10
138958.10637330324
 20
39347.682688636654
 11
138935.51660618014
 21
39338.210680149197
  0
LINE
  8
_0-3_計画建物－天空率
  6
CONTINUOUS
 62
   18
 10
138935.51660618014
 20
39338.210680149197
 11
138913.40101532518
 21
39328.755664546413
  0
LINE
  8
_0-3_計画建物－天空率
  6
CONTINUOUS
 62
   18
 10
138913.40101532518
 20
39328.755664546413
 11
138891.75197440464
 21
39319.322115769849
  0
LINE
  8
_0-3_計画建物－天空率
  6
CONTINUOUS
 62
   18
 10
138891.75197440464
 20
39319.322115769849
 11
138870.5617343132
 21
39309.914265158229
  0
LINE
  8
_0-3_計画建物－天空率
  6
CONTINUOUS
 62
   18
 10
138870.5617343132
 20
39309.914265158229
 11
138849.82244592564
 21
39300.536107697182
  0
LINE
  8
_0-3_計画建物－天空率
  6
CONTINUOUS
 62
   18
 10
138849.82244592564
 20
39300.536107697182
 11
138829.52618143855
 21
39291.191408555241
  0
LINE
  8
_0-3_計画建物－天空率
  6
CONTINUOUS
 62
   18
 10
138829.52618143855
 20
39291.191408555241
 11
138809.66495433318
 21
39281.883709850924
  0
LINE
  8
_0-3_計画建物－天空率
  6
CONTINUOUS
 62
   18
 10
138809.66495433318
 20
39281.883709850924
 11
138790.23073799465
 21
39272.616337599865
  0
LINE
  8
_0-3_計画建物－天空率
  6
CONTINUOUS
 62
   18
 10
138790.23073799465
 20
39272.616337599865
 11
138771.21548302817
 21
39263.392408795298
  0
LINE
  8
_0-3_計画建物－天空率
  6
CONTINUOUS
 62
   18
 10
138771.21548302817
 20
39263.392408795298
 11
138752.61113331574
 21
39254.214838578991
  0
LINE
  8
_0-3_計画建物－天空率
  6
CONTINUOUS
 62
   18
 10
138752.61113331574
 20
39254.214838578991
 11
138734.40964085891
 21
39245.086347463664
  0
LINE
  8
_0-3_計画建物－天空率
  6
CONTINUOUS
 62
   18
 10
138734.40964085891
 20
39245.086347463664
 11
138716.60297945709
 21
39236.009468571799
  0
LINE
  8
_0-3_計画建物－天空率
  6
CONTINUOUS
 62
   18
 10
138716.60297945709
 20
39236.009468571799
 11
138699.18315727016
 21
39226.98655485906
  0
LINE
  8
_0-3_計画建物－天空率
  6
CONTINUOUS
 62
   18
 10
138699.18315727016
 20
39226.98655485906
 11
138682.14222831666
 21
39218.019786294033
  0
LINE
  8
_0-3_計画建物－天空率
  6
CONTINUOUS
 62
   18
 10
138682.14222831666
 20
39218.019786294033
 11
138665.47230295895
 21
39209.111176969287
  0
LINE
  8
_0-3_計画建物－天空率
  6
CONTINUOUS
 62
   18
 10
138665.47230295895
 20
39209.111176969287
 11
138649.16555742625
 21
39200.262582121402
  0
LINE
  8
_0-3_計画建物－天空率
  6
CONTINUOUS
 62
   18
 10
138649.16555742625
 20
39200.262582121402
 11
138633.21424242685
 21
39191.475705040837
  0
LINE
  8
_0-3_計画建物－天空率
  6
CONTINUOUS
 62
   18
 10
138633.21424242685
 20
39191.475705040837
 11
138617.61069089977
 21
39182.752103854705
  0
LINE
  8
_0-3_計画建物－天空率
  6
CONTINUOUS
 62
   18
 10
138617.61069089977
 20
39182.752103854705
 11
138602.34732495568
 21
39174.093198168258
  0
LINE
  8
_0-3_計画建物－天空率
  6
CONTINUOUS
 62
   18
 10
138602.34732495568
 20
39174.093198168258
 11
138587.41666205503
 21
39165.500275552869
  0
LINE
  8
_0-3_計画建物－天空率
  6
CONTINUOUS
 62
   18
 10
142321.77697416907
 20
40552.690147587454
 11
141725.27442463871
 21
39586.356017348254
  0
LINE
  8
_0-3_計画建物－天空率
  6
CONTINUOUS
 62
   18
 10
141725.27442463871
 20
39586.356017348254
 11
141705.69321458495
 21
39665.284971738576
  0
LINE
  8
_0-3_計画建物－天空率
  6
CONTINUOUS
 62
   18
 10
141705.69321458495
 20
39665.284971738576
 11
141686.01216521195
 21
39739.513967988044
  0
LINE
  8
_0-3_計画建物－天空率
  6
CONTINUOUS
 62
   18
 10
141686.01216521195
 20
39739.513967988044
 11
141666.340627728
 21
39809.223445048701
  0
LINE
  8
_0-3_計画建物－天空率
  6
CONTINUOUS
 62
   18
 10
141666.340627728
 20
39809.223445048701
 11
141646.77296999876
 21
39874.61308909671
  0
LINE
  8
_0-3_計画建物－天空率
  6
CONTINUOUS
 62
   18
 10
141646.77296999876
 20
39874.61308909671
 11
141627.38941327639
 21
39935.895033926906
  0
LINE
  8
_0-3_計画建物－天空率
  6
CONTINUOUS
 62
   18
 10
141627.38941327639
 20
39935.895033926906
 11
141608.25708739768
 21
39993.288145216138
  0
LINE
  8
_0-3_計画建物－天空率
  6
CONTINUOUS
 62
   18
 10
141608.25708739768
 20
39993.288145216138
 11
141589.43121116264
 21
40047.013338555661
  0
LINE
  8
_0-3_計画建物－天空率
  6
CONTINUOUS
 62
   18
 10
141589.43121116264
 20
40047.013338555661
 11
141570.95632403242
 21
40097.289844499158
  0
LINE
  8
_0-3_計画建物－天空率
  6
CONTINUOUS
 62
   18
 10
141570.95632403242
 20
40097.289844499158
 11
141552.86751335376
 21
40144.332313768063
  0
LINE
  8
_0-3_計画建物－天空率
  6
CONTINUOUS
 62
   18
 10
141552.86751335376
 20
40144.332313768063
 11
141535.19159712569
 21
40188.348648127466
  0
LINE
  8
_0-3_計画建物－天空率
  6
CONTINUOUS
 62
   18
 10
141535.19159712569
 20
40188.348648127466
 11
141517.94823549367
 21
40229.538443607729
  0
LINE
  8
_0-3_計画建物－天空率
  6
CONTINUOUS
 62
   18
 10
141517.94823549367
 20
40229.538443607729
 11
141501.1509546836
 21
40268.091939627323
  0
LINE
  8
_0-3_計画建物－天空率
  6
CONTINUOUS
 62
   18
 10
141501.1509546836
 20
40268.091939627323
 11
141484.80807517247
 21
40304.189377770235
  0
LINE
  8
_0-3_計画建物－天空率
  6
CONTINUOUS
 62
   18
 10
141484.80807517247
 20
40304.189377770235
 11
141468.92354186595
 21
40338.000685715844
  0
LINE
  8
_0-3_計画建物－天空率
  6
CONTINUOUS
 62
   18
 10
141468.92354186595
 20
40338.000685715844
 11
141453.49765826598
 21
40369.685413880863
  0
LINE
  8
_0-3_計画建物－天空率
  6
CONTINUOUS
 62
   18
 10
141453.49765826598
 20
40369.685413880863
 11
141438.52772942715
 21
40399.392863911598
  0
LINE
  8
_0-3_計画建物－天空率
  6
CONTINUOUS
 62
   18
 10
141438.52772942715
 20
40399.392863911598
 11
141424.00862023094
 21
40427.262358789652
  0
LINE
  8
_0-3_計画建物－天空率
  6
CONTINUOUS
 62
   18
 10
141553.06278102844
 20
40889.276254444601
 11
141424.00862023094
 21
40427.262358789652
  0
LINE
  8
_0-3_計画建物－天空率
  6
CONTINUOUS
 62
   18
 10
141424.00862023094
 20
40427.262358789652
 11
141377.80421527769
 21
40435.848186895433
  0
LINE
  8
_0-3_計画建物－天空率
  6
CONTINUOUS
 62
   18
 10
141377.80421527769
 20
40435.848186895433
 11
141331.12450725559
 21
40443.879803868236
  0
LINE
  8
_0-3_計画建物－天空率
  6
CONTINUOUS
 62
   18
 10
141331.12450725559
 20
40443.879803868236
 11
141283.99878025907
 21
40451.339490199796
  0
LINE
  8
_0-3_計画建物－天空率
  6
CONTINUOUS
 62
   18
 10
141283.99878025907
 20
40451.339490199796
 11
141236.45792741808
 21
40458.210503065216
  0
LINE
  8
_0-3_計画建物－天空率
  6
CONTINUOUS
 62
   18
 10
141236.45792741808
 20
40458.210503065216
 11
141188.53437124102
 21
40464.477175322463
  0
LINE
  8
_0-3_計画建物－天空率
  6
CONTINUOUS
 62
   18
 10
141188.53437124102
 20
40464.477175322463
 11
141140.26197146417
 21
40470.125010491392
  0
LINE
  8
_0-3_計画建物－天空率
  6
CONTINUOUS
 62
   18
 10
141140.26197146417
 20
40470.125010491392
 11
141091.67592081954
 21
40475.140772638224
  0
LINE
  8
_0-3_計画建物－天空率
  6
CONTINUOUS
 62
   18
 10
141091.67592081954
 20
40475.140772638224
 11
141042.81262930677
 21
40479.512570115286
  0
LINE
  8
_0-3_計画建物－天空率
  6
CONTINUOUS
 62
   18
 10
141042.81262930677
 20
40479.512570115286
 11
140993.70959772675
 21
40483.229932149435
  0
LINE
  8
_0-3_計画建物－天空率
  6
CONTINUOUS
 62
   18
 10
140993.70959772675
 20
40483.229932149435
 11
140944.40528140094
 21
40486.28387733519
  0
LINE
  8
_0-3_計画建物－天空率
  6
CONTINUOUS
 62
   18
 10
140944.40528140094
 20
40486.28387733519
 11
140894.93894515445
 21
40488.666973170198
  0
LINE
  8
_0-3_計画建物－天空率
  6
CONTINUOUS
 62
   18
 10
140894.93894515445
 20
40488.666973170198
 11
140845.35051078459
 21
40490.373385869599
  0
LINE
  8
_0-3_計画建物－天空率
  6
CONTINUOUS
 62
   18
 10
140845.35051078459
 20
40490.373385869599
 11
140795.68039835896
 21
40491.398919811013
  0
LINE
  8
_0-3_計画建物－天空率
  6
CONTINUOUS
 62
   18
 10
140795.68039835896
 20
40491.398919811013
 11
140745.96936279122
 21
40491.741046090617
  0
LINE
  8
_0-3_計画建物－天空率
  6
CONTINUOUS
 62
   18
 10
140745.96936279122
 20
40491.741046090617
 11
140696.25832722347
 21
40491.398919811006
  0
LINE
  8
_0-3_計画建物－天空率
  6
CONTINUOUS
 62
   18
 10
140696.25832722347
 20
40491.398919811006
 11
140646.58821479784
 21
40490.373385869599
  0
LINE
  8
_0-3_計画建物－天空率
  6
CONTINUOUS
 62
   18
 10
140646.58821479784
 20
40490.373385869599
 11
140596.99978042798
 21
40488.666973170198
  0
LINE
  8
_0-3_計画建物－天空率
  6
CONTINUOUS
 62
   18
 10
140596.99978042798
 20
40488.666973170198
 11
140547.53344418149
 21
40486.28387733519
  0
LINE
  8
_0-3_計画建物－天空率
  6
CONTINUOUS
 62
   18
 10
140547.53344418149
 20
40486.28387733519
 11
140498.22912785565
 21
40483.229932149435
  0
LINE
  8
_0-3_計画建物－天空率
  6
CONTINUOUS
 62
   18
 10
140498.22912785565
 20
40483.229932149435
 11
140449.12609627566
 21
40479.512570115286
  0
LINE
  8
_0-3_計画建物－天空率
  6
CONTINUOUS
 62
   18
 10
140449.12609627566
 20
40479.512570115286
 11
140400.26280476289
 21
40475.140772638224
  0
LINE
  8
_0-3_計画建物－天空率
  6
CONTINUOUS
 62
   18
 10
140400.26280476289
 20
40475.140772638224
 11
140351.67675411826
 21
40470.125010491392
  0
LINE
  8
_0-3_計画建物－天空率
  6
CONTINUOUS
 62
   18
 10
140351.67675411826
 20
40470.125010491392
 11
140303.40435434141
 21
40464.477175322463
  0
LINE
  8
_0-3_計画建物－天空率
  6
CONTINUOUS
 62
   18
 10
140303.40435434141
 20
40464.477175322463
 11
140255.48079816435
 21
40458.210503065216
  0
LINE
  8
_0-3_計画建物－天空率
  6
CONTINUOUS
 62
   18
 10
140255.48079816435
 20
40458.210503065216
 11
140207.93994532336
 21
40451.339490199796
  0
LINE
  8
_0-3_計画建物－天空率
  6
CONTINUOUS
 62
   18
 10
140207.93994532336
 20
40451.339490199796
 11
140160.81421832682
 21
40443.879803868236
  0
LINE
  8
_0-3_計画建物－天空率
  6
CONTINUOUS
 62
   18
 10
140160.81421832682
 20
40443.879803868236
 11
140114.13451030474
 21
40435.848186895433
  0
LINE
  8
_0-3_計画建物－天空率
  6
CONTINUOUS
 62
   18
 10
140114.13451030474
 20
40435.848186895433
 11
140067.93010535146
 21
40427.262358789652
  0
LINE
  8
_0-3_計画建物－天空率
  6
CONTINUOUS
 62
   18
 10
140067.93010535146
 20
40427.262358789652
 11
140022.22861160014
 21
40418.140913801798
  0
LINE
  8
_0-3_計画建物－天空率
  6
CONTINUOUS
 62
   18
 10
140022.22861160014
 20
40418.140913801798
 11
139977.05590709942
 21
40408.503217109951
  0
LINE
  8
_0-3_計画建物－天空率
  6
CONTINUOUS
 62
   18
 10
139977.05590709942
 20
40408.503217109951
 11
139932.43609840219
 21
40398.369300165802
  0
LINE
  8
_0-3_計画建物－天空率
  6
CONTINUOUS
 62
   18
 10
139932.43609840219
 20
40398.369300165802
 11
139888.39149162764
 21
40387.759756195257
  0
LINE
  8
_0-3_計画建物－天空率
  6
CONTINUOUS
 62
   18
 10
139888.39149162764
 20
40387.759756195257
 11
139844.94257562019
 21
40376.695636787524
  0
LINE
  8
_0-3_計画建物－天空率
  6
CONTINUOUS
 62
   18
 10
139844.94257562019
 20
40376.695636787524
 11
139802.10801670872
 21
40365.19835043812
  0
LINE
  8
_0-3_計画建物－天空率
  6
CONTINUOUS
 62
   18
 10
139802.10801670872
 20
40365.19835043812
 11
139759.90466446228
 21
40353.289563833706
  0
LINE
  8
_0-3_計画建物－天空率
  6
CONTINUOUS
 62
   18
 10
139759.90466446228
 20
40353.289563833706
 11
139718.34756775147
 21
40340.991106582201
  0
LINE
  8
_0-3_計画建物－天空率
  6
CONTINUOUS
 62
   18
 10
139718.34756775147
 20
40340.991106582201
 11
139677.45000035126
 21
40328.324880002743
  0
LINE
  8
_0-3_計画建物－天空率
  6
CONTINUOUS
 62
   18
 10
139677.45000035126
 20
40328.324880002743
 11
139637.22349526826
 21
40315.312770499083
  0
LINE
  8
_0-3_計画建物－天空率
  6
CONTINUOUS
 62
   18
 10
139637.22349526826
 20
40315.312770499083
 11
139597.67788693669
 21
40301.976567948448
  0
LINE
  8
_0-3_計画建物－天空率
  6
CONTINUOUS
 62
   18
 10
139597.67788693669
 20
40301.976567948448
 11
139558.82136040501
 21
40288.337889447502
  0
LINE
  8
_0-3_計画建物－天空率
  6
CONTINUOUS
 62
   18
 10
139558.82136040501
 20
40288.337889447502
 11
139520.6605066281
 21
40274.41810866996
  0
LINE
  8
_0-3_計画建物－天空率
  6
CONTINUOUS
 62
   18
 10
139520.6605066281
 20
40274.41810866996
 11
139483.20038298569
 21
40260.23829100719
  0
LINE
  8
_0-3_計画建物－天空率
  6
CONTINUOUS
 62
   18
 10
139483.20038298569
 20
40260.23829100719
 11
139446.44457816492
 21
40245.819134585304
  0
LINE
  8
_0-3_計画建物－天空率
  6
CONTINUOUS
 62
   18
 10
139446.44457816492
 20
40245.819134585304
 11
139410.39528057325
 21
40231.180917180776
  0
LINE
  8
_0-3_計画建物－天空率
  6
CONTINUOUS
 62
   18
 10
139410.39528057325
 20
40231.180917180776
 11
139375.05334948483
 21
40216.343448991312
  0
LINE
  8
_0-3_計画建物－天空率
  6
CONTINUOUS
 62
   18
 10
139375.05334948483
 20
40216.343448991312
 11
139340.41838816649
 21
40201.326031161319
  0
LINE
  8
_0-3_計画建物－天空率
  6
CONTINUOUS
 62
   18
 10
139340.41838816649
 20
40201.326031161319
 11
139306.4888182797
 21
40186.147419910397
  0
LINE
  8
_0-3_計画建物－天空率
  6
CONTINUOUS
 62
   18
 10
139306.4888182797
 20
40186.147419910397
 11
139273.26195490785
 21
40170.82579607045
  0
LINE
  8
_0-3_計画建物－天空率
  6
CONTINUOUS
 62
   18
 10
139273.26195490785
 20
40170.82579607045
 11
139240.73408161426
 21
40155.378739800704
  0
LINE
  8
_0-3_計画建物－天空率
  6
CONTINUOUS
 62
   18
 10
139240.73408161426
 20
40155.378739800704
 11
139208.90052499459
 21
40139.823210221104
  0
LINE
  8
_0-3_計画建物－天空率
  6
CONTINUOUS
 62
   18
 10
139208.90052499459
 20
40139.823210221104
 11
139177.75572824451
 21
40124.17552968183
  0
LINE
  8
_0-3_計画建物－天空率
  6
CONTINUOUS
 62
   18
 10
139177.75572824451
 20
40124.17552968183
 11
139147.29332332254
 21
40108.451372370356
  0
LINE
  8
_0-3_計画建物－天空率
  6
CONTINUOUS
 62
   18
 10
139147.29332332254
 20
40108.451372370356
 11
139117.50620134151
 21
40092.665756946596
  0
LINE
  8
_0-3_計画建物－天空率
  6
CONTINUOUS
 62
   18
 10
139117.50620134151
 20
40092.665756946596
 11
139088.38658087939
 21
40076.833042890852
  0
LINE
  8
_0-3_計画建物－天空率
  6
CONTINUOUS
 62
   18
 10
139088.38658087939
 20
40076.833042890852
 11
139059.92607394847
 21
40060.966930247974
  0
LINE
  8
_0-3_計画建物－天空率
  6
CONTINUOUS
 62
   18
 10
139059.92607394847
 20
40060.966930247974
 11
139032.11574941259
 21
40045.080462453828
  0
LINE
  8
_0-3_計画建物－天空率
  6
CONTINUOUS
 62
   18
 10
139343.86758995743
 20
39804.567267337464
 11
139216.37769546141
 21
39907.52597044449
  0
LINE
  8
_0-3_計画建物－天空率
  6
CONTINUOUS
 62
   18
 10
139216.37769546141
 20
39907.52597044449
 11
139113.94066986671
 21
39985.991548195634
  0
LINE
  8
_0-3_計画建物－天空率
  6
CONTINUOUS
 62
   18
 10
139113.94066986671
 20
39985.991548195634
 11
139032.11574941259
 21
40045.080462453828
  0
LINE
  8
_0-3_計画建物－天空率
  6
CONTINUOUS
 62
   18
 10
138905.40940127955
 20
40368.919391378287
 11
139343.86758995743
 21
39804.567267337464
  0
LINE
  8
_0-3_計画建物－天空率
  6
CONTINUOUS
 62
   18
 10
139343.86758995743
 20
39804.567267337464
 11
139310.24699541603
 21
39782.77845694877
  0
LINE
  8
_0-3_計画建物－天空率
  6
CONTINUOUS
 62
   18
 10
139310.24699541603
 20
39782.77845694877
 11
139276.64558257118
 21
39760.506901939188
  0
LINE
  8
_0-3_計画建物－天空率
  6
CONTINUOUS
 62
   18
 10
139276.64558257118
 20
39760.506901939188
 11
139243.08492839481
 21
39737.756349812079
  0
LINE
  8
_0-3_計画建物－天空率
  6
CONTINUOUS
 62
   18
 10
139243.08492839481
 20
39737.756349812079
 11
139209.58700602795
 21
39714.531439741491
  0
LINE
  8
_0-3_計画建物－天空率
  6
CONTINUOUS
 62
   18
 10
139209.58700602795
 20
39714.531439741491
 11
139176.1741289529
 21
39690.837717224712
  0
LINE
  8
_0-3_計画建物－天空率
  6
CONTINUOUS
 62
   18
 10
139176.1741289529
 20
39690.837717224712
 11
139142.86889156317
 21
39666.68164485602
  0
LINE
  8
_0-3_計画建物－天空率
  6
CONTINUOUS
 62
   18
 10
139142.86889156317
 20
39666.68164485602
 11
139109.69410640929
 21
39642.070608977737
  0
LINE
  8
_0-3_計画建物－天空率
  6
CONTINUOUS
 62
   18
 10
139109.69410640929
 20
39642.070608977737
 11
139076.67273844289
 21
39617.012921992776
  0
LINE
  8
_0-3_計画建物－天空率
  6
CONTINUOUS
 62
   18
 10
139076.67273844289
 20
39617.012921992776
 11
139043.82783662542
 21
39591.517820156434
  0
LINE
  8
_0-3_計画建物－天空率
  6
CONTINUOUS
 62
   18
 10
139043.82783662542
 20
39591.517820156434
 11
139011.18246330905
 21
39565.59545670171
  0
LINE
  8
_0-3_計画建物－天空率
  6
CONTINUOUS
 62
   18
 10
139011.18246330905
 20
39565.59545670171
 11
138978.75962183348
 21
39539.256890193435
  0
LINE
  8
_0-3_計画建物－天空率
  6
CONTINUOUS
 62
   18
 10
138978.75962183348
 20
39539.256890193435
 11
138946.58218281698
 21
39512.514068050011
  0
LINE
  8
_0-3_計画建物－天空率
  6
CONTINUOUS
 62
   18
 10
138946.58218281698
 20
39512.514068050011
 11
138914.67280964617
 21
39485.37980521778
  0
LINE
  8
_0-3_計画建物－天空率
  6
CONTINUOUS
 62
   18
 10
138914.67280964617
 20
39485.37980521778
 11
138883.05388369335
 21
39457.867758031279
  0
LINE
  8
_0-3_計画建物－天空率
  6
CONTINUOUS
 62
   18
 10
138883.05388369335
 20
39457.867758031279
 11
138851.74742980455
 21
39429.992393341839
  0
LINE
  8
_0-3_計画建物－天空率
  6
CONTINUOUS
 62
   18
 10
138851.74742980455
 20
39429.992393341839
 11
138820.77504261193
 21
39401.768953046492
  0
LINE
  8
_0-3_計画建物－天空率
  6
CONTINUOUS
 62
   18
 10
138820.77504261193
 20
39401.768953046492
 11
138790.15781422588
 21
39373.213414198289
  0
LINE
  8
_0-3_計画建物－天空率
  6
CONTINUOUS
 62
   18
 10
138790.15781422588
 20
39373.213414198289
 11
138759.91626385759
 21
39344.342444927096
  0
LINE
  8
_0-3_計画建物－天空率
  6
CONTINUOUS
 62
   18
 10
138759.91626385759
 20
39344.342444927096
 11
138730.07026990968
 21
39315.173356445266
  0
LINE
  8
_0-3_計画建物－天空率
  6
CONTINUOUS
 62
   18
 10
138730.07026990968
 20
39315.173356445266
 11
138700.63900505361
 21
39285.724051455705
  0
LINE
  8
_0-3_計画建物－天空率
  6
CONTINUOUS
 62
   18
 10
138700.63900505361
 20
39285.724051455705
 11
138671.64087478586
 21
39256.012969318435
  0
LINE
  8
_0-3_計画建物－天空率
  6
CONTINUOUS
 62
   18
 10
138671.64087478586
 20
39256.012969318435
 11
138643.0934599202
 21
39226.059028366806
  0
LINE
  8
_0-3_計画建物－天空率
  6
CONTINUOUS
 62
   18
 10
138643.0934599202
 20
39226.059028366806
 11
138615.01346343592
 21
39195.881565793759
  0
LINE
  8
_0-3_計画建物－天空率
  6
CONTINUOUS
 62
   18
 10
138615.01346343592
 20
39195.881565793759
 11
138587.41666205503
 21
39165.500275552869
  0
LINE
  8
_0-3_計画建物－天空率
  6
CONTINUOUS
 62
   18
 10
141725.27442463871
 20
39586.356017348254
 11
141690.26498866229
 21
39607.802350956451
  0
LINE
  8
_0-3_計画建物－天空率
  6
CONTINUOUS
 62
   18
 10
141690.26498866229
 20
39607.802350956451
 11
141655.45608656483
 21
39628.722887029551
  0
LINE
  8
_0-3_計画建物－天空率
  6
CONTINUOUS
 62
   18
 10
141655.45608656483
 20
39628.722887029551
 11
141620.86620418052
 21
39649.119565651759
  0
LINE
  8
_0-3_計画建物－天空率
  6
CONTINUOUS
 62
   18
 10
141620.86620418052
 20
39649.119565651759
 11
141586.51280348276
 21
39668.995145252236
  0
LINE
  8
_0-3_計画建物－天空率
  6
CONTINUOUS
 62
   18
 10
141586.51280348276
 20
39668.995145252236
 11
141552.41231638909
 21
39688.353152474279
  0
LINE
  8
_0-3_計画建物－天空率
  6
CONTINUOUS
 62
   18
 10
141552.41231638909
 20
39688.353152474279
 11
141518.5801439915
 21
39707.197831354395
  0
LINE
  8
_0-3_計画建物－天空率
  6
CONTINUOUS
 62
   18
 10
141518.5801439915
 20
39707.197831354395
 11
141485.03066083457
 21
39725.534092220717
  0
LINE
  8
_0-3_計画建物－天空率
  6
CONTINUOUS
 62
   18
 10
141485.03066083457
 20
39725.534092220717
 11
141451.77722384629
 21
39743.367460688685
  0
LINE
  8
_0-3_計画建物－天空率
  6
CONTINUOUS
 62
   18
 10
141451.77722384629
 20
39743.367460688685
 11
141418.83218551584
 21
39760.704027098225
  0
LINE
  8
_0-3_計画建物－天空率
  6
CONTINUOUS
 62
   18
 10
141418.83218551584
 20
39760.704027098225
 11
141386.20691090842
 21
39777.550396702419
  0
LINE
  8
_0-3_計画建物－天空率
  6
CONTINUOUS
 62
   18
 10
141386.20691090842
 20
39777.550396702419
 11
141353.9117981074
 21
39793.913640882921
  0
LINE
  8
_0-3_計画建物－天空率
  6
CONTINUOUS
 62
   18
 10
141353.9117981074
 20
39793.913640882921
 11
141321.95630168024
 21
39809.801249632771
  0
LINE
  8
_0-3_計画建物－天空率
  6
CONTINUOUS
 62
   18
 10
141321.95630168024
 20
39809.801249632771
 11
141290.34895877429
 21
39825.221085513985
  0
LINE
  8
_0-3_計画建物－天空率
  6
CONTINUOUS
 62
   18
 10
141290.34895877429
 20
39825.221085513985
 11
141259.09741746098
 21
39840.181339264127
  0
LINE
  8
_0-3_計画建物－天空率
  6
CONTINUOUS
 62
   18
 10
141259.09741746098
 20
39840.181339264127
 11
141228.20846696459
 21
39854.690487195657
  0
LINE
  8
_0-3_計画建物－天空率
  6
CONTINUOUS
 62
   18
 10
141228.20846696459
 20
39854.690487195657
 11
141197.68806942951
 21
39868.757250501912
  0
LINE
  8
_0-3_計画建物－天空率
  6
CONTINUOUS
 62
   18
 10
141197.68806942951
 20
39868.757250501912
 11
141167.54139289949
 21
39882.390556556696
  0
LINE
  8
_0-3_計画建物－天空率
  6
CONTINUOUS
 62
   18
 10
141167.54139289949
 20
39882.390556556696
 11
141137.77284520672
 21
39895.599502268829
  0
LINE
  8
_0-3_計画建物－天空率
  6
CONTINUOUS
 62
   18
 10
141137.77284520672
 20
39895.599502268829
 11
141108.38610848769
 21
39908.393319530077
  0
LINE
  8
_0-3_計画建物－天空率
  6
CONTINUOUS
 62
   18
 10
141108.38610848769
 20
39908.393319530077
 11
141079.38417406883
 21
39920.781342774076
  0
LINE
  8
_0-3_計画建物－天空率
  6
CONTINUOUS
 62
   18
 10
141079.38417406883
 20
39920.781342774076
 11
141050.76937748619
 21
39932.772978644825
  0
LINE
  8
_0-3_計画建物－天空率
  6
CONTINUOUS
 62
   18
 10
141050.76937748619
 20
39932.772978644825
 11
141022.54343342725
 21
39944.377677757314
  0
LINE
  8
_0-3_計画建物－天空率
  6
CONTINUOUS
 62
   18
 10
141022.54343342725
 20
39944.377677757314
 11
140994.70747040474
 21
39955.604908518158
  0
LINE
  8
_0-3_計画建物－天空率
  6
CONTINUOUS
 62
   18
 10
140994.70747040474
 20
39955.604908518158
 11
140967.26206499448
 21
39966.464132961773
  0
LINE
  8
_0-3_計画建物－天空率
  6
CONTINUOUS
 62
   18
 10
140967.26206499448
 20
39966.464132961773
 11
140940.20727549018
 21
39976.964784547213
  0
LINE
  8
_0-3_計画建物－天空率
  6
CONTINUOUS
 62
   18
 10
140940.20727549018
 20
39976.964784547213
 11
140913.54267484685
 21
39987.116247852165
  0
LINE
  8
_0-3_計画建物－天空率
  6
CONTINUOUS
 62
   18
 10
140913.54267484685
 20
39987.116247852165
 11
140887.26738280497
 21
39996.927840093419
  0
LINE
  8
_0-3_計画建物－天空率
  6
CONTINUOUS
 62
   18
 10
140887.26738280497
 20
39996.927840093419
 11
140861.38009710283
 21
40006.408794397757
  0
LINE
  8
_0-3_計画建物－天空率
  6
CONTINUOUS
 62
   18
 10
140861.38009710283
 20
40006.408794397757
 11
140835.87912370281
 21
40015.568244743051
  0
LINE
  8
_0-3_計画建物－天空率
  6
CONTINUOUS
 62
   18
 10
140835.87912370281
 20
40015.568244743051
 11
140810.76240597019
 21
40024.415212486303
  0
LINE
  8
_0-3_計画建物－天空率
  6
CONTINUOUS
 62
   18
 10
140810.76240597019
 20
40024.415212486303
 11
140786.02755275869
 21
40032.958594393858
  0
LINE
  8
_0-3_計画建物－天空率
  6
CONTINUOUS
 62
   18
 10
140786.02755275869
 20
40032.958594393858
 11
140761.67186536762
 21
40041.207152087939
  0
LINE
  8
_0-3_計画建物－天空率
  6
CONTINUOUS
 62
   18
 10
140769.04560314925
 20
40999.793063697623
 11
140761.67186536762
 21
40041.207152087939
  0
LINE
  8
_0-3_計画建物－天空率
  6
CONTINUOUS
 62
   18
 10
141424.00862023094
 20
40427.262358789652
 11
141389.63567744859
 21
40412.559148394313
  0
LINE
  8
_0-3_計画建物－天空率
  6
CONTINUOUS
 62
   18
 10
141389.63567744859
 20
40412.559148394313
 11
141354.29546091638
 21
40396.790631135685
  0
LINE
  8
_0-3_計画建物－天空率
  6
CONTINUOUS
 62
   18
 10
141354.29546091638
 20
40396.790631135685
 11
141317.98227355506
 21
40379.911033917014
  0
LINE
  8
_0-3_計画建物－天空率
  6
CONTINUOUS
 62
   18
 10
141317.98227355506
 20
40379.911033917014
 11
141280.69345827912
 21
40361.875007158225
  0
LINE
  8
_0-3_計画建物－天空率
  6
CONTINUOUS
 62
   18
 10
141280.69345827912
 20
40361.875007158225
 11
141242.42972133407
 21
40342.637995576507
  0
LINE
  8
_0-3_計画建物－天空率
  6
CONTINUOUS
 62
   18
 10
141242.42972133407
 20
40342.637995576507
 11
141203.19545771804
 21
40322.156647119649
  0
LINE
  8
_0-3_計画建物－天空率
  6
CONTINUOUS
 62
   18
 10
141203.19545771804
 20
40322.156647119649
 11
141162.99907354984
 21
40300.389258780021
  0
LINE
  8
_0-3_計画建物－天空率
  6
CONTINUOUS
 62
   18
 10
141162.99907354984
 20
40300.389258780021
 11
141121.8532994519
 21
40277.296256922934
  0
LINE
  8
_0-3_計画建物－天空率
  6
CONTINUOUS
 62
   18
 10
141121.8532994519
 20
40277.296256922934
 11
141079.77548825734
 21
40252.840708532603
  0
LINE
  8
_0-3_計画建物－天空率
  6
CONTINUOUS
 62
   18
 10
141079.77548825734
 20
40252.840708532603
 11
141036.78788966397
 21
40226.988858432472
  0
LINE
  8
_0-3_計画建物－天空率
  6
CONTINUOUS
 62
   18
 10
141036.78788966397
 20
40226.988858432472
 11
140992.91789388644
 21
40199.710686106918
  0
LINE
  8
_0-3_計画建物－天空率
  6
CONTINUOUS
 62
   18
 10
140992.91789388644
 20
40199.710686106918
 11
140948.19823595057
 21
40170.980474281132
  0
LINE
  8
_0-3_計画建物－天空率
  6
CONTINUOUS
 62
   18
 10
140948.19823595057
 20
40170.980474281132
 11
140902.66715207602
 21
40140.777379960825
  0
LINE
  8
_0-3_計画建物－天空率
  6
CONTINUOUS
 62
   18
 10
140902.66715207602
 20
40140.777379960825
 11
140856.36847965617
 21
40109.085997259651
  0
LINE
  8
_0-3_計画建物－天空率
  6
CONTINUOUS
 62
   18
 10
140856.36847965617
 20
40109.085997259651
 11
140809.35169270809
 21
40075.896900124345
  0
LINE
  8
_0-3_計画建物－天空率
  6
CONTINUOUS
 62
   18
 10
140809.35169270809
 20
40075.896900124345
 11
140761.67186536762
 21
40041.207152087939
  0
LINE
  8
_0-3_計画建物－天空率
  6
CONTINUOUS
 62
   18
 10
140761.67186536762
 20
40041.207152087939
 11
140720.60434092007
 21
40041.162148690149
  0
LINE
  8
_0-3_計画建物－天空率
  6
CONTINUOUS
 62
   18
 10
140720.60434092007
 20
40041.162148690149
 11
140679.5510715954
 21
40040.73476480897
  0
LINE
  8
_0-3_計画建物－天空率
  6
CONTINUOUS
 62
   18
 10
140679.5510715954
 20
40040.73476480897
 11
140638.53509806076
 21
40039.925720463965
  0
LINE
  8
_0-3_計画建物－天空率
  6
CONTINUOUS
 62
   18
 10
140638.53509806076
 20
40039.925720463965
 11
140597.57935640367
 21
40038.736376463813
  0
LINE
  8
_0-3_計画建物－天空率
  6
CONTINUOUS
 62
   18
 10
140597.57935640367
 20
40038.736376463813
 11
140556.70661426332
 21
40037.168728060649
  0
LINE
  8
_0-3_計画建物－天空率
  6
CONTINUOUS
 62
   18
 10
140556.70661426332
 20
40037.168728060649
 11
140515.9394080583
 21
40035.22539568218
  0
LINE
  8
_0-3_計画建物－天空率
  6
CONTINUOUS
 62
   18
 10
140515.9394080583
 20
40035.22539568218
 11
140475.29998171082
 21
40032.909612825809
  0
LINE
  8
_0-3_計画建物－天空率
  6
CONTINUOUS
 62
   18
 10
140475.29998171082
 20
40032.909612825809
 11
140434.81022725056
 21
40030.22521122366
  0
LINE
  8
_0-3_計画建物－天空率
  6
CONTINUOUS
 62
   18
 10
140434.81022725056
 20
40030.22521122366
 11
140394.49162765932
 21
40027.176603410953
  0
LINE
  8
_0-3_計画建物－天空率
  6
CONTINUOUS
 62
   18
 10
140394.49162765932
 20
40027.176603410953
 11
140354.36520229262
 21
40023.76876285149
  0
LINE
  8
_0-3_計画建物－天空率
  6
CONTINUOUS
 62
   18
 10
140354.36520229262
 20
40023.76876285149
 11
140314.45145518513
 21
40020.007201793137
  0
LINE
  8
_0-3_計画建物－天空率
  6
CONTINUOUS
 62
   18
 10
140314.45145518513
 20
40020.007201793137
 11
140274.77032651571
 21
40015.897947042976
  0
LINE
  8
_0-3_計画建物－天空率
  6
CONTINUOUS
 62
   18
 10
140274.77032651571
 20
40015.897947042976
 11
140235.34114747238
 21
40011.447513865939
  0
LINE
  8
_0-3_計画建物－天空率
  6
CONTINUOUS
 62
   18
 10
140235.34114747238
 20
40011.447513865939
 11
140196.18259872382
 21
40006.662878222086
  0
LINE
  8
_0-3_計画建物－天空率
  6
CONTINUOUS
 62
   18
 10
140196.18259872382
 20
40006.662878222086
 11
140157.31267266452
 21
40001.551447566016
  0
LINE
  8
_0-3_計画建物－天空率
  6
CONTINUOUS
 62
   18
 10
140157.31267266452
 20
40001.551447566016
 11
140118.74863956458
 21
39996.121030437803
  0
LINE
  8
_0-3_計画建物－天空率
  6
CONTINUOUS
 62
   18
 10
140118.74863956458
 20
39996.121030437803
 11
140080.50701771664
 21
39990.379805077529
  0
LINE
  8
_0-3_計画建物－天空率
  6
CONTINUOUS
 62
   18
 10
140080.50701771664
 20
39990.379805077529
 11
140042.60354763502
 21
39984.336287295591
  0
LINE
  8
_0-3_計画建物－天空率
  6
CONTINUOUS
 62
   18
 10
140042.60354763502
 20
39984.336287295591
 11
140005.05317032613
 21
39977.999297828318
  0
LINE
  8
_0-3_計画建物－天空率
  6
CONTINUOUS
 62
   18
 10
140005.05317032613
 20
39977.999297828318
 11
139967.87000961389
 21
39971.377929403744
  0
LINE
  8
_0-3_計画建物－天空率
  6
CONTINUOUS
 62
   18
 10
139967.87000961389
 20
39971.377929403744
 11
139931.06735847046
 21
39964.481513734644
  0
LINE
  8
_0-3_計画建物－天空率
  6
CONTINUOUS
 62
   18
 10
139931.06735847046
 20
39964.481513734644
 11
139894.65766927259
 21
39957.3195886471
  0
LINE
  8
_0-3_計画建物－天空率
  6
CONTINUOUS
 62
   18
 10
139894.65766927259
 20
39957.3195886471
 11
139858.65254787469
 21
39949.90186554144
  0
LINE
  8
_0-3_計画建物－天空率
  6
CONTINUOUS
 62
   18
 10
139858.65254787469
 20
39949.90186554144
 11
139823.06275136378
 21
39942.238197369995
  0
LINE
  8
_0-3_計画建物－天空率
  6
CONTINUOUS
 62
   18
 10
139823.06275136378
 20
39942.238197369995
 11
139787.89818933984
 21
39934.338547302075
  0
LINE
  8
_0-3_計画建物－天空率
  6
CONTINUOUS
 62
   18
 10
139787.89818933984
 20
39934.338547302075
 11
139753.16792854413
 21
39926.212958231779
  0
LINE
  8
_0-3_計画建物－天空率
  6
CONTINUOUS
 62
   18
 10
139753.16792854413
 20
39926.212958231779
 11
139718.88020064178
 21
39917.871523268659
  0
LINE
  8
_0-3_計画建物－天空率
  6
CONTINUOUS
 62
   18
 10
139718.88020064178
 20
39917.871523268659
 11
139685.04241295167
 21
39909.324357335121
  0
LINE
  8
_0-3_計画建物－天空率
  6
CONTINUOUS
 62
   18
 10
139685.04241295167
 20
39909.324357335121
 11
139651.66116190556
 21
39900.581569978305
  0
LINE
  8
_0-3_計画建物－天空率
  6
CONTINUOUS
 62
   18
 10
139651.66116190556
 20
39900.581569978305
 11
139618.74224901094
 21
39891.653239487699
  0
LINE
  8
_0-3_計画建物－天空率
  6
CONTINUOUS
 62
   18
 10
139618.74224901094
 20
39891.653239487699
 11
139586.29069908746
 21
39882.549388393919
  0
LINE
  8
_0-3_計画建物－天空率
  6
CONTINUOUS
 62
   18
 10
139586.29069908746
 20
39882.549388393919
 11
139554.3107805445
 21
39873.279960408319
  0
LINE
  8
_0-3_計画建物－天空率
  6
CONTINUOUS
 62
   18
 10
139554.3107805445
 20
39873.279960408319
 11
139522.80602746747
 21
39863.854798847954
  0
LINE
  8
_0-3_計画建物－天空率
  6
CONTINUOUS
 62
   18
 10
139522.80602746747
 20
39863.854798847954
 11
139491.77926328341
 21
39854.283626576339
  0
LINE
  8
_0-3_計画建物－天空率
  6
CONTINUOUS
 62
   18
 10
139491.77926328341
 20
39854.283626576339
 11
139461.23262578056
 21
39844.576027476483
  0
LINE
  8
_0-3_計画建物－天空率
  6
CONTINUOUS
 62
   18
 10
139461.23262578056
 20
39844.576027476483
 11
139431.16759326361
 21
39834.741429460569
  0
LINE
  8
_0-3_計画建物－天空率
  6
CONTINUOUS
 62
   18
 10
139431.16759326361
 20
39834.741429460569
 11
139401.58501163302
 21
39824.789089008627
  0
LINE
  8
_0-3_計画建物－天空率
  6
CONTINUOUS
 62
   18
 10
139401.58501163302
 20
39824.789089008627
 11
139372.48512218744
 21
39814.728077218191
  0
LINE
  8
_0-3_計画建物－天空率
  6
CONTINUOUS
 62
   18
 10
139372.48512218744
 20
39814.728077218191
 11
139343.86758995743
 21
39804.567267337464
  0
CIRCLE
  8
_0-3_計画建物－天空率
  6
CONTINUOUS
 62
   18
 10
148745.96936279122
 20
37999.881817155335
 40
3000
  0
POINT
  8
_0-3_計画建物－天空率
 62
   18
 10
101725.45276732133
 20
67110.169491525419
  0
TEXT
  8
_0-3_計画建物－天空率
 62
  132
 10
101725.45276732133
 20
67110.169491525419
 40
500
 41
1
 50
0
  1
No.9
  0
TEXT
  8
_0-3_計画建物－天空率
 62
  132
 10
147370.96936279122
 20
34249.881817155335
 40
500
 41
1
 50
0
  1
測定点 No.9
  0
TEXT
  8
_0-3_計画建物－天空率
 62
  132
 10
145120.96936279122
 20
33499.881817155335
 40
500
 41
1
 50
0
  1
正射影 　測定面高さ = 0.000 m
  0
LINE
  8
_0-3_計画建物－天空率
  6
CONTINUOUS
 62
  132
 10
149221.15980498344
 20
39657.067828831648
 11
149572.88143024221
 21
40883.66690497029
  0
LINE
  8
_0-3_計画建物－天空率
  6
CONTINUOUS
 62
  132
 10
149160.4328641089
 20
39662.204125886804
 11
149471.73504959023
 21
40910.768995983322
  0
LINE
  8
_0-3_計画建物－天空率
  6
CONTINUOUS
 62
  132
 10
149100.2236110747
 20
39666.517020040417
 11
149369.70443524452
 21
40934.324619356753
  0
LINE
  8
_0-3_計画建物－天空率
  6
CONTINUOUS
 62
  132
 10
149040.48029926299
 20
39670.136336846313
 11
149266.913895792
 21
40954.305076191958
  0
LINE
  8
_0-3_計画建物－天空率
  6
CONTINUOUS
 62
  132
 10
148981.12258191977
 20
39673.083912663896
 11
149163.4886656714
 21
40970.686023380047
  0
LINE
  8
_0-3_計画建物－天空率
  6
CONTINUOUS
 62
  132
 10
148922.07083728653
 20
39675.375426429774
 11
149059.55475259418
 21
40983.447503260154
  0
LINE
  8
_0-3_計画建物－天空率
  6
CONTINUOUS
 62
  132
 10
148863.24572206623
 20
39677.011890949535
 11
148955.23878402358
 21
40992.573967934804
  0
LINE
  8
_0-3_計画建物－天空率
  6
CONTINUOUS
 62
  132
 10
148804.56854434675
 20
39677.942822351578
 11
148850.66785289873
 21
40998.05429821262
  0
LINE
  8
_0-3_計画建物－天空率
  6
CONTINUOUS
 62
  132
 10
148745.96936279122
 20
39678.245900496622
 11
148745.96936279122
 21
40999.881817155335
  0
LINE
  8
_0-3_計画建物－天空率
  6
CONTINUOUS
 62
  132
 10
148687.37088604384
 20
39677.922639286538
 11
148641.2708726837
 21
40998.05429821262
  0
LINE
  8
_0-3_計画建物－天空率
  6
CONTINUOUS
 62
  132
 10
148628.69584273934
 20
39676.971288166714
 11
148536.69994155885
 21
40992.573967934804
  0
LINE
  8
_0-3_計画建物－天空率
  6
CONTINUOUS
 62
  132
 10
148569.86669019685
 20
39675.386825580855
 11
148432.38397298826
 21
40983.447503260154
  0
LINE
  8
_0-3_計画建物－天空率
  6
CONTINUOUS
 62
  132
 10
148510.81170856265
 20
39673.115470040153
 11
148328.45005991103
 21
40970.686023380047
  0
LINE
  8
_0-3_計画建物－天空率
  6
CONTINUOUS
 62
  132
 10
148451.45696354319
 20
39670.144632662624
 11
148225.02482979043
 21
40954.305076191958
  0
LINE
  8
_0-3_計画建物－天空率
  6
CONTINUOUS
 62
  132
 10
148391.71856733824
 20
39666.500775749998
 11
148122.23429033794
 21
40934.324619356753
  0
LINE
  8
_0-3_計画建物－天空率
  6
CONTINUOUS
 62
  132
 10
148331.51571962313
 20
39662.16458700841
 11
148020.2036759922
 21
40910.768995983322
  0
LINE
  8
_0-3_計画建物－天空率
  6
CONTINUOUS
 62
  132
 10
148270.76764087445
 20
39657.107165905879
 11
147919.05729534022
 21
40883.66690497029
  0
LINE
  8
_0-3_計画建物－天空率
  6
CONTINUOUS
 62
  132
 10
148209.4259525109
 20
39651.192637954911
 11
147818.91837966637
 21
40853.051366040795
  0
LINE
  8
_0-3_計画建物－天空率
  6
CONTINUOUS
 62
  132
 10
148147.37801136192
 20
39644.49803868815
 11
147719.90893281422
 21
40818.959679513063
  0
LINE
  8
_0-3_計画建物－天空率
  6
CONTINUOUS
 62
  132
 10
148084.53524006146
 20
39636.988718724656
 11
147622.14958254349
 21
40781.433380855698
  0
LINE
  8
_0-3_計画建物－天空率
  6
CONTINUOUS
 62
  132
 10
148020.86675690725
 20
39628.48893482449
 11
147525.75943356382
 21
40740.518190083137
  0
LINE
  8
_0-3_計画建物－天空率
  6
CONTINUOUS
 62
  132
 10
147956.24101332976
 20
39619.064885860243
 11
147430.85592242397
 21
40696.26395605284
  0
LINE
  8
_0-3_計画建物－天空率
  6
CONTINUOUS
 62
  132
 10
147890.60244567136
 20
39608.593015764381
 11
147337.55467443354
 21
40648.724595732121
  0
LINE
  8
_0-3_計画建物－天空率
  6
CONTINUOUS
 62
  132
 10
147823.86411045424
 20
39597.014964129099
 11
147245.96936279122
 21
40597.958028508648
  0
LINE
  8
_0-3_計画建物－天空率
  6
CONTINUOUS
 62
  132
 10
147755.95938072307
 20
39584.228975554324
 11
147156.2115700916
 21
40544.026105624616
  0
LINE
  8
_0-3_計画建物－天空率
  6
CONTINUOUS
 62
  132
 10
147686.7764513324
 20
39570.199885809546
 11
147068.39065237899
 21
40486.994534820463
  0
LINE
  8
_0-3_計画建物－天空率
  6
CONTINUOUS
 62
  132
 10
147616.3062805905
 20
39554.729659720156
 11
146982.61360591379
 21
40426.932800280177
  0
LINE
  8
_0-3_計画建物－天空率
  6
CONTINUOUS
 62
  132
 10
147544.44427655404
 20
39537.763797154664
 11
146898.98493681426
 21
40363.914077975496
  0
LINE
  8
_0-3_計画建物－天空率
  6
CONTINUOUS
 62
  132
 10
147471.130608278
 20
39519.175482824801
 11
146817.60653373159
 21
40298.015146512276
  0
LINE
  8
_0-3_計画建物－天空率
  6
CONTINUOUS
 62
  132
 10
147396.32075983102
 20
39498.818446224671
 11
146738.57754371466
 21
40229.316293587515
  0
LINE
  8
_0-3_計画建物－天空率
  6
CONTINUOUS
 62
  132
 10
147319.9735497857
 20
39476.543708860961
 11
146661.9942514142
 21
40157.901218171289
  0
LINE
  8
_0-3_計画建物－天空率
  6
CONTINUOUS
 62
  132
 10
147242.09316938833
 20
39452.158175824086
 11
146587.94996177524
 21
40083.856928532324
  0
LINE
  8
_0-3_計画建物－天空率
  6
CONTINUOUS
 62
  132
 10
147162.67602940637
 20
39425.48553784487
 11
146516.53488635903
 21
40007.273636231911
  0
LINE
  8
_0-3_計画建物－天空率
  6
CONTINUOUS
 62
  132
 10
147081.74536666559
 20
39396.331558500736
 11
146447.83603343428
 21
39928.244646214952
  0
LINE
  8
_0-3_計画建物－天空率
  6
CONTINUOUS
 62
  132
 10
146999.36308224117
 20
39364.480199315439
 11
146381.93710197106
 21
39846.86624313231
  0
LINE
  8
_0-3_計画建物－天空率
  6
CONTINUOUS
 62
  132
 10
146915.63946858959
 20
39329.694325572374
 11
146318.91837966637
 21
39763.237574032755
  0
LINE
  8
_0-3_計画建物－天空率
  6
CONTINUOUS
 62
  132
 10
146830.72501635024
 20
39291.73044066409
 11
146258.85664512609
 21
39677.460527567578
  0
LINE
  8
_0-3_計画建物－天空率
  6
CONTINUOUS
 62
  132
 10
146744.84355981517
 20
39250.324000750006
 11
146201.82507432193
 21
39589.639609854952
  0
LINE
  8
_0-3_計画建物－天空率
  6
CONTINUOUS
 62
  132
 10
146658.28505414875
 20
39205.206914733011
 11
146147.89315143789
 21
39499.881817155335
  0
LINE
  8
_0-3_計画建物－天空率
  6
CONTINUOUS
 62
  132
 10
146571.39547810185
 20
39156.123261489403
 11
146097.12658421444
 21
39408.296505513011
  0
LINE
  8
_0-3_計画建物－天空率
  6
CONTINUOUS
 62
  132
 10
146484.63731976275
 20
39102.807148108542
 11
146049.58722389372
 21
39314.995257522568
  0
TEXT
  8
_0-3_計画建物－天空率
 62
  132
 10
146745.96936279122
 20
32749.881817155335
 40
500
 41
1
 50
0
  1
天空率 = 86.49 %
  0
LINE
  8
_0-3_計画建物－天空率
  6
CONTINUOUS
 62
   18
 10
146854.81101396234
 20
39934.266642528869
 11
146834.24903938628
 21
39904.319396471117
  0
LINE
  8
_0-3_計画建物－天空率
  6
CONTINUOUS
 62
   18
 10
146834.24903938628
 20
39904.319396471117
 11
146813.57184645807
 21
39873.387218705007
  0
LINE
  8
_0-3_計画建物－天空率
  6
CONTINUOUS
 62
   18
 10
146813.57184645807
 20
39873.387218705007
 11
146792.79786680484
 21
39841.443513371035
  0
LINE
  8
_0-3_計画建物－天空率
  6
CONTINUOUS
 62
   18
 10
146792.79786680484
 20
39841.443513371035
 11
146771.94723537063
 21
39808.462090087334
  0
LINE
  8
_0-3_計画建物－天空率
  6
CONTINUOUS
 62
   18
 10
146771.94723537063
 20
39808.462090087334
 11
146751.04186157244
 21
39774.417327763294
  0
LINE
  8
_0-3_計画建物－天空率
  6
CONTINUOUS
 62
   18
 10
146751.04186157244
 20
39774.417327763294
 11
146730.10549512607
 21
39739.28435439783
  0
LINE
  8
_0-3_計画建物－天空率
  6
CONTINUOUS
 62
   18
 10
146730.10549512607
 20
39739.28435439783
 11
146709.16378498091
 21
39703.039243171966
  0
LINE
  8
_0-3_計画建物－天空率
  6
CONTINUOUS
 62
   18
 10
146709.16378498091
 20
39703.039243171966
 11
146688.24432964774
 21
39665.659224938135
  0
LINE
  8
_0-3_計画建物－天空率
  6
CONTINUOUS
 62
   18
 10
146688.24432964774
 20
39665.659224938135
 11
146667.3767170567
 21
39627.12291695892
  0
LINE
  8
_0-3_計画建物－天空率
  6
CONTINUOUS
 62
   18
 10
146667.3767170567
 20
39627.12291695892
 11
146646.59255194471
 21
39587.410567452599
  0
LINE
  8
_0-3_計画建物－天空率
  6
CONTINUOUS
 62
   18
 10
146646.59255194471
 20
39587.410567452599
 11
146625.92546865745
 21
39546.504315161488
  0
LINE
  8
_0-3_計画建物－天空率
  6
CONTINUOUS
 62
   18
 10
146625.92546865745
 20
39546.504315161488
 11
146605.41112715992
 21
39504.388462770482
  0
LINE
  8
_0-3_計画建物－天空率
  6
CONTINUOUS
 62
   18
 10
146605.41112715992
 20
39504.388462770482
 11
146585.08718999559
 21
39461.049762569506
  0
LINE
  8
_0-3_計画建物－天空率
  6
CONTINUOUS
 62
   18
 10
146585.08718999559
 20
39461.049762569506
 11
146564.99327792439
 21
39416.47771227837
  0
LINE
  8
_0-3_計画建物－天空率
  6
CONTINUOUS
 62
   18
 10
146564.99327792439
 20
39416.47771227837
 11
146545.1709020115
 21
39370.664858440977
  0
LINE
  8
_0-3_計画建物－天空率
  6
CONTINUOUS
 62
   18
 10
146545.1709020115
 20
39370.664858440977
 11
146525.66337004711
 21
39323.607104258007
  0
LINE
  8
_0-3_計画建物－天空率
  6
CONTINUOUS
 62
   18
 10
146525.66337004711
 20
39323.607104258007
 11
146506.51566535266
 21
39275.304018172719
  0
LINE
  8
_0-3_計画建物－天空率
  6
CONTINUOUS
 62
   18
 10
146506.51566535266
 20
39275.304018172719
 11
146487.77429628965
 21
39225.759138970453
  0
LINE
  8
_0-3_計画建物－天空率
  6
CONTINUOUS
 62
   18
 10
146487.77429628965
 20
39225.759138970453
 11
146469.48711513023
 21
39174.980272614622
  0
LINE
  8
_0-3_計画建物－天空率
  6
CONTINUOUS
 62
   18
 10
146469.48711513023
 20
39174.980272614622
 11
146451.70310538445
 21
39122.979775543019
  0
LINE
  8
_0-3_計画建物－天空率
  6
CONTINUOUS
 62
   18
 10
146451.70310538445
 20
39122.979775543019
 11
146434.47213720891
 21
39069.774818710575
  0
LINE
  8
_0-3_計画建物－天空率
  6
CONTINUOUS
 62
   18
 10
146023.45881554268
 20
39260.015270453222
 11
146434.47213720891
 21
39069.774818710575
  0
LINE
  8
_0-3_計画建物－天空率
  6
CONTINUOUS
 62
   18
 10
146648.75261976881
 20
40145.03494287539
 11
146854.81101396234
 21
39934.266642528869
  0
LINE
  8
_0-3_計画建物－天空率
  6
CONTINUOUS
 62
   18
 10
149256.44518466515
 20
39653.823480026891
 11
149208.47285610355
 21
39658.234342776115
  0
LINE
  8
_0-3_計画建物－天空率
  6
CONTINUOUS
 62
   18
 10
149208.47285610355
 20
39658.234342776115
 11
149160.13434657847
 21
39662.228793872818
  0
LINE
  8
_0-3_計画建物－天空率
  6
CONTINUOUS
 62
   18
 10
149160.13434657847
 20
39662.228793872818
 11
149111.4647584453
 21
39665.797440872178
  0
LINE
  8
_0-3_計画建物－天空率
  6
CONTINUOUS
 62
   18
 10
149111.4647584453
 20
39665.797440872178
 11
149062.50048201862
 21
39668.931789363763
  0
LINE
  8
_0-3_計画建物－天空率
  6
CONTINUOUS
 62
   18
 10
149062.50048201862
 20
39668.931789363763
 11
149013.27907075689
 21
39671.624297763039
  0
LINE
  8
_0-3_計画建物－天空率
  6
CONTINUOUS
 62
   18
 10
149013.27907075689
 20
39671.624297763039
 11
148963.83910597299
 21
39673.868426767978
  0
LINE
  8
_0-3_計画建物－天空率
  6
CONTINUOUS
 62
   18
 10
148963.83910597299
 20
39673.868426767978
 11
148914.22005211876
 21
39675.658682857792
  0
LINE
  8
_0-3_計画建物－天空率
  6
CONTINUOUS
 62
   18
 10
148914.22005211876
 20
39675.658682857792
 11
148864.46210384534
 21
39676.990655275185
  0
LINE
  8
_0-3_計画建物－天空率
  6
CONTINUOUS
 62
   18
 10
148864.46210384534
 20
39676.990655275185
 11
148814.60602617583
 21
39677.861046009369
  0
LINE
  8
_0-3_計画建物－天空率
  6
CONTINUOUS
 62
   18
 10
148814.60602617583
 20
39677.861046009369
 11
148764.692989244
 21
39678.267692383247
  0
LINE
  8
_0-3_計画建物－天空率
  6
CONTINUOUS
 62
   18
 10
148764.692989244
 20
39678.267692383247
 11
148714.76439914427
 21
39678.209581943076
  0
LINE
  8
_0-3_計画建物－天空率
  6
CONTINUOUS
 62
   18
 10
148714.76439914427
 20
39678.209581943076
 11
148664.86172650594
 21
39677.686859450252
  0
LINE
  8
_0-3_計画建物－天空率
  6
CONTINUOUS
 62
   18
 10
148664.86172650594
 20
39677.686859450252
 11
148615.02633444362
 21
39676.700825880776
  0
LINE
  8
_0-3_計画建物－天空率
  6
CONTINUOUS
 62
   18
 10
148615.02633444362
 20
39676.700825880776
 11
148565.29930754643
 21
39675.253929445985
  0
LINE
  8
_0-3_計画建物－天空率
  6
CONTINUOUS
 62
   18
 10
148565.29930754643
 20
39675.253929445985
 11
148515.72128355124
 21
39673.349748755674
  0
LINE
  8
_0-3_計画建物－天空率
  6
CONTINUOUS
 62
   18
 10
148515.72128355124
 20
39673.349748755674
 11
148466.33228929818
 21
39670.992968349775
  0
LINE
  8
_0-3_計画建物－天空率
  6
CONTINUOUS
 62
   18
 10
148466.33228929818
 20
39670.992968349775
 11
148417.17158249302
 21
39668.189346924904
  0
LINE
  8
_0-3_計画建物－天空率
  6
CONTINUOUS
 62
   18
 10
148417.17158249302
 20
39668.189346924904
 11
148368.27750070334
 21
39664.945678674543
  0
LINE
  8
_0-3_計画建物－天空率
  6
CONTINUOUS
 62
   18
 10
148368.27750070334
 20
39664.945678674543
 11
148319.68731889253
 21
39661.269748245736
  0
LINE
  8
_0-3_計画建物－天空率
  6
CONTINUOUS
 62
   18
 10
148319.68731889253
 20
39661.269748245736
 11
148271.43711665697
 21
39657.17027988813
  0
LINE
  8
_0-3_計画建物－天空率
  6
CONTINUOUS
 62
   18
 10
148271.43711665697
 20
39657.17027988813
 11
148223.56165617384
 21
39652.65688143239
  0
LINE
  8
_0-3_計画建物－天空率
  6
CONTINUOUS
 62
   18
 10
148223.56165617384
 20
39652.65688143239
 11
148176.09427169949
 21
39647.739983783198
  0
LINE
  8
_0-3_計画建物－天空率
  6
CONTINUOUS
 62
   18
 10
148176.09427169949
 20
39647.739983783198
 11
148129.06677128202
 21
39642.43077664695
  0
LINE
  8
_0-3_計画建物－天空率
  6
CONTINUOUS
 62
   18
 10
148129.06677128202
 20
39642.43077664695
 11
148082.50935117161
 21
39636.741141235608
  0
LINE
  8
_0-3_計画建物－天空率
  6
CONTINUOUS
 62
   18
 10
148082.50935117161
 20
39636.741141235608
 11
148036.4505232321
 21
39630.683580695811
  0
LINE
  8
_0-3_計画建物－天空率
  6
CONTINUOUS
 62
   18
 10
148036.4505232321
 20
39630.683580695811
 11
147990.91705548224
 21
39624.271149007552
  0
LINE
  8
_0-3_計画建物－天空率
  6
CONTINUOUS
 62
   18
 10
147990.91705548224
 20
39624.271149007552
 11
147945.93392572467
 21
39617.517379079676
  0
LINE
  8
_0-3_計画建物－天空率
  6
CONTINUOUS
 62
   18
 10
147945.93392572467
 20
39617.517379079676
 11
147901.52428806401
 21
39610.436210741492
  0
LINE
  8
_0-3_計画建物－天空率
  6
CONTINUOUS
 62
   18
 10
147901.52428806401
 20
39610.436210741492
 11
147857.70945196869
 21
39603.041919292249
  0
LINE
  8
_0-3_計画建物－天空率
  6
CONTINUOUS
 62
   18
 10
147857.70945196869
 20
39603.041919292249
 11
147814.50887340086
 21
39595.349045224502
  0
LINE
  8
_0-3_計画建物－天空率
  6
CONTINUOUS
 62
   18
 10
147814.50887340086
 20
39595.349045224502
 11
147771.94015742393
 21
39587.372325684889
  0
LINE
  8
_0-3_計画建物－天空率
  6
CONTINUOUS
 62
   18
 10
147771.94015742393
 20
39587.372325684889
 11
147730.01907160063
 21
39579.126628178295
  0
LINE
  8
_0-3_計画建物－天空率
  6
CONTINUOUS
 62
   18
 10
147730.01907160063
 20
39579.126628178295
 11
147688.75956941509
 21
39570.626886960337
  0
LINE
  8
_0-3_計画建物－天空率
  6
CONTINUOUS
 62
   18
 10
147688.75956941509
 20
39570.626886960337
 11
147648.17382289053
 21
39561.888042499791
  0
LINE
  8
_0-3_計画建物－天空率
  6
CONTINUOUS
 62
   18
 10
147648.17382289053
 20
39561.888042499791
 11
147608.27226353061
 21
39552.924984328776
  0
LINE
  8
_0-3_計画建物－天空率
  6
CONTINUOUS
 62
   18
 10
147608.27226353061
 20
39552.924984328776
 11
147569.06363068535
 21
39543.75249753538
  0
LINE
  8
_0-3_計画建物－天空率
  6
CONTINUOUS
 62
   18
 10
147569.06363068535
 20
39543.75249753538
 11
147530.55502642935
 21
39534.385213091649
  0
LINE
  8
_0-3_計画建物－天空率
  6
CONTINUOUS
 62
   18
 10
147530.55502642935
 20
39534.385213091649
 11
147492.75197604382
 21
39524.837562151296
  0
LINE
  8
_0-3_計画建物－天空率
  6
CONTINUOUS
 62
   18
 10
147492.75197604382
 20
39524.837562151296
 11
147455.65849320866
 21
39515.123734396118
  0
LINE
  8
_0-3_計画建物－天空率
  6
CONTINUOUS
 62
   18
 10
147455.65849320866
 20
39515.123734396118
 11
147419.27714903635
 21
39505.257640458956
  0
LINE
  8
_0-3_計画建物－天空率
  6
CONTINUOUS
 62
   18
 10
147419.27714903635
 20
39505.257640458956
 11
147383.60914411637
 21
39495.252878404491
  0
LINE
  8
_0-3_計画建物－天空率
  6
CONTINUOUS
 62
   18
 10
147383.60914411637
 20
39495.252878404491
 11
147348.65438278135
 21
39485.122704207722
  0
LINE
  8
_0-3_計画建物－天空率
  6
CONTINUOUS
 62
   18
 10
147348.65438278135
 20
39485.122704207722
 11
147314.41154885682
 21
39474.880006133258
  0
LINE
  8
_0-3_計画建物－天空率
  6
CONTINUOUS
 62
   18
 10
147314.41154885682
 20
39474.880006133258
 11
147280.87818220991
 21
39464.537282887395
  0
LINE
  8
_0-3_計画建物－天空率
  6
CONTINUOUS
 62
   18
 10
147280.87818220991
 20
39464.537282887395
 11
147248.05075547081
 21
39454.106625388558
  0
LINE
  8
_0-3_計画建物－天空率
  6
CONTINUOUS
 62
   18
 10
147248.05075547081
 20
39454.106625388558
 11
147215.92475035967
 21
39443.599701980238
  0
LINE
  8
_0-3_計画建物－天空率
  6
CONTINUOUS
 62
   18
 10
147215.92475035967
 20
39443.599701980238
 11
147184.49473311175
 21
39433.027746893923
  0
LINE
  8
_0-3_計画建物－天空率
  6
CONTINUOUS
 62
   18
 10
147184.49473311175
 20
39433.027746893923
 11
147153.75442855386
 21
39422.401551757044
  0
LINE
  8
_0-3_計画建物－天空率
  6
CONTINUOUS
 62
   18
 10
147153.75442855386
 20
39422.401551757044
 11
147123.69679244261
 21
39411.731459932503
  0
LINE
  8
_0-3_計画建物－天空率
  6
CONTINUOUS
 62
   18
 10
147123.69679244261
 20
39411.731459932503
 11
147094.31408173262
 21
39401.027363471686
  0
LINE
  8
_0-3_計画建物－天空率
  6
CONTINUOUS
 62
   18
 10
147094.31408173262
 20
39401.027363471686
 11
147065.59792249533
 21
39390.298702461084
  0
LINE
  8
_0-3_計画建物－天空率
  6
CONTINUOUS
 62
   18
 10
147065.59792249533
 20
39390.298702461084
 11
147037.53937526143
 21
39379.55446654425
  0
LINE
  8
_0-3_計画建物－天空率
  6
CONTINUOUS
 62
   18
 10
147037.53937526143
 20
39379.55446654425
 11
147010.12899760526
 21
39368.803198404049
  0
LINE
  8
_0-3_計画建物－天空率
  6
CONTINUOUS
 62
   18
 10
147010.12899760526
 20
39368.803198404049
 11
146983.35690383487
 21
39358.052998996434
  0
LINE
  8
_0-3_計画建物－天空率
  6
CONTINUOUS
 62
   18
 10
146983.35690383487
 20
39358.052998996434
 11
146957.21282169062
 21
39347.311534333966
  0
LINE
  8
_0-3_計画建物－天空率
  6
CONTINUOUS
 62
   18
 10
146957.21282169062
 20
39347.311534333966
 11
146931.68614599094
 21
39336.586043626382
  0
LINE
  8
_0-3_計画建物－天空率
  6
CONTINUOUS
 62
   18
 10
146931.68614599094
 20
39336.586043626382
 11
146906.76598919645
 21
39325.883348595285
  0
LINE
  8
_0-3_計画建物－天空率
  6
CONTINUOUS
 62
   18
 10
146906.76598919645
 20
39325.883348595285
 11
146882.44122889245
 21
39315.209863790652
  0
LINE
  8
_0-3_計画建物－天空率
  6
CONTINUOUS
 62
   18
 10
146882.44122889245
 20
39315.209863790652
 11
146858.70055221364
 21
39304.571607747944
  0
LINE
  8
_0-3_計画建物－天空率
  6
CONTINUOUS
 62
   18
 10
146858.70055221364
 20
39304.571607747944
 11
146835.53249725778
 21
39293.974214836074
  0
LINE
  8
_0-3_計画建物－天空率
  6
CONTINUOUS
 62
   18
 10
146835.53249725778
 20
39293.974214836074
 11
146812.9254915521
 21
39283.422947658109
  0
LINE
  8
_0-3_計画建物－天空率
  6
CONTINUOUS
 62
   18
 10
146812.9254915521
 20
39283.422947658109
 11
146790.86788765224
 21
39272.922709877784
  0
LINE
  8
_0-3_計画建物－天空率
  6
CONTINUOUS
 62
   18
 10
146790.86788765224
 20
39272.922709877784
 11
146769.34799596588
 21
39262.478059356457
  0
LINE
  8
_0-3_計画建物－天空率
  6
CONTINUOUS
 62
   18
 10
146769.34799596588
 20
39262.478059356457
 11
146748.35411490284
 21
39252.093221495983
  0
LINE
  8
_0-3_計画建物－天空率
  6
CONTINUOUS
 62
   18
 10
146748.35411490284
 20
39252.093221495983
 11
146727.87455846229
 21
39241.772102693401
  0
LINE
  8
_0-3_計画建物－天空率
  6
CONTINUOUS
 62
   18
 10
146727.87455846229
 20
39241.772102693401
 11
146707.89768137142
 21
39231.518303823671
  0
LINE
  8
_0-3_計画建物－天空率
  6
CONTINUOUS
 62
   18
 10
146707.89768137142
 20
39231.518303823671
 11
146688.41190189626
 21
39221.335133676009
  0
LINE
  8
_0-3_計画建物－天空率
  6
CONTINUOUS
 62
   18
 10
146688.41190189626
 20
39221.335133676009
 11
146669.40572244543
 21
39211.225622278529
  0
LINE
  8
_0-3_計画建物－天空率
  6
CONTINUOUS
 62
   18
 10
146669.40572244543
 20
39211.225622278529
 11
146650.8677480896
 21
39201.192534054192
  0
LINE
  8
_0-3_計画建物－天空率
  6
CONTINUOUS
 62
   18
 10
146650.8677480896
 20
39201.192534054192
 11
146632.78670311946
 21
39191.238380758957
  0
LINE
  8
_0-3_計画建物－天空率
  6
CONTINUOUS
 62
   18
 10
146632.78670311946
 20
39191.238380758957
 11
146615.15144576237
 21
39181.365434160281
  0
LINE
  8
_0-3_計画建物－天空率
  6
CONTINUOUS
 62
   18
 10
146615.15144576237
 20
39181.365434160281
 11
146597.95098117674
 21
39171.575738420579
  0
LINE
  8
_0-3_計画建物－天空率
  6
CONTINUOUS
 62
   18
 10
146597.95098117674
 20
39171.575738420579
 11
146581.17447284032
 21
39161.871122156517
  0
LINE
  8
_0-3_計画建物－天空率
  6
CONTINUOUS
 62
   18
 10
146581.17447284032
 20
39161.871122156517
 11
146564.81125244419
 21
39152.253210150469
  0
LINE
  8
_0-3_計画建物－天空率
  6
CONTINUOUS
 62
   18
 10
146564.81125244419
 20
39152.253210150469
 11
146548.85082840127
 21
39142.723434695253
  0
LINE
  8
_0-3_計画建物－天空率
  6
CONTINUOUS
 62
   18
 10
146548.85082840127
 20
39142.723434695253
 11
146533.28289307351
 21
39133.283046558171
  0
LINE
  8
_0-3_計画建物－天空率
  6
CONTINUOUS
 62
   18
 10
146533.28289307351
 20
39133.283046558171
 11
146518.09732881694
 21
39123.933125553761
  0
LINE
  8
_0-3_計画建物－天空率
  6
CONTINUOUS
 62
   18
 10
146518.09732881694
 20
39123.933125553761
 11
146503.2842129404
 21
39114.674590718888
  0
LINE
  8
_0-3_計画建物－天空率
  6
CONTINUOUS
 62
   18
 10
146503.2842129404
 20
39114.674590718888
 11
146488.833821667
 21
39105.508210086343
  0
LINE
  8
_0-3_計画建物－天空率
  6
CONTINUOUS
 62
   18
 10
146488.833821667
 20
39105.508210086343
 11
146474.73663318436
 21
39096.434610056363
  0
LINE
  8
_0-3_計画建物－天空率
  6
CONTINUOUS
 62
   18
 10
146474.73663318436
 20
39096.434610056363
 11
146460.98332986372
 21
39087.454284367478
  0
LINE
  8
_0-3_計画建物－天空率
  6
CONTINUOUS
 62
   18
 10
146460.98332986372
 20
39087.454284367478
 11
146447.56479972359
 21
39078.567602670424
  0
LINE
  8
_0-3_計画建物－天空率
  6
CONTINUOUS
 62
   18
 10
146447.56479972359
 20
39078.567602670424
 11
146434.47213720891
 21
39069.774818710575
  0
LINE
  8
_0-3_計画建物－天空率
  6
CONTINUOUS
 62
   18
 10
149630.71342565744
 20
40866.452580841963
 11
149256.44518466515
 21
39653.823480026891
  0
LINE
  8
_0-3_計画建物－天空率
  6
CONTINUOUS
 62
   18
 10
149256.44518466515
 20
39653.823480026891
 11
149237.6311224552
 21
39785.597328254967
  0
LINE
  8
_0-3_計画建物－天空率
  6
CONTINUOUS
 62
   18
 10
149237.6311224552
 20
39785.597328254967
 11
149218.9379903537
 21
39903.107574466754
  0
LINE
  8
_0-3_計画建物－天空率
  6
CONTINUOUS
 62
   18
 10
149218.9379903537
 20
39903.107574466754
 11
149200.61368922298
 21
40007.591162678058
  0
LINE
  8
_0-3_計画建物－天空率
  6
CONTINUOUS
 62
   18
 10
149200.61368922298
 20
40007.591162678058
 11
149182.83591652769
 21
40100.336207520253
  0
LINE
  8
_0-3_計画建物－天空率
  6
CONTINUOUS
 62
   18
 10
149182.83591652769
 20
40100.336207520253
 11
149165.72429744759
 21
40182.607477368394
  0
LINE
  8
_0-3_計画建物－天空率
  6
CONTINUOUS
 62
   18
 10
149165.72429744759
 20
40182.607477368394
 11
149149.35237420184
 21
40255.59961696351
  0
LINE
  8
_0-3_計画建物－天空率
  6
CONTINUOUS
 62
   18
 10
149149.35237420184
 20
40255.59961696351
 11
149133.75837998915
 21
40320.411296067752
  0
LINE
  8
_0-3_計画建物－天空率
  6
CONTINUOUS
 62
   18
 10
149133.75837998915
 20
40320.411296067752
 11
149118.9543461067
 21
40378.034070774963
  0
LINE
  8
_0-3_計画建物－天空率
  6
CONTINUOUS
 62
   18
 10
149118.9543461067
 20
40378.034070774963
 11
149104.93347529447
 21
40429.350930577333
  0
LINE
  8
_0-3_計画建物－天空率
  6
CONTINUOUS
 62
   18
 10
149104.93347529447
 20
40429.350930577333
 11
149091.67592081954
 21
40475.140772638224
  0
LINE
  8
_0-3_計画建物－天空率
  6
CONTINUOUS
 62
   18
 10
149160.93609854663
 20
40971.043645164114
 11
149091.67592081954
 21
40475.140772638224
  0
LINE
  8
_0-3_計画建物－天空率
  6
CONTINUOUS
 62
   18
 10
149091.67592081954
 20
40475.140772638224
 11
149040.03925593147
 21
40479.740551574483
  0
LINE
  8
_0-3_計画建物－天空率
  6
CONTINUOUS
 62
   18
 10
149040.03925593147
 20
40479.740551574483
 11
148988.13735586646
 21
40483.609114782077
  0
LINE
  8
_0-3_計画建物－天空率
  6
CONTINUOUS
 62
   18
 10
148988.13735586646
 20
40483.609114782077
 11
148936.01566805315
 21
40486.736021320597
  0
LINE
  8
_0-3_計画建物－天空率
  6
CONTINUOUS
 62
   18
 10
148936.01566805315
 20
40486.736021320597
 11
148883.72062760492
 21
40489.112768179373
  0
LINE
  8
_0-3_計画建物－天空率
  6
CONTINUOUS
 62
   18
 10
148883.72062760492
 20
40489.112768179373
 11
148831.29945522994
 21
40490.732853974775
  0
LINE
  8
_0-3_計画建物－天空率
  6
CONTINUOUS
 62
   18
 10
148831.29945522994
 20
40490.732853974775
 11
148778.79994689224
 21
40491.591828088239
  0
LINE
  8
_0-3_計画建物－天空率
  6
CONTINUOUS
 62
   18
 10
148778.79994689224
 20
40491.591828088239
 11
148726.27025737828
 21
40491.687324521517
  0
LINE
  8
_0-3_計画建物－天空率
  6
CONTINUOUS
 62
   18
 10
148726.27025737828
 20
40491.687324521517
 11
148673.7586800387
 21
40491.019079966194
  0
LINE
  8
_0-3_計画建物－天空率
  6
CONTINUOUS
 62
   18
 10
148673.7586800387
 20
40491.019079966194
 11
148621.31342504857
 21
40489.588935817686
  0
LINE
  8
_0-3_計画建物－天空率
  6
CONTINUOUS
 62
   18
 10
148621.31342504857
 20
40489.588935817686
 11
148568.98239855701
 21
40487.400824103613
  0
LINE
  8
_0-3_計画建物－天空率
  6
CONTINUOUS
 62
   18
 10
148568.98239855701
 20
40487.400824103613
 11
148516.81298508134
 21
40484.460737536777
  0
LINE
  8
_0-3_計画建物－天空率
  6
CONTINUOUS
 62
   18
 10
148516.81298508134
 20
40484.460737536777
 11
148464.85183543729
 21
40480.776684138334
  0
LINE
  8
_0-3_計画建物－天空率
  6
CONTINUOUS
 62
   18
 10
148464.85183543729
 20
40480.776684138334
 11
148413.14466239267
 21
40476.358627101013
  0
LINE
  8
_0-3_計画建物－天空率
  6
CONTINUOUS
 62
   18
 10
148413.14466239267
 20
40476.358627101013
 11
148361.73604608603
 21
40471.218410770379
  0
LINE
  8
_0-3_計画建物－天空率
  6
CONTINUOUS
 62
   18
 10
148361.73604608603
 20
40471.218410770379
 11
148310.66925107041
 21
40465.369673809072
  0
LINE
  8
_0-3_計画建物－天空率
  6
CONTINUOUS
 62
   18
 10
148310.66925107041
 20
40465.369673809072
 11
148259.98605663227
 21
40458.82775077124
  0
LINE
  8
_0-3_計画建物－天空率
  6
CONTINUOUS
 62
   18
 10
148259.98605663227
 20
40458.82775077124
 11
148209.72660179639
 21
40451.60956344816
  0
LINE
  8
_0-3_計画建物－天空率
  6
CONTINUOUS
 62
   18
 10
148209.72660179639
 20
40451.60956344816
 11
148159.92924617693
 21
40443.733503449628
  0
LINE
  8
_0-3_計画建物－天空率
  6
CONTINUOUS
 62
   18
 10
148159.92924617693
 20
40443.733503449628
 11
148110.63044756557
 21
40435.219307557708
  0
LINE
  8
_0-3_計画建物－天空率
  6
CONTINUOUS
 62
   18
 10
148110.63044756557
 20
40435.219307557708
 11
148061.86465687956
 21
40426.087927429718
  0
LINE
  8
_0-3_計画建物－天空率
  6
CONTINUOUS
 62
   18
 10
148061.86465687956
 20
40426.087927429718
 11
148013.66423082296
 21
40416.361395236352
  0
LINE
  8
_0-3_計画建物－天空率
  6
CONTINUOUS
 62
   18
 10
148013.66423082296
 20
40416.361395236352
 11
147966.05936235288
 21
40406.062686800381
  0
LINE
  8
_0-3_計画建物－天空率
  6
CONTINUOUS
 62
   18
 10
147966.05936235288
 20
40406.062686800381
 11
147919.07802879632
 21
40395.215583753706
  0
LINE
  8
_0-3_計画建物－天空率
  6
CONTINUOUS
 62
   18
 10
147919.07802879632
 20
40395.215583753706
 11
147872.74595723248
 21
40383.844536158394
  0
LINE
  8
_0-3_計画建物－天空率
  6
CONTINUOUS
 62
   18
 10
147872.74595723248
 20
40383.844536158394
 11
147827.08660654857
 21
40371.974526944191
  0
LINE
  8
_0-3_計画建物－天空率
  6
CONTINUOUS
 62
   18
 10
147827.08660654857
 20
40371.974526944191
 11
147782.12116539315
 21
40359.630939404516
  0
LINE
  8
_0-3_計画建物－天空率
  6
CONTINUOUS
 62
   18
 10
147782.12116539315
 20
40359.630939404516
 11
147737.86856509622
 21
40346.839428868814
  0
LINE
  8
_0-3_計画建物－天空率
  6
CONTINUOUS
 62
   18
 10
147737.86856509622
 20
40346.839428868814
 11
147694.34550649573
 21
40333.625799535511
  0
LINE
  8
_0-3_計画建物－天空率
  6
CONTINUOUS
 62
   18
 10
147694.34550649573
 20
40333.625799535511
 11
147651.56649951075
 21
40320.015887309935
  0
LINE
  8
_0-3_計画建物－天空率
  6
CONTINUOUS
 62
   18
 10
147651.56649951075
 20
40320.015887309935
 11
147609.54391422911
 21
40306.035449349692
  0
LINE
  8
_0-3_計画建物－天空率
  6
CONTINUOUS
 62
   18
 10
147609.54391422911
 20
40306.035449349692
 11
147568.28804223155
 21
40291.710060878314
  0
LINE
  8
_0-3_計画建物－天空率
  6
CONTINUOUS
 62
   18
 10
147568.28804223155
 20
40291.710060878314
 11
147527.80716685295
 21
40277.065019690584
  0
LINE
  8
_0-3_計画建物－天空率
  6
CONTINUOUS
 62
   18
 10
147527.80716685295
 20
40277.065019690584
 11
147488.10764108379
 21
40262.125258641288
  0
LINE
  8
_0-3_計画建物－天空率
  6
CONTINUOUS
 62
   18
 10
147488.10764108379
 20
40262.125258641288
 11
147449.19397183644
 21
40246.91526628557
  0
LINE
  8
_0-3_計画建物－天空率
  6
CONTINUOUS
 62
   18
 10
147449.19397183644
 20
40246.91526628557
 11
147411.06890934053
 21
40231.459015725653
  0
LINE
  8
_0-3_計画建物－天空率
  6
CONTINUOUS
 62
   18
 10
147411.06890934053
 20
40231.459015725653
 11
147373.73354048671
 21
40215.77990161538
  0
LINE
  8
_0-3_計画建物－天空率
  6
CONTINUOUS
 62
   18
 10
147373.73354048671
 20
40215.77990161538
 11
147337.18738500386
 21
40199.900685183085
  0
LINE
  8
_0-3_計画建物－天空率
  6
CONTINUOUS
 62
   18
 10
147337.18738500386
 20
40199.900685183085
 11
147301.42849343176
 21
40183.843447053841
  0
LINE
  8
_0-3_計画建物－天空率
  6
CONTINUOUS
 62
   18
 10
147301.42849343176
 20
40183.843447053841
 11
147266.45354593338
 21
40167.62954758475
  0
LINE
  8
_0-3_計画建物－天空率
  6
CONTINUOUS
 62
   18
 10
147266.45354593338
 20
40167.62954758475
 11
147232.25795107849
 21
40151.279594371611
  0
LINE
  8
_0-3_計画建物－天空率
  6
CONTINUOUS
 62
   18
 10
147232.25795107849
 20
40151.279594371611
 11
147198.83594382039
 21
40134.81341654095
  0
LINE
  8
_0-3_計画建物－天空率
  6
CONTINUOUS
 62
   18
 10
147198.83594382039
 20
40134.81341654095
 11
147166.18068197686
 21
40118.250045407767
  0
LINE
  8
_0-3_計画建物－天空率
  6
CONTINUOUS
 62
   18
 10
147166.18068197686
 20
40118.250045407767
 11
147134.28434061587
 21
40101.607701055989
  0
LINE
  8
_0-3_計画建物－天空率
  6
CONTINUOUS
 62
   18
 10
147134.28434061587
 20
40101.607701055989
 11
147103.13820383371
 21
40084.903784383423
  0
LINE
  8
_0-3_計画建物－天空率
  6
CONTINUOUS
 62
   18
 10
147103.13820383371
 20
40084.903784383423
 11
147072.73275349335
 21
40068.154874146704
  0
LINE
  8
_0-3_計画建物－天空率
  6
CONTINUOUS
 62
   18
 10
147072.73275349335
 20
40068.154874146704
 11
147043.05775457274
 21
40051.376728541865
  0
LINE
  8
_0-3_計画建物－天空率
  6
CONTINUOUS
 62
   18
 10
147043.05775457274
 20
40051.376728541865
 11
147014.10233684148
 21
40034.584290862469
  0
LINE
  8
_0-3_計画建物－天空率
  6
CONTINUOUS
 62
   18
 10
147014.10233684148
 20
40034.584290862469
 11
146985.85507265539
 21
40017.791698788991
  0
LINE
  8
_0-3_計画建物－天空率
  6
CONTINUOUS
 62
   18
 10
146985.85507265539
 20
40017.791698788991
 11
146958.30405071645
 21
40001.012296878448
  0
LINE
  8
_0-3_計画建物－天空率
  6
CONTINUOUS
 62
   18
 10
146958.30405071645
 20
40001.012296878448
 11
146931.43694570317
 21
39984.258651842879
  0
LINE
  8
_0-3_計画建物－天空率
  6
CONTINUOUS
 62
   18
 10
146931.43694570317
 20
39984.258651842879
 11
146905.24108372471
 21
39967.5425702262
  0
LINE
  8
_0-3_計画建物－天空率
  6
CONTINUOUS
 62
   18
 10
146905.24108372471
 20
39967.5425702262
 11
146879.70350359517
 21
39950.875118113239
  0
LINE
  8
_0-3_計画建物－天空率
  6
CONTINUOUS
 62
   18
 10
146879.70350359517
 20
39950.875118113239
 11
146854.81101396234
 21
39934.266642528869
  0
LINE
  8
_0-3_計画建物－天空率
  6
CONTINUOUS
 62
   18
 10
147094.29040529168
 20
39703.995027273893
 11
146854.81101396234
 21
39934.266642528869
  0
LINE
  8
_0-3_計画建物－天空率
  6
CONTINUOUS
 62
   18
 10
146658.04950707466
 20
40154.084842894662
 11
147094.29040529168
 21
39703.995027273893
  0
LINE
  8
_0-3_計画建物－天空率
  6
CONTINUOUS
 62
   18
 10
147094.29040529168
 20
39703.995027273893
 11
147060.88032064429
 21
39678.997484463005
  0
LINE
  8
_0-3_計画建物－天空率
  6
CONTINUOUS
 62
   18
 10
147060.88032064429
 20
39678.997484463005
 11
147027.64758338671
 21
39653.542010435914
  0
LINE
  8
_0-3_計画建物－天空率
  6
CONTINUOUS
 62
   18
 10
147027.64758338671
 20
39653.542010435914
 11
146994.61594817246
 21
39627.638519402913
  0
LINE
  8
_0-3_計画建物－天空率
  6
CONTINUOUS
 62
   18
 10
146994.61594817246
 20
39627.638519402913
 11
146961.8091225895
 21
39601.297881810787
  0
LINE
  8
_0-3_計画建物－天空率
  6
CONTINUOUS
 62
   18
 10
146961.8091225895
 20
39601.297881810787
 11
146929.25069017533
 21
39574.531909595032
  0
LINE
  8
_0-3_計画建物－天空率
  6
CONTINUOUS
 62
   18
 10
146929.25069017533
 20
39574.531909595032
 11
146896.96403247254
 21
39547.353336267435
  0
LINE
  8
_0-3_計画建物－天空率
  6
CONTINUOUS
 62
   18
 10
146896.96403247254
 20
39547.353336267435
 11
146864.97225068224
 21
39519.77579185141
  0
LINE
  8
_0-3_計画建物－天空率
  6
CONTINUOUS
 62
   18
 10
146864.97225068224
 20
39519.77579185141
 11
146833.29808749179
 21
39491.813772730216
  0
LINE
  8
_0-3_計画建物－天空率
  6
CONTINUOUS
 62
   18
 10
146833.29808749179
 20
39491.813772730216
 11
146801.96384966556
 21
39463.482606526922
  0
LINE
  8
_0-3_計画建物－天空率
  6
CONTINUOUS
 62
   18
 10
146801.96384966556
 20
39463.482606526922
 11
146770.99133199022
 21
39434.798412188538
  0
LINE
  8
_0-3_計画建物－天空率
  6
CONTINUOUS
 62
   18
 10
146770.99133199022
 20
39434.798412188538
 11
146740.40174316344
 21
39405.778055499053
  0
LINE
  8
_0-3_計画建物－天空率
  6
CONTINUOUS
 62
   18
 10
146740.40174316344
 20
39405.778055499053
 11
146710.21563420185
 21
39376.439100296709
  0
LINE
  8
_0-3_計画建物－天空率
  6
CONTINUOUS
 62
   18
 10
146710.21563420185
 20
39376.439100296709
 11
146680.45282992537
 21
39346.799755718187
  0
LINE
  8
_0-3_計画建物－天空率
  6
CONTINUOUS
 62
   18
 10
146680.45282992537
 20
39346.799755718187
 11
146651.13236404655
 21
39316.878819836347
  0
LINE
  8
_0-3_計画建物－天空率
  6
CONTINUOUS
 62
   18
 10
146651.13236404655
 20
39316.878819836347
 11
146622.27241835944
 21
39286.695620097321
  0
LINE
  8
_0-3_計画建物－天空率
  6
CONTINUOUS
 62
   18
 10
146622.27241835944
 20
39286.695620097321
 11
146593.89026648097
 21
39256.269950996749
  0
LINE
  8
_0-3_計画建物－天空率
  6
CONTINUOUS
 62
   18
 10
146593.89026648097
 20
39256.269950996749
 11
146566.00222254951
 21
39225.622009463222
  0
LINE
  8
_0-3_計画建物－天空率
  6
CONTINUOUS
 62
   18
 10
146566.00222254951
 20
39225.622009463222
 11
146538.62359523333
 21
39194.77232843871
  0
LINE
  8
_0-3_計画建物－天空率
  6
CONTINUOUS
 62
   18
 10
146538.62359523333
 20
39194.77232843871
 11
146511.76864734408
 21
39163.741709161149
  0
LINE
  8
_0-3_計画建物－天空率
  6
CONTINUOUS
 62
   18
 10
146511.76864734408
 20
39163.741709161149
 11
146485.45056128973
 21
39132.551152662475
  0
LINE
  8
_0-3_計画建物－天空率
  6
CONTINUOUS
 62
   18
 10
146485.45056128973
 20
39132.551152662475
 11
146459.68141053957
 21
39101.221790997151
  0
LINE
  8
_0-3_計画建物－天空率
  6
CONTINUOUS
 62
   18
 10
146459.68141053957
 20
39101.221790997151
 11
146434.47213720891
 21
39069.774818710575
  0
LINE
  8
_0-3_計画建物－天空率
  6
CONTINUOUS
 62
   18
 10
149256.44518466515
 20
39653.823480026891
 11
149216.65117123888
 21
39675.104167651894
  0
LINE
  8
_0-3_計画建物－天空率
  6
CONTINUOUS
 62
   18
 10
149216.65117123888
 20
39675.104167651894
 11
149177.43501970611
 21
39695.642189681268
  0
LINE
  8
_0-3_計画建物－天空率
  6
CONTINUOUS
 62
   18
 10
149177.43501970611
 20
39695.642189681268
 11
149138.81028377549
 21
39715.45292778284
  0
LINE
  8
_0-3_計画建物－天空率
  6
CONTINUOUS
 62
   18
 10
149138.81028377549
 20
39715.45292778284
 11
149100.78837226465
 21
39734.552530136541
  0
LINE
  8
_0-3_計画建物－天空率
  6
CONTINUOUS
 62
   18
 10
149100.78837226465
 20
39734.552530136541
 11
149063.3786600031
 21
39752.957781756391
  0
LINE
  8
_0-3_計画建物－天空率
  6
CONTINUOUS
 62
   18
 10
149063.3786600031
 20
39752.957781756391
 11
149026.58860216106
 21
39770.685982833972
  0
LINE
  8
_0-3_計画建物－天空率
  6
CONTINUOUS
 62
   18
 10
149026.58860216106
 20
39770.685982833972
 11
148990.42385053748
 21
39787.75483537784
  0
LINE
  8
_0-3_計画建物－天空率
  6
CONTINUOUS
 62
   18
 10
148990.42385053748
 20
39787.75483537784
 11
148954.88837050055
 21
39804.182338281396
  0
LINE
  8
_0-3_計画建物－天空率
  6
CONTINUOUS
 62
   18
 10
148954.88837050055
 20
39804.182338281396
 11
148919.98455743174
 21
39819.986690827856
  0
LINE
  8
_0-3_計画建物－天空率
  6
CONTINUOUS
 62
   18
 10
148919.98455743174
 20
39819.986690827856
 11
148885.71335167798
 21
39835.18620453494
  0
LINE
  8
_0-3_計画建物－天空率
  6
CONTINUOUS
 62
   18
 10
148885.71335167798
 20
39835.18620453494
 11
148852.07435116518
 21
39849.799223153335
  0
LINE
  8
_0-3_計画建物－天空率
  6
CONTINUOUS
 62
   18
 10
148852.07435116518
 20
39849.799223153335
 11
148819.06592096397
 21
39863.844050560379
  0
LINE
  8
_0-3_計画建物－天空率
  6
CONTINUOUS
 62
   18
 10
148819.06592096397
 20
39863.844050560379
 11
148786.68529922902
 21
39877.33888623226
  0
LINE
  8
_0-3_計画建物－天空率
  6
CONTINUOUS
 62
   18
 10
148786.68529922902
 20
39877.33888623226
 11
148754.92869905082
 21
39890.301767934375
  0
LINE
  8
_0-3_計画建物－天空率
  6
CONTINUOUS
 62
   18
 10
148754.92869905082
 20
39890.301767934375
 11
148723.7914058672
 21
39902.750521236586
  0
LINE
  8
_0-3_計画建物－天空率
  6
CONTINUOUS
 62
   18
 10
148723.7914058672
 20
39902.750521236586
 11
148693.26787017789
 21
39914.702715439227
  0
LINE
  8
_0-3_計画建物－天空率
  6
CONTINUOUS
 62
   18
 10
148693.26787017789
 20
39914.702715439227
 11
148663.35179539117
 21
39926.175625482588
  0
LINE
  8
_0-3_計画建物－天空率
  6
CONTINUOUS
 62
   18
 10
148663.35179539117
 20
39926.175625482588
 11
148634.03622070545
 21
39937.186199408744
  0
LINE
  8
_0-3_計画建物－天空率
  6
CONTINUOUS
 62
   18
 10
148634.03622070545
 20
39937.186199408744
 11
148605.31359899451
 21
39947.751030946179
  0
LINE
  8
_0-3_計画建物－天空率
  6
CONTINUOUS
 62
   18
 10
148605.31359899451
 20
39947.751030946179
 11
148577.1758697188
 21
39957.886336795396
  0
LINE
  8
_0-3_計画建物－天空率
  6
CONTINUOUS
 62
   18
 10
148577.1758697188
 20
39957.886336795396
 11
148549.61452693273
 21
39967.607938205321
  0
LINE
  8
_0-3_計画建物－天空率
  6
CONTINUOUS
 62
   18
 10
148549.61452693273
 20
39967.607938205321
 11
148522.6206824948
 21
39976.931246445914
  0
LINE
  8
_0-3_計画建物－天空率
  6
CONTINUOUS
 62
   18
 10
148522.6206824948
 20
39976.931246445914
 11
148496.18512461942
 21
39985.87125179977
  0
LINE
  8
_0-3_計画建物－天空率
  6
CONTINUOUS
 62
   18
 10
148496.18512461942
 20
39985.87125179977
 11
148470.29837193328
 21
39994.442515715643
  0
LINE
  8
_0-3_計画建物－天空率
  6
CONTINUOUS
 62
   18
 10
148470.29837193328
 20
39994.442515715643
 11
148444.95072321727
 21
40002.659165787415
  0
LINE
  8
_0-3_計画建物－天空率
  6
CONTINUOUS
 62
   18
 10
148444.95072321727
 20
40002.659165787415
 11
148420.13230302985
 21
40010.534893243799
  0
LINE
  8
_0-3_計画建物－天空率
  6
CONTINUOUS
 62
   18
 10
148420.13230302985
 20
40010.534893243799
 11
148395.83310341584
 21
40018.082952655953
  0
LINE
  8
_0-3_計画建物－天空率
  6
CONTINUOUS
 62
   18
 10
148395.83310341584
 20
40018.082952655953
 11
148372.04302191062
 21
40025.316163591945
  0
LINE
  8
_0-3_計画建物－天空率
  6
CONTINUOUS
 62
   18
 10
148201.3269244229
 20
40950.028358317009
 11
148372.04302191062
 21
40025.316163591945
  0
LINE
  8
_0-3_計画建物－天空率
  6
CONTINUOUS
 62
   18
 10
149091.67592081954
 20
40475.140772638224
 11
149058.63249809926
 21
40460.085642396115
  0
LINE
  8
_0-3_計画建物－天空率
  6
CONTINUOUS
 62
   18
 10
149058.63249809926
 20
40460.085642396115
 11
149024.95798849649
 21
40444.177389315926
  0
LINE
  8
_0-3_計画建物－天空率
  6
CONTINUOUS
 62
   18
 10
149024.95798849649
 20
40444.177389315926
 11
148990.65994840679
 21
40427.391468353787
  0
LINE
  8
_0-3_計画建物－天空率
  6
CONTINUOUS
 62
   18
 10
148990.65994840679
 20
40427.391468353787
 11
148955.7479760212
 21
40409.704237951249
  0
LINE
  8
_0-3_計画建物－天空率
  6
CONTINUOUS
 62
   18
 10
148955.7479760212
 20
40409.704237951249
 11
148920.23381373827
 21
40391.093152759523
  0
LINE
  8
_0-3_計画建物－天空率
  6
CONTINUOUS
 62
   18
 10
148920.23381373827
 20
40391.093152759523
 11
148884.13144255583
 21
40371.536965380066
  0
LINE
  8
_0-3_計画建物－天空率
  6
CONTINUOUS
 62
   18
 10
148884.13144255583
 20
40371.536965380066
 11
148847.45716646767
 21
40351.015935659743
  0
LINE
  8
_0-3_計画建物－天空率
  6
CONTINUOUS
 62
   18
 10
148847.45716646767
 20
40351.015935659743
 11
148810.22968481678
 21
40329.512045769311
  0
LINE
  8
_0-3_計画建物－天空率
  6
CONTINUOUS
 62
   18
 10
148810.22968481678
 20
40329.512045769311
 11
148772.47015051488
 21
40307.009218981504
  0
LINE
  8
_0-3_計画建物－天空率
  6
CONTINUOUS
 62
   18
 10
148772.47015051488
 20
40307.009218981504
 11
148734.20221203923
 21
40283.493539756251
  0
LINE
  8
_0-3_計画建物－天空率
  6
CONTINUOUS
 62
   18
 10
148734.20221203923
 20
40283.493539756251
 11
148695.45203716625
 21
40258.953472446679
  0
LINE
  8
_0-3_計画建物－天空率
  6
CONTINUOUS
 62
   18
 10
148695.45203716625
 20
40258.953472446679
 11
148656.24831650176
 21
40233.380075670516
  0
LINE
  8
_0-3_計画建物－天空率
  6
CONTINUOUS
 62
   18
 10
148656.24831650176
 20
40233.380075670516
 11
148616.6222450255
 21
40206.767209158155
  0
LINE
  8
_0-3_計画建物－天空率
  6
CONTINUOUS
 62
   18
 10
148616.6222450255
 20
40206.767209158155
 11
148576.60748008484
 21
40179.111729704425
  0
LINE
  8
_0-3_計画建物－天空率
  6
CONTINUOUS
 62
   18
 10
148576.60748008484
 20
40179.111729704425
 11
148536.24007455102
 21
40150.413672725866
  0
LINE
  8
_0-3_計画建物－天空率
  6
CONTINUOUS
 62
   18
 10
148536.24007455102
 20
40150.413672725866
 11
148495.5583841885
 21
40120.676415871464
  0
LINE
  8
_0-3_計画建物－天空率
  6
CONTINUOUS
 62
   18
 10
148495.5583841885
 20
40120.676415871464
 11
148454.60294868124
 21
40089.906821162054
  0
LINE
  8
_0-3_計画建物－天空率
  6
CONTINUOUS
 62
   18
 10
148454.60294868124
 20
40089.906821162054
 11
148413.41634620408
 21
40058.115352248816
  0
LINE
  8
_0-3_計画建物－天空率
  6
CONTINUOUS
 62
   18
 10
148413.41634620408
 20
40058.115352248816
 11
148372.04302191062
 21
40025.316163591945
  0
LINE
  8
_0-3_計画建物－天空率
  6
CONTINUOUS
 62
   18
 10
148372.04302191062
 20
40025.316163591945
 11
148326.1675269831
 21
40021.149915490765
  0
LINE
  8
_0-3_計画建物－天空率
  6
CONTINUOUS
 62
   18
 10
148326.1675269831
 20
40021.149915490765
 11
148280.5904417957
 21
40016.523808135912
  0
LINE
  8
_0-3_計画建物－天空率
  6
CONTINUOUS
 62
   18
 10
148280.5904417957
 20
40016.523808135912
 11
148235.34114747238
 21
40011.447513865939
  0
LINE
  8
_0-3_計画建物－天空率
  6
CONTINUOUS
 62
   18
 10
148235.34114747238
 20
40011.447513865939
 11
148190.44790948057
 21
40005.931509665992
  0
LINE
  8
_0-3_計画建物－天空率
  6
CONTINUOUS
 62
   18
 10
148190.44790948057
 20
40005.931509665992
 11
148145.9378021158
 21
39999.987019406733
  0
LINE
  8
_0-3_計画建物－天空率
  6
CONTINUOUS
 62
   18
 10
148145.9378021158
 20
39999.987019406733
 11
148101.83664187288
 21
39993.625953331094
  0
LINE
  8
_0-3_計画建物－天空率
  6
CONTINUOUS
 62
   18
 10
148101.83664187288
 20
39993.625953331094
 11
148058.16892993912
 21
39986.860845394738
  0
LINE
  8
_0-3_計画建物－天空率
  6
CONTINUOUS
 62
   18
 10
148058.16892993912
 20
39986.860845394738
 11
148014.95780393207
 21
39979.704789065472
  0
LINE
  8
_0-3_計画建物－天空率
  6
CONTINUOUS
 62
   18
 10
148014.95780393207
 20
39979.704789065472
 11
147972.22499889816
 21
39972.171372176817
  0
LINE
  8
_0-3_計画建物－天空率
  6
CONTINUOUS
 62
   18
 10
147972.22499889816
 20
39972.171372176817
 11
147929.99081748415
 21
39964.274611413122
  0
LINE
  8
_0-3_計画建物－天空率
  6
CONTINUOUS
 62
   18
 10
147929.99081748415
 20
39964.274611413122
 11
147888.2741090997
 21
39956.028886978136
  0
LINE
  8
_0-3_計画建物－天空率
  6
CONTINUOUS
 62
   18
 10
147888.2741090997
 20
39956.028886978136
 11
147847.09225780115
 21
39947.44887796713
  0
LINE
  8
_0-3_計画建物－天空率
  6
CONTINUOUS
 62
   18
 10
147847.09225780115
 20
39947.44887796713
 11
147806.46117854872
 21
39938.549498925603
  0
LINE
  8
_0-3_計画建物－天空率
  6
CONTINUOUS
 62
   18
 10
147806.46117854872
 20
39938.549498925603
 11
147766.3953214212
 21
39929.345838035631
  0
LINE
  8
_0-3_計画建物－天空率
  6
CONTINUOUS
 62
   18
 10
147766.3953214212
 20
39929.345838035631
 11
147726.9076833158
 21
39919.853097326369
  0
LINE
  8
_0-3_計画建物－天空率
  6
CONTINUOUS
 62
   18
 10
147726.9076833158
 20
39919.853097326369
 11
147688.00982661137
 21
39910.086535257803
  0
LINE
  8
_0-3_計画建物－天空率
  6
CONTINUOUS
 62
   18
 10
147688.00982661137
 20
39910.086535257803
 11
147649.71190423952
 21
39900.061411978313
  0
LINE
  8
_0-3_計画建物－天空率
  6
CONTINUOUS
 62
   18
 10
147649.71190423952
 20
39900.061411978313
 11
147612.02269057958
 21
39889.792937508085
  0
LINE
  8
_0-3_計画建物－天空率
  6
CONTINUOUS
 62
   18
 10
147612.02269057958
 20
39889.792937508085
 11
147574.9496175787
 21
39879.296223051955
  0
LINE
  8
_0-3_計画建物－天空率
  6
CONTINUOUS
 62
   18
 10
147574.9496175787
 20
39879.296223051955
 11
147538.49881548964
 21
39868.58623559826
  0
LINE
  8
_0-3_計画建物－天空率
  6
CONTINUOUS
 62
   18
 10
147538.49881548964
 20
39868.58623559826
 11
147502.67515762094
 21
39857.677755915494
  0
LINE
  8
_0-3_計画建物－天空率
  6
CONTINUOUS
 62
   18
 10
147502.67515762094
 20
39857.677755915494
 11
147467.48230850318
 21
39846.585340015808
  0
LINE
  8
_0-3_計画建物－天空率
  6
CONTINUOUS
 62
   18
 10
147467.48230850318
 20
39846.585340015808
 11
147432.92277488927
 21
39835.323284115038
  0
LINE
  8
_0-3_計画建物－天空率
  6
CONTINUOUS
 62
   18
 10
147432.92277488927
 20
39835.323284115038
 11
147398.99795902965
 21
39823.905593082454
  0
LINE
  8
_0-3_計画建物－天空率
  6
CONTINUOUS
 62
   18
 10
147398.99795902965
 20
39823.905593082454
 11
147365.70821368839
 21
39812.345952340874
  0
LINE
  8
_0-3_計画建物－天空率
  6
CONTINUOUS
 62
   18
 10
147365.70821368839
 20
39812.345952340874
 11
147333.05289839662
 21
39800.657703148448
  0
LINE
  8
_0-3_計画建物－天空率
  6
CONTINUOUS
 62
   18
 10
147333.05289839662
 20
39800.657703148448
 11
147301.0304364732
 21
39788.853821168115
  0
LINE
  8
_0-3_計画建物－天空率
  6
CONTINUOUS
 62
   18
 10
147301.0304364732
 20
39788.853821168115
 11
147269.63837237734
 21
39776.946898209062
  0
LINE
  8
_0-3_計画建物－天空率
  6
CONTINUOUS
 62
   18
 10
147269.63837237734
 20
39776.946898209062
 11
147238.87342899557
 21
39764.949127006097
  0
LINE
  8
_0-3_計画建物－天空率
  6
CONTINUOUS
 62
   18
 10
147238.87342899557
 20
39764.949127006097
 11
147208.73156450211
 21
39752.872288888531
  0
LINE
  8
_0-3_計画建物－天空率
  6
CONTINUOUS
 62
   18
 10
147208.73156450211
 20
39752.872288888531
 11
147179.20802847048
 21
39740.727744178351
  0
LINE
  8
_0-3_計画建物－天空率
  6
CONTINUOUS
 62
   18
 10
147179.20802847048
 20
39740.727744178351
 11
147150.29741695066
 21
39728.526425149291
  0
LINE
  8
_0-3_計画建物－天空率
  6
CONTINUOUS
 62
   18
 10
147150.29741695066
 20
39728.526425149291
 11
147121.99372626235
 21
39716.278831372816
  0
LINE
  8
_0-3_計画建物－天空率
  6
CONTINUOUS
 62
   18
 10
147121.99372626235
 20
39716.278831372816
 11
147094.29040529168
 21
39703.995027273893
  0
CIRCLE
  8
_0-3_計画建物－天空率
  6
CONTINUOUS
 62
   18
 10
156745.96936279122
 20
37999.881817155335
 40
3000
  0
POINT
  8
_0-3_計画建物－天空率
 62
   18
 10
104225.45276732133
 20
67110.169491525419
  0
TEXT
  8
_0-3_計画建物－天空率
 62
  132
 10
104225.45276732133
 20
67110.169491525419
 40
500
 41
1
 50
0
  1
No.10
  0
TEXT
  8
_0-3_計画建物－天空率
 62
  132
 10
155245.96936279122
 20
34249.881817155335
 40
500
 41
1
 50
0
  1
測定点 No.10
  0
TEXT
  8
_0-3_計画建物－天空率
 62
  132
 10
153120.96936279122
 20
33499.881817155335
 40
500
 41
1
 50
0
  1
正射影 　測定面高さ = 0.000 m
  0
LINE
  8
_0-3_計画建物－天空率
  6
CONTINUOUS
 62
  132
 10
156687.369322865
 20
39677.967402871421
 11
156641.2708726837
 21
40998.05429821262
  0
LINE
  8
_0-3_計画建物－天空率
  6
CONTINUOUS
 62
  132
 10
156628.69427625797
 20
39676.993689894239
 11
156536.69994155885
 21
40992.573967934804
  0
LINE
  8
_0-3_計画建物－天空率
  6
CONTINUOUS
 62
  132
 10
156569.86807331672
 20
39675.373666074199
 11
156432.38397298826
 21
40983.447503260154
  0
LINE
  8
_0-3_計画建物－天空率
  6
CONTINUOUS
 62
  132
 10
156510.81424408507
 20
39673.097428860783
 11
156328.45005991103
 21
40970.686023380047
  0
LINE
  8
_0-3_計画建物－天空率
  6
CONTINUOUS
 62
  132
 10
156451.455887201
 20
39670.150736902403
 11
156225.02482979043
 21
40954.305076191958
  0
LINE
  8
_0-3_計画建物－天空率
  6
CONTINUOUS
 62
  132
 10
156391.71554530967
 20
39666.514993276738
 11
156122.23429033794
 21
40934.324619356753
  0
LINE
  8
_0-3_計画建物－天空率
  6
CONTINUOUS
 62
  132
 10
156331.51506221955
 20
39662.167223710122
 11
156020.2036759922
 21
40910.768995983322
  0
LINE
  8
_0-3_計画建物－天空率
  6
CONTINUOUS
 62
  132
 10
156270.77541691399
 20
39657.080047633346
 11
155919.05729534022
 21
40883.66690497029
  0
LINE
  8
_0-3_計画建物－天空率
  6
CONTINUOUS
 62
  132
 10
156209.41652936904
 20
39651.221639403527
 11
155818.91837966637
 21
40853.051366040795
  0
LINE
  8
_0-3_計画建物－天空率
  6
CONTINUOUS
 62
  132
 10
156147.36244117593
 20
39644.540817422574
 11
155719.90893281422
 21
40818.959679513063
  0
LINE
  8
_0-3_計画建物－天空率
  6
CONTINUOUS
 62
  132
 10
156084.5454072626
 20
39636.963554018766
 11
155622.14958254349
 21
40781.433380855698
  0
LINE
  8
_0-3_計画建物－天空率
  6
CONTINUOUS
 62
  132
 10
156020.87232770962
 20
39628.476422597508
 11
155525.75943356382
 21
40740.518190083137
  0
LINE
  8
_0-3_計画建物－天空率
  6
CONTINUOUS
 62
  132
 10
155956.25881614879
 20
39619.028384672012
 11
155430.85592242397
 21
40696.26395605284
  0
LINE
  8
_0-3_計画建物－天空率
  6
CONTINUOUS
 62
  132
 10
155890.61805765403
 20
39608.563653895376
 11
155337.55467443354
 21
40648.724595732121
  0
LINE
  8
_0-3_計画建物－天空率
  6
CONTINUOUS
 62
  132
 10
155823.86032593002
 20
39597.021519117311
 11
155245.96936279122
 21
40597.958028508648
  0
LINE
  8
_0-3_計画建物－天空率
  6
CONTINUOUS
 62
  132
 10
155755.96046949151
 20
39584.22723316057
 11
155156.2115700916
 21
40544.026105624616
  0
LINE
  8
_0-3_計画建物－天空率
  6
CONTINUOUS
 62
  132
 10
155686.81222001975
 20
39570.146856549778
 11
155068.39065237899
 21
40486.994534820463
  0
LINE
  8
_0-3_計画建物－天空率
  6
CONTINUOUS
 62
  132
 10
155616.28913951435
 20
39554.753252387454
 11
154982.61360591379
 21
40426.932800280177
  0
LINE
  8
_0-3_計画建物－天空率
  6
CONTINUOUS
 62
  132
 10
155544.46078943379
 20
39537.7426616324
 11
154898.98493681426
 21
40363.914077975496
  0
LINE
  8
_0-3_計画建物－天空率
  6
CONTINUOUS
 62
  132
 10
155471.11874586399
 20
39519.189619899305
 11
154817.60653373159
 21
40298.015146512276
  0
LINE
  8
_0-3_計画建物－天空率
  6
CONTINUOUS
 62
  132
 10
155396.32216880132
 20
39498.816881404622
 11
154738.57754371466
 21
40229.316293587515
  0
LINE
  8
_0-3_計画建物－天空率
  6
CONTINUOUS
 62
  132
 10
155319.99984979012
 20
39476.516474409152
 11
154661.9942514142
 21
40157.901218171289
  0
LINE
  8
_0-3_計画建物－天空率
  6
CONTINUOUS
 62
  132
 10
155242.11913465819
 20
39452.13310145447
 11
154587.94996177524
 21
40083.856928532324
  0
LINE
  8
_0-3_計画建物－天空率
  6
CONTINUOUS
 62
  132
 10
155162.69368228313
 20
39425.469643123229
 11
154516.53488635903
 21
40007.273636231911
  0
LINE
  8
_0-3_計画建物－天空率
  6
CONTINUOUS
 62
  132
 10
155081.7425756111
 20
39396.333900473517
 11
154447.83603343428
 21
39928.244646214952
  0
LINE
  8
_0-3_計画建物－天空率
  6
CONTINUOUS
 62
  132
 10
154999.36710218526
 20
39364.477058590913
 11
154381.93710197106
 21
39846.86624313231
  0
LINE
  8
_0-3_計画建物－天空率
  6
CONTINUOUS
 62
  132
 10
154915.62928796251
 20
39329.701722230915
 11
154318.91837966637
 21
39763.237574032755
  0
LINE
  8
_0-3_計画建物－天空率
  6
CONTINUOUS
 62
  132
 10
154830.72930016941
 20
39291.72755119155
 11
154258.85664512609
 21
39677.460527567578
  0
LINE
  8
_0-3_計画建物－天空率
  6
CONTINUOUS
 62
  132
 10
154744.84012114474
 20
39250.326149469758
 11
154201.82507432193
 21
39589.639609854952
  0
LINE
  8
_0-3_計画建物－天空率
  6
CONTINUOUS
 62
  132
 10
154658.29066273997
 20
39205.203676611366
 11
154147.89315143789
 21
39499.881817155335
  0
LINE
  8
_0-3_計画建物－天空率
  6
CONTINUOUS
 62
  132
 10
154571.39567101554
 20
39156.123158915383
 11
154097.12658421444
 21
39408.296505513011
  0
LINE
  8
_0-3_計画建物－天空率
  6
CONTINUOUS
 62
  132
 10
154484.64682433867
 20
39102.802512417125
 11
154049.58722389372
 21
39314.995257522568
  0
LINE
  8
_0-3_計画建物－天空率
  6
CONTINUOUS
 62
  132
 10
154398.57075514341
 20
39045.011013133458
 11
154005.33298986344
 21
39220.091746382735
  0
TEXT
  8
_0-3_計画建物－天空率
 62
  132
 10
154745.96936279122
 20
32749.881817155335
 40
500
 41
1
 50
0
  1
天空率 = 89.53 %
  0
LINE
  8
_0-3_計画建物－天空率
  6
CONTINUOUS
 62
   18
 10
154705.21206050371
 20
39826.359602702657
 11
154684.47651135208
 21
39794.411344333107
  0
LINE
  8
_0-3_計画建物－天空率
  6
CONTINUOUS
 62
   18
 10
154684.47651135208
 20
39794.411344333107
 11
154663.69818280113
 21
39761.483235426938
  0
LINE
  8
_0-3_計画建物－天空率
  6
CONTINUOUS
 62
   18
 10
154663.69818280113
 20
39761.483235426938
 11
154642.89927104182
 21
39727.553897527453
  0
LINE
  8
_0-3_計画建物－天空率
  6
CONTINUOUS
 62
   18
 10
154642.89927104182
 20
39727.553897527453
 11
154622.10363377293
 21
39692.602803182911
  0
LINE
  8
_0-3_計画建物－天空率
  6
CONTINUOUS
 62
   18
 10
154622.10363377293
 20
39692.602803182911
 11
154601.33682900652
 21
39656.610449504005
  0
LINE
  8
_0-3_計画建物－天空率
  6
CONTINUOUS
 62
   18
 10
154601.33682900652
 20
39656.610449504005
 11
154580.62614509885
 21
39619.558543989231
  0
LINE
  8
_0-3_計画建物－天空率
  6
CONTINUOUS
 62
   18
 10
154580.62614509885
 20
39619.558543989231
 11
154560.0006204684
 21
39581.430202225878
  0
LINE
  8
_0-3_計画建物－天空率
  6
CONTINUOUS
 62
   18
 10
154560.0006204684
 20
39581.430202225878
 11
154539.4910513848
 21
39542.210156828405
  0
LINE
  8
_0-3_計画建物－天空率
  6
CONTINUOUS
 62
   18
 10
154539.4910513848
 20
39542.210156828405
 11
154519.12998615138
 21
39501.884976698915
  0
LINE
  8
_0-3_計画建物－天空率
  6
CONTINUOUS
 62
   18
 10
154519.12998615138
 20
39501.884976698915
 11
154498.9517039718
 21
39460.443295387958
  0
LINE
  8
_0-3_計画建物－天空率
  6
CONTINUOUS
 62
   18
 10
154498.9517039718
 20
39460.443295387958
 11
154478.99217678827
 21
39417.876047000187
  0
LINE
  8
_0-3_計画建物－天空率
  6
CONTINUOUS
 62
   18
 10
154478.99217678827
 20
39417.876047000187
 11
154459.28901241335
 21
39374.176707732425
  0
LINE
  8
_0-3_計画建物－天空率
  6
CONTINUOUS
 62
   18
 10
154459.28901241335
 20
39374.176707732425
 11
154439.88137735819
 21
39329.341540757479
  0
LINE
  8
_0-3_計画建物－天空率
  6
CONTINUOUS
 62
   18
 10
154439.88137735819
 20
39329.341540757479
 11
154420.80989788688
 21
39283.369841782528
  0
LINE
  8
_0-3_計画建物－天空率
  6
CONTINUOUS
 62
   18
 10
154420.80989788688
 20
39283.369841782528
 11
154402.11653801269
 21
39236.264182226004
  0
LINE
  8
_0-3_計画建物－天空率
  6
CONTINUOUS
 62
   18
 10
154402.11653801269
 20
39236.264182226004
 11
154383.84445339362
 21
39188.030646582323
  0
LINE
  8
_0-3_計画建物－天空率
  6
CONTINUOUS
 62
   18
 10
154383.84445339362
 20
39188.030646582323
 11
154366.03782039199
 21
39138.679060193353
  0
LINE
  8
_0-3_計画建物－天空率
  6
CONTINUOUS
 62
   18
 10
154366.03782039199
 20
39138.679060193353
 11
154348.74163993212
 21
39088.223203333363
  0
LINE
  8
_0-3_計画建物－天空率
  6
CONTINUOUS
 62
   18
 10
154348.74163993212
 20
39088.223203333363
 11
154332.00151622231
 21
39036.68100725668
  0
LINE
  8
_0-3_計画建物－天空率
  6
CONTINUOUS
 62
   18
 10
154332.00151622231
 20
39036.68100725668
 11
154315.86341089959
 21
38984.074727671431
  0
LINE
  8
_0-3_計画建物－天空率
  6
CONTINUOUS
 62
   18
 10
153965.35923153461
 20
39126.028920314252
 11
154315.86341089959
 21
38984.074727671431
  0
LINE
  8
_0-3_計画建物－天空率
  6
CONTINUOUS
 62
   18
 10
154510.53777175786
 20
40000.593091130191
 11
154705.21206050371
 21
39826.359602702657
  0
LINE
  8
_0-3_計画建物－天空率
  6
CONTINUOUS
 62
   18
 10
156745.96936279122
 20
39678.300382158522
 11
156685.03717927905
 21
39677.95415107996
  0
LINE
  8
_0-3_計画建物－天空率
  6
CONTINUOUS
 62
   18
 10
156685.03717927905
 20
39677.95415107996
 11
156624.18033411499
 21
39676.91674202698
  0
LINE
  8
_0-3_計画建物－天空率
  6
CONTINUOUS
 62
   18
 10
156624.18033411499
 20
39676.91674202698
 11
156563.47370078827
 21
39675.191994342312
  0
LINE
  8
_0-3_計画建物－天空率
  6
CONTINUOUS
 62
   18
 10
156563.47370078827
 20
39675.191994342312
 11
156502.99122974506
 21
39672.786263178037
  0
LINE
  8
_0-3_計画建物－天空率
  6
CONTINUOUS
 62
   18
 10
156502.99122974506
 20
39672.786263178037
 11
156442.80550338095
 21
39669.70835478702
  0
LINE
  8
_0-3_計画建物－天空率
  6
CONTINUOUS
 62
   18
 10
156442.80550338095
 20
39669.70835478702
 11
156382.98731037622
 21
39665.969437740161
  0
LINE
  8
_0-3_計画建物－天空率
  6
CONTINUOUS
 62
   18
 10
156382.98731037622
 20
39665.969437740161
 11
156323.60524505103
 21
39661.582931807395
  0
LINE
  8
_0-3_計画建物－天空率
  6
CONTINUOUS
 62
   18
 10
156323.60524505103
 20
39661.582931807395
 11
156264.72533679744
 21
39656.564376638962
  0
LINE
  8
_0-3_計画建物－天空率
  6
CONTINUOUS
 62
   18
 10
156264.72533679744
 20
39656.564376638962
 11
156206.41071391536
 21
39650.931282715435
  0
LINE
  8
_0-3_計画建物－天空率
  6
CONTINUOUS
 62
   18
 10
156206.41071391536
 20
39650.931282715435
 11
156148.72130537062
 21
39644.702967291661
  0
LINE
  8
_0-3_計画建物－天空率
  6
CONTINUOUS
 62
   18
 10
156148.72130537062
 20
39644.702967291661
 11
156091.71358312916
 21
39637.90037823651
  0
LINE
  8
_0-3_計画建物－天空率
  6
CONTINUOUS
 62
   18
 10
156091.71358312916
 20
39637.90037823651
 11
156035.44034683873
 21
39630.545908766282
  0
LINE
  8
_0-3_計画建物－天空率
  6
CONTINUOUS
 62
   18
 10
156035.44034683873
 20
39630.545908766282
 11
155979.95055174946
 21
39622.663206085329
  0
LINE
  8
_0-3_計画建物－天空率
  6
CONTINUOUS
 62
   18
 10
155979.95055174946
 20
39622.663206085329
 11
155925.28917992007
 21
39614.276976888984
  0
LINE
  8
_0-3_計画建物－天空率
  6
CONTINUOUS
 62
   18
 10
155925.28917992007
 20
39614.276976888984
 11
155871.49715396662
 21
39605.412792557304
  0
LINE
  8
_0-3_計画建物－天空率
  6
CONTINUOUS
 62
   18
 10
155871.49715396662
 20
39605.412792557304
 11
155818.61129189611
 21
39596.096896683578
  0
LINE
  8
_0-3_計画建物－天空率
  6
CONTINUOUS
 62
   18
 10
155818.61129189611
 20
39596.096896683578
 11
155766.66430094372
 21
39586.356017348254
  0
LINE
  8
_0-3_計画建物－天空率
  6
CONTINUOUS
 62
   18
 10
155766.66430094372
 20
39586.356017348254
 11
155715.68480780813
 21
39576.217186279456
  0
LINE
  8
_0-3_計画建物－天空率
  6
CONTINUOUS
 62
   18
 10
155715.68480780813
 20
39576.217186279456
 11
155665.69742226021
 21
39565.707566746059
  0
LINE
  8
_0-3_計画建物－天空率
  6
CONTINUOUS
 62
   18
 10
155665.69742226021
 20
39565.707566746059
 11
155616.7228307909
 21
39554.854291719741
  0
LINE
  8
_0-3_計画建物－天空率
  6
CONTINUOUS
 62
   18
 10
155616.7228307909
 20
39554.854291719741
 11
155568.77791675479
 21
39543.684313528807
  0
LINE
  8
_0-3_計画建物－天空率
  6
CONTINUOUS
 62
   18
 10
155568.77791675479
 20
39543.684313528807
 11
155521.87590335804
 21
39532.224265918506
  0
LINE
  8
_0-3_計画建物－天空率
  6
CONTINUOUS
 62
   18
 10
155521.87590335804
 20
39532.224265918506
 11
155476.02651582047
 21
39520.500339136851
  0
LINE
  8
_0-3_計画建物－天空率
  6
CONTINUOUS
 62
   18
 10
155476.02651582047
 20
39520.500339136851
 11
155431.23615910139
 21
39508.538168389437
  0
LINE
  8
_0-3_計画建物－天空率
  6
CONTINUOUS
 62
   18
 10
155431.23615910139
 20
39508.538168389437
 11
155387.50810770769
 21
39496.362735755363
  0
LINE
  8
_0-3_計画建物－天空率
  6
CONTINUOUS
 62
   18
 10
155387.50810770769
 20
39496.362735755363
 11
155344.84270428691
 21
39483.998285432593
  0
LINE
  8
_0-3_計画建物－天空率
  6
CONTINUOUS
 62
   18
 10
155344.84270428691
 20
39483.998285432593
 11
155303.23756393592
 21
39471.46825198776
  0
LINE
  8
_0-3_計画建物－天空率
  6
CONTINUOUS
 62
   18
 10
155303.23756393592
 20
39471.46825198776
 11
155262.6877814159
 21
39458.795201122338
  0
LINE
  8
_0-3_計画建物－天空率
  6
CONTINUOUS
 62
   18
 10
155262.6877814159
 20
39458.795201122338
 11
155223.18613874603
 21
39446.000782334798
  0
LINE
  8
_0-3_計画建物－天空率
  6
CONTINUOUS
 62
   18
 10
155223.18613874603
 20
39446.000782334798
 11
155184.7233109395
 21
39433.105692755205
  0
LINE
  8
_0-3_計画建物－天空率
  6
CONTINUOUS
 62
   18
 10
155184.7233109395
 20
39433.105692755205
 11
155147.28806794228
 21
39420.129651353388
  0
LINE
  8
_0-3_計画建物－天空率
  6
CONTINUOUS
 62
   18
 10
155147.28806794228
 20
39420.129651353388
 11
155110.86747112433
 21
39407.091382671154
  0
LINE
  8
_0-3_計画建物－天空率
  6
CONTINUOUS
 62
   18
 10
155110.86747112433
 20
39407.091382671154
 11
155075.44706295381
 21
39394.008609201475
  0
LINE
  8
_0-3_計画建物－天空率
  6
CONTINUOUS
 62
   18
 10
155075.44706295381
 20
39394.008609201475
 11
155041.0110487492
 21
39380.89805152938
  0
LINE
  8
_0-3_計画建物－天空率
  6
CONTINUOUS
 62
   18
 10
155041.0110487492
 20
39380.89805152938
 11
155007.542469651
 21
39367.775435357667
  0
LINE
  8
_0-3_計画建物－天空率
  6
CONTINUOUS
 62
   18
 10
155007.542469651
 20
39367.775435357667
 11
154975.02336617917
 21
39354.655504563546
  0
LINE
  8
_0-3_計画建物－天空率
  6
CONTINUOUS
 62
   18
 10
154975.02336617917
 20
39354.655504563546
 11
154943.43493194604
 21
39341.552039465495
  0
LINE
  8
_0-3_計画建物－天空率
  6
CONTINUOUS
 62
   18
 10
154943.43493194604
 20
39341.552039465495
 11
154912.75765727373
 21
39328.477879522484
  0
LINE
  8
_0-3_計画建物－天空率
  6
CONTINUOUS
 62
   18
 10
154912.75765727373
 20
39328.477879522484
 11
154882.97146262237
 21
39315.444949736112
  0
LINE
  8
_0-3_計画建物－天空率
  6
CONTINUOUS
 62
   18
 10
154882.97146262237
 20
39315.444949736112
 11
154854.0558218703
 21
39302.464290079376
  0
LINE
  8
_0-3_計画建物－天空率
  6
CONTINUOUS
 62
   18
 10
154854.0558218703
 20
39302.464290079376
 11
154825.98987560084
 21
39289.546087331495
  0
LINE
  8
_0-3_計画建物－天空率
  6
CONTINUOUS
 62
   18
 10
154825.98987560084
 20
39289.546087331495
 11
154798.75253464438
 21
39276.699708754473
  0
LINE
  8
_0-3_計画建物－天空率
  6
CONTINUOUS
 62
   18
 10
154798.75253464438
 20
39276.699708754473
 11
154772.32257420048
 21
39263.933737103914
  0
LINE
  8
_0-3_計画建物－天空率
  6
CONTINUOUS
 62
   18
 10
154772.32257420048
 20
39263.933737103914
 11
154746.67871892373
 21
39251.256006521492
  0
LINE
  8
_0-3_計画建物－天空率
  6
CONTINUOUS
 62
   18
 10
154746.67871892373
 20
39251.256006521492
 11
154721.79971940195
 21
39238.673638909567
  0
LINE
  8
_0-3_計画建物－天空率
  6
CONTINUOUS
 62
   18
 10
154721.79971940195
 20
39238.673638909567
 11
154697.66442048715
 21
39226.193080439115
  0
LINE
  8
_0-3_計画建物－天空率
  6
CONTINUOUS
 62
   18
 10
154697.66442048715
 20
39226.193080439115
 11
154674.25182195971
 21
39213.820137889379
  0
LINE
  8
_0-3_計画建物－天空率
  6
CONTINUOUS
 62
   18
 10
154674.25182195971
 20
39213.820137889379
 11
154651.54113201741
 21
39201.560014561815
  0
LINE
  8
_0-3_計画建物－天空率
  6
CONTINUOUS
 62
   18
 10
154651.54113201741
 20
39201.560014561815
 11
154629.51181408364
 21
39189.417345551395
  0
LINE
  8
_0-3_計画建物－天空率
  6
CONTINUOUS
 62
   18
 10
154629.51181408364
 20
39189.417345551395
 11
154608.14362742443
 21
39177.396232195351
  0
LINE
  8
_0-3_計画建物－天空率
  6
CONTINUOUS
 62
   18
 10
154608.14362742443
 20
39177.396232195351
 11
154587.41666205503
 21
39165.500275552876
  0
LINE
  8
_0-3_計画建物－天空率
  6
CONTINUOUS
 62
   18
 10
154587.41666205503
 20
39165.500275552876
 11
154567.31136840188
 21
39153.732608799211
  0
LINE
  8
_0-3_計画建物－天空率
  6
CONTINUOUS
 62
   18
 10
154567.31136840188
 20
39153.732608799211
 11
154547.80858216949
 21
39142.095928444439
  0
LINE
  8
_0-3_計画建物－天空率
  6
CONTINUOUS
 62
   18
 10
154547.80858216949
 20
39142.095928444439
 11
154528.88954484008
 21
39130.592524310421
  0
LINE
  8
_0-3_計画建物－天空率
  6
CONTINUOUS
 62
   18
 10
154528.88954484008
 20
39130.592524310421
 11
154510.53592021393
 21
39119.224308220393
  0
LINE
  8
_0-3_計画建物－天空率
  6
CONTINUOUS
 62
   18
 10
154510.53592021393
 20
39119.224308220393
 11
154492.7298073736
 21
39107.992841373212
  0
LINE
  8
_0-3_計画建物－天空率
  6
CONTINUOUS
 62
   18
 10
154492.7298073736
 20
39107.992841373212
 11
154475.45375043252
 21
39096.899360389696
  0
LINE
  8
_0-3_計画建物－天空率
  6
CONTINUOUS
 62
   18
 10
154475.45375043252
 20
39096.899360389696
 11
154458.69074540457
 21
39085.944802031684
  0
LINE
  8
_0-3_計画建物－天空率
  6
CONTINUOUS
 62
   18
 10
154458.69074540457
 20
39085.944802031684
 11
154442.42424450698
 21
39075.129826605305
  0
LINE
  8
_0-3_計画建物－天空率
  6
CONTINUOUS
 62
   18
 10
154442.42424450698
 20
39075.129826605305
 11
154426.6381581861
 21
39064.454840069083
  0
LINE
  8
_0-3_計画建物－天空率
  6
CONTINUOUS
 62
   18
 10
154426.6381581861
 20
39064.454840069083
 11
154411.31685513301
 21
39053.920014875118
  0
LINE
  8
_0-3_計画建物－天空率
  6
CONTINUOUS
 62
   18
 10
154411.31685513301
 20
39053.920014875118
 11
154396.4451605337
 21
39043.525309577453
  0
LINE
  8
_0-3_計画建物－天空率
  6
CONTINUOUS
 62
   18
 10
154396.4451605337
 20
39043.525309577453
 11
154382.00835277847
 21
39033.270487246627
  0
LINE
  8
_0-3_計画建物－天空率
  6
CONTINUOUS
 62
   18
 10
154382.00835277847
 20
39033.270487246627
 11
154367.99215883476
 21
39023.155132732856
  0
LINE
  8
_0-3_計画建物－天空率
  6
CONTINUOUS
 62
   18
 10
154367.99215883476
 20
39023.155132732856
 11
154354.38274846973
 21
39013.178668823238
  0
LINE
  8
_0-3_計画建物－天空率
  6
CONTINUOUS
 62
   18
 10
154354.38274846973
 20
39013.178668823238
 11
154341.16672749113
 21
39003.34037133964
  0
LINE
  8
_0-3_計画建物－天空率
  6
CONTINUOUS
 62
   18
 10
154341.16672749113
 20
39003.34037133964
 11
154328.33113015809
 21
38993.639383225738
  0
LINE
  8
_0-3_計画建物－天空率
  6
CONTINUOUS
 62
   18
 10
154328.33113015809
 20
38993.639383225738
 11
154315.86341089959
 21
38984.074727671431
  0
LINE
  8
_0-3_計画建物－天空率
  6
CONTINUOUS
 62
   18
 10
156745.96936279122
 20
40999.881817155335
 11
156745.96936279122
 21
39678.300382158522
  0
LINE
  8
_0-3_計画建物－天空率
  6
CONTINUOUS
 62
   18
 10
156745.96936279122
 20
40491.741046090617
 11
156745.96936279122
 21
39678.300382158522
  0
LINE
  8
_0-3_計画建物－天空率
  6
CONTINUOUS
 62
   18
 10
156745.96936279122
 20
40999.881817155335
 11
156745.96936279122
 21
40491.741046090617
  0
LINE
  8
_0-3_計画建物－天空率
  6
CONTINUOUS
 62
   18
 10
156745.96936279122
 20
40491.741046090617
 11
156689.15913822641
 21
40491.294215445304
  0
LINE
  8
_0-3_計画建物－天空率
  6
CONTINUOUS
 62
   18
 10
156689.15913822641
 20
40491.294215445304
 11
156632.40998086408
 21
40489.955164362712
  0
LINE
  8
_0-3_計画建物－天空率
  6
CONTINUOUS
 62
   18
 10
156632.40998086408
 20
40489.955164362712
 11
156575.78263023874
 21
40487.728202518403
  0
LINE
  8
_0-3_計画建物－天空率
  6
CONTINUOUS
 62
   18
 10
156575.78263023874
 20
40487.728202518403
 11
156519.33717464149
 21
40484.620469981819
  0
LINE
  8
_0-3_計画建物－天空率
  6
CONTINUOUS
 62
   18
 10
156519.33717464149
 20
40484.620469981819
 11
156463.13273563829
 21
40480.641873913577
  0
LINE
  8
_0-3_計画建物－天空率
  6
CONTINUOUS
 62
   18
 10
156463.13273563829
 20
40480.641873913577
 11
156407.22716450222
 21
40475.805001482644
  0
LINE
  8
_0-3_計画建物－天空率
  6
CONTINUOUS
 62
   18
 10
156407.22716450222
 20
40475.805001482644
 11
156351.67675411826
 21
40470.125010491392
  0
LINE
  8
_0-3_計画建物－天空率
  6
CONTINUOUS
 62
   18
 10
156351.67675411826
 20
40470.125010491392
 11
156296.53596958296
 21
40463.619499548891
  0
LINE
  8
_0-3_計画建物－天空率
  6
CONTINUOUS
 62
   18
 10
156296.53596958296
 20
40463.619499548891
 11
156241.8572003238
 21
40456.30835993406
  0
LINE
  8
_0-3_計画建物－天空率
  6
CONTINUOUS
 62
   18
 10
156241.8572003238
 20
40456.30835993406
 11
156187.690536117
 21
40448.21361153516
  0
LINE
  8
_0-3_計画建物－天空率
  6
CONTINUOUS
 62
   18
 10
156187.690536117
 20
40448.21361153516
 11
156134.08356890082
 21
40439.359225433865
  0
LINE
  8
_0-3_計画建物－天空率
  6
CONTINUOUS
 62
   18
 10
156134.08356890082
 20
40439.359225433865
 11
156081.08122178129
 21
40429.77093582115
  0
LINE
  8
_0-3_計画建物－天空率
  6
CONTINUOUS
 62
   18
 10
156081.08122178129
 20
40429.77093582115
 11
156028.72560612042
 21
40419.476043985901
  0
LINE
  8
_0-3_計画建物－天空率
  6
CONTINUOUS
 62
   18
 10
156028.72560612042
 20
40419.476043985901
 11
155977.05590709942
 21
40408.503217109951
  0
LINE
  8
_0-3_計画建物－天空率
  6
CONTINUOUS
 62
   18
 10
155977.05590709942
 20
40408.503217109951
 11
155926.10829767357
 21
40396.882284537554
  0
LINE
  8
_0-3_計画建物－天空率
  6
CONTINUOUS
 62
   18
 10
155926.10829767357
 20
40396.882284537554
 11
155875.91588039154
 21
40384.644034070188
  0
LINE
  8
_0-3_計画建物－天空率
  6
CONTINUOUS
 62
   18
 10
155875.91588039154
 20
40384.644034070188
 11
155826.50865614815
 21
40371.820010674869
  0
LINE
  8
_0-3_計画建物－天空率
  6
CONTINUOUS
 62
   18
 10
155826.50865614815
 20
40371.820010674869
 11
155777.91351858855
 21
40358.442319794659
  0
LINE
  8
_0-3_計画建物－天空率
  6
CONTINUOUS
 62
   18
 10
155777.91351858855
 20
40358.442319794659
 11
155730.15427257912
 21
40344.543437221211
  0
LINE
  8
_0-3_計画建物－天空率
  6
CONTINUOUS
 62
   18
 10
155730.15427257912
 20
40344.543437221211
 11
155683.25167491758
 21
40330.156027240227
  0
LINE
  8
_0-3_計画建物－天空率
  6
CONTINUOUS
 62
   18
 10
155683.25167491758
 20
40330.156027240227
 11
155637.22349526826
 21
40315.312770499083
  0
LINE
  8
_0-3_計画建物－天空率
  6
CONTINUOUS
 62
   18
 10
155637.22349526826
 20
40315.312770499083
 11
155592.08459517653
 21
40300.046202779943
  0
LINE
  8
_0-3_計画建物－天空率
  6
CONTINUOUS
 62
   18
 10
155592.08459517653
 20
40300.046202779943
 11
155547.84702293988
 21
40284.388565597975
  0
LINE
  8
_0-3_計画建物－天空率
  6
CONTINUOUS
 62
   18
 10
155547.84702293988
 20
40284.388565597975
 11
155504.52012208412
 21
40268.371669289059
  0
LINE
  8
_0-3_計画建物－天空率
  6
CONTINUOUS
 62
   18
 10
155504.52012208412
 20
40268.371669289059
 11
155462.11065121056
 21
40252.026769010117
  0
LINE
  8
_0-3_計画建物－天空率
  6
CONTINUOUS
 62
   18
 10
155462.11065121056
 20
40252.026769010117
 11
155420.62291303428
 21
40235.384453851103
  0
LINE
  8
_0-3_計画建物－天空率
  6
CONTINUOUS
 62
   18
 10
155420.62291303428
 20
40235.384453851103
 11
155380.05889052379
 21
40218.474549054903
  0
LINE
  8
_0-3_計画建物－天空率
  6
CONTINUOUS
 62
   18
 10
155380.05889052379
 20
40218.474549054903
 11
155340.41838816649
 21
40201.326031161319
  0
LINE
  8
_0-3_計画建物－天空率
  6
CONTINUOUS
 62
   18
 10
155340.41838816649
 20
40201.326031161319
 11
155301.69917652264
 21
40183.966955734926
  0
LINE
  8
_0-3_計画建物－天空率
  6
CONTINUOUS
 62
   18
 10
155301.69917652264
 20
40183.966955734926
 11
155263.89713838134
 21
40166.424397205155
  0
LINE
  8
_0-3_計画建物－天空率
  6
CONTINUOUS
 62
   18
 10
155263.89713838134
 20
40166.424397205155
 11
155227.00641499532
 21
40148.724400238861
  0
LINE
  8
_0-3_計画建物－天空率
  6
CONTINUOUS
 62
   18
 10
155227.00641499532
 20
40148.724400238861
 11
155191.01955103827
 21
40130.891941981135
  0
LINE
  8
_0-3_計画建物－天空率
  6
CONTINUOUS
 62
   18
 10
155191.01955103827
 20
40130.891941981135
 11
155155.92763709774
 21
40112.950904436795
  0
LINE
  8
_0-3_計画建物－天空率
  6
CONTINUOUS
 62
   18
 10
155155.92763709774
 20
40112.950904436795
 11
155121.72044868173
 21
40094.924056222138
  0
LINE
  8
_0-3_計画建物－天空率
  6
CONTINUOUS
 62
   18
 10
155121.72044868173
 20
40094.924056222138
 11
155088.38658087939
 21
40076.833042890852
  0
LINE
  8
_0-3_計画建物－天空率
  6
CONTINUOUS
 62
   18
 10
155088.38658087939
 20
40076.833042890852
 11
155055.91357796735
 21
40058.698385028998
  0
LINE
  8
_0-3_計画建物－天空率
  6
CONTINUOUS
 62
   18
 10
155055.91357796735
 20
40058.698385028998
 11
155024.28805739793
 21
40040.539483318105
  0
LINE
  8
_0-3_計画建物－天空率
  6
CONTINUOUS
 62
   18
 10
155024.28805739793
 20
40040.539483318105
 11
154993.49582773735
 21
40022.374629781341
  0
LINE
  8
_0-3_計画建物－天空率
  6
CONTINUOUS
 62
   18
 10
154993.49582773735
 20
40022.374629781341
 11
154963.52200024155
 21
40004.221024453174
  0
LINE
  8
_0-3_計画建物－天空率
  6
CONTINUOUS
 62
   18
 10
154963.52200024155
 20
40004.221024453174
 11
154934.35109386799
 21
39986.094796746001
  0
LINE
  8
_0-3_計画建物－天空率
  6
CONTINUOUS
 62
   18
 10
154934.35109386799
 20
39986.094796746001
 11
154905.96713361542
 21
39968.011030826171
  0
LINE
  8
_0-3_計画建物－天空率
  6
CONTINUOUS
 62
   18
 10
154905.96713361542
 20
39968.011030826171
 11
154878.35374216924
 21
39949.983794354775
  0
LINE
  8
_0-3_計画建物－天空率
  6
CONTINUOUS
 62
   18
 10
154878.35374216924
 20
39949.983794354775
 11
154851.4942249027
 21
39932.026169994889
  0
LINE
  8
_0-3_計画建物－天空率
  6
CONTINUOUS
 62
   18
 10
154851.4942249027
 20
39932.026169994889
 11
154825.37164834441
 21
39914.150289134078
  0
LINE
  8
_0-3_計画建物－天空率
  6
CONTINUOUS
 62
   18
 10
154825.37164834441
 20
39914.150289134078
 11
154799.96891227518
 21
39896.367367319347
  0
LINE
  8
_0-3_計画建物－天空率
  6
CONTINUOUS
 62
   18
 10
154799.96891227518
 20
39896.367367319347
 11
154775.26881565805
 21
39878.687740949353
  0
LINE
  8
_0-3_計画建物－天空率
  6
CONTINUOUS
 62
   18
 10
154775.26881565805
 20
39878.687740949353
 11
154751.25411663876
 21
39861.120904815266
  0
LINE
  8
_0-3_計画建物－天空率
  6
CONTINUOUS
 62
   18
 10
154751.25411663876
 20
39861.120904815266
 11
154727.907586879
 21
39843.67555012679
  0
LINE
  8
_0-3_計画建物－天空率
  6
CONTINUOUS
 62
   18
 10
154727.907586879
 20
39843.67555012679
 11
154705.21206050371
 21
39826.359602702657
  0
LINE
  8
_0-3_計画建物－天空率
  6
CONTINUOUS
 62
   18
 10
154705.21206050371
 20
39826.359602702657
 11
154777.94101451893
 21
39732.419593839484
  0
LINE
  8
_0-3_計画建物－天空率
  6
CONTINUOUS
 62
   18
 10
154777.94101451893
 20
39732.419593839484
 11
154885.73700892223
 21
39601.40636022135
  0
LINE
  8
_0-3_計画建物－天空率
  6
CONTINUOUS
 62
   18
 10
154472.45616835326
 20
39957.21105739993
 11
154885.73700892223
 21
39601.40636022135
  0
LINE
  8
_0-3_計画建物－天空率
  6
CONTINUOUS
 62
   18
 10
154885.73700892223
 20
39601.40636022135
 11
154851.21587610835
 21
39571.916838148899
  0
LINE
  8
_0-3_計画建物－天空率
  6
CONTINUOUS
 62
   18
 10
154851.21587610835
 20
39571.916838148899
 11
154817.06155390903
 21
39541.967871307169
  0
LINE
  8
_0-3_計画建物－天空率
  6
CONTINUOUS
 62
   18
 10
154817.06155390903
 20
39541.967871307169
 11
154783.3019531767
 21
39511.578233778185
  0
LINE
  8
_0-3_計画建物－天空率
  6
CONTINUOUS
 62
   18
 10
154783.3019531767
 20
39511.578233778185
 11
154749.96430279043
 21
39480.767789893274
  0
LINE
  8
_0-3_計画建物－天空率
  6
CONTINUOUS
 62
   18
 10
154749.96430279043
 20
39480.767789893274
 11
154717.07504241797
 21
39449.557431423316
  0
LINE
  8
_0-3_計画建物－天空率
  6
CONTINUOUS
 62
   18
 10
154717.07504241797
 20
39449.557431423316
 11
154684.65971918817
 21
39417.969007948959
  0
LINE
  8
_0-3_計画建物－天空率
  6
CONTINUOUS
 62
   18
 10
154684.65971918817
 20
39417.969007948959
 11
154652.74288920382
 21
39386.025250941245
  0
LINE
  8
_0-3_計画建物－天空率
  6
CONTINUOUS
 62
   18
 10
154652.74288920382
 20
39386.025250941245
 11
154621.34802477416
 21
39353.749692162818
  0
LINE
  8
_0-3_計画建物－天空率
  6
CONTINUOUS
 62
   18
 10
154621.34802477416
 20
39353.749692162818
 11
154590.49742818236
 21
39321.166577071147
  0
LINE
  8
_0-3_計画建物－天空率
  6
CONTINUOUS
 62
   18
 10
154590.49742818236
 20
39321.166577071147
 11
154560.21215272624
 21
39288.300773966475
  0
LINE
  8
_0-3_計画建物－天空率
  6
CONTINUOUS
 62
   18
 10
154560.21215272624
 20
39288.300773966475
 11
154530.51193168194
 21
39255.177679676475
  0
LINE
  8
_0-3_計画建物－天空率
  6
CONTINUOUS
 62
   18
 10
154530.51193168194
 20
39255.177679676475
 11
154501.41511574207
 21
39221.823122607034
  0
LINE
  8
_0-3_計画建物－天空率
  6
CONTINUOUS
 62
   18
 10
154501.41511574207
 20
39221.823122607034
 11
154472.93861937496
 21
39188.263264012719
  0
LINE
  8
_0-3_計画建物－天空率
  6
CONTINUOUS
 62
   18
 10
154472.93861937496
 20
39188.263264012719
 11
154445.09787643965
 21
39154.52449835118
  0
LINE
  8
_0-3_計画建物－天空率
  6
CONTINUOUS
 62
   18
 10
154445.09787643965
 20
39154.52449835118
 11
154417.90680527768
 21
39120.633353583194
  0
LINE
  8
_0-3_計画建物－天空率
  6
CONTINUOUS
 62
   18
 10
154417.90680527768
 20
39120.633353583194
 11
154391.37778338778
 21
39086.616392264622
  0
LINE
  8
_0-3_計画建物－天空率
  6
CONTINUOUS
 62
   18
 10
154391.37778338778
 20
39086.616392264622
 11
154365.52163167498
 21
39052.500114248068
  0
LINE
  8
_0-3_計画建物－天空率
  6
CONTINUOUS
 62
   18
 10
154365.52163167498
 20
39052.500114248068
 11
154340.34760815632
 21
39018.310861772828
  0
LINE
  8
_0-3_計画建物－天空率
  6
CONTINUOUS
 62
   18
 10
154340.34760815632
 20
39018.310861772828
 11
154315.86341089959
 21
38984.074727671431
  0
LINE
  8
_0-3_計画建物－天空率
  6
CONTINUOUS
 62
   18
 10
156745.96936279122
 20
39678.300382158522
 11
156698.31763129858
 21
39701.729370463282
  0
LINE
  8
_0-3_計画建物－天空率
  6
CONTINUOUS
 62
   18
 10
156698.31763129858
 20
39701.729370463282
 11
156652.05261500718
 21
39723.924972905057
  0
LINE
  8
_0-3_計画建物－天空率
  6
CONTINUOUS
 62
   18
 10
156652.05261500718
 20
39723.924972905057
 11
156607.15767917898
 21
39744.942982566091
  0
LINE
  8
_0-3_計画建物－天空率
  6
CONTINUOUS
 62
   18
 10
156607.15767917898
 20
39744.942982566091
 11
156563.61221874764
 21
39764.838461291285
  0
LINE
  8
_0-3_計画建物－天空率
  6
CONTINUOUS
 62
   18
 10
156563.61221874764
 20
39764.838461291285
 11
156521.39229023631
 21
39783.665422020159
  0
LINE
  8
_0-3_計画建物－天空率
  6
CONTINUOUS
 62
   18
 10
156521.39229023631
 20
39783.665422020159
 11
156480.47118850302
 21
39801.476571253871
  0
LINE
  8
_0-3_計画建物－天空率
  6
CONTINUOUS
 62
   18
 10
156480.47118850302
 20
39801.476571253871
 11
156440.81996855617
 21
39818.32310524991
  0
LINE
  8
_0-3_計画建物－天空率
  6
CONTINUOUS
 62
   18
 10
156440.81996855617
 20
39818.32310524991
 11
156402.40791381362
 21
39834.254553660655
  0
LINE
  8
_0-3_計画建物－天空率
  6
CONTINUOUS
 62
   18
 10
156402.40791381362
 20
39834.254553660655
 11
156365.20295302305
 21
39849.318664600737
  0
LINE
  8
_0-3_計画建物－天空率
  6
CONTINUOUS
 62
   18
 10
156365.20295302305
 20
39849.318664600737
 11
156329.17202865745
 21
39863.561325496251
  0
LINE
  8
_0-3_計画建物－天空率
  6
CONTINUOUS
 62
   18
 10
156329.17202865745
 20
39863.561325496251
 11
156294.28141999233
 21
39877.026514501369
  0
LINE
  8
_0-3_計画建物－天空率
  6
CONTINUOUS
 62
   18
 10
156294.28141999233
 20
39877.026514501369
 11
156260.49702429425
 21
39889.756277732842
  0
LINE
  8
_0-3_計画建物－天空率
  6
CONTINUOUS
 62
   18
 10
156260.49702429425
 20
39889.756277732842
 11
156227.78459964317
 21
39901.790728050364
  0
LINE
  8
_0-3_計画建物－天空率
  6
CONTINUOUS
 62
   18
 10
156227.78459964317
 20
39901.790728050364
 11
156196.10997289759
 21
39913.168061581083
  0
LINE
  8
_0-3_計画建物－天空率
  6
CONTINUOUS
 62
   18
 10
156196.10997289759
 20
39913.168061581083
 11
156165.43921622281
 21
39923.924588639165
  0
LINE
  8
_0-3_計画建物－天空率
  6
CONTINUOUS
 62
   18
 10
156165.43921622281
 20
39923.924588639165
 11
156135.73879545662
 21
39934.094776117708
  0
LINE
  8
_0-3_計画建物－天空率
  6
CONTINUOUS
 62
   18
 10
156135.73879545662
 20
39934.094776117708
 11
156106.97569340289
 21
39943.71129882396
  0
LINE
  8
_0-3_計画建物－天空率
  6
CONTINUOUS
 62
   18
 10
156106.97569340289
 20
39943.71129882396
 11
156079.11751093578
 21
39952.805097589072
  0
LINE
  8
_0-3_計画建物－天空率
  6
CONTINUOUS
 62
   18
 10
156079.11751093578
 20
39952.805097589072
 11
156052.13254857502
 21
39961.405442307848
  0
LINE
  8
_0-3_計画建物－天空率
  6
CONTINUOUS
 62
   18
 10
156052.13254857502
 20
39961.405442307848
 11
156025.98987096952
 21
39969.539998353247
  0
LINE
  8
_0-3_計画建物－天空率
  6
CONTINUOUS
 62
   18
 10
156025.98987096952
 20
39969.539998353247
 11
156000.65935650159
 21
39977.234895066576
  0
LINE
  8
_0-3_計画建物－天空率
  6
CONTINUOUS
 62
   18
 10
155687.86762079779
 20
40807.090520403187
 11
156000.65935650159
 21
39977.234895066576
  0
LINE
  8
_0-3_計画建物－天空率
  6
CONTINUOUS
 62
   18
 10
156745.96936279122
 20
40491.741046090617
 11
156713.27693645237
 21
40475.165525668599
  0
LINE
  8
_0-3_計画建物－天空率
  6
CONTINUOUS
 62
   18
 10
156713.27693645237
 20
40475.165525668599
 11
156680.17321952947
 21
40457.837740432754
  0
LINE
  8
_0-3_計画建物－天空率
  6
CONTINUOUS
 62
   18
 10
156680.17321952947
 20
40457.837740432754
 11
156646.67261958352
 21
40439.744650258835
  0
LINE
  8
_0-3_計画建物－天空率
  6
CONTINUOUS
 62
   18
 10
156646.67261958352
 20
40439.744650258835
 11
156612.79099255925
 21
40420.874333157538
  0
LINE
  8
_0-3_計画建物－天空率
  6
CONTINUOUS
 62
   18
 10
156612.79099255925
 20
40420.874333157538
 11
156578.54565772431
 21
40401.216101257567
  0
LINE
  8
_0-3_計画建物－天空率
  6
CONTINUOUS
 62
   18
 10
156578.54565772431
 20
40401.216101257567
 11
156543.95540404561
 21
40380.760616657098
  0
LINE
  8
_0-3_計画建物－天空率
  6
CONTINUOUS
 62
   18
 10
156543.95540404561
 20
40380.760616657098
 11
156509.04048727219
 21
40359.500005997855
  0
LINE
  8
_0-3_計画建物－天空率
  6
CONTINUOUS
 62
   18
 10
156509.04048727219
 20
40359.500005997855
 11
156473.82261705136
 21
40337.427972528079
  0
LINE
  8
_0-3_計画建物－天空率
  6
CONTINUOUS
 62
   18
 10
156473.82261705136
 20
40337.427972528079
 11
156438.32493348116
 21
40314.539904345183
  0
LINE
  8
_0-3_計画建物－天空率
  6
CONTINUOUS
 62
   18
 10
156438.32493348116
 20
40314.539904345183
 11
156402.57197259712
 21
40290.832977450321
  0
LINE
  8
_0-3_計画建物－天空率
  6
CONTINUOUS
 62
   18
 10
156402.57197259712
 20
40290.832977450321
 11
156366.58962040214
 21
40266.306252206908
  0
LINE
  8
_0-3_計画建物－天空率
  6
CONTINUOUS
 62
   18
 10
156366.58962040214
 20
40266.306252206908
 11
156330.40505517902
 21
40240.960761778173
  0
LINE
  8
_0-3_計画建物－天空率
  6
CONTINUOUS
 62
   18
 10
156330.40505517902
 20
40240.960761778173
 11
156294.04667796767
 21
40214.7995911256
  0
LINE
  8
_0-3_計画建物－天空率
  6
CONTINUOUS
 62
   18
 10
156294.04667796767
 20
40214.7995911256
 11
156257.5440312493
 21
40187.827945184901
  0
LINE
  8
_0-3_計画建物－天空率
  6
CONTINUOUS
 62
   18
 10
156257.5440312493
 20
40187.827945184901
 11
156220.92770604809
 21
40160.053204898562
  0
LINE
  8
_0-3_計画建物－天空率
  6
CONTINUOUS
 62
   18
 10
156220.92770604809
 20
40160.053204898562
 11
156184.22923783882
 21
40131.484969876466
  0
LINE
  8
_0-3_計画建物－天空率
  6
CONTINUOUS
 62
   18
 10
156184.22923783882
 20
40131.484969876466
 11
156147.48099183113
 21
40102.135086578142
  0
LINE
  8
_0-3_計画建物－天空率
  6
CONTINUOUS
 62
   18
 10
156147.48099183113
 20
40102.135086578142
 11
156110.7160383824
 21
40072.017661060279
  0
LINE
  8
_0-3_計画建物－天空率
  6
CONTINUOUS
 62
   18
 10
156110.7160383824
 20
40072.017661060279
 11
156073.968019471
 21
40041.149055511472
  0
LINE
  8
_0-3_計画建物－天空率
  6
CONTINUOUS
 62
   18
 10
156073.968019471
 20
40041.149055511472
 11
156037.27100733038
 21
40009.547867997818
  0
LINE
  8
_0-3_計画建物－天空率
  6
CONTINUOUS
 62
   18
 10
156037.27100733038
 20
40009.547867997818
 11
156000.65935650159
 21
39977.234895066576
  0
LINE
  8
_0-3_計画建物－天空率
  6
CONTINUOUS
 62
   18
 10
156000.65935650159
 20
39977.234895066576
 11
155950.80164660781
 21
39968.222125764295
  0
LINE
  8
_0-3_計画建物－天空率
  6
CONTINUOUS
 62
   18
 10
155950.80164660781
 20
39968.222125764295
 11
155901.64261381971
 21
39958.719874769216
  0
LINE
  8
_0-3_計画建物－天空率
  6
CONTINUOUS
 62
   18
 10
155901.64261381971
 20
39958.719874769216
 11
155853.21123788639
 21
39948.75160921739
  0
LINE
  8
_0-3_計画建物－天空率
  6
CONTINUOUS
 62
   18
 10
155853.21123788639
 20
39948.75160921739
 11
155805.53372439878
 21
39938.341279560736
  0
LINE
  8
_0-3_計画建物－天空率
  6
CONTINUOUS
 62
   18
 10
155805.53372439878
 20
39938.341279560736
 11
155758.63350998307
 21
39927.51318177818
  0
LINE
  8
_0-3_計画建物－天空率
  6
CONTINUOUS
 62
   18
 10
155758.63350998307
 20
39927.51318177818
 11
155712.53128711227
 21
39916.291824685868
  0
LINE
  8
_0-3_計画建物－天空率
  6
CONTINUOUS
 62
   18
 10
155712.53128711227
 20
39916.291824685868
 11
155667.24504696315
 21
39904.701803418436
  0
LINE
  8
_0-3_計画建物－天空率
  6
CONTINUOUS
 62
   18
 10
155667.24504696315
 20
39904.701803418436
 11
155622.79013861616
 21
39892.767679980534
  0
LINE
  8
_0-3_計画建物－天空率
  6
CONTINUOUS
 62
   18
 10
155622.79013861616
 20
39892.767679980534
 11
155579.17934280916
 21
39880.513871594128
  0
LINE
  8
_0-3_計画建物－天空率
  6
CONTINUOUS
 62
   18
 10
155579.17934280916
 20
39880.513871594128
 11
155536.42295840953
 21
39867.964547396622
  0
LINE
  8
_0-3_計画建物－天空率
  6
CONTINUOUS
 62
   18
 10
155536.42295840953
 20
39867.964547396622
 11
155494.52889975853
 21
39855.143533880938
  0
LINE
  8
_0-3_計画建物－天空率
  6
CONTINUOUS
 62
   18
 10
155494.52889975853
 20
39855.143533880938
 11
155453.50280306686
 21
39842.074229314428
  0
LINE
  8
_0-3_計画建物－天空率
  6
CONTINUOUS
 62
   18
 10
155453.50280306686
 20
39842.074229314428
 11
155413.34814009146
 21
39828.77952723109
  0
LINE
  8
_0-3_計画建物－天空率
  6
CONTINUOUS
 62
   18
 10
155413.34814009146
 20
39828.77952723109
 11
155374.06633740136
 21
39815.281748962901
  0
LINE
  8
_0-3_計画建物－天空率
  6
CONTINUOUS
 62
   18
 10
155374.06633740136
 20
39815.281748962901
 11
155335.65689963666
 21
39801.602585062028
  0
LINE
  8
_0-3_計画建物－天空率
  6
CONTINUOUS
 62
   18
 10
155335.65689963666
 20
39801.602585062028
 11
155298.11753527651
 21
39787.763045367064
  0
LINE
  8
_0-3_計画建物－天空率
  6
CONTINUOUS
 62
   18
 10
155298.11753527651
 20
39787.763045367064
 11
155261.4442835554
 21
39773.783417383245
  0
LINE
  8
_0-3_計画建物－天空率
  6
CONTINUOUS
 62
   18
 10
155261.4442835554
 20
39773.783417383245
 11
155225.63164129701
 21
39759.683232578456
  0
LINE
  8
_0-3_計画建物－天空率
  6
CONTINUOUS
 62
   18
 10
155225.63164129701
 20
39759.683232578456
 11
155190.67268856905
 21
39745.48124014357
  0
LINE
  8
_0-3_計画建物－天空率
  6
CONTINUOUS
 62
   18
 10
155190.67268856905
 20
39745.48124014357
 11
155156.55921219638
 21
39731.195387725259
  0
LINE
  8
_0-3_計画建物－天空率
  6
CONTINUOUS
 62
   18
 10
155156.55921219638
 20
39731.195387725259
 11
155123.28182630238
 21
39716.842808612804
  0
LINE
  8
_0-3_計画建物－天空率
  6
CONTINUOUS
 62
   18
 10
155123.28182630238
 20
39716.842808612804
 11
155090.83008917656
 21
39702.439814843521
  0
LINE
  8
_0-3_計画建物－天空率
  6
CONTINUOUS
 62
   18
 10
155090.83008917656
 20
39702.439814843521
 11
155059.19261588773
 21
39688.001895686291
  0
LINE
  8
_0-3_計画建物－天空率
  6
CONTINUOUS
 62
   18
 10
155059.19261588773
 20
39688.001895686291
 11
155028.35718617634
 21
39673.543720964597
  0
LINE
  8
_0-3_計画建物－天空率
  6
CONTINUOUS
 62
   18
 10
155028.35718617634
 20
39673.543720964597
 11
154998.31084726631
 21
39659.079148691198
  0
LINE
  8
_0-3_計画建物－天空率
  6
CONTINUOUS
 62
   18
 10
154998.31084726631
 20
39659.079148691198
 11
154969.04001133231
 21
39644.621236502287
  0
LINE
  8
_0-3_計画建物－天空率
  6
CONTINUOUS
 62
   18
 10
154969.04001133231
 20
39644.621236502287
 11
154940.5305474468
 21
39630.182256400476
  0
LINE
  8
_0-3_計画建物－天空率
  6
CONTINUOUS
 62
   18
 10
154940.5305474468
 20
39630.182256400476
 11
154912.76786790846
 21
39615.773712340756
  0
LINE
  8
_0-3_計画建物－天空率
  6
CONTINUOUS
 62
   18
 10
154912.76786790846
 20
39615.773712340756
 11
154885.73700892223
 21
39601.40636022135
  0
CIRCLE
  8
_0-3_計画建物－天空率
  6
CONTINUOUS
 62
   18
 10
164745.96936279122
 20
37999.881817155335
 40
3000
  0
POINT
  8
_0-3_計画建物－天空率
 62
   18
 10
106725.45276732133
 20
67110.169491525419
  0
TEXT
  8
_0-3_計画建物－天空率
 62
  132
 10
106725.45276732133
 20
67110.169491525419
 40
500
 41
1
 50
0
  1
No.11
  0
TEXT
  8
_0-3_計画建物－天空率
 62
  132
 10
163245.96936279122
 20
34249.881817155335
 40
500
 41
1
 50
0
  1
測定点 No.11
  0
TEXT
  8
_0-3_計画建物－天空率
 62
  132
 10
161120.96936279122
 20
33499.881817155335
 40
500
 41
1
 50
0
  1
正射影 　測定面高さ = 0.000 m
  0
LINE
  8
_0-3_計画建物－天空率
  6
CONTINUOUS
 62
  132
 10
164398.80300414294
 20
40470.098814111603
 11
164328.45005991103
 21
40970.686023380047
  0
LINE
  8
_0-3_計画建物－天空率
  6
CONTINUOUS
 62
  132
 10
164345.84058846338
 20
40269.12486050673
 11
164225.02482979043
 21
40954.305076191958
  0
LINE
  8
_0-3_計画建物－天空率
  6
CONTINUOUS
 62
  132
 10
164304.55121261579
 20
40076.590937340974
 11
164122.23429033794
 21
40934.324619356753
  0
LINE
  8
_0-3_計画建物－天空率
  6
CONTINUOUS
 62
  132
 10
164272.39355184976
 20
39899.29065026313
 11
164020.2036759922
 21
40910.768995983322
  0
LINE
  8
_0-3_計画建物－天空率
  6
CONTINUOUS
 62
  132
 10
164247.53185968691
 20
39738.13996483328
 11
163919.05729534022
 21
40883.66690497029
  0
LINE
  8
_0-3_計画建物－天空率
  6
CONTINUOUS
 62
  132
 10
164209.44909017701
 20
39651.121427540849
 11
163818.91837966637
 21
40853.051366040795
  0
LINE
  8
_0-3_計画建物－天空率
  6
CONTINUOUS
 62
  132
 10
164147.38968395674
 20
39644.465968497446
 11
163719.90893281422
 21
40818.959679513063
  0
LINE
  8
_0-3_計画建物－天空率
  6
CONTINUOUS
 62
  132
 10
164084.54710211415
 20
39636.959359114021
 11
163622.14958254349
 21
40781.433380855698
  0
LINE
  8
_0-3_計画建物－天空率
  6
CONTINUOUS
 62
  132
 10
164020.84944667539
 20
39628.527814241831
 11
163525.75943356382
 21
40740.518190083137
  0
LINE
  8
_0-3_計画建物－天空率
  6
CONTINUOUS
 62
  132
 10
163956.24138389941
 20
39619.064126079851
 11
163430.85592242397
 21
40696.26395605284
  0
LINE
  8
_0-3_計画建物－天空率
  6
CONTINUOUS
 62
  132
 10
163890.60916870893
 20
39608.580371569645
 11
163337.55467443354
 21
40648.724595732121
  0
LINE
  8
_0-3_計画建物－天空率
  6
CONTINUOUS
 62
  132
 10
163823.87314835001
 20
39596.999310034421
 11
163245.96936279122
 21
40597.958028508648
  0
LINE
  8
_0-3_計画建物－天空率
  6
CONTINUOUS
 62
  132
 10
163755.95370664022
 20
39584.238055984984
 11
163156.2115700916
 21
40544.026105624616
  0
LINE
  8
_0-3_計画建物－天空率
  6
CONTINUOUS
 62
  132
 10
163686.77167405479
 20
39570.206968414873
 11
163068.39065237899
 21
40486.994534820463
  0
LINE
  8
_0-3_計画建物－天空率
  6
CONTINUOUS
 62
  132
 10
163616.32008781208
 20
39554.710655709997
 11
162982.61360591379
 21
40426.932800280177
  0
LINE
  8
_0-3_計画建物－天空率
  6
CONTINUOUS
 62
  132
 10
163544.47883864576
 20
39537.71955969456
 11
162898.98493681426
 21
40363.914077975496
  0
LINE
  8
_0-3_計画建物－天空率
  6
CONTINUOUS
 62
  132
 10
163471.16901308632
 20
39519.129713756483
 11
162817.60653373159
 21
40298.015146512276
  0
LINE
  8
_0-3_計画建物－天空率
  6
CONTINUOUS
 62
  132
 10
163396.30890902795
 20
39498.831607874868
 11
162738.57754371466
 21
40229.316293587515
  0
LINE
  8
_0-3_計画建物－天空率
  6
CONTINUOUS
 62
  132
 10
163320.0222555506
 20
39476.493272564963
 11
162661.9942514142
 21
40157.901218171289
  0
LINE
  8
_0-3_計画建物－天空率
  6
CONTINUOUS
 62
  132
 10
163242.10139229404
 20
39452.15023505636
 11
162587.94996177524
 21
40083.856928532324
  0
LINE
  8
_0-3_計画建物－天空率
  6
CONTINUOUS
 62
  132
 10
163162.71943134829
 20
39425.446458560814
 11
162516.53488635903
 21
40007.273636231911
  0
LINE
  8
_0-3_計画建物－天空率
  6
CONTINUOUS
 62
  132
 10
163081.77416432477
 20
39396.307394395538
 11
162447.83603343428
 21
39928.244646214952
  0
LINE
  8
_0-3_計画建物－天空率
  6
CONTINUOUS
 62
  132
 10
162999.38331324156
 20
39364.464393125635
 11
162381.93710197106
 21
39846.86624313231
  0
LINE
  8
_0-3_計画建物－天空率
  6
CONTINUOUS
 62
  132
 10
162915.67005749582
 20
39329.672101431104
 11
162318.91837966637
 21
39763.237574032755
  0
LINE
  8
_0-3_計画建物－天空率
  6
CONTINUOUS
 62
  132
 10
162830.75814382109
 20
39291.708095902853
 11
162258.85664512609
 21
39677.460527567578
  0
LINE
  8
_0-3_計画建物－天空率
  6
CONTINUOUS
 62
  132
 10
162744.8690789956
 20
39250.308054596294
 11
162201.82507432193
 21
39589.639609854952
  0
LINE
  8
_0-3_計画建物－天空率
  6
CONTINUOUS
 62
  132
 10
162658.2868838917
 20
39205.205858330431
 11
162147.89315143789
 21
39499.881817155335
  0
LINE
  8
_0-3_計画建物－天空率
  6
CONTINUOUS
 62
  132
 10
162571.41681321724
 20
39156.111917407324
 11
162097.12658421444
 21
39408.296505513011
  0
LINE
  8
_0-3_計画建物－天空率
  6
CONTINUOUS
 62
  132
 10
162484.63639131165
 20
39102.807600944404
 11
162049.58722389372
 21
39314.995257522568
  0
LINE
  8
_0-3_計画建物－天空率
  6
CONTINUOUS
 62
  132
 10
162398.58856411732
 20
39045.003084067415
 11
162005.33298986344
 21
39220.091746382735
  0
LINE
  8
_0-3_計画建物－天空率
  6
CONTINUOUS
 62
  132
 10
162313.87626566729
 20
38982.511212066048
 11
161964.41779909087
 21
39123.701597403072
  0
LINE
  8
_0-3_計画建物－天空率
  6
CONTINUOUS
 62
  132
 10
162231.29751408105
 20
38915.147519033002
 11
161926.89150043349
 21
39025.942247132341
  0
TEXT
  8
_0-3_計画建物－天空率
 62
  132
 10
162745.96936279122
 20
32749.881817155335
 40
500
 41
1
 50
0
  1
天空率 = 91.34 %
  0
LINE
  8
_0-3_計画建物－天空率
  6
CONTINUOUS
 62
   18
 10
162579.41192934085
 20
39723.498619766942
 11
162558.8110328445
 21
39689.749411029959
  0
LINE
  8
_0-3_計画建物－天空率
  6
CONTINUOUS
 62
   18
 10
162558.8110328445
 20
39689.749411029959
 11
162538.23965860111
 21
39655.033560296695
  0
LINE
  8
_0-3_計画建物－天空率
  6
CONTINUOUS
 62
   18
 10
162538.23965860111
 20
39655.033560296695
 11
162517.72296615113
 21
39619.33481232744
  0
LINE
  8
_0-3_計画建物－天空率
  6
CONTINUOUS
 62
   18
 10
162517.72296615113
 20
39619.33481232744
 11
162497.28766310875
 21
39582.63812928272
  0
LINE
  8
_0-3_計画建物－天空率
  6
CONTINUOUS
 62
   18
 10
162497.28766310875
 20
39582.63812928272
 11
162476.96201154697
 21
39544.929863815457
  0
LINE
  8
_0-3_計画建物－天空率
  6
CONTINUOUS
 62
   18
 10
162476.96201154697
 20
39544.929863815457
 11
162456.77582322317
 21
39506.197940384554
  0
LINE
  8
_0-3_計画建物－天空率
  6
CONTINUOUS
 62
   18
 10
162456.77582322317
 20
39506.197940384554
 11
162436.76044229479
 21
39466.43204385657
  0
LINE
  8
_0-3_計画建物－天空率
  6
CONTINUOUS
 62
   18
 10
162436.76044229479
 20
39466.43204385657
 11
162416.94871417267
 21
39425.623814216094
  0
LINE
  8
_0-3_計画建物－天空率
  6
CONTINUOUS
 62
   18
 10
162416.94871417267
 20
39425.623814216094
 11
162397.37493918385
 21
39383.767045942928
  0
LINE
  8
_0-3_計画建物－天空率
  6
CONTINUOUS
 62
   18
 10
162397.37493918385
 20
39383.767045942928
 11
162378.07480977225
 21
39340.857890338709
  0
LINE
  8
_0-3_計画建物－天空率
  6
CONTINUOUS
 62
   18
 10
162378.07480977225
 20
39340.857890338709
 11
162359.08533005719
 21
39296.895058802379
  0
LINE
  8
_0-3_計画建物－天空率
  6
CONTINUOUS
 62
   18
 10
162359.08533005719
 20
39296.895058802379
 11
162340.44471670241
 21
39251.880024768805
  0
LINE
  8
_0-3_計画建物－天空率
  6
CONTINUOUS
 62
   18
 10
162340.44471670241
 20
39251.880024768805
 11
162322.19228022237
 21
39205.817221745732
  0
LINE
  8
_0-3_計画建物－天空率
  6
CONTINUOUS
 62
   18
 10
162322.19228022237
 20
39205.817221745732
 11
162304.36828607352
 21
39158.714234619706
  0
LINE
  8
_0-3_計画建物－天空率
  6
CONTINUOUS
 62
   18
 10
162304.36828607352
 20
39158.714234619706
 11
162287.01379514491
 21
39110.581981161194
  0
LINE
  8
_0-3_計画建物－天空率
  6
CONTINUOUS
 62
   18
 10
162287.01379514491
 20
39110.581981161194
 11
162270.17048357485
 21
39061.43488045442
  0
LINE
  8
_0-3_計画建物－天空率
  6
CONTINUOUS
 62
   18
 10
162270.17048357485
 20
39061.43488045442
 11
162253.88044217973
 21
39011.291004818704
  0
LINE
  8
_0-3_計画建物－天空率
  6
CONTINUOUS
 62
   18
 10
162253.88044217973
 20
39011.291004818704
 11
162238.18595617677
 21
38960.172211688157
  0
LINE
  8
_0-3_計画建物－天空率
  6
CONTINUOUS
 62
   18
 10
162238.18595617677
 20
38960.172211688157
 11
162223.12926631738
 21
38908.104251885917
  0
LINE
  8
_0-3_計画建物－天空率
  6
CONTINUOUS
 62
   18
 10
161923.30712718504
 20
39016.040221973562
 11
162223.12926631738
 21
38908.104251885917
  0
LINE
  8
_0-3_計画建物－天空率
  6
CONTINUOUS
 62
   18
 10
162398.2817365039
 20
39867.597750957233
 11
162579.41192934085
 21
39723.498619766942
  0
LINE
  8
_0-3_計画建物－天空率
  6
CONTINUOUS
 62
   18
 10
164235.49354091729
 20
39653.823480026891
 11
164162.54927036326
 21
39646.255677981134
  0
LINE
  8
_0-3_計画建物－天空率
  6
CONTINUOUS
 62
   18
 10
164162.54927036326
 20
39646.255677981134
 11
164090.66465429254
 21
39637.769128568557
  0
LINE
  8
_0-3_計画建物－天空率
  6
CONTINUOUS
 62
   18
 10
164090.66465429254
 20
39637.769128568557
 11
164019.94593316109
 21
39628.408217771822
  0
LINE
  8
_0-3_計画建物－天空率
  6
CONTINUOUS
 62
   18
 10
164019.94593316109
 20
39628.408217771822
 11
163950.48968413835
 21
39618.220475028632
  0
LINE
  8
_0-3_計画建物－天空率
  6
CONTINUOUS
 62
   18
 10
163950.48968413835
 20
39618.220475028632
 11
163882.3824331171
 21
39607.255957748784
  0
LINE
  8
_0-3_計画建物－天空率
  6
CONTINUOUS
 62
   18
 10
163882.3824331171
 20
39607.255957748784
 11
163815.70043461074
 21
39595.56663749316
  0
LINE
  8
_0-3_計画建物－天空率
  6
CONTINUOUS
 62
   18
 10
163815.70043461074
 20
39595.56663749316
 11
163750.50961096727
 21
39583.205800601892
  0
LINE
  8
_0-3_計画建物－天空率
  6
CONTINUOUS
 62
   18
 10
163750.50961096727
 20
39583.205800601892
 11
163686.86563872502
 21
39570.227474465711
  0
LINE
  8
_0-3_計画建物－天空率
  6
CONTINUOUS
 62
   18
 10
163686.86563872502
 20
39570.227474465711
 11
163624.81416715556
 21
39556.685888809413
  0
LINE
  8
_0-3_計画建物－天空率
  6
CONTINUOUS
 62
   18
 10
163624.81416715556
 20
39556.685888809413
 11
163564.39115210331
 21
39542.634979408714
  0
LINE
  8
_0-3_計画建物－天空率
  6
CONTINUOUS
 62
   18
 10
163564.39115210331
 20
39542.634979408714
 11
163505.62328711352
 21
39528.127939694539
  0
LINE
  8
_0-3_計画建物－天空率
  6
CONTINUOUS
 62
   18
 10
163505.62328711352
 20
39528.127939694539
 11
163448.52851347342
 21
39513.216823799601
  0
LINE
  8
_0-3_計画建物－天空率
  6
CONTINUOUS
 62
   18
 10
163448.52851347342
 20
39513.216823799601
 11
163393.1165910807
 21
39497.95220284185
  0
LINE
  8
_0-3_計画建物－天空率
  6
CONTINUOUS
 62
   18
 10
163393.1165910807
 20
39497.95220284185
 11
163339.38971288676
 21
39482.382874669099
  0
LINE
  8
_0-3_計画建物－天空率
  6
CONTINUOUS
 62
   18
 10
163339.38971288676
 20
39482.382874669099
 11
163287.34314691819
 21
39466.555625943525
  0
LINE
  8
_0-3_計画建物－天空率
  6
CONTINUOUS
 62
   18
 10
163287.34314691819
 20
39466.555625943525
 11
163236.96589144086
 21
39450.515044339161
  0
LINE
  8
_0-3_計画建物－天空率
  6
CONTINUOUS
 62
   18
 10
163236.96589144086
 20
39450.515044339161
 11
163188.24133058197
 21
39434.30337776232
  0
LINE
  8
_0-3_計画建物－天空率
  6
CONTINUOUS
 62
   18
 10
163188.24133058197
 20
39434.30337776232
 11
163141.14787957034
 21
39417.960436874149
  0
LINE
  8
_0-3_計画建物－天空率
  6
CONTINUOUS
 62
   18
 10
163141.14787957034
 20
39417.960436874149
 11
163095.65961060646
 21
39401.523536777873
  0
LINE
  8
_0-3_計画建物－天空率
  6
CONTINUOUS
 62
   18
 10
163095.65961060646
 20
39401.523536777873
 11
163051.7468521661
 21
39385.027473505659
  0
LINE
  8
_0-3_計画建物－天空率
  6
CONTINUOUS
 62
   18
 10
163051.7468521661
 20
39385.027473505659
 11
163009.37675622076
 21
39368.504530874117
  0
LINE
  8
_0-3_計画建物－天空率
  6
CONTINUOUS
 62
   18
 10
163009.37675622076
 20
39368.504530874117
 11
162968.51382939179
 21
39351.984513344737
  0
LINE
  8
_0-3_計画建物－天空率
  6
CONTINUOUS
 62
   18
 10
162968.51382939179
 20
39351.984513344737
 11
162929.12042541816
 21
39335.494800696469
  0
LINE
  8
_0-3_計画建物－天空率
  6
CONTINUOUS
 62
   18
 10
162929.12042541816
 20
39335.494800696469
 11
162891.15719749985
 21
39319.060420567453
  0
LINE
  8
_0-3_計画建物－天空率
  6
CONTINUOUS
 62
   18
 10
162891.15719749985
 20
39319.060420567453
 11
162854.58351008183
 21
39302.70413522634
  0
LINE
  8
_0-3_計画建物－天空率
  6
CONTINUOUS
 62
   18
 10
162854.58351008183
 20
39302.70413522634
 11
162819.35781046841
 21
39286.44653927136
  0
LINE
  8
_0-3_計画建物－天空率
  6
CONTINUOUS
 62
   18
 10
162819.35781046841
 20
39286.44653927136
 11
162785.43796131998
 21
39270.306165308706
  0
LINE
  8
_0-3_計画建物－天空率
  6
CONTINUOUS
 62
   18
 10
162785.43796131998
 20
39270.306165308706
 11
162752.78153559644
 21
39254.29959501863
  0
LINE
  8
_0-3_計画建物－天空率
  6
CONTINUOUS
 62
   18
 10
162752.78153559644
 20
39254.29959501863
 11
162721.34607589119
 21
39238.441573365227
  0
LINE
  8
_0-3_計画建物－天空率
  6
CONTINUOUS
 62
   18
 10
162721.34607589119
 20
39238.441573365227
 11
162691.08932036242
 21
39222.745124037443
  0
LINE
  8
_0-3_計画建物－天空率
  6
CONTINUOUS
 62
   18
 10
162691.08932036242
 20
39222.745124037443
 11
162661.96939763566
 21
39207.221664518299
  0
LINE
  8
_0-3_計画建物－天空率
  6
CONTINUOUS
 62
   18
 10
162661.96939763566
 20
39207.221664518299
 11
162633.94499313354
 21
39191.881119462785
  0
LINE
  8
_0-3_計画建物－天空率
  6
CONTINUOUS
 62
   18
 10
162633.94499313354
 20
39191.881119462785
 11
162606.97548930803
 21
39176.732031320796
  0
LINE
  8
_0-3_計画建物－天空率
  6
CONTINUOUS
 62
   18
 10
162606.97548930803
 20
39176.732031320796
 11
162581.02108221413
 21
39161.781667369345
  0
LINE
  8
_0-3_計画建物－天空率
  6
CONTINUOUS
 62
   18
 10
162581.02108221413
 20
39161.781667369345
 11
162556.04287678876
 21
39147.036122517587
  0
LINE
  8
_0-3_計画建物－天空率
  6
CONTINUOUS
 62
   18
 10
162556.04287678876
 20
39147.036122517587
 11
162532.00296309354
 21
39132.500417421731
  0
LINE
  8
_0-3_計画建物－天空率
  6
CONTINUOUS
 62
   18
 10
162532.00296309354
 20
39132.500417421731
 11
162508.86447565307
 21
39118.178591594463
  0
LINE
  8
_0-3_計画建物－天空率
  6
CONTINUOUS
 62
   18
 10
162508.86447565307
 20
39118.178591594463
 11
162486.59163788039
 21
39104.073791318463
  0
LINE
  8
_0-3_計画建物－天空率
  6
CONTINUOUS
 62
   18
 10
162486.59163788039
 20
39104.073791318463
 11
162465.14979343398
 21
39090.188352277582
  0
LINE
  8
_0-3_計画建物－天空率
  6
CONTINUOUS
 62
   18
 10
162465.14979343398
 20
39090.188352277582
 11
162444.50542619961
 21
39076.523876904175
  0
LINE
  8
_0-3_計画建物－天空率
  6
CONTINUOUS
 62
   18
 10
162444.50542619961
 20
39076.523876904175
 11
162424.62617044142
 21
39063.081306510102
  0
LINE
  8
_0-3_計画建物－天空率
  6
CONTINUOUS
 62
   18
 10
162424.62617044142
 20
39063.081306510102
 11
162405.48081252092
 21
39049.860988322754
  0
LINE
  8
_0-3_計画建物－天空率
  6
CONTINUOUS
 62
   18
 10
162405.48081252092
 20
39049.860988322754
 11
162387.03928544322
 21
39036.862737589515
  0
LINE
  8
_0-3_計画建物－天空率
  6
CONTINUOUS
 62
   18
 10
162387.03928544322
 20
39036.862737589515
 11
162369.27265735744
 21
39024.085894945223
  0
LINE
  8
_0-3_計画建物－天空率
  6
CONTINUOUS
 62
   18
 10
162369.27265735744
 20
39024.085894945223
 11
162352.15311501477
 21
39011.529379259118
  0
LINE
  8
_0-3_計画建物－天空率
  6
CONTINUOUS
 62
   18
 10
162352.15311501477
 20
39011.529379259118
 11
162335.65394307303
 21
38999.19173619301
  0
LINE
  8
_0-3_計画建物－天空率
  6
CONTINUOUS
 62
   18
 10
162335.65394307303
 20
38999.19173619301
 11
162319.74950003027
 21
38987.071182710351
  0
LINE
  8
_0-3_計画建物－天空率
  6
CONTINUOUS
 62
   18
 10
162319.74950003027
 20
38987.071182710351
 11
162304.4151914748
 21
38975.165647779816
  0
LINE
  8
_0-3_計画建物－天空率
  6
CONTINUOUS
 62
   18
 10
162304.4151914748
 20
38975.165647779816
 11
162289.6274412492
 21
38963.472809516308
  0
LINE
  8
_0-3_計画建物－天空率
  6
CONTINUOUS
 62
   18
 10
162289.6274412492
 20
38963.472809516308
 11
162275.36366104916
 21
38951.990128998491
  0
LINE
  8
_0-3_計画建物－天空率
  6
CONTINUOUS
 62
   18
 10
162275.36366104916
 20
38951.990128998491
 11
162261.60221890505
 21
38940.714880995867
  0
LINE
  8
_0-3_計画建物－天空率
  6
CONTINUOUS
 62
   18
 10
162261.60221890505
 20
38940.714880995867
 11
162248.32240693111
 21
38929.644181830415
  0
LINE
  8
_0-3_計画建物－天空率
  6
CONTINUOUS
 62
   18
 10
162248.32240693111
 20
38929.644181830415
 11
162235.5044086709
 21
38918.775014588158
  0
LINE
  8
_0-3_計画建物－天空率
  6
CONTINUOUS
 62
   18
 10
162235.5044086709
 20
38918.775014588158
 11
162223.12926631738
 21
38908.104251885917
  0
LINE
  8
_0-3_計画建物－天空率
  6
CONTINUOUS
 62
   18
 10
163861.22529992499
 20
40866.452580841963
 11
164235.49354091729
 21
39653.823480026891
  0
LINE
  8
_0-3_計画建物－天空率
  6
CONTINUOUS
 62
   18
 10
164400.26280476289
 20
40475.140772638224
 11
164387.00525028796
 21
40429.350930577333
  0
LINE
  8
_0-3_計画建物－天空率
  6
CONTINUOUS
 62
   18
 10
164387.00525028796
 20
40429.350930577333
 11
164372.98437947573
 21
40378.034070774963
  0
LINE
  8
_0-3_計画建物－天空率
  6
CONTINUOUS
 62
   18
 10
164372.98437947573
 20
40378.034070774963
 11
164358.18034559328
 21
40320.411296067752
  0
LINE
  8
_0-3_計画建物－天空率
  6
CONTINUOUS
 62
   18
 10
164358.18034559328
 20
40320.411296067752
 11
164342.58635138059
 21
40255.59961696351
  0
LINE
  8
_0-3_計画建物－天空率
  6
CONTINUOUS
 62
   18
 10
164342.58635138059
 20
40255.59961696351
 11
164326.21442813484
 21
40182.607477368394
  0
LINE
  8
_0-3_計画建物－天空率
  6
CONTINUOUS
 62
   18
 10
164326.21442813484
 20
40182.607477368394
 11
164309.10280905474
 21
40100.336207520253
  0
LINE
  8
_0-3_計画建物－天空率
  6
CONTINUOUS
 62
   18
 10
164309.10280905474
 20
40100.336207520253
 11
164291.32503635945
 21
40007.591162678058
  0
LINE
  8
_0-3_計画建物－天空率
  6
CONTINUOUS
 62
   18
 10
164291.32503635945
 20
40007.591162678058
 11
164273.00073522873
 21
39903.107574466754
  0
LINE
  8
_0-3_計画建物－天空率
  6
CONTINUOUS
 62
   18
 10
164273.00073522873
 20
39903.107574466754
 11
164254.30760312723
 21
39785.597328254967
  0
LINE
  8
_0-3_計画建物－天空率
  6
CONTINUOUS
 62
   18
 10
164254.30760312723
 20
39785.597328254967
 11
164235.49354091729
 21
39653.823480026891
  0
LINE
  8
_0-3_計画建物－天空率
  6
CONTINUOUS
 62
   18
 10
164331.0026270358
 20
40971.043645164114
 11
164400.26280476289
 21
40475.140772638224
  0
LINE
  8
_0-3_計画建物－天空率
  6
CONTINUOUS
 62
   18
 10
164400.26280476289
 20
40475.140772638224
 11
164338.47894450899
 21
40468.646843609785
  0
LINE
  8
_0-3_計画建物－天空率
  6
CONTINUOUS
 62
   18
 10
164338.47894450899
 20
40468.646843609785
 11
164277.2187931287
 21
40461.134808263217
  0
LINE
  8
_0-3_計画建物－天空率
  6
CONTINUOUS
 62
   18
 10
164277.2187931287
 20
40461.134808263217
 11
164216.5537897734
 21
40452.633024854301
  0
LINE
  8
_0-3_計画建物－天空率
  6
CONTINUOUS
 62
   18
 10
164216.5537897734
 20
40452.633024854301
 11
164156.5517261803
 21
40443.173030811987
  0
LINE
  8
_0-3_計画建物－天空率
  6
CONTINUOUS
 62
   18
 10
164156.5517261803
 20
40443.173030811987
 11
164097.2764261263
 21
40432.78923104715
  0
LINE
  8
_0-3_計画建物－天空率
  6
CONTINUOUS
 62
   18
 10
164097.2764261263
 20
40432.78923104715
 11
164038.78747760373
 21
40421.518568345163
  0
LINE
  8
_0-3_計画建物－天空率
  6
CONTINUOUS
 62
   18
 10
164038.78747760373
 20
40421.518568345163
 11
163981.14001905449
 21
40409.400181663528
  0
LINE
  8
_0-3_計画建物－天空率
  6
CONTINUOUS
 62
   18
 10
163981.14001905449
 20
40409.400181663528
 11
163924.38457985088
 21
40396.475058058371
  0
LINE
  8
_0-3_計画建物－天空率
  6
CONTINUOUS
 62
   18
 10
163924.38457985088
 20
40396.475058058371
 11
163868.56697413622
 21
40382.785683723137
  0
LINE
  8
_0-3_計画建物－天空率
  6
CONTINUOUS
 62
   18
 10
163868.56697413622
 20
40382.785683723137
 11
163813.72824616832
 21
40368.375699259238
  0
LINE
  8
_0-3_計画建物－天空率
  6
CONTINUOUS
 62
   18
 10
163813.72824616832
 20
40368.375699259238
 11
163759.90466446228
 21
40353.289563833706
  0
LINE
  8
_0-3_計画建物－天空率
  6
CONTINUOUS
 62
   18
 10
163759.90466446228
 20
40353.289563833706
 11
163707.1277613262
 21
40337.572232337763
  0
LINE
  8
_0-3_計画建物－天空率
  6
CONTINUOUS
 62
   18
 10
163707.1277613262
 20
40337.572232337763
 11
163655.42441382311
 21
40321.268849066902
  0
LINE
  8
_0-3_計画建物－天空率
  6
CONTINUOUS
 62
   18
 10
163655.42441382311
 20
40321.268849066902
 11
163604.8169617886
 21
40304.42446082113
  0
LINE
  8
_0-3_計画建物－天空率
  6
CONTINUOUS
 62
   18
 10
163604.8169617886
 20
40304.42446082113
 11
163555.32335826865
 21
40287.083751696744
  0
LINE
  8
_0-3_計画建物－天空率
  6
CONTINUOUS
 62
   18
 10
163555.32335826865
 20
40287.083751696744
 11
163506.95734761812
 21
40269.29080122587
  0
LINE
  8
_0-3_計画建物－天空率
  6
CONTINUOUS
 62
   18
 10
163506.95734761812
 20
40269.29080122587
 11
163459.72866649698
 21
40251.088866936079
  0
LINE
  8
_0-3_計画建物－天空率
  6
CONTINUOUS
 62
   18
 10
163459.72866649698
 20
40251.088866936079
 11
163413.64326310693
 21
40232.520191860334
  0
LINE
  8
_0-3_計画建物－天空率
  6
CONTINUOUS
 62
   18
 10
163413.64326310693
 20
40232.520191860334
 11
163368.70353020718
 21
40213.625837039413
  0
LINE
  8
_0-3_計画建物－天空率
  6
CONTINUOUS
 62
   18
 10
163368.70353020718
 20
40213.625837039413
 11
163324.90854771778
 21
40194.445538629523
  0
LINE
  8
_0-3_計画建物－天空率
  6
CONTINUOUS
 62
   18
 10
163324.90854771778
 20
40194.445538629523
 11
163282.25433104339
 21
40175.017588862123
  0
LINE
  8
_0-3_計画建物－天空率
  6
CONTINUOUS
 62
   18
 10
163282.25433104339
 20
40175.017588862123
 11
163240.73408161429
 21
40155.378739800704
  0
LINE
  8
_0-3_計画建物－天空率
  6
CONTINUOUS
 62
   18
 10
163240.73408161429
 20
40155.378739800704
 11
163200.33843652985
 21
40135.56412860001
  0
LINE
  8
_0-3_計画建物－天空率
  6
CONTINUOUS
 62
   18
 10
163200.33843652985
 20
40135.56412860001
 11
163161.05571458619
 21
40115.607222793092
  0
LINE
  8
_0-3_計画建物－天空率
  6
CONTINUOUS
 62
   18
 10
163161.05571458619
 20
40115.607222793092
 11
163122.87215636743
 21
40095.539784006796
  0
LINE
  8
_0-3_計画建物－天空率
  6
CONTINUOUS
 62
   18
 10
163122.87215636743
 20
40095.539784006796
 11
163085.77215646387
 21
40075.391848430605
  0
LINE
  8
_0-3_計画建物－天空率
  6
CONTINUOUS
 62
   18
 10
163085.77215646387
 20
40075.391848430605
 11
163049.73848624873
 21
40055.19172233207
  0
LINE
  8
_0-3_計画建物－天空率
  6
CONTINUOUS
 62
   18
 10
163049.73848624873
 20
40055.19172233207
 11
163014.75250598508
 21
40034.965990917269
  0
LINE
  8
_0-3_計画建物－天空率
  6
CONTINUOUS
 62
   18
 10
163014.75250598508
 20
40034.965990917269
 11
162980.79436535103
 21
40014.73953887113
  0
LINE
  8
_0-3_計画建物－天空率
  6
CONTINUOUS
 62
   18
 10
162980.79436535103
 20
40014.73953887113
 11
162947.84319175113
 21
39994.535580973883
  0
LINE
  8
_0-3_計画建物－天空率
  6
CONTINUOUS
 62
   18
 10
162947.84319175113
 20
39994.535580973883
 11
162915.87726603611
 21
39974.375701270844
  0
LINE
  8
_0-3_計画建物－天空率
  6
CONTINUOUS
 62
   18
 10
162915.87726603611
 20
39974.375701270844
 11
162884.87418546859
 21
39954.279899367727
  0
LINE
  8
_0-3_計画建物－天空率
  6
CONTINUOUS
 62
   18
 10
162884.87418546859
 20
39954.279899367727
 11
162854.81101396234
 21
39934.266642528869
  0
LINE
  8
_0-3_計画建物－天空率
  6
CONTINUOUS
 62
   18
 10
162854.81101396234
 20
39934.266642528869
 11
162825.66441977847
 21
39914.352922366517
  0
LINE
  8
_0-3_計画建物－天空率
  6
CONTINUOUS
 62
   18
 10
162825.66441977847
 20
39914.352922366517
 11
162797.4108009928
 21
39894.554315022527
  0
LINE
  8
_0-3_計画建物－天空率
  6
CONTINUOUS
 62
   18
 10
162797.4108009928
 20
39894.554315022527
 11
162770.02639915145
 21
39874.885043857364
  0
LINE
  8
_0-3_計画建物－天空率
  6
CONTINUOUS
 62
   18
 10
162770.02639915145
 20
39874.885043857364
 11
162743.48740161349
 21
39855.358043771324
  0
LINE
  8
_0-3_計画建物－天空率
  6
CONTINUOUS
 62
   18
 10
162743.48740161349
 20
39855.358043771324
 11
162717.77003313903
 21
39835.985026389869
  0
LINE
  8
_0-3_計画建物－天空率
  6
CONTINUOUS
 62
   18
 10
162717.77003313903
 20
39835.985026389869
 11
162692.8506373236
 21
39816.776545445551
  0
LINE
  8
_0-3_計画建物－天空率
  6
CONTINUOUS
 62
   18
 10
162692.8506373236
 20
39816.776545445551
 11
162668.70574850522
 21
39797.742061783515
  0
LINE
  8
_0-3_計画建物－天空率
  6
CONTINUOUS
 62
   18
 10
162668.70574850522
 20
39797.742061783515
 11
162645.31215478549
 21
39778.890007505142
  0
LINE
  8
_0-3_計画建物－天空率
  6
CONTINUOUS
 62
   18
 10
162645.31215478549
 20
39778.890007505142
 11
162622.6469528056
 21
39760.227848844464
  0
LINE
  8
_0-3_計画建物－天空率
  6
CONTINUOUS
 62
   18
 10
162622.6469528056
 20
39760.227848844464
 11
162600.68759491338
 21
39741.762147444598
  0
LINE
  8
_0-3_計画建物－天空率
  6
CONTINUOUS
 62
   18
 10
162600.68759491338
 20
39741.762147444598
 11
162579.41192934085
 21
39723.498619766942
  0
LINE
  8
_0-3_計画建物－天空率
  6
CONTINUOUS
 62
   18
 10
162579.41192934085
 20
39723.498619766942
 11
162611.90601115862
 21
39663.496698300223
  0
LINE
  8
_0-3_計画建物－天空率
  6
CONTINUOUS
 62
   18
 10
162611.90601115862
 20
39663.496698300223
 11
162655.4902736493
 21
39590.384971632454
  0
LINE
  8
_0-3_計画建物－天空率
  6
CONTINUOUS
 62
   18
 10
162655.4902736493
 20
39590.384971632454
 11
162713.33502590193
 21
39501.259452357648
  0
LINE
  8
_0-3_計画建物－天空率
  6
CONTINUOUS
 62
   18
 10
162332.87117566258
 20
39782.283887193538
 11
162713.33502590193
 21
39501.259452357648
  0
LINE
  8
_0-3_計画建物－天空率
  6
CONTINUOUS
 62
   18
 10
162713.33502590193
 20
39501.259452357648
 11
162679.3384020836
 21
39468.474222972225
  0
LINE
  8
_0-3_計画建物－天空率
  6
CONTINUOUS
 62
   18
 10
162679.3384020836
 20
39468.474222972225
 11
162645.87913358109
 21
39435.283294207685
  0
LINE
  8
_0-3_計画建物－天空率
  6
CONTINUOUS
 62
   18
 10
162645.87913358109
 20
39435.283294207685
 11
162612.98425834928
 21
39401.713059736954
  0
LINE
  8
_0-3_計画建物－天空率
  6
CONTINUOUS
 62
   18
 10
162612.98425834928
 20
39401.713059736954
 11
162580.67945033812
 21
39367.790814545711
  0
LINE
  8
_0-3_計画建物－天空率
  6
CONTINUOUS
 62
   18
 10
162580.67945033812
 20
39367.790814545711
 11
162548.98891951885
 21
39333.544644164961
  0
LINE
  8
_0-3_計画建物－天空率
  6
CONTINUOUS
 62
   18
 10
162548.98891951885
 20
39333.544644164961
 11
162517.93532196059
 21
39299.003309009094
  0
LINE
  8
_0-3_計画建物－天空率
  6
CONTINUOUS
 62
   18
 10
162517.93532196059
 20
39299.003309009094
 11
162487.5396807286
 21
39264.196124924725
  0
LINE
  8
_0-3_計画建物－天空率
  6
CONTINUOUS
 62
   18
 10
162487.5396807286
 20
39264.196124924725
 11
162457.8213182289
 21
39229.152841095732
  0
LINE
  8
_0-3_計画建物－天空率
  6
CONTINUOUS
 62
   18
 10
162457.8213182289
 20
39229.152841095732
 11
162428.79780046927
 21
39193.903516470076
  0
LINE
  8
_0-3_計画建物－天空率
  6
CONTINUOUS
 62
   18
 10
162428.79780046927
 20
39193.903516470076
 11
162400.48489354638
 21
39158.478395874786
  0
LINE
  8
_0-3_計画建物－天空率
  6
CONTINUOUS
 62
   18
 10
162400.48489354638
 20
39158.478395874786
 11
162372.896532507
 21
39122.907786966978
  0
LINE
  8
_0-3_計画建物－天空率
  6
CONTINUOUS
 62
   18
 10
162372.896532507
 20
39122.907786966978
 11
162346.04480257231
 21
39087.22193913161
  0
LINE
  8
_0-3_計画建物－天空率
  6
CONTINUOUS
 62
   18
 10
162346.04480257231
 20
39087.22193913161
 11
162319.93993255804
 21
39051.450925382603
  0
LINE
  8
_0-3_計画建物－天空率
  6
CONTINUOUS
 62
   18
 10
162319.93993255804
 20
39051.450925382603
 11
162294.5903001783
 21
39015.624528254324
  0
LINE
  8
_0-3_計画建物－天空率
  6
CONTINUOUS
 62
   18
 10
162294.5903001783
 20
39015.624528254324
 11
162270.00244878337
 21
38979.77213058748
  0
LINE
  8
_0-3_計画建物－天空率
  6
CONTINUOUS
 62
   18
 10
162270.00244878337
 20
38979.77213058748
 11
162246.18111496043
 21
38943.922612019407
  0
LINE
  8
_0-3_計画建物－天空率
  6
CONTINUOUS
 62
   18
 10
162246.18111496043
 20
38943.922612019407
 11
162223.12926631738
 21
38908.104251885917
  0
LINE
  8
_0-3_計画建物－天空率
  6
CONTINUOUS
 62
   18
 10
164235.49354091729
 20
39653.823480026891
 11
164174.19570606574
 21
39684.626655956082
  0
LINE
  8
_0-3_計画建物－天空率
  6
CONTINUOUS
 62
   18
 10
164174.19570606574
 20
39684.626655956082
 11
164116.46434017992
 21
39712.790282936854
  0
LINE
  8
_0-3_計画建物－天空率
  6
CONTINUOUS
 62
   18
 10
164116.46434017992
 20
39712.790282936854
 11
164062.09363221147
 21
39738.548928798729
  0
LINE
  8
_0-3_計画建物－天空率
  6
CONTINUOUS
 62
   18
 10
164062.09363221147
 20
39738.548928798729
 11
164010.88072961583
 21
39762.119250621821
  0
LINE
  8
_0-3_計画建物－天空率
  6
CONTINUOUS
 62
   18
 10
164010.88072961583
 20
39762.119250621821
 11
163962.62845911129
 21
39783.700225886153
  0
LINE
  8
_0-3_計画建物－天空率
  6
CONTINUOUS
 62
   18
 10
163962.62845911129
 20
39783.700225886153
 11
163917.1472243753
 21
39803.473772641962
  0
LINE
  8
_0-3_計画建物－天空率
  6
CONTINUOUS
 62
   18
 10
163917.1472243753
 20
39803.473772641962
 11
163874.25625211081
 21
39821.605623307776
  0
LINE
  8
_0-3_計画建物－天空率
  6
CONTINUOUS
 62
   18
 10
163874.25625211081
 20
39821.605623307776
 11
163833.78433189436
 21
39838.246349437024
  0
LINE
  8
_0-3_計画建物－天空率
  6
CONTINUOUS
 62
   18
 10
163833.78433189436
 20
39838.246349437024
 11
163795.57017026809
 21
39853.532461580361
  0
LINE
  8
_0-3_計画建物－天空率
  6
CONTINUOUS
 62
   18
 10
163795.57017026809
 20
39853.532461580361
 11
163759.4624569453
 21
39867.587529695512
  0
LINE
  8
_0-3_計画建物－天空率
  6
CONTINUOUS
 62
   18
 10
163759.4624569453
 20
39867.587529695512
 11
163725.31972133181
 21
39880.523286140676
  0
LINE
  8
_0-3_計画建物－天空率
  6
CONTINUOUS
 62
   18
 10
163725.31972133181
 20
39880.523286140676
 11
163693.01004092462
 21
39892.440685921028
  0
LINE
  8
_0-3_計画建物－天空率
  6
CONTINUOUS
 62
   18
 10
163693.01004092462
 20
39892.440685921028
 11
163662.410649375
 21
39903.430908291957
  0
LINE
  8
_0-3_計画建物－天空率
  6
CONTINUOUS
 62
   18
 10
163261.87420612623
 20
40607.076011296529
 11
163662.410649375
 21
39903.430908291957
  0
LINE
  8
_0-3_計画建物－天空率
  6
CONTINUOUS
 62
   18
 10
164400.26280476289
 20
40475.140772638224
 11
164367.62189560953
 21
40456.298010593571
  0
LINE
  8
_0-3_計画建物－天空率
  6
CONTINUOUS
 62
   18
 10
164367.62189560953
 20
40456.298010593571
 11
164334.74592251883
 21
40436.761463213988
  0
LINE
  8
_0-3_計画建物－天空率
  6
CONTINUOUS
 62
   18
 10
164334.74592251883
 20
40436.761463213988
 11
164301.65354383285
 21
40416.526393441155
  0
LINE
  8
_0-3_計画建物－天空率
  6
CONTINUOUS
 62
   18
 10
164301.65354383285
 20
40416.526393441155
 11
164268.36439629163
 21
40395.589303269778
  0
LINE
  8
_0-3_計画建物－天空率
  6
CONTINUOUS
 62
   18
 10
164268.36439629163
 20
40395.589303269778
 11
164234.89906326669
 21
40373.948000984302
  0
LINE
  8
_0-3_計画建物－天空率
  6
CONTINUOUS
 62
   18
 10
164234.89906326669
 20
40373.948000984302
 11
164201.27903599193
 21
40351.60166414181
  0
LINE
  8
_0-3_計画建物－天空率
  6
CONTINUOUS
 62
   18
 10
164201.27903599193
 20
40351.60166414181
 11
164167.52666772739
 21
40328.550897507535
  0
LINE
  8
_0-3_計画建物－天空率
  6
CONTINUOUS
 62
   18
 10
164167.52666772739
 20
40328.550897507535
 11
164133.66512086882
 21
40304.797785156268
  0
LINE
  8
_0-3_計画建物－天空率
  6
CONTINUOUS
 62
   18
 10
164133.66512086882
 20
40304.797785156268
 11
164099.71830710108
 21
40280.345935973105
  0
LINE
  8
_0-3_計画建物－天空率
  6
CONTINUOUS
 62
   18
 10
164099.71830710108
 20
40280.345935973105
 11
164065.71082078089
 21
40255.200521820355
  0
LINE
  8
_0-3_計画建物－天空率
  6
CONTINUOUS
 62
   18
 10
164065.71082078089
 20
40255.200521820355
 11
164031.66786582552
 21
40229.368307684686
  0
LINE
  8
_0-3_計画建物－天空率
  6
CONTINUOUS
 62
   18
 10
164031.66786582552
 20
40229.368307684686
 11
163997.61517647615
 21
40202.857673179409
  0
LINE
  8
_0-3_計画建物－天空率
  6
CONTINUOUS
 62
   18
 10
163997.61517647615
 20
40202.857673179409
 11
163963.57893239581
 21
40175.678624851439
  0
LINE
  8
_0-3_計画建物－天空率
  6
CONTINUOUS
 62
   18
 10
163963.57893239581
 20
40175.678624851439
 11
163929.58566864932
 21
40147.842798829704
  0
LINE
  8
_0-3_計画建物－天空率
  6
CONTINUOUS
 62
   18
 10
163929.58566864932
 20
40147.842798829704
 11
163895.66218119909
 21
40119.3634534507
  0
LINE
  8
_0-3_計画建物－天空率
  6
CONTINUOUS
 62
   18
 10
163895.66218119909
 20
40119.3634534507
 11
163861.83542862578
 21
40090.255451606491
  0
LINE
  8
_0-3_計画建物－天空率
  6
CONTINUOUS
 62
   18
 10
163861.83542862578
 20
40090.255451606491
 11
163828.13243085297
 21
40060.53523267831
  0
LINE
  8
_0-3_計画建物－天空率
  6
CONTINUOUS
 62
   18
 10
163828.13243085297
 20
40060.53523267831
 11
163794.5801657153
 21
40030.220774043598
  0
LINE
  8
_0-3_計画建物－天空率
  6
CONTINUOUS
 62
   18
 10
163794.5801657153
 20
40030.220774043598
 11
163761.20546425459
 21
39999.331542273263
  0
LINE
  8
_0-3_計画建物－天空率
  6
CONTINUOUS
 62
   18
 10
163761.20546425459
 20
39999.331542273263
 11
163728.03490566485
 21
39967.888434266293
  0
LINE
  8
_0-3_計画建物－天空率
  6
CONTINUOUS
 62
   18
 10
163728.03490566485
 20
39967.888434266293
 11
163695.09471282648
 21
39935.913708699015
  0
LINE
  8
_0-3_計画建物－天空率
  6
CONTINUOUS
 62
   18
 10
163695.09471282648
 20
39935.913708699015
 11
163662.410649375
 21
39903.430908291957
  0
LINE
  8
_0-3_計画建物－天空率
  6
CONTINUOUS
 62
   18
 10
163662.410649375
 20
39903.430908291957
 11
163608.90964164366
 21
39888.92672129823
  0
LINE
  8
_0-3_計画建物－天空率
  6
CONTINUOUS
 62
   18
 10
163608.90964164366
 20
39888.92672129823
 11
163556.64609917797
 21
39873.966959818608
  0
LINE
  8
_0-3_計画建物－天空率
  6
CONTINUOUS
 62
   18
 10
163556.64609917797
 20
39873.966959818608
 11
163505.63641180095
 21
39858.594020368414
  0
LINE
  8
_0-3_計画建物－天空率
  6
CONTINUOUS
 62
   18
 10
163505.63641180095
 20
39858.594020368414
 11
163455.89200412447
 21
39842.849472393529
  0
LINE
  8
_0-3_計画建物－天空率
  6
CONTINUOUS
 62
   18
 10
163455.89200412447
 20
39842.849472393529
 11
163407.41962150303
 21
39826.773852509264
  0
LINE
  8
_0-3_計画建物－天空率
  6
CONTINUOUS
 62
   18
 10
163407.41962150303
 20
39826.773852509264
 11
163360.22163479652
 21
39810.406486897132
  0
LINE
  8
_0-3_計画建物－天空率
  6
CONTINUOUS
 62
   18
 10
163360.22163479652
 20
39810.406486897132
 11
163314.29635788462
 21
39793.785341375652
  0
LINE
  8
_0-3_計画建物－天空率
  6
CONTINUOUS
 62
   18
 10
163314.29635788462
 20
39793.785341375652
 11
163269.63837237734
 21
39776.946898209062
  0
LINE
  8
_0-3_計画建物－天空率
  6
CONTINUOUS
 62
   18
 10
163269.63837237734
 20
39776.946898209062
 11
163226.23885452887
 21
39759.926058350043
  0
LINE
  8
_0-3_計画建物－天空率
  6
CONTINUOUS
 62
   18
 10
163226.23885452887
 20
39759.926058350043
 11
163184.08589995856
 21
39742.756067526541
  0
LINE
  8
_0-3_計画建物－天空率
  6
CONTINUOUS
 62
   18
 10
163184.08589995856
 20
39742.756067526541
 11
163143.16484239342
 21
39725.468464374513
  0
LINE
  8
_0-3_計画建物－天空率
  6
CONTINUOUS
 62
   18
 10
163143.16484239342
 20
39725.468464374513
 11
163103.4585632472
 21
39708.093048681104
  0
LINE
  8
_0-3_計画建物－天空率
  6
CONTINUOUS
 62
   18
 10
163103.4585632472
 20
39708.093048681104
 11
163064.94778943358
 21
39690.657867727808
  0
LINE
  8
_0-3_計画建物－天空率
  6
CONTINUOUS
 62
   18
 10
163064.94778943358
 20
39690.657867727808
 11
163027.61137735552
 21
39673.189218703191
  0
LINE
  8
_0-3_計画建物－天空率
  6
CONTINUOUS
 62
   18
 10
163027.61137735552
 20
39673.189218703191
 11
162991.42658151869
 21
39655.711665180213
  0
LINE
  8
_0-3_計画建物－天空率
  6
CONTINUOUS
 62
   18
 10
162991.42658151869
 20
39655.711665180213
 11
162956.3693066714
 21
39638.248065715728
  0
LINE
  8
_0-3_計画建物－天空率
  6
CONTINUOUS
 62
   18
 10
162956.3693066714
 20
39638.248065715728
 11
162922.41434277954
 21
39620.819612721257
  0
LINE
  8
_0-3_計画建物－天空率
  6
CONTINUOUS
 62
   18
 10
162922.41434277954
 20
39620.819612721257
 11
162889.53558249754
 21
39603.445879867482
  0
LINE
  8
_0-3_計画建物－天空率
  6
CONTINUOUS
 62
   18
 10
162889.53558249754
 20
39603.445879867482
 11
162857.70622109813
 21
39586.144876412865
  0
LINE
  8
_0-3_計画建物－天空率
  6
CONTINUOUS
 62
   18
 10
162857.70622109813
 20
39586.144876412865
 11
162826.89893907727
 21
39568.933106984353
  0
LINE
  8
_0-3_計画建物－天空率
  6
CONTINUOUS
 62
   18
 10
162826.89893907727
 20
39568.933106984353
 11
162797.08606785704
 21
39551.825635479639
  0
LINE
  8
_0-3_計画建物－天空率
  6
CONTINUOUS
 62
   18
 10
162797.08606785704
 20
39551.825635479639
 11
162768.23973917475
 21
39534.83615190244
  0
LINE
  8
_0-3_計画建物－天空率
  6
CONTINUOUS
 62
   18
 10
162768.23973917475
 20
39534.83615190244
 11
162740.33201887333
 21
39517.977041081539
  0
LINE
  8
_0-3_計画建物－天空率
  6
CONTINUOUS
 62
   18
 10
162740.33201887333
 20
39517.977041081539
 11
162713.33502590193
 21
39501.259452357648
  0
TEXT
  8
_0-3_計画建物－天空率
 62
   18
 10
78644.246302081359
 20
39976.907674357338
 40
800
 41
1
 50
0
  1
計画建物天空率
  7
TATEGAKI
  0
LINE
  8
_0-9_道路斜線制限データ
  6
CONTINUOUS
 62
  212
 10
136530.00896086616
 20
72710.169491525419
 11
161530.00896086616
 21
72710.169491525419
  0
TEXT
  8
_0-9_道路斜線制限データ
 62
   52
 10
136530.00896086616
 20
72710.169491525419
 40
500
 41
1
 50
0
  1
7.000
  0
TEXT
  8
_0-9_道路斜線制限データ
 62
   52
 10
161530.00896086616
 20
72710.169491525419
 40
500
 41
1
 50
180
  1
7.000
  0
CIRCLE
  8
_0-b_道路斜線用－天空率
  6
CONTINUOUS
 62
  212
 10
84745.96936279122
 20
25999.881817155335
 40
3000
  0
POINT
  8
_0-b_道路斜線用－天空率
 62
  212
 10
136530.00896086616
 20
67110.169491525419
  0
TEXT
  8
_0-b_道路斜線用－天空率
 62
  132
 10
136530.00896086616
 20
67110.169491525419
 40
500
 41
1
 50
0
  1
No.1
  0
TEXT
  8
_0-b_道路斜線用－天空率
 62
  132
 10
83370.96936279122
 20
22249.881817155335
 40
500
 41
1
 50
0
  1
測定点 No.1
  0
TEXT
  8
_0-b_道路斜線用－天空率
 62
  132
 10
81120.96936279122
 20
21499.881817155335
 40
500
 41
1
 50
0
  1
正射影 　測定面高さ = 0.000 m
  0
LINE
  8
_0-b_道路斜線用－天空率
  6
CONTINUOUS
 62
  132
 10
87532.242213406381
 20
26694.577662375388
 11
87656.856541619214
 21
26725.647503954336
  0
LINE
  8
_0-b_道路斜線用－天空率
  6
CONTINUOUS
 62
  132
 10
87472.454424867668
 20
26781.688828046069
 11
87629.754450606167
 21
26826.793884606333
  0
LINE
  8
_0-b_道路斜線用－天空率
  6
CONTINUOUS
 62
  132
 10
87407.469624236342
 20
26864.655673627887
 11
87599.13891167668
 21
26926.932800280177
  0
LINE
  8
_0-b_道路斜線用－天空率
  6
CONTINUOUS
 62
  132
 10
87338.091279856467
 20
26943.337038556124
 11
87565.04722514894
 21
27025.942247132341
  0
LINE
  8
_0-b_道路斜線用－天空率
  6
CONTINUOUS
 62
  132
 10
87265.000271479468
 20
27017.636367954753
 11
87527.520926491575
 21
27123.701597403065
  0
LINE
  8
_0-b_道路斜線用－天空率
  6
CONTINUOUS
 62
  132
 10
87188.95265416408
 20
27087.568056203996
 11
87486.605735719029
 21
27220.091746382742
  0
LINE
  8
_0-b_道路斜線用－天空率
  6
CONTINUOUS
 62
  132
 10
87110.580471919573
 20
27153.1797143621
 11
87442.351501688724
 21
27314.995257522572
  0
LINE
  8
_0-b_道路斜線用－天空率
  6
CONTINUOUS
 62
  132
 10
87030.458512007913
 20
27214.566244322155
 11
87394.81214136799
 21
27408.296505513011
  0
LINE
  8
_0-b_道路斜線用－天空率
  6
CONTINUOUS
 62
  132
 10
86949.076228612975
 20
27271.846159191034
 11
87344.045574144533
 21
27499.881817155335
  0
LINE
  8
_0-b_道路斜線用－天空率
  6
CONTINUOUS
 62
  132
 10
86866.980870673345
 20
27325.236903477856
 11
87290.1136512605
 21
27589.639609854952
  0
LINE
  8
_0-b_道路斜線用－天空率
  6
CONTINUOUS
 62
  132
 10
86784.423743071631
 20
27374.83665784922
 11
87233.08208045634
 21
27677.460527567574
  0
LINE
  8
_0-b_道路斜線用－天空率
  6
CONTINUOUS
 62
  132
 10
86701.831797824735
 20
27420.899055135305
 11
87173.020345916069
 21
27763.237574032758
  0
LINE
  8
_0-b_道路斜線用－天空率
  6
CONTINUOUS
 62
  132
 10
86619.342102854599
 20
27463.521012056356
 11
87110.001623611373
 21
27846.86624313231
  0
LINE
  8
_0-b_道路斜線用－天空率
  6
CONTINUOUS
 62
  132
 10
86537.39082699333
 20
27503.062907050378
 11
87044.102692148153
 21
27928.244646214956
  0
LINE
  8
_0-b_道路斜線用－天空率
  6
CONTINUOUS
 62
  132
 10
86455.955611982295
 20
27539.560351620682
 11
86975.403839223392
 21
28007.273636231911
  0
LINE
  8
_0-b_道路斜線用－天空率
  6
CONTINUOUS
 62
  132
 10
86375.381609076255
 20
27573.386932925961
 11
86903.988763807166
 21
28083.856928532328
  0
LINE
  8
_0-b_道路斜線用－天空率
  6
CONTINUOUS
 62
  132
 10
86295.551667390958
 20
27604.521267281823
 11
86829.944474168209
 21
28157.901218171286
  0
LINE
  8
_0-b_道路斜線用－天空率
  6
CONTINUOUS
 62
  132
 10
86216.602070951601
 20
27633.184907555401
 11
86753.361181867803
 21
28229.316293587522
  0
LINE
  8
_0-b_道路斜線用－天空率
  6
CONTINUOUS
 62
  132
 10
86138.642247884898
 20
27659.60473127427
 11
86674.332191850844
 21
28298.015146512272
  0
LINE
  8
_0-b_道路斜線用－天空率
  6
CONTINUOUS
 62
  132
 10
86061.682080659753
 20
27683.917300761175
 11
86592.953788768194
 21
28363.914077975503
  0
LINE
  8
_0-b_道路斜線用－天空率
  6
CONTINUOUS
 62
  132
 10
85985.726863724237
 20
27706.261627208048
 11
86509.325119668646
 21
28426.932800280177
  0
LINE
  8
_0-b_道路斜線用－天空率
  6
CONTINUOUS
 62
  132
 10
85910.775838553643
 20
27726.778433991592
 11
86423.548073203462
 21
28486.994534820463
  0
LINE
  8
_0-b_道路斜線用－天空率
  6
CONTINUOUS
 62
  132
 10
85836.820851207419
 20
27745.609120123619
 11
86335.727155490836
 21
28544.026105624619
  0
LINE
  8
_0-b_道路斜線用－天空率
  6
CONTINUOUS
 62
  132
 10
85763.755807539579
 20
27762.739650714389
 11
86245.96936279122
 21
28597.958028508652
  0
LINE
  8
_0-b_道路斜線用－天空率
  6
CONTINUOUS
 62
  132
 10
85691.535539740521
 20
27778.233150880249
 11
86154.384051148896
 21
28648.724595732121
  0
LINE
  8
_0-b_道路斜線用－天空率
  6
CONTINUOUS
 62
  132
 10
85620.220667404093
 20
27792.362625508838
 11
86061.082803158453
 21
28696.263956052836
  0
LINE
  8
_0-b_道路斜線用－天空率
  6
CONTINUOUS
 62
  132
 10
85549.775210940482
 20
27805.259311177836
 11
85966.179292018612
 21
28740.518190083137
  0
LINE
  8
_0-b_道路斜線用－天空率
  6
CONTINUOUS
 62
  132
 10
85480.103253623921
 20
27816.926959002696
 11
85869.789143038957
 21
28781.433380855698
  0
LINE
  8
_0-b_道路斜線用－天空率
  6
CONTINUOUS
 62
  132
 10
85411.016098867781
 20
27827.082707407669
 11
85772.029792768225
 21
28818.959679513056
  0
LINE
  8
_0-b_道路斜線用－天空率
  6
CONTINUOUS
 62
  132
 10
85342.650532553991
 20
27836.277630276665
 11
85673.020345916069
 21
28853.051366040788
  0
LINE
  8
_0-b_道路斜線用－天空率
  6
CONTINUOUS
 62
  132
 10
85274.932047480106
 20
27844.593923992204
 11
85572.88143024221
 21
28883.66690497029
  0
LINE
  8
_0-b_道路斜線用－天空率
  6
CONTINUOUS
 62
  132
 10
85207.600229684932
 20
27851.382096424265
 11
85471.735049590221
 21
28910.768995983322
  0
LINE
  8
_0-b_道路斜線用－天空率
  6
CONTINUOUS
 62
  132
 10
85140.802629237514
 20
27857.426290702256
 11
85369.704435244493
 21
28934.324619356753
  0
LINE
  8
_0-b_道路斜線用－天空率
  6
CONTINUOUS
 62
  132
 10
85074.41932166992
 20
27862.614097598248
 11
85266.913895792007
 21
28954.305076191962
  0
LINE
  8
_0-b_道路斜線用－天空率
  6
CONTINUOUS
 62
  132
 10
85008.304657633518
 20
27866.49443118889
 11
85163.488665671407
 21
28970.68602338005
  0
LINE
  8
_0-b_道路斜線用－天空率
  6
CONTINUOUS
 62
  132
 10
84942.503372545907
 20
27869.778013611256
 11
85059.55475259418
 21
28983.447503260151
  0
LINE
  8
_0-b_道路斜線用－天空率
  6
CONTINUOUS
 62
  132
 10
84876.878936046749
 20
27871.975934091347
 11
84955.238784023589
 21
28992.573967934811
  0
LINE
  8
_0-b_道路斜線用－天空率
  6
CONTINUOUS
 62
  132
 10
84811.388353823698
 20
27873.236613874269
 11
84850.667852898724
 21
28998.054298212628
  0
LINE
  8
_0-b_道路斜線用－天空率
  6
CONTINUOUS
 62
  132
 10
84745.96936279122
 20
27873.966959818608
 11
84745.96936279122
 21
28999.881817155335
  0
TEXT
  8
_0-b_道路斜線用－天空率
 62
  132
 10
82745.96936279122
 20
20749.881817155335
 40
500
 41
1
 50
0
  1
天空率 = 90.70 %
  0
LINE
  8
_0-b_道路斜線用－天空率
  6
CONTINUOUS
 62
  212
 10
87569.911862545603
 20
26632.444937100321
 11
87565.715853604502
 21
26639.707929979875
  0
LINE
  8
_0-b_道路斜線用－天空率
  6
CONTINUOUS
 62
  212
 10
87565.715853604502
 20
26639.707929979875
 11
87561.37289837138
 21
26647.12827207187
  0
LINE
  8
_0-b_道路斜線用－天空率
  6
CONTINUOUS
 62
  212
 10
87561.37289837138
 20
26647.12827207187
 11
87556.876297026217
 21
26654.710696554717
  0
LINE
  8
_0-b_道路斜線用－天空率
  6
CONTINUOUS
 62
  212
 10
87556.876297026217
 20
26654.710696554717
 11
87552.218978809803
 21
26662.460104872592
  0
LINE
  8
_0-b_道路斜線用－天空率
  6
CONTINUOUS
 62
  212
 10
87552.218978809803
 20
26662.460104872592
 11
87547.393478276659
 21
26670.38157257673
  0
LINE
  8
_0-b_道路斜線用－天空率
  6
CONTINUOUS
 62
  212
 10
87547.393478276659
 20
26670.38157257673
 11
87542.391909861791
 21
26678.48035524446
  0
LINE
  8
_0-b_道路斜線用－天空率
  6
CONTINUOUS
 62
  212
 10
87542.391909861791
 20
26678.48035524446
 11
87537.20594063522
 21
26686.761894452389
  0
LINE
  8
_0-b_道路斜線用－天空率
  6
CONTINUOUS
 62
  212
 10
87537.20594063522
 20
26686.761894452389
 11
87531.82676110744
 21
26695.231823775066
  0
LINE
  8
_0-b_道路斜線用－天空率
  6
CONTINUOUS
 62
  212
 10
87531.82676110744
 20
26695.231823775066
 11
87526.245053940336
 21
26703.895974775001
  0
LINE
  8
_0-b_道路斜線用－天空率
  6
CONTINUOUS
 62
  212
 10
87526.245053940336
 20
26703.895974775001
 11
87520.450960406407
 21
26712.760382942575
  0
LINE
  8
_0-b_道路斜線用－天空率
  6
CONTINUOUS
 62
  212
 10
87520.450960406407
 20
26712.760382942575
 11
87514.434044429246
 21
26721.831293537128
  0
LINE
  8
_0-b_道路斜線用－天空率
  6
CONTINUOUS
 62
  212
 10
87514.434044429246
 20
26721.831293537128
 11
87508.183254025221
 21
26731.115167271105
  0
LINE
  8
_0-b_道路斜線用－天空率
  6
CONTINUOUS
 62
  212
 10
87508.183254025221
 20
26731.115167271105
 11
87501.686879955785
 21
26740.618685769175
  0
LINE
  8
_0-b_道路斜線用－天空率
  6
CONTINUOUS
 62
  212
 10
87501.686879955785
 20
26740.618685769175
 11
87494.93251138617
 21
26750.348756721756
  0
LINE
  8
_0-b_道路斜線用－天空率
  6
CONTINUOUS
 62
  212
 10
87494.93251138617
 20
26750.348756721756
 11
87487.906988333968
 21
26760.312518639191
  0
LINE
  8
_0-b_道路斜線用－天空率
  6
CONTINUOUS
 62
  212
 10
87487.906988333968
 20
26760.312518639191
 11
87480.596350678024
 21
26770.517345096595
  0
LINE
  8
_0-b_道路斜線用－天空率
  6
CONTINUOUS
 62
  212
 10
87480.596350678024
 20
26770.517345096595
 11
87472.985783485419
 21
26780.970848341712
  0
LINE
  8
_0-b_道路斜線用－天空率
  6
CONTINUOUS
 62
  212
 10
87472.985783485419
 20
26780.970848341712
 11
87465.059558400869
 21
26791.680882116859
  0
LINE
  8
_0-b_道路斜線用－天空率
  6
CONTINUOUS
 62
  212
 10
87465.059558400869
 20
26791.680882116859
 11
87456.800970831638
 21
26802.655543522825
  0
LINE
  8
_0-b_道路斜線用－天空率
  6
CONTINUOUS
 62
  212
 10
87456.800970831638
 20
26802.655543522825
 11
87448.192272649277
 21
26813.903173724997
  0
LINE
  8
_0-b_道路斜線用－天空率
  6
CONTINUOUS
 62
  212
 10
87448.192272649277
 20
26813.903173724997
 11
87439.214600119812
 21
26825.432357271209
  0
LINE
  8
_0-b_道路斜線用－天空率
  6
CONTINUOUS
 62
  212
 10
87439.214600119812
 20
26825.432357271209
 11
87429.847896766368
 21
26837.251919755577
  0
LINE
  8
_0-b_道路斜線用－天空率
  6
CONTINUOUS
 62
  212
 10
87429.847896766368
 20
26837.251919755577
 11
87420.07083086358
 21
26849.370923521884
  0
LINE
  8
_0-b_道路斜線用－天空率
  6
CONTINUOUS
 62
  212
 10
87420.07083086358
 20
26849.370923521884
 11
87409.860707261323
 21
26861.798661055003
  0
LINE
  8
_0-b_道路斜線用－天空率
  6
CONTINUOUS
 62
  212
 10
87409.860707261323
 20
26861.798661055003
 11
87399.193373240195
 21
26874.544645656555
  0
LINE
  8
_0-b_道路斜線用－天空率
  6
CONTINUOUS
 62
  212
 10
87399.193373240195
 20
26874.544645656555
 11
87388.043118110406
 21
26887.618598942583
  0
LINE
  8
_0-b_道路斜線用－天空率
  6
CONTINUOUS
 62
  212
 10
87388.043118110406
 20
26887.618598942583
 11
87376.382566284926
 21
26901.030434634594
  0
LINE
  8
_0-b_道路斜線用－天空率
  6
CONTINUOUS
 62
  212
 10
87376.382566284926
 20
26901.030434634594
 11
87364.182563586276
 21
26914.790238041165
  0
LINE
  8
_0-b_道路斜線用－天空率
  6
CONTINUOUS
 62
  212
 10
87364.182563586276
 20
26914.790238041165
 11
87351.412056587723
 21
26928.908240543354
  0
LINE
  8
_0-b_道路斜線用－天空率
  6
CONTINUOUS
 62
  212
 10
87351.412056587723
 20
26928.908240543354
 11
87338.037964847506
 21
26943.394788303827
  0
LINE
  8
_0-b_道路斜線用－天空率
  6
CONTINUOUS
 62
  212
 10
87338.037964847506
 20
26943.394788303827
 11
87324.025045971895
 21
26958.260304315615
  0
LINE
  8
_0-b_道路斜線用－天空率
  6
CONTINUOUS
 62
  212
 10
87324.025045971895
 20
26958.260304315615
 11
87309.335753544364
 21
26973.51524279097
  0
LINE
  8
_0-b_道路斜線用－天空率
  6
CONTINUOUS
 62
  212
 10
87309.335753544364
 20
26973.51524279097
 11
87293.930088088513
 21
26989.170034764094
  0
LINE
  8
_0-b_道路斜線用－天空率
  6
CONTINUOUS
 62
  212
 10
87293.930088088513
 20
26989.170034764094
 11
87277.765441398863
 21
27005.235023642457
  0
LINE
  8
_0-b_道路斜線用－天空率
  6
CONTINUOUS
 62
  212
 10
87277.765441398863
 20
27005.235023642457
 11
87260.796434782532
 21
27021.720389290974
  0
LINE
  8
_0-b_道路斜線用－天空率
  6
CONTINUOUS
 62
  212
 10
87260.796434782532
 20
27021.720389290974
 11
87242.974752013848
 21
27038.636059071948
  0
LINE
  8
_0-b_道路斜線用－天空率
  6
CONTINUOUS
 62
  212
 10
87242.974752013848
 20
27038.636059071948
 11
87224.248968125088
 21
27055.991604091763
  0
LINE
  8
_0-b_道路斜線用－天空率
  6
CONTINUOUS
 62
  212
 10
87224.248968125088
 20
27055.991604091763
 11
87204.564375547895
 21
27073.796118727466
  0
LINE
  8
_0-b_道路斜線用－天空率
  6
CONTINUOUS
 62
  212
 10
87204.564375547895
 20
27073.796118727466
 11
87183.862809594982
 21
27092.058081323433
  0
LINE
  8
_0-b_道路斜線用－天空率
  6
CONTINUOUS
 62
  212
 10
87183.862809594982
 20
27092.058081323433
 11
87162.082475844494
 21
27110.785193767627
  0
LINE
  8
_0-b_道路斜線用－天空率
  6
CONTINUOUS
 62
  212
 10
87162.082475844494
 20
27110.785193767627
 11
87139.157782673486
 21
27129.984197484624
  0
LINE
  8
_0-b_道路斜線用－天空率
  6
CONTINUOUS
 62
  212
 10
87139.157782673486
 20
27129.984197484624
 11
87115.01918299825
 21
27149.660663229155
  0
LINE
  8
_0-b_道路斜線用－天空率
  6
CONTINUOUS
 62
  212
 10
87115.01918299825
 20
27149.660663229155
 11
87089.593030232848
 21
27169.818751942206
  0
LINE
  8
_0-b_道路斜線用－天空率
  6
CONTINUOUS
 62
  212
 10
87089.593030232848
 20
27169.818751942206
 11
87062.801454589891
 21
27190.460943858477
  0
LINE
  8
_0-b_道路斜線用－天空率
  6
CONTINUOUS
 62
  212
 10
87062.801454589891
 20
27190.460943858477
 11
87034.562267129454
 21
27211.587733052248
  0
LINE
  8
_0-b_道路斜線用－天空率
  6
CONTINUOUS
 62
  212
 10
87034.562267129454
 20
27211.587733052248
 11
87004.788900426865
 21
27233.197284704408
  0
LINE
  8
_0-b_道路斜線用－天空率
  6
CONTINUOUS
 62
  212
 10
87004.788900426865
 20
27233.197284704408
 11
86973.390396376868
 21
27255.285052600789
  0
LINE
  8
_0-b_道路斜線用－天空率
  6
CONTINUOUS
 62
  212
 10
86973.390396376868
 20
27255.285052600789
 11
86940.271453480003
 21
27277.843354772492
  0
LINE
  8
_0-b_道路斜線用－天空率
  6
CONTINUOUS
 62
  212
 10
86940.271453480003
 20
27277.843354772492
 11
86905.332547943296
 21
27300.860905809735
  0
LINE
  8
_0-b_道路斜線用－天空率
  6
CONTINUOUS
 62
  212
 10
86905.332547943296
 20
27300.860905809735
 11
86868.470145039013
 21
27324.322305277972
  0
LINE
  8
_0-b_道路斜線用－天空率
  6
CONTINUOUS
 62
  212
 10
86868.470145039013
 20
27324.322305277972
 11
86829.577019336618
 21
27348.207482902067
  0
LINE
  8
_0-b_道路斜線用－天空率
  6
CONTINUOUS
 62
  212
 10
86829.577019336618
 20
27348.207482902067
 11
86788.542704564766
 21
27372.491102827189
  0
LINE
  8
_0-b_道路斜線用－天空率
  6
CONTINUOUS
 62
  212
 10
86788.542704564766
 20
27372.491102827189
 11
86745.254095834912
 21
27397.141931384943
  0
LINE
  8
_0-b_道路斜線用－天空率
  6
CONTINUOUS
 62
  212
 10
86745.254095834912
 20
27397.141931384943
 11
86699.596228587412
 21
27422.122175454991
  0
LINE
  8
_0-b_道路斜線用－天空率
  6
CONTINUOUS
 62
  212
 10
86699.596228587412
 20
27422.122175454991
 11
86651.453259665009
 21
27447.386801771834
  0
LINE
  8
_0-b_道路斜線用－天空率
  6
CONTINUOUS
 62
  212
 10
86651.453259665009
 20
27447.386801771834
 11
86600.709676077865
 21
27472.882851416467
  0
LINE
  8
_0-b_道路斜線用－天空率
  6
CONTINUOUS
 62
  212
 10
86600.709676077865
 20
27472.882851416467
 11
86547.251755934019
 21
27498.54876825018
  0
LINE
  8
_0-b_道路斜線用－天空率
  6
CONTINUOUS
 62
  212
 10
86547.251755934019
 20
27498.54876825018
 11
86490.969303245597
 21
27524.31376513631
  0
LINE
  8
_0-b_道路斜線用－天空率
  6
CONTINUOUS
 62
  212
 10
86490.969303245597
 20
27524.31376513631
 11
86431.75767341323
 21
27550.097257323148
  0
LINE
  8
_0-b_道路斜線用－天空率
  6
CONTINUOUS
 62
  212
 10
86431.75767341323
 20
27550.097257323148
 11
86369.520098652239
 21
27575.808398097808
  0
LINE
  8
_0-b_道路斜線用－天空率
  6
CONTINUOUS
 62
  212
 10
86369.520098652239
 20
27575.808398097808
 11
86304.170311993904
 21
27601.345757418268
  0
LINE
  8
_0-b_道路斜線用－天空率
  6
CONTINUOUS
 62
  212
 10
86304.170311993904
 20
27601.345757418268
 11
86235.635454408882
 21
27626.597189201867
  0
LINE
  8
_0-b_道路斜線用－天空率
  6
CONTINUOUS
 62
  212
 10
86235.635454408882
 20
27626.597189201867
 11
86163.859231873298
 21
27651.439936662187
  0
LINE
  8
_0-b_道路斜線用－天空率
  6
CONTINUOUS
 62
  212
 10
86163.859231873298
 20
27651.439936662187
 11
86088.805267937714
 21
27675.74102677821
  0
LINE
  8
_0-b_道路斜線用－天空率
  6
CONTINUOUS
 62
  212
 10
86088.805267937714
 20
27675.74102677821
 11
86010.460573080315
 21
27699.358003783934
  0
LINE
  8
_0-b_道路斜線用－天空率
  6
CONTINUOUS
 62
  212
 10
86010.460573080315
 20
27699.358003783934
 11
85928.839025863708
 21
27722.140046588945
  0
LINE
  8
_0-b_道路斜線用－天空率
  6
CONTINUOUS
 62
  212
 10
85928.839025863708
 20
27722.140046588945
 11
85843.984734319485
 21
27743.929505459207
  0
LINE
  8
_0-b_道路斜線用－天空率
  6
CONTINUOUS
 62
  212
 10
85843.984734319485
 20
27743.929505459207
 11
85755.975121345109
 21
27764.563878500757
  0
LINE
  8
_0-b_道路斜線用－天空率
  6
CONTINUOUS
 62
  212
 10
85755.975121345109
 20
27764.563878500757
 11
85664.923558082635
 21
27783.878228281151
  0
LINE
  8
_0-b_道路斜線用－天空率
  6
CONTINUOUS
 62
  212
 10
85664.923558082635
 20
27783.878228281151
 11
85570.981357521508
 21
27801.708013646384
  0
LINE
  8
_0-b_道路斜線用－天空率
  6
CONTINUOUS
 62
  212
 10
85570.981357521508
 20
27801.708013646384
 11
85474.338940257614
 21
27817.892282511606
  0
LINE
  8
_0-b_道路斜線用－天空率
  6
CONTINUOUS
 62
  212
 10
85474.338940257614
 20
27817.892282511606
 11
85375.225998380163
 21
27832.277139990503
  0
LINE
  8
_0-b_道路斜線用－天空率
  6
CONTINUOUS
 62
  212
 10
85375.225998380163
 20
27832.277139990503
 11
85273.910513822993
 21
27844.719375320935
  0
LINE
  8
_0-b_道路斜線用－天空率
  6
CONTINUOUS
 62
  212
 10
85273.910513822993
 20
27844.719375320935
 11
85170.696534659218
 21
27855.090103874907
  0
LINE
  8
_0-b_道路斜線用－天空率
  6
CONTINUOUS
 62
  212
 10
85170.696534659218
 20
27855.090103874907
 11
85065.920675195724
 21
27863.278260599465
  0
LINE
  8
_0-b_道路斜線用－天空率
  6
CONTINUOUS
 62
  212
 10
85065.920675195724
 20
27863.278260599465
 11
84959.94737957626
 21
27869.193771789876
  0
LINE
  8
_0-b_道路斜線用－天空率
  6
CONTINUOUS
 62
  212
 10
84959.94737957626
 20
27869.193771789876
 11
84853.163068061941
 21
27872.770235646203
  0
LINE
  8
_0-b_道路斜線用－天空率
  6
CONTINUOUS
 62
  212
 10
84853.163068061941
 20
27872.770235646203
 11
84745.96936279122
 21
27873.966959818608
  0
LINE
  8
_0-b_道路斜線用－天空率
  6
CONTINUOUS
 62
  212
 10
84745.96936279122
 20
28999.881817155335
 11
84745.96936279122
 21
27873.966959818608
  0
LINE
  8
_0-b_道路斜線用－天空率
  6
CONTINUOUS
 62
  212
 10
87673.424243317713
 20
26655.631710393277
 11
87569.911862545603
 21
26632.444937100321
  0
CIRCLE
  8
_0-b_道路斜線用－天空率
  6
CONTINUOUS
 62
  212
 10
92745.96936279122
 20
25999.881817155335
 40
3000
  0
POINT
  8
_0-b_道路斜線用－天空率
 62
  212
 10
139030.00896086616
 20
67110.169491525419
  0
TEXT
  8
_0-b_道路斜線用－天空率
 62
  132
 10
139030.00896086616
 20
67110.169491525419
 40
500
 41
1
 50
0
  1
No.2
  0
TEXT
  8
_0-b_道路斜線用－天空率
 62
  132
 10
91370.96936279122
 20
22249.881817155335
 40
500
 41
1
 50
0
  1
測定点 No.2
  0
TEXT
  8
_0-b_道路斜線用－天空率
 62
  132
 10
89120.96936279122
 20
21499.881817155335
 40
500
 41
1
 50
0
  1
正射影 　測定面高さ = 0.000 m
  0
LINE
  8
_0-b_道路斜線用－天空率
  6
CONTINUOUS
 62
  132
 10
95532.241846477365
 20
26694.577570889712
 11
95656.856541619214
 21
26725.647503954336
  0
LINE
  8
_0-b_道路斜線用－天空率
  6
CONTINUOUS
 62
  132
 10
95472.457781261997
 20
26781.689790476662
 11
95629.754450606167
 21
26826.793884606333
  0
LINE
  8
_0-b_道路斜線用－天空率
  6
CONTINUOUS
 62
  132
 10
95407.47413083988
 20
26864.657137912137
 11
95599.13891167668
 21
26926.932800280177
  0
LINE
  8
_0-b_道路斜線用－天空率
  6
CONTINUOUS
 62
  132
 10
95338.079581078665
 20
26943.332780549237
 11
95565.04722514894
 21
27025.942247132341
  0
LINE
  8
_0-b_道路斜線用－天空率
  6
CONTINUOUS
 62
  132
 10
95265.018744095956
 20
27017.643831376277
 11
95527.520926491575
 21
27123.701597403065
  0
LINE
  8
_0-b_道路斜線用－天空率
  6
CONTINUOUS
 62
  132
 10
95188.976577658133
 20
27087.578707629792
 11
95486.605735719029
 21
27220.091746382742
  0
LINE
  8
_0-b_道路斜線用－天空率
  6
CONTINUOUS
 62
  132
 10
95110.580135019365
 20
27153.179550044886
 11
95442.351501688724
 21
27314.995257522572
  0
LINE
  8
_0-b_道路斜線用－天空率
  6
CONTINUOUS
 62
  132
 10
95030.454797991566
 20
27214.564269544633
 11
95394.812141368005
 21
27408.296505513011
  0
LINE
  8
_0-b_道路斜線用－天空率
  6
CONTINUOUS
 62
  132
 10
94949.097405894615
 20
27271.858385900293
 11
95344.045574144533
 21
27499.881817155335
  0
LINE
  8
_0-b_道路斜線用－天空率
  6
CONTINUOUS
 62
  132
 10
94866.951058231614
 20
27325.218274596714
 11
95290.1136512605
 21
27589.639609854952
  0
LINE
  8
_0-b_道路斜線用－天空率
  6
CONTINUOUS
 62
  132
 10
94784.405209634802
 20
27374.824156888236
 11
95233.08208045634
 21
27677.460527567574
  0
LINE
  8
_0-b_道路斜線用－天空率
  6
CONTINUOUS
 62
  132
 10
94701.805892681149
 20
27420.880233946798
 11
95173.020345916069
 21
27763.237574032758
  0
LINE
  8
_0-b_道路斜線用－天空率
  6
CONTINUOUS
 62
  132
 10
94619.430455580819
 20
27463.590040771417
 11
95110.001623611387
 21
27846.86624313231
  0
LINE
  8
_0-b_道路斜線用－天空率
  6
CONTINUOUS
 62
  132
 10
94537.444544577505
 20
27503.107981455446
 11
95044.102692148153
 21
27928.244646214956
  0
LINE
  8
_0-b_道路斜線用－天空率
  6
CONTINUOUS
 62
  132
 10
94456.023542096372
 20
27539.621516170122
 11
94975.403839223406
 21
28007.273636231911
  0
LINE
  8
_0-b_道路斜線用－天空率
  6
CONTINUOUS
 62
  132
 10
94375.347612262878
 20
27573.354102584915
 11
94903.988763807166
 21
28083.856928532328
  0
LINE
  8
_0-b_道路斜線用－天空率
  6
CONTINUOUS
 62
  132
 10
94295.59569118962
 20
27604.566855259861
 11
94829.944474168209
 21
28157.901218171286
  0
LINE
  8
_0-b_道路斜線用－天空率
  6
CONTINUOUS
 62
  132
 10
94216.628727854636
 20
27633.214513045528
 11
94753.361181867803
 21
28229.316293587522
  0
LINE
  8
_0-b_道路斜線用－天空率
  6
CONTINUOUS
 62
  132
 10
94138.740774140853
 20
27659.722150293771
 11
94674.332191850844
 21
28298.015146512272
  0
LINE
  8
_0-b_道路斜線用－天空率
  6
CONTINUOUS
 62
  132
 10
94061.750050701273
 20
27684.004298447063
 11
94592.953788768194
 21
28363.914077975503
  0
LINE
  8
_0-b_道路斜線用－天空率
  6
CONTINUOUS
 62
  132
 10
93985.762288840982
 20
27706.31038569827
 11
94509.325119668646
 21
28426.932800280177
  0
LINE
  8
_0-b_道路斜線用－天空率
  6
CONTINUOUS
 62
  132
 10
93910.793527866757
 20
27726.804659476762
 11
94423.548073203462
 21
28486.994534820463
  0
LINE
  8
_0-b_道路斜線用－天空率
  6
CONTINUOUS
 62
  132
 10
93836.80454406327
 20
27745.583023237748
 11
94335.727155490836
 21
28544.026105624619
  0
LINE
  8
_0-b_道路斜線用－天空率
  6
CONTINUOUS
 62
  132
 10
93763.755087183715
 20
27762.738403021434
 11
94245.96936279122
 21
28597.958028508652
  0
LINE
  8
_0-b_道路斜線用－天空率
  6
CONTINUOUS
 62
  132
 10
93691.603290755418
 20
27778.360572007011
 11
94154.384051148896
 21
28648.724595732121
  0
LINE
  8
_0-b_道路斜線用－天空率
  6
CONTINUOUS
 62
  132
 10
93620.305171708794
 20
27792.535885009387
 11
94061.082803158453
 21
28696.263956052836
  0
LINE
  8
_0-b_道路斜線用－天空率
  6
CONTINUOUS
 62
  132
 10
93549.81422377369
 20
27805.346935435853
 11
93966.179292018612
 21
28740.518190083137
  0
LINE
  8
_0-b_道路斜線用－天空率
  6
CONTINUOUS
 62
  132
 10
93480.081108713289
 20
27816.872148425522
 11
93869.789143038957
 21
28781.433380855698
  0
LINE
  8
_0-b_道路斜線用－天空率
  6
CONTINUOUS
 62
  132
 10
93411.053448643608
 20
27827.185325073391
 11
93772.029792768225
 21
28818.959679513056
  0
LINE
  8
_0-b_道路斜線用－天空率
  6
CONTINUOUS
 62
  132
 10
93342.675721437553
 20
27836.355153688986
 11
93673.020345916069
 21
28853.051366040788
  0
LINE
  8
_0-b_道路斜線用－天空率
  6
CONTINUOUS
 62
  132
 10
93274.889259578892
 20
27844.444704847501
 11
93572.88143024221
 21
28883.66690497029
  0
LINE
  8
_0-b_道路斜線用－天空率
  6
CONTINUOUS
 62
  132
 10
93207.632350869884
 20
27851.5109274604
 11
93471.735049590221
 21
28910.768995983322
  0
LINE
  8
_0-b_道路斜線用－天空率
  6
CONTINUOUS
 62
  132
 10
93140.840437190257
 20
27857.60416313519
 11
93369.704435244493
 21
28934.324619356753
  0
LINE
  8
_0-b_道路斜線用－天空率
  6
CONTINUOUS
 62
  132
 10
93074.424580241888
 20
27862.643920441907
 11
93266.913895792007
 21
28954.305076191962
  0
LINE
  8
_0-b_道路斜線用－天空率
  6
CONTINUOUS
 62
  132
 10
93008.325781872423
 20
27866.644737958915
 11
93163.488665671407
 21
28970.68602338005
  0
LINE
  8
_0-b_道路斜線用－天空率
  6
CONTINUOUS
 62
  132
 10
92942.501908709353
 20
27869.764086136648
 11
93059.55475259418
 21
28983.447503260151
  0
LINE
  8
_0-b_道路斜線用－天空率
  6
CONTINUOUS
 62
  132
 10
92876.882521466424
 20
27872.02720798134
 11
92955.238784023589
 21
28992.573967934811
  0
LINE
  8
_0-b_道路斜線用－天空率
  6
CONTINUOUS
 62
  132
 10
92811.395852197398
 20
27873.451339202551
 11
92850.667852898724
 21
28998.054298212628
  0
LINE
  8
_0-b_道路斜線用－天空率
  6
CONTINUOUS
 62
  132
 10
92745.96936279122
 20
27873.902672714815
 11
92745.96936279122
 21
28999.881817155335
  0
LINE
  8
_0-b_道路斜線用－天空率
  6
CONTINUOUS
 62
  132
 10
92680.545764113281
 20
27873.36855957684
 11
92641.270872683715
 21
28998.054298212628
  0
LINE
  8
_0-b_道路斜線用－天空率
  6
CONTINUOUS
 62
  132
 10
92615.057829984449
 20
27872.003956979529
 11
92536.69994155885
 21
28992.573967934811
  0
LINE
  8
_0-b_道路斜線用－天空率
  6
CONTINUOUS
 62
  132
 10
92549.433178015649
 20
27869.798707552548
 11
92432.38397298826
 21
28983.447503260151
  0
LINE
  8
_0-b_道路斜線用－天空率
  6
CONTINUOUS
 62
  132
 10
92483.600328333151
 20
27866.734501029462
 11
92328.450059911032
 21
28970.68602338005
  0
LINE
  8
_0-b_道路斜線用－天空率
  6
CONTINUOUS
 62
  132
 10
92417.516305612676
 20
27862.631668929894
 11
92225.024829790432
 21
28954.305076191962
  0
LINE
  8
_0-b_道路斜線用－天空率
  6
CONTINUOUS
 62
  132
 10
92351.116255668879
 20
27857.519633744264
 11
92122.234290337946
 21
28934.324619356753
  0
LINE
  8
_0-b_道路斜線用－天空率
  6
CONTINUOUS
 62
  132
 10
92284.315771195091
 20
27851.473240227427
 11
92020.203675992219
 21
28910.768995983322
  0
LINE
  8
_0-b_道路斜線用－天空率
  6
CONTINUOUS
 62
  132
 10
92217.04841964363
 20
27844.448353938172
 11
91919.057295340229
 21
28883.66690497029
  0
LINE
  8
_0-b_道路斜線用－天空率
  6
CONTINUOUS
 62
  132
 10
92149.250419035553
 20
27836.393886672762
 11
91818.918379666371
 21
28853.051366040803
  0
LINE
  8
_0-b_道路斜線用－天空率
  6
CONTINUOUS
 62
  132
 10
92080.860915140074
 20
27827.252258565396
 11
91719.908932814214
 21
28818.959679513056
  0
LINE
  8
_0-b_道路斜線用－天空率
  6
CONTINUOUS
 62
  132
 10
92011.822165945792
 20
27816.959892539874
 11
91622.149582543483
 21
28781.433380855698
  0
LINE
  8
_0-b_道路斜線用－天空率
  6
CONTINUOUS
 62
  132
 10
91942.093952204639
 20
27805.415550970144
 11
91525.759433563827
 21
28740.518190083137
  0
TEXT
  8
_0-b_道路斜線用－天空率
 62
  132
 10
90745.96936279122
 20
20749.881817155335
 40
500
 41
1
 50
0
  1
天空率 = 86.75 %
  0
LINE
  8
_0-b_道路斜線用－天空率
  6
CONTINUOUS
 62
  212
 10
95532.918493492747
 20
26693.522489685496
 11
95528.657883715073
 21
26700.165967293061
  0
LINE
  8
_0-b_道路斜線用－天空率
  6
CONTINUOUS
 62
  212
 10
95528.657883715073
 20
26700.165967293061
 11
95524.273171206674
 21
26706.927321785155
  0
LINE
  8
_0-b_道路斜線用－天空率
  6
CONTINUOUS
 62
  212
 10
95524.273171206674
 20
26706.927321785155
 11
95519.759696166656
 21
26713.809376908306
  0
LINE
  8
_0-b_道路斜線用－天空率
  6
CONTINUOUS
 62
  212
 10
95519.759696166656
 20
26713.809376908306
 11
95515.112588872449
 21
26720.81503173372
  0
LINE
  8
_0-b_道路斜線用－天空率
  6
CONTINUOUS
 62
  212
 10
95515.112588872449
 20
26720.81503173372
 11
95510.326758920244
 21
26727.947262207988
  0
LINE
  8
_0-b_道路斜線用－天空率
  6
CONTINUOUS
 62
  212
 10
95510.326758920244
 20
26727.947262207988
 11
95505.396883868888
 21
26735.209122654294
  0
LINE
  8
_0-b_道路斜線用－天空率
  6
CONTINUOUS
 62
  212
 10
95505.396883868888
 20
26735.209122654294
 11
95500.317397253951
 21
26742.603747211171
  0
LINE
  8
_0-b_道路斜線用－天空率
  6
CONTINUOUS
 62
  212
 10
95500.317397253951
 20
26742.603747211171
 11
95495.082475936869
 21
26750.134351194024
  0
LINE
  8
_0-b_道路斜線用－天空率
  6
CONTINUOUS
 62
  212
 10
95495.082475936869
 20
26750.134351194024
 11
95489.686026752606
 21
26757.804232362446
  0
LINE
  8
_0-b_道路斜線用－天空率
  6
CONTINUOUS
 62
  212
 10
95489.686026752606
 20
26757.804232362446
 11
95484.121672417561
 21
26765.616772074816
  0
LINE
  8
_0-b_道路斜線用－天空率
  6
CONTINUOUS
 62
  212
 10
95484.121672417561
 20
26765.616772074816
 11
95478.382736657556
 21
26773.575436308681
  0
LINE
  8
_0-b_道路斜線用－天空率
  6
CONTINUOUS
 62
  212
 10
95478.382736657556
 20
26773.575436308681
 11
95472.462228514807
 21
26781.683776523277
  0
LINE
  8
_0-b_道路斜線用－天空率
  6
CONTINUOUS
 62
  212
 10
95472.462228514807
 20
26781.683776523277
 11
95466.352825790338
 21
26789.945430337524
  0
LINE
  8
_0-b_道路斜線用－天空率
  6
CONTINUOUS
 62
  212
 10
95466.352825790338
 20
26789.945430337524
 11
95460.046857577457
 21
26798.364121993359
  0
LINE
  8
_0-b_道路斜線用－天空率
  6
CONTINUOUS
 62
  212
 10
95460.046857577457
 20
26798.364121993359
 11
95453.536285840309
 21
26806.943662571178
  0
LINE
  8
_0-b_道路斜線用－天空率
  6
CONTINUOUS
 62
  212
 10
95453.536285840309
 20
26806.943662571178
 11
95446.812685990269
 21
26815.687949919753
  0
LINE
  8
_0-b_道路斜線用－天空率
  6
CONTINUOUS
 62
  212
 10
95446.812685990269
 20
26815.687949919753
 11
95439.867226411908
 21
26824.600968258913
  0
LINE
  8
_0-b_道路斜線用－天空率
  6
CONTINUOUS
 62
  212
 10
95439.867226411908
 20
26824.600968258913
 11
95432.690646889619
 21
26833.686787408318
  0
LINE
  8
_0-b_道路斜線用－天空率
  6
CONTINUOUS
 62
  212
 10
95432.690646889619
 20
26833.686787408318
 11
95425.273235885193
 21
26842.949561590365
  0
LINE
  8
_0-b_道路斜線用－天空率
  6
CONTINUOUS
 62
  212
 10
95425.273235885193
 20
26842.949561590365
 11
95417.604806617047
 21
26852.393527749347
  0
LINE
  8
_0-b_道路斜線用－天空率
  6
CONTINUOUS
 62
  212
 10
95417.604806617047
 20
26852.393527749347
 11
95409.674671891698
 21
26862.023003322567
  0
LINE
  8
_0-b_道路斜線用－天空率
  6
CONTINUOUS
 62
  212
 10
95409.674671891698
 20
26862.023003322567
 11
95401.471617639574
 21
26871.842383391754
  0
LINE
  8
_0-b_道路斜線用－天空率
  6
CONTINUOUS
 62
  212
 10
95401.471617639574
 20
26871.842383391754
 11
95392.983875108591
 21
26881.85613713572
  0
LINE
  8
_0-b_道路斜線用－天空率
  6
CONTINUOUS
 62
  212
 10
95392.983875108591
 20
26881.85613713572
 11
95384.19909167166
 21
26892.068803496011
  0
LINE
  8
_0-b_道路斜線用－天空率
  6
CONTINUOUS
 62
  212
 10
95384.19909167166
 20
26892.068803496011
 11
95375.104300208084
 21
26902.484985958359
  0
LINE
  8
_0-b_道路斜線用－天空率
  6
CONTINUOUS
 62
  212
 10
95375.104300208084
 20
26902.484985958359
 11
95365.685887023239
 21
26913.109346342163
  0
LINE
  8
_0-b_道路斜線用－天空率
  6
CONTINUOUS
 62
  212
 10
95365.685887023239
 20
26913.109346342163
 11
95355.929558277653
 21
26923.94659747905
  0
LINE
  8
_0-b_道路斜線用－天空率
  6
CONTINUOUS
 62
  212
 10
95355.929558277653
 20
26923.94659747905
 11
95345.820304904395
 21
26935.00149464927
  0
LINE
  8
_0-b_道路斜線用－天空率
  6
CONTINUOUS
 62
  212
 10
95345.820304904395
 20
26935.00149464927
 11
95335.342366003576
 21
26946.278825631532
  0
LINE
  8
_0-b_道路斜線用－天空率
  6
CONTINUOUS
 62
  212
 10
95335.342366003576
 20
26946.278825631532
 11
95324.479190715224
 21
26957.783399207106
  0
LINE
  8
_0-b_道路斜線用－天空率
  6
CONTINUOUS
 62
  212
 10
95324.479190715224
 20
26957.783399207106
 11
95313.213398587104
 21
26969.520031944091
  0
LINE
  8
_0-b_道路斜線用－天空率
  6
CONTINUOUS
 62
  212
 10
95313.213398587104
 20
26969.520031944091
 11
95301.526738471642
 21
26981.493533070341
  0
LINE
  8
_0-b_道路斜線用－天空率
  6
CONTINUOUS
 62
  212
 10
95301.526738471642
 20
26981.493533070341
 11
95289.40004600874
 21
26993.708687226375
  0
LINE
  8
_0-b_道路斜線用－天空率
  6
CONTINUOUS
 62
  212
 10
95289.40004600874
 20
26993.708687226375
 11
95276.813199776661
 21
27006.1702348699
  0
LINE
  8
_0-b_道路斜線用－天空率
  6
CONTINUOUS
 62
  212
 10
95276.813199776661
 20
27006.1702348699
 11
95263.745076224746
 21
27018.88285008414
  0
LINE
  8
_0-b_道路斜線用－天空率
  6
CONTINUOUS
 62
  212
 10
95263.745076224746
 20
27018.88285008414
 11
95250.173503537604
 21
27031.851115520476
  0
LINE
  8
_0-b_道路斜線用－天空率
  6
CONTINUOUS
 62
  212
 10
95250.173503537604
 20
27031.851115520476
 11
95236.075214623546
 21
27045.079494184177
  0
LINE
  8
_0-b_道路斜線用－天空率
  6
CONTINUOUS
 62
  212
 10
95236.075214623546
 20
27045.079494184177
 11
95221.425799469812
 21
27058.572297749218
  0
LINE
  8
_0-b_道路斜線用－天空率
  6
CONTINUOUS
 62
  212
 10
95221.425799469812
 20
27058.572297749218
 11
95206.199657165183
 21
27072.333651065106
  0
LINE
  8
_0-b_道路斜線用－天空率
  6
CONTINUOUS
 62
  212
 10
95206.199657165183
 20
27072.333651065106
 11
95190.369947957675
 21
27086.367452495334
  0
LINE
  8
_0-b_道路斜線用－天空率
  6
CONTINUOUS
 62
  212
 10
95190.369947957675
 20
27086.367452495334
 11
95173.908545791971
 21
27100.677329704616
  0
LINE
  8
_0-b_道路斜線用－天空率
  6
CONTINUOUS
 62
  212
 10
95173.908545791971
 20
27100.677329704616
 11
95156.785991860437
 21
27115.266590489933
  0
LINE
  8
_0-b_道路斜線用－天空率
  6
CONTINUOUS
 62
  212
 10
95156.785991860437
 20
27115.266590489933
 11
95138.97144980164
 21
27130.138168230983
  0
LINE
  8
_0-b_道路斜線用－天空率
  6
CONTINUOUS
 62
  212
 10
95138.97144980164
 20
27130.138168230983
 11
95120.432663295898
 21
27145.294561518199
  0
LINE
  8
_0-b_道路斜線用－天空率
  6
CONTINUOUS
 62
  212
 10
95120.432663295898
 20
27145.294561518199
 11
95101.135916936123
 21
27160.73776750336
  0
LINE
  8
_0-b_道路斜線用－天空率
  6
CONTINUOUS
 62
  212
 10
95101.135916936123
 20
27160.73776750336
 11
95081.046001398048
 21
27176.469208510377
  0
LINE
  8
_0-b_道路斜線用－天空率
  6
CONTINUOUS
 62
  212
 10
95081.046001398048
 20
27176.469208510377
 11
95060.126184096196
 21
27192.489651442439
  0
LINE
  8
_0-b_道路斜線用－天空率
  6
CONTINUOUS
 62
  212
 10
95060.126184096196
 20
27192.489651442439
 11
95038.338186691791
 21
27208.79911953126
  0
LINE
  8
_0-b_道路斜線用－天空率
  6
CONTINUOUS
 62
  212
 10
95038.338186691791
 20
27208.79911953126
 11
95015.642171017228
 21
27225.396795993176
  0
LINE
  8
_0-b_道路斜線用－天空率
  6
CONTINUOUS
 62
  212
 10
95015.642171017228
 20
27225.396795993176
 11
94991.996735197302
 21
27242.280919192387
  0
LINE
  8
_0-b_道路斜線用－天空率
  6
CONTINUOUS
 62
  212
 10
94991.996735197302
 20
27242.280919192387
 11
94967.358921981955
 21
27259.448668963148
  0
LINE
  8
_0-b_道路斜線用－天空率
  6
CONTINUOUS
 62
  212
 10
94967.358921981955
 20
27259.448668963148
 11
94941.684241553637
 21
27276.896043816555
  0
LINE
  8
_0-b_道路斜線用－天空率
  6
CONTINUOUS
 62
  212
 10
94941.684241553637
 20
27276.896043816555
 11
94914.926711336709
 21
27294.617728857007
  0
LINE
  8
_0-b_道路斜線用－天空率
  6
CONTINUOUS
 62
  212
 10
94914.926711336709
 20
27294.617728857007
 11
94887.038915607903
 21
27312.606954361977
  0
LINE
  8
_0-b_道路斜線用－天空率
  6
CONTINUOUS
 62
  212
 10
94887.038915607903
 20
27312.606954361977
 11
94857.972087984555
 21
27330.855345143481
  0
LINE
  8
_0-b_道路斜線用－天空率
  6
CONTINUOUS
 62
  212
 10
94857.972087984555
 20
27330.855345143481
 11
94827.676220140216
 21
27349.352761013902
  0
LINE
  8
_0-b_道路斜線用－天空率
  6
CONTINUOUS
 62
  212
 10
94827.676220140216
 20
27349.352761013902
 11
94796.10020035789
 21
27368.087128928447
  0
LINE
  8
_0-b_道路斜線用－天空率
  6
CONTINUOUS
 62
  212
 10
94796.10020035789
 20
27368.087128928447
 11
94763.191985766316
 21
27387.0442676778
  0
LINE
  8
_0-b_道路斜線用－天空率
  6
CONTINUOUS
 62
  212
 10
94763.191985766316
 20
27387.0442676778
 11
94728.898812297135
 21
27406.207706359793
  0
LINE
  8
_0-b_道路斜線用－天空率
  6
CONTINUOUS
 62
  212
 10
94728.898812297135
 20
27406.207706359793
 11
94693.167446534498
 21
27425.558498275346
  0
LINE
  8
_0-b_道路斜線用－天空率
  6
CONTINUOUS
 62
  212
 10
94693.167446534498
 20
27425.558498275346
 11
94655.944483677973
 21
27445.075032370801
  0
LINE
  8
_0-b_道路斜線用－天空率
  6
CONTINUOUS
 62
  212
 10
94655.944483677973
 20
27445.075032370801
 11
94617.176695778762
 21
27464.732844889262
  0
LINE
  8
_0-b_道路斜線用－天空率
  6
CONTINUOUS
 62
  212
 10
94617.176695778762
 20
27464.732844889262
 11
94576.811434208619
 21
27484.504434493966
  0
LINE
  8
_0-b_道路斜線用－天空率
  6
CONTINUOUS
 62
  212
 10
94576.811434208619
 20
27484.504434493966
 11
94534.797089946048
 21
27504.359084781775
  0
LINE
  8
_0-b_道路斜線用－天空率
  6
CONTINUOUS
 62
  212
 10
94534.797089946048
 20
27504.359084781775
 11
94491.083614678456
 21
27524.262698803886
  0
LINE
  8
_0-b_道路斜線用－天空率
  6
CONTINUOUS
 62
  212
 10
94491.083614678456
 20
27524.262698803886
 11
94445.623104886777
 21
27544.177650937286
  0
LINE
  8
_0-b_道路斜線用－天空率
  6
CONTINUOUS
 62
  212
 10
94445.623104886777
 20
27544.177650937286
 11
94398.370449961468
 21
27564.062662182117
  0
LINE
  8
_0-b_道路斜線用－天空率
  6
CONTINUOUS
 62
  212
 10
94398.370449961468
 20
27564.062662182117
 11
94349.284043964697
 21
27583.872705664918
  0
LINE
  8
_0-b_道路斜線用－天空率
  6
CONTINUOUS
 62
  212
 10
94349.284043964697
 20
27583.872705664918
 11
94298.326558875633
 21
27603.558949767862
  0
LINE
  8
_0-b_道路斜線用－天空率
  6
CONTINUOUS
 62
  212
 10
94298.326558875633
 20
27603.558949767862
 11
94245.465775018266
 21
27623.068746831188
  0
LINE
  8
_0-b_道路斜線用－天空率
  6
CONTINUOUS
 62
  212
 10
94245.465775018266
 20
27623.068746831188
 11
94190.675461876977
 21
27642.345675734064
  0
LINE
  8
_0-b_道路斜線用－天空率
  6
CONTINUOUS
 62
  212
 10
94190.675461876977
 20
27642.345675734064
 11
94133.936299673223
 21
27661.329646785976
  0
LINE
  8
_0-b_道路斜線用－天空率
  6
CONTINUOUS
 62
  212
 10
94133.936299673223
 20
27661.329646785976
 11
94075.236828958601
 21
27679.957077187249
  0
LINE
  8
_0-b_道路斜線用－天空率
  6
CONTINUOUS
 62
  212
 10
94075.236828958601
 20
27679.957077187249
 11
94014.574412154746
 21
27698.161144776702
  0
LINE
  8
_0-b_道路斜線用－天空率
  6
CONTINUOUS
 62
  212
 10
94014.574412154746
 20
27698.161144776702
 11
93951.956187556788
 21
27715.872126809234
  0
LINE
  8
_0-b_道路斜線用－天空率
  6
CONTINUOUS
 62
  212
 10
93951.956187556788
 20
27715.872126809234
 11
93887.399992968741
 21
27733.017829043728
  0
LINE
  8
_0-b_道路斜線用－天空率
  6
CONTINUOUS
 62
  212
 10
93887.399992968741
 20
27733.017829043728
 11
93820.935233050709
 21
27749.5241084324
  0
LINE
  8
_0-b_道路斜線用－天空率
  6
CONTINUOUS
 62
  212
 10
93820.935233050709
 20
27749.5241084324
 11
93752.60366185267
 21
27765.315490176031
  0
LINE
  8
_0-b_道路斜線用－天空率
  6
CONTINUOUS
 62
  212
 10
93752.60366185267
 20
27765.315490176031
 11
93682.46005013927
 21
27780.315876866519
  0
LINE
  8
_0-b_道路斜線用－天空率
  6
CONTINUOUS
 62
  212
 10
93682.46005013927
 20
27780.315876866519
 11
93610.572706231047
 21
27794.4493439428
  0
LINE
  8
_0-b_道路斜線用－天空率
  6
CONTINUOUS
 62
  212
 10
93610.572706231047
 20
27794.4493439428
 11
93537.023819449721
 21
27807.64101184652
  0
LINE
  8
_0-b_道路斜線用－天空率
  6
CONTINUOUS
 62
  212
 10
93537.023819449721
 20
27807.64101184652
 11
93461.909597071207
 21
27819.817981239692
  0
LINE
  8
_0-b_道路斜線用－天空率
  6
CONTINUOUS
 62
  212
 10
93461.909597071207
 20
27819.817981239692
 11
93385.340169112925
 21
27830.910313639218
  0
LINE
  8
_0-b_道路斜線用－天空率
  6
CONTINUOUS
 62
  212
 10
93385.340169112925
 20
27830.910313639218
 11
93307.439240379113
 21
27840.852036075455
  0
LINE
  8
_0-b_道路斜線用－天空率
  6
CONTINUOUS
 62
  212
 10
93307.439240379113
 20
27840.852036075455
 11
93228.343475910587
 21
27849.582145157579
  0
LINE
  8
_0-b_道路斜線用－天空率
  6
CONTINUOUS
 62
  212
 10
93228.343475910587
 20
27849.582145157579
 11
93148.201614164383
 21
27857.045583495539
  0
LINE
  8
_0-b_道路斜線用－天空率
  6
CONTINUOUS
 62
  212
 10
93148.201614164383
 20
27857.045583495539
 11
93067.173311573016
 21
27863.194160037324
  0
LINE
  8
_0-b_道路斜線用－天空率
  6
CONTINUOUS
 62
  212
 10
93067.173311573016
 20
27863.194160037324
 11
92985.427732172131
 21
27867.987385732671
  0
LINE
  8
_0-b_道路斜線用－天空率
  6
CONTINUOUS
 62
  212
 10
92985.427732172131
 20
27867.987385732671
 11
92903.141906197168
 21
27871.393197164059
  0
LINE
  8
_0-b_道路斜線用－天空率
  6
CONTINUOUS
 62
  212
 10
92903.141906197168
 20
27871.393197164059
 11
92820.498891329538
 21
27873.388543434954
  0
LINE
  8
_0-b_道路斜線用－天空率
  6
CONTINUOUS
 62
  212
 10
92820.498891329538
 20
27873.388543434954
 11
92737.685778993225
 21
27873.959815609123
  0
LINE
  8
_0-b_道路斜線用－天空率
  6
CONTINUOUS
 62
  212
 10
92737.685778993225
 20
27873.959815609123
 11
92654.891595171255
 21
27873.10310318569
  0
LINE
  8
_0-b_道路斜線用－天空率
  6
CONTINUOUS
 62
  212
 10
92654.891595171255
 20
27873.10310318569
 11
92572.305150132408
 21
27870.824268199372
  0
LINE
  8
_0-b_道路斜線用－天空率
  6
CONTINUOUS
 62
  212
 10
92572.305150132408
 20
27870.824268199372
 11
92490.112893870478
 21
27867.138834207697
  0
LINE
  8
_0-b_道路斜線用－天空率
  6
CONTINUOUS
 62
  212
 10
92490.112893870478
 20
27867.138834207697
 11
92408.496833788944
 21
27862.071694264363
  0
LINE
  8
_0-b_道路斜線用－天空率
  6
CONTINUOUS
 62
  212
 10
92408.496833788944
 20
27862.071694264363
 11
92327.632568227796
 21
27855.656648567583
  0
LINE
  8
_0-b_道路斜線用－天空率
  6
CONTINUOUS
 62
  212
 10
92327.632568227796
 20
27855.656648567583
 11
92247.687484046677
 21
27847.935788420305
  0
LINE
  8
_0-b_道路斜線用－天空率
  6
CONTINUOUS
 62
  212
 10
92247.687484046677
 20
27847.935788420305
 11
92168.819159034872
 21
27838.958748110722
  0
LINE
  8
_0-b_道路斜線用－天空率
  6
CONTINUOUS
 62
  212
 10
92168.819159034872
 20
27838.958748110722
 11
92091.174000937782
 21
27828.781850065446
  0
LINE
  8
_0-b_道路斜線用－天空率
  6
CONTINUOUS
 62
  212
 10
92091.174000937782
 20
27828.781850065446
 11
92014.886144972595
 21
27817.467170993608
  0
LINE
  8
_0-b_道路斜線用－天空率
  6
CONTINUOUS
 62
  212
 10
92014.886144972595
 20
27817.467170993608
 11
91940.076621481726
 21
27805.081557688594
  0
LINE
  8
_0-b_道路斜線用－天空率
  6
CONTINUOUS
 62
  212
 10
91523.016841669552
 20
28739.295464467864
 11
91940.076621481726
 21
27805.081557688594
  0
LINE
  8
_0-b_道路斜線用－天空率
  6
CONTINUOUS
 62
  212
 10
95657.156365620714
 20
26724.443915637344
 11
95532.918493492747
 21
26693.522489685496
  0
CIRCLE
  8
_0-b_道路斜線用－天空率
  6
CONTINUOUS
 62
  212
 10
100745.96936279122
 20
25999.881817155335
 40
3000
  0
POINT
  8
_0-b_道路斜線用－天空率
 62
  212
 10
141530.00896086616
 20
67110.169491525419
  0
TEXT
  8
_0-b_道路斜線用－天空率
 62
  132
 10
141530.00896086616
 20
67110.169491525419
 40
500
 41
1
 50
0
  1
No.3
  0
TEXT
  8
_0-b_道路斜線用－天空率
 62
  132
 10
99370.96936279122
 20
22249.881817155335
 40
500
 41
1
 50
0
  1
測定点 No.3
  0
TEXT
  8
_0-b_道路斜線用－天空率
 62
  132
 10
97120.96936279122
 20
21499.881817155335
 40
500
 41
1
 50
0
  1
正射影 　測定面高さ = 0.000 m
  0
LINE
  8
_0-b_道路斜線用－天空率
  6
CONTINUOUS
 62
  132
 10
103472.45400505453
 20
26781.688707666591
 11
103629.75445060616
 21
26826.793884606333
  0
LINE
  8
_0-b_道路斜線用－天空率
  6
CONTINUOUS
 62
  132
 10
103407.48134047401
 20
26864.659480464262
 11
103599.13891167668
 21
26926.932800280177
  0
LINE
  8
_0-b_道路斜線用－天空率
  6
CONTINUOUS
 62
  132
 10
103338.08030657925
 20
26943.333044609858
 11
103565.04722514894
 21
27025.942247132341
  0
LINE
  8
_0-b_道路斜線用－天空率
  6
CONTINUOUS
 62
  132
 10
103265.01382136771
 20
27017.641842464956
 11
103527.52092649157
 21
27123.701597403065
  0
LINE
  8
_0-b_道路斜線用－天空率
  6
CONTINUOUS
 62
  132
 10
103188.96971979059
 20
27087.575654310454
 11
103486.60573571901
 21
27220.091746382742
  0
LINE
  8
_0-b_道路斜線用－天空率
  6
CONTINUOUS
 62
  132
 10
103110.60130914807
 20
27153.189877357501
 11
103442.35150168872
 21
27314.995257522572
  0
LINE
  8
_0-b_道路斜線用－天空率
  6
CONTINUOUS
 62
  132
 10
103030.46532294417
 20
27214.569865761211
 11
103394.81214136799
 21
27408.296505513011
  0
LINE
  8
_0-b_道路斜線用－天空率
  6
CONTINUOUS
 62
  132
 10
102949.11167366192
 20
27271.86662339959
 11
103344.04557414454
 21
27499.881817155335
  0
LINE
  8
_0-b_道路斜線用－天空率
  6
CONTINUOUS
 62
  132
 10
102866.96000923479
 20
27325.223867804277
 11
103290.1136512605
 21
27589.639609854952
  0
LINE
  8
_0-b_道路斜線用－天空率
  6
CONTINUOUS
 62
  132
 10
102784.4255095279
 20
27374.83784933903
 11
103233.08208045634
 21
27677.460527567574
  0
LINE
  8
_0-b_道路斜線用－天空率
  6
CONTINUOUS
 62
  132
 10
102701.8046911605
 20
27420.879360990955
 11
103173.02034591606
 21
27763.237574032758
  0
LINE
  8
_0-b_道路斜線用－天空率
  6
CONTINUOUS
 62
  132
 10
102619.43421229286
 20
27463.592975836549
 11
103110.00162361137
 21
27846.86624313231
  0
LINE
  8
_0-b_道路斜線用－天空率
  6
CONTINUOUS
 62
  132
 10
102537.41178998173
 20
27503.080497086226
 11
103044.10269214815
 21
27928.244646214956
  0
LINE
  8
_0-b_道路斜線用－天空率
  6
CONTINUOUS
 62
  132
 10
102456.01987896107
 20
27539.618217868268
 11
102975.40383922339
 21
28007.273636231911
  0
LINE
  8
_0-b_道路斜線用－天空率
  6
CONTINUOUS
 62
  132
 10
102375.36739630822
 20
27573.373207815428
 11
102903.98876380718
 21
28083.856928532328
  0
LINE
  8
_0-b_道路斜線用－天空率
  6
CONTINUOUS
 62
  132
 10
102295.5625307649
 20
27604.532516634844
 11
102829.94447416822
 21
28157.901218171286
  0
LINE
  8
_0-b_道路斜線用－天空率
  6
CONTINUOUS
 62
  132
 10
102216.70874132294
 20
27633.303377004769
 11
102753.36118186778
 21
28229.316293587522
  0
LINE
  8
_0-b_道路斜線用－天空率
  6
CONTINUOUS
 62
  132
 10
102138.70776204619
 20
27659.682808011348
 11
102674.33219185084
 21
28298.015146512272
  0
LINE
  8
_0-b_道路斜線用－天空率
  6
CONTINUOUS
 62
  132
 10
102061.78061344052
 20
27684.043416969438
 11
102592.9537887682
 21
28363.914077975503
  0
LINE
  8
_0-b_道路斜線用－天空率
  6
CONTINUOUS
 62
  132
 10
101985.78349756763
 20
27706.339577006212
 11
102509.32511966864
 21
28426.932800280177
  0
LINE
  8
_0-b_道路斜線用－天空率
  6
CONTINUOUS
 62
  132
 10
101910.85017028325
 20
27726.88863531265
 11
102423.54807320346
 21
28486.994534820463
  0
LINE
  8
_0-b_道路斜線用－天空率
  6
CONTINUOUS
 62
  132
 10
101836.82022850254
 20
27745.608123587509
 11
102335.72715549083
 21
28544.026105624619
  0
LINE
  8
_0-b_道路斜線用－天空率
  6
CONTINUOUS
 62
  132
 10
101763.73967373404
 20
27762.711706143487
 11
102245.96936279122
 21
28597.958028508652
  0
LINE
  8
_0-b_道路斜線用－天空率
  6
CONTINUOUS
 62
  132
 10
101691.58759753203
 20
27778.331057346473
 11
102154.38405114889
 21
28648.724595732121
  0
LINE
  8
_0-b_道路斜線用－天空率
  6
CONTINUOUS
 62
  132
 10
101620.30657172885
 20
27792.538755475878
 11
102061.08280315845
 21
28696.263956052836
  0
LINE
  8
_0-b_道路斜線用－天空率
  6
CONTINUOUS
 62
  132
 10
101549.8392968177
 20
27805.403250414779
 11
101966.17929201861
 21
28740.518190083137
  0
LINE
  8
_0-b_道路斜線用－天空率
  6
CONTINUOUS
 62
  132
 10
101480.12408839796
 20
27816.978526878039
 11
101869.78914303895
 21
28781.433380855698
  0
LINE
  8
_0-b_道路斜線用－天空率
  6
CONTINUOUS
 62
  132
 10
101411.09453186928
 20
27827.298200308268
 11
101772.02979276822
 21
28818.959679513056
  0
LINE
  8
_0-b_道路斜線用－天空率
  6
CONTINUOUS
 62
  132
 10
101342.71550134442
 20
27836.477583653413
 11
101673.02034591606
 21
28853.051366040788
  0
LINE
  8
_0-b_道路斜線用－天空率
  6
CONTINUOUS
 62
  132
 10
101274.92416921762
 20
27844.566449225862
 11
101572.88143024221
 21
28883.66690497029
  0
LINE
  8
_0-b_道路斜線用－天空率
  6
CONTINUOUS
 62
  132
 10
101207.65693761625
 20
27851.60953951396
 11
101471.73504959022
 21
28910.768995983322
  0
LINE
  8
_0-b_道路斜線用－天空率
  6
CONTINUOUS
 62
  132
 10
101140.84941800431
 20
27857.646414543341
 11
101369.70443524449
 21
28934.324619356753
  0
LINE
  8
_0-b_道路斜線用－天空率
  6
CONTINUOUS
 62
  132
 10
101074.43260353562
 20
27862.689422801711
 11
101266.91389579202
 21
28954.305076191962
  0
LINE
  8
_0-b_道路斜線用－天空率
  6
CONTINUOUS
 62
  132
 10
101008.34000323849
 20
27866.745928236421
 11
101163.4886656714
 21
28970.68602338005
  0
LINE
  8
_0-b_道路斜線用－天空率
  6
CONTINUOUS
 62
  132
 10
100942.51321429849
 20
27869.871651632103
 11
101059.55475259418
 21
28983.447503260151
  0
LINE
  8
_0-b_道路斜線用－天空率
  6
CONTINUOUS
 62
  132
 10
100876.88669729849
 20
27872.086925162431
 11
100955.23878402358
 21
28992.573967934811
  0
LINE
  8
_0-b_道路斜線用－天空率
  6
CONTINUOUS
 62
  132
 10
100811.39428456578
 20
27873.406448106834
 11
100850.66785289872
 21
28998.054298212628
  0
LINE
  8
_0-b_道路斜線用－天空率
  6
CONTINUOUS
 62
  132
 10
100745.96936279122
 20
27873.839200657675
 11
100745.96936279122
 21
28999.881817155335
  0
LINE
  8
_0-b_道路斜線用－天空率
  6
CONTINUOUS
 62
  132
 10
100680.54507165531
 20
27873.388388978219
 11
100641.27087268371
 21
28998.054298212628
  0
LINE
  8
_0-b_道路斜線用－天空率
  6
CONTINUOUS
 62
  132
 10
100615.05451080606
 20
27872.05142344196
 11
100536.69994155885
 21
28992.573967934811
  0
LINE
  8
_0-b_道路斜線用－天空率
  6
CONTINUOUS
 62
  132
 10
100549.43094736582
 20
27869.819930767971
 11
100432.38397298826
 21
28983.447503260151
  0
LINE
  8
_0-b_道路斜線用－天空率
  6
CONTINUOUS
 62
  132
 10
100483.60801612742
 20
27866.679799530731
 11
100328.45005991103
 21
28970.68602338005
  0
LINE
  8
_0-b_道路斜線用－天空率
  6
CONTINUOUS
 62
  132
 10
100417.51990473378
 20
27862.611257299726
 11
100225.02482979043
 21
28954.305076191962
  0
LINE
  8
_0-b_道路斜線用－天空率
  6
CONTINUOUS
 62
  132
 10
100351.10151641402
 20
27857.588976486385
 11
100122.23429033794
 21
28934.324619356753
  0
LINE
  8
_0-b_道路斜線用－天空率
  6
CONTINUOUS
 62
  132
 10
100284.28860325748
 20
27851.582204873535
 11
100020.20367599221
 21
28910.768995983322
  0
LINE
  8
_0-b_道路斜線用－天空率
  6
CONTINUOUS
 62
  132
 10
100217.01786352157
 20
27844.554915799606
 11
99919.057295340229
 21
28883.66690497029
  0
LINE
  8
_0-b_道路斜線用－天空率
  6
CONTINUOUS
 62
  132
 10
100149.22699706477
 20
27836.465972086636
 11
99818.918379666371
 21
28853.051366040803
  0
LINE
  8
_0-b_道路斜線用－天空率
  6
CONTINUOUS
 62
  132
 10
100080.85471363943
 20
27827.269297048336
 11
99719.908932814214
 21
28818.959679513056
  0
LINE
  8
_0-b_道路斜線用－天空率
  6
CONTINUOUS
 62
  132
 10
100011.84068943449
 20
27816.914045296514
 11
99622.149582543483
 21
28781.433380855698
  0
LINE
  8
_0-b_道路斜線用－天空率
  6
CONTINUOUS
 62
  132
 10
99942.125467892066
 20
27805.34476557725
 11
99525.759433563827
 21
28740.518190083137
  0
LINE
  8
_0-b_道路斜線用－天空率
  6
CONTINUOUS
 62
  132
 10
99871.65030139609
 20
27792.501547499763
 11
99430.855922423987
 21
28696.263956052836
  0
LINE
  8
_0-b_道路斜線用－天空率
  6
CONTINUOUS
 62
  132
 10
99800.356930911555
 20
27778.320143751909
 11
99337.554674433544
 21
28648.724595732121
  0
LINE
  8
_0-b_道路斜線用－天空率
  6
CONTINUOUS
 62
  132
 10
99728.187301005251
 20
27762.732059200847
 11
99245.96936279122
 21
28597.958028508652
  0
LINE
  8
_0-b_道路斜線用－天空率
  6
CONTINUOUS
 62
  132
 10
99655.083207873962
 20
27745.664598122242
 11
99156.211570091603
 21
28544.026105624619
  0
LINE
  8
_0-b_道路斜線用－天空率
  6
CONTINUOUS
 62
  132
 10
99581.119279468926
 20
27726.843084857773
 11
99068.390652378977
 21
28486.994534820463
  0
LINE
  8
_0-b_道路斜線用－天空率
  6
CONTINUOUS
 62
  132
 10
99506.151438863642
 20
27706.344792325377
 11
98982.613605913793
 21
28426.932800280177
  0
LINE
  8
_0-b_道路斜線用－天空率
  6
CONTINUOUS
 62
  132
 10
99430.148400821286
 20
27684.055846892999
 11
98898.984936814245
 21
28363.914077975503
  0
LINE
  8
_0-b_道路斜線用－天空率
  6
CONTINUOUS
 62
  132
 10
99353.232056832901
 20
27659.681505071137
 11
98817.606533731595
 21
28298.015146512272
  0
TEXT
  8
_0-b_道路斜線用－天空率
 62
  132
 10
98745.96936279122
 20
20749.881817155335
 40
500
 41
1
 50
0
  1
天空率 = 84.23 %
  0
LINE
  8
_0-b_道路斜線用－天空率
  6
CONTINUOUS
 62
  212
 10
103483.55574783704
 20
26766.406004968164
 11
103478.59682503128
 21
26773.280311004011
  0
LINE
  8
_0-b_道路斜線用－天空率
  6
CONTINUOUS
 62
  212
 10
103478.59682503128
 20
26773.280311004011
 11
103473.50279604061
 21
26780.26605534966
  0
LINE
  8
_0-b_道路斜線用－天空率
  6
CONTINUOUS
 62
  212
 10
103473.50279604061
 20
26780.26605534966
 11
103468.26897384562
 21
26787.365572194117
  0
LINE
  8
_0-b_道路斜線用－天空率
  6
CONTINUOUS
 62
  212
 10
103468.26897384562
 20
26787.365572194117
 11
103462.89047952552
 21
26794.581243800123
  0
LINE
  8
_0-b_道路斜線用－天空率
  6
CONTINUOUS
 62
  212
 10
103462.89047952552
 20
26794.581243800123
 11
103457.36223354146
 21
26801.915500638664
  0
LINE
  8
_0-b_道路斜線用－天空率
  6
CONTINUOUS
 62
  212
 10
103457.36223354146
 20
26801.915500638664
 11
103451.67894661103
 21
26809.370821410469
  0
LINE
  8
_0-b_道路斜線用－天空率
  6
CONTINUOUS
 62
  212
 10
103451.67894661103
 20
26809.370821410469
 11
103445.83511015714
 21
26816.949732940167
  0
LINE
  8
_0-b_道路斜線用－天空率
  6
CONTINUOUS
 62
  212
 10
103445.83511015714
 20
26816.949732940167
 11
103439.82498631384
 21
26824.654809927313
  0
LINE
  8
_0-b_道路斜線用－天空率
  6
CONTINUOUS
 62
  212
 10
103439.82498631384
 20
26824.654809927313
 11
103433.64259747153
 21
26832.488674537147
  0
LINE
  8
_0-b_道路斜線用－天空率
  6
CONTINUOUS
 62
  212
 10
103433.64259747153
 20
26832.488674537147
 11
103427.28171534367
 21
26840.453995811971
  0
LINE
  8
_0-b_道路斜線用－天空率
  6
CONTINUOUS
 62
  212
 10
103427.28171534367
 20
26840.453995811971
 11
103420.73584953747
 21
26848.553488882284
  0
LINE
  8
_0-b_道路斜線用－天空率
  6
CONTINUOUS
 62
  212
 10
103420.73584953747
 20
26848.553488882284
 11
103413.99823561101
 21
26856.789913955093
  0
LINE
  8
_0-b_道路斜線用－天空率
  6
CONTINUOUS
 62
  212
 10
103413.99823561101
 20
26856.789913955093
 11
103407.061822599
 21
26865.166075054126
  0
LINE
  8
_0-b_道路斜線用－天空率
  6
CONTINUOUS
 62
  212
 10
103407.061822599
 20
26865.166075054126
 11
103399.91925999133
 21
26873.68481848474
  0
LINE
  8
_0-b_道路斜線用－天空率
  6
CONTINUOUS
 62
  212
 10
103399.91925999133
 20
26873.68481848474
 11
103392.56288414698
 21
26882.349030993656
  0
LINE
  8
_0-b_道路斜線用－天空率
  6
CONTINUOUS
 62
  212
 10
103392.56288414698
 20
26882.349030993656
 11
103384.98470412916
 21
26891.16163759071
  0
LINE
  8
_0-b_道路斜線用－天空率
  6
CONTINUOUS
 62
  212
 10
103384.98470412916
 20
26891.16163759071
 11
103377.176386947
 21
26900.125598997045
  0
LINE
  8
_0-b_道路斜線用－天空率
  6
CONTINUOUS
 62
  212
 10
103377.176386947
 20
26900.125598997045
 11
103369.1292421918
 21
26909.243908680866
  0
LINE
  8
_0-b_道路斜線用－天空率
  6
CONTINUOUS
 62
  212
 10
103369.1292421918
 20
26909.243908680866
 11
103360.83420605678
 21
26918.519589438234
  0
LINE
  8
_0-b_道路斜線用－天空率
  6
CONTINUOUS
 62
  212
 10
103360.83420605678
 20
26918.519589438234
 11
103352.28182473313
 21
26927.955689472913
  0
LINE
  8
_0-b_道路斜線用－天空率
  6
CONTINUOUS
 62
  212
 10
103352.28182473313
 20
26927.955689472913
 11
103343.4622371762
 21
26937.555277925061
  0
LINE
  8
_0-b_道路斜線用－天空率
  6
CONTINUOUS
 62
  212
 10
103343.4622371762
 20
26937.555277925061
 11
103334.36515724108
 21
26947.321439794188
  0
LINE
  8
_0-b_道路斜線用－天空率
  6
CONTINUOUS
 62
  212
 10
103334.36515724108
 20
26947.321439794188
 11
103324.9798551895
 21
26957.257270197464
  0
LINE
  8
_0-b_道路斜線用－天空率
  6
CONTINUOUS
 62
  212
 10
103324.9798551895
 20
26957.257270197464
 11
103315.29513857616
 21
26967.365867899185
  0
LINE
  8
_0-b_道路斜線用－天空率
  6
CONTINUOUS
 62
  212
 10
103315.29513857616
 20
26967.365867899185
 11
103305.29933252737
 21
26977.650328042283
  0
LINE
  8
_0-b_道路斜線用－天空率
  6
CONTINUOUS
 62
  212
 10
103305.29933252737
 20
26977.650328042283
 11
103294.98025943253
 21
26988.113734007049
  0
LINE
  8
_0-b_道路斜線用－天空率
  6
CONTINUOUS
 62
  212
 10
103294.98025943253
 20
26988.113734007049
 11
103284.32521807675
 21
26998.759148316345
  0
LINE
  8
_0-b_道路斜線用－天空率
  6
CONTINUOUS
 62
  212
 10
103284.32521807675
 20
26998.759148316345
 11
103273.32096225168
 21
27009.58960250076
  0
LINE
  8
_0-b_道路斜線用－天空率
  6
CONTINUOUS
 62
  212
 10
103273.32096225168
 20
27009.58960250076
 11
103261.95367889299
 21
27020.60808583019
  0
LINE
  8
_0-b_道路斜線用－天空率
  6
CONTINUOUS
 62
  212
 10
103261.95367889299
 20
27020.60808583019
 11
103250.20896580471
 21
27031.817532812227
  0
LINE
  8
_0-b_道路斜線用－天空率
  6
CONTINUOUS
 62
  212
 10
103250.20896580471
 20
27031.817532812227
 11
103238.07180904486
 21
27043.220809350474
  0
LINE
  8
_0-b_道路斜線用－天空率
  6
CONTINUOUS
 62
  212
 10
103238.07180904486
 20
27043.220809350474
 11
103225.52656006252
 21
27054.820697448951
  0
LINE
  8
_0-b_道路斜線用－天空率
  6
CONTINUOUS
 62
  212
 10
103225.52656006252
 20
27054.820697448951
 11
103212.5569126954
 21
27066.619878341622
  0
LINE
  8
_0-b_道路斜線用－天空率
  6
CONTINUOUS
 62
  212
 10
103212.5569126954
 20
27066.619878341622
 11
103199.14588015669
 21
27078.620913918995
  0
LINE
  8
_0-b_道路斜線用－天空率
  6
CONTINUOUS
 62
  212
 10
103199.14588015669
 20
27078.620913918995
 11
103185.27577216406
 21
27090.826226316494
  0
LINE
  8
_0-b_道路斜線用－天空率
  6
CONTINUOUS
 62
  212
 10
103185.27577216406
 20
27090.826226316494
 11
103170.9281723897
 21
27103.238075522644
  0
LINE
  8
_0-b_道路斜線用－天空率
  6
CONTINUOUS
 62
  212
 10
103170.9281723897
 20
27103.238075522644
 11
103156.08391643936
 21
27115.858534858693
  0
LINE
  8
_0-b_道路斜線用－天空率
  6
CONTINUOUS
 62
  212
 10
103156.08391643936
 20
27115.858534858693
 11
103140.72307060228
 21
27128.689464175327
  0
LINE
  8
_0-b_道路斜線用－天空率
  6
CONTINUOUS
 62
  212
 10
103140.72307060228
 20
27128.689464175327
 11
103124.82491164952
 21
27141.732480607322
  0
LINE
  8
_0-b_道路斜線用－天空率
  6
CONTINUOUS
 62
  212
 10
103124.82491164952
 20
27141.732480607322
 11
103108.36790799994
 21
27154.988926723068
  0
LINE
  8
_0-b_道路斜線用－天空率
  6
CONTINUOUS
 62
  212
 10
103108.36790799994
 20
27154.988926723068
 11
103091.32970261698
 21
27168.4598359035
  0
LINE
  8
_0-b_道路斜線用－天空率
  6
CONTINUOUS
 62
  212
 10
103091.32970261698
 20
27168.4598359035
 11
103073.68709805037
 21
27182.14589478464
  0
LINE
  8
_0-b_道路斜線用－天空率
  6
CONTINUOUS
 62
  212
 10
103073.68709805037
 20
27182.14589478464
 11
103055.41604408968
 21
27196.047402599411
  0
LINE
  8
_0-b_道路斜線用－天空率
  6
CONTINUOUS
 62
  212
 10
103055.41604408968
 20
27196.047402599411
 11
103036.49162855654
 21
27210.164227259723
  0
LINE
  8
_0-b_道路斜線用－天空率
  6
CONTINUOUS
 62
  212
 10
103036.49162855654
 20
27210.164227259723
 11
103016.88807182588
 21
27224.495758027354
  0
LINE
  8
_0-b_道路斜線用－天空率
  6
CONTINUOUS
 62
  212
 10
103016.88807182588
 20
27224.495758027354
 11
102996.57872573508
 21
27239.040854635015
  0
LINE
  8
_0-b_道路斜線用－天空率
  6
CONTINUOUS
 62
  212
 10
102996.57872573508
 20
27239.040854635015
 11
102975.53607761369
 21
27253.797792736178
  0
LINE
  8
_0-b_道路斜線用－天空率
  6
CONTINUOUS
 62
  212
 10
102975.53607761369
 20
27253.797792736178
 11
102953.73176024275
 21
27268.764205585375
  0
LINE
  8
_0-b_道路斜線用－天空率
  6
CONTINUOUS
 62
  212
 10
102953.73176024275
 20
27268.764205585375
 11
102931.13656863497
 21
27283.937021880752
  0
LINE
  8
_0-b_道路斜線用－天空率
  6
CONTINUOUS
 62
  212
 10
102931.13656863497
 20
27283.937021880752
 11
102907.72048460994
 21
27299.312399738482
  0
LINE
  8
_0-b_道路斜線用－天空率
  6
CONTINUOUS
 62
  212
 10
102907.72048460994
 20
27299.312399738482
 11
102883.45271022411
 21
27314.885656815444
  0
LINE
  8
_0-b_道路斜線用－天空率
  6
CONTINUOUS
 62
  212
 10
102883.45271022411
 20
27314.885656815444
 11
102858.30171120085
 21
27330.651196653401
  0
LINE
  8
_0-b_道路斜線用－天空率
  6
CONTINUOUS
 62
  212
 10
102858.30171120085
 20
27330.651196653401
 11
102832.23527158932
 21
27346.602431386385
  0
LINE
  8
_0-b_道路斜線用－天空率
  6
CONTINUOUS
 62
  212
 10
102832.23527158932
 20
27346.602431386385
 11
102805.22056095929
 21
27362.731701033841
  0
LINE
  8
_0-b_道路斜線用－天空率
  6
CONTINUOUS
 62
  212
 10
102805.22056095929
 20
27362.731701033841
 11
102777.22421551145
 21
27379.030189696572
  0
LINE
  8
_0-b_道路斜線用－天空率
  6
CONTINUOUS
 62
  212
 10
102777.22421551145
 20
27379.030189696572
 11
102748.21243454236
 21
27395.487839082306
  0
LINE
  8
_0-b_道路斜線用－天空率
  6
CONTINUOUS
 62
  212
 10
102748.21243454236
 20
27395.487839082306
 11
102718.15109374833
 21
27412.093259912831
  0
LINE
  8
_0-b_道路斜線用－天空率
  6
CONTINUOUS
 62
  212
 10
102718.15109374833
 20
27412.093259912831
 11
102687.00587687607
 21
27428.833641906341
  0
LINE
  8
_0-b_道路斜線用－天空率
  6
CONTINUOUS
 62
  212
 10
102687.00587687607
 20
27428.833641906341
 11
102654.74242722612
 21
27445.694663187408
  0
LINE
  8
_0-b_道路斜線用－天空率
  6
CONTINUOUS
 62
  212
 10
102654.74242722612
 20
27445.694663187408
 11
102621.32652047867
 21
27462.660400151537
  0
LINE
  8
_0-b_道路斜線用－天空率
  6
CONTINUOUS
 62
  212
 10
102621.32652047867
 20
27462.660400151537
 11
102586.72426023561
 21
27479.713239002649
  0
LINE
  8
_0-b_道路斜線用－天空率
  6
CONTINUOUS
 62
  212
 10
102586.72426023561
 20
27479.713239002649
 11
102550.90229754731
 21
27496.833790385971
  0
LINE
  8
_0-b_道路斜線用－天空率
  6
CONTINUOUS
 62
  212
 10
102550.90229754731
 20
27496.833790385971
 11
102513.82807551158
 21
27514.000808755838
  0
LINE
  8
_0-b_道路斜線用－天空率
  6
CONTINUOUS
 62
  212
 10
102513.82807551158
 20
27514.000808755838
 11
102475.47009978404
 21
27531.191118341415
  0
LINE
  8
_0-b_道路斜線用－天空率
  6
CONTINUOUS
 62
  212
 10
102475.47009978404
 20
27531.191118341415
 11
102435.79823551897
 21
27548.379547800403
  0
LINE
  8
_0-b_道路斜線用－天空率
  6
CONTINUOUS
 62
  212
 10
102435.79823551897
 20
27548.379547800403
 11
102394.78403085497
 21
27565.538875873266
  0
LINE
  8
_0-b_道路斜線用－天空率
  6
CONTINUOUS
 62
  212
 10
102394.78403085497
 20
27565.538875873266
 11
102352.4010665686
 21
27582.639790561268
  0
LINE
  8
_0-b_道路斜線用－天空率
  6
CONTINUOUS
 62
  212
 10
102352.4010665686
 20
27582.639790561268
 11
102308.62533093223
 21
27599.650864539693
  0
LINE
  8
_0-b_道路斜線用－天空率
  6
CONTINUOUS
 62
  212
 10
102308.62533093223
 20
27599.650864539693
 11
102263.43561813017
 21
27616.538549672543
  0
LINE
  8
_0-b_道路斜線用－天空率
  6
CONTINUOUS
 62
  212
 10
102263.43561813017
 20
27616.538549672543
 11
102216.81394780885
 21
27633.267193602045
  0
LINE
  8
_0-b_道路斜線用－天空率
  6
CONTINUOUS
 62
  212
 10
102216.81394780885
 20
27633.267193602045
 11
102168.74600246886
 21
27649.799081432855
  0
LINE
  8
_0-b_道路斜線用－天空率
  6
CONTINUOUS
 62
  212
 10
102168.74600246886
 20
27649.799081432855
 11
102119.22157845868
 21
27666.094505498527
  0
LINE
  8
_0-b_道路斜線用－天空率
  6
CONTINUOUS
 62
  212
 10
102119.22157845868
 20
27666.094505498527
 11
102068.23504532044
 21
27682.111866074057
  0
LINE
  8
_0-b_道路斜線用－天空率
  6
CONTINUOUS
 62
  212
 10
102068.23504532044
 20
27682.111866074057
 11
102015.78580718883
 21
27697.807805664149
  0
LINE
  8
_0-b_道路斜線用－天空率
  6
CONTINUOUS
 62
  212
 10
102015.78580718883
 20
27697.807805664149
 11
101961.87875888923
 21
27713.137379141153
  0
LINE
  8
_0-b_道路斜線用－天空率
  6
CONTINUOUS
 62
  212
 10
101961.87875888923
 20
27713.137379141153
 11
101906.52472835681
 21
27728.054261515739
  0
LINE
  8
_0-b_道路斜線用－天空率
  6
CONTINUOUS
 62
  212
 10
101906.52472835681
 20
27728.054261515739
 11
101849.7408960546
 21
27742.510994490679
  0
LINE
  8
_0-b_道路斜線用－天空率
  6
CONTINUOUS
 62
  212
 10
101849.7408960546
 20
27742.510994490679
 11
101791.55118125362
 21
27756.459272172196
  0
LINE
  8
_0-b_道路斜線用－天空率
  6
CONTINUOUS
 62
  212
 10
101791.55118125362
 20
27756.459272172196
 11
101731.98658441531
 21
27769.850265396722
  0
LINE
  8
_0-b_道路斜線用－天空率
  6
CONTINUOUS
 62
  212
 10
101731.98658441531
 20
27769.850265396722
 11
101671.08547453956
 21
27782.634983089214
  0
LINE
  8
_0-b_道路斜線用－天空率
  6
CONTINUOUS
 62
  212
 10
101671.08547453956
 20
27782.634983089214
 11
101608.89381027496
 21
27794.764667921524
  0
LINE
  8
_0-b_道路斜線用－天空率
  6
CONTINUOUS
 62
  212
 10
101608.89381027496
 20
27794.764667921524
 11
101545.46528388043
 21
27806.191222319648
  0
LINE
  8
_0-b_道路斜線用－天空率
  6
CONTINUOUS
 62
  212
 10
101545.46528388043
 20
27806.191222319648
 11
101480.86137782786
 21
27816.867659615752
  0
LINE
  8
_0-b_道路斜線用－天空率
  6
CONTINUOUS
 62
  212
 10
101480.86137782786
 20
27816.867659615752
 11
101415.15132497128
 21
27826.748573906912
  0
LINE
  8
_0-b_道路斜線用－天空率
  6
CONTINUOUS
 62
  212
 10
101415.15132497128
 20
27826.748573906912
 11
101348.41196479259
 21
27835.790621021875
  0
LINE
  8
_0-b_道路斜線用－天空率
  6
CONTINUOUS
 62
  212
 10
101348.41196479259
 20
27835.790621021875
 11
101280.72749025681
 21
27843.953001973557
  0
LINE
  8
_0-b_道路斜線用－天空率
  6
CONTINUOUS
 62
  212
 10
101280.72749025681
 20
27843.953001973557
 11
101212.18908223332
 21
27851.197939449069
  0
LINE
  8
_0-b_道路斜線用－天空率
  6
CONTINUOUS
 62
  212
 10
101212.18908223332
 20
27851.197939449069
 11
101142.89443120274
 21
27857.491137321288
  0
LINE
  8
_0-b_道路斜線用－天空率
  6
CONTINUOUS
 62
  212
 10
101142.89443120274
 20
27857.491137321288
 11
101072.94714898106
 21
27862.802212908343
  0
LINE
  8
_0-b_道路斜線用－天空率
  6
CONTINUOUS
 62
  212
 10
101072.94714898106
 20
27862.802212908343
 11
101002.4560763413
 21
27867.105091799941
  0
LINE
  8
_0-b_道路斜線用－天空率
  6
CONTINUOUS
 62
  212
 10
101002.4560763413
 20
27867.105091799941
 11
100931.53449556716
 21
27870.378355536719
  0
LINE
  8
_0-b_道路斜線用－天空率
  6
CONTINUOUS
 62
  212
 10
100931.53449556716
 20
27870.378355536719
 11
100860.29925999026
 21
27872.60553327568
  0
LINE
  8
_0-b_道路斜線用－天空率
  6
CONTINUOUS
 62
  212
 10
100860.29925999026
 20
27872.60553327568
 11
100788.8698552965
 21
27873.775329786225
  0
LINE
  8
_0-b_道路斜線用－天空率
  6
CONTINUOUS
 62
  212
 10
100788.8698552965
 20
27873.775329786225
 11
100717.36740970052
 21
27873.881783657601
  0
LINE
  8
_0-b_道路斜線用－天空率
  6
CONTINUOUS
 62
  212
 10
100717.36740970052
 20
27873.881783657601
 11
100645.9136718591
 21
27872.924351404661
  0
LINE
  8
_0-b_道路斜線用－天空率
  6
CONTINUOUS
 62
  212
 10
100645.9136718591
 20
27872.924351404661
 11
100574.6299765274
 21
27870.907915156341
  0
LINE
  8
_0-b_道路斜線用－天空率
  6
CONTINUOUS
 62
  212
 10
100574.6299765274
 20
27870.907915156341
 11
100503.63621839633
 21
27867.842713714526
  0
LINE
  8
_0-b_道路斜線用－天空率
  6
CONTINUOUS
 62
  212
 10
100503.63621839633
 20
27867.842713714526
 11
100433.04985425932
 21
27863.744198883534
  0
LINE
  8
_0-b_道路斜線用－天空率
  6
CONTINUOUS
 62
  212
 10
100433.04985425932
 20
27863.744198883534
 11
100362.98495265906
 21
27858.632820996695
  0
LINE
  8
_0-b_道路斜線用－天空率
  6
CONTINUOUS
 62
  212
 10
100362.98495265906
 20
27858.632820996695
 11
100293.55130851485
 21
27852.533749417056
  0
LINE
  8
_0-b_道路斜線用－天空率
  6
CONTINUOUS
 62
  212
 10
100293.55130851485
 20
27852.533749417056
 11
100224.85363801629
 21
27845.476535385205
  0
LINE
  8
_0-b_道路斜線用－天空率
  6
CONTINUOUS
 62
  212
 10
100224.85363801629
 20
27845.476535385205
 11
100156.99086640932
 21
27837.494725866883
  0
LINE
  8
_0-b_道路斜線用－天空率
  6
CONTINUOUS
 62
  212
 10
100156.99086640932
 20
27837.494725866883
 11
100090.05551832747
 21
27828.625437975129
  0
LINE
  8
_0-b_道路斜線用－天空率
  6
CONTINUOUS
 62
  212
 10
100090.05551832747
 20
27828.625437975129
 11
100024.13321718425
 21
27818.908904084913
  0
LINE
  8
_0-b_道路斜線用－天空率
  6
CONTINUOUS
 62
  212
 10
100024.13321718425
 20
27818.908904084913
 11
99959.302296980429
 21
27808.387997924546
  0
LINE
  8
_0-b_道路斜線用－天空率
  6
CONTINUOUS
 62
  212
 10
99959.302296980429
 20
27808.387997924546
 11
99895.633526831981
 21
27797.107751737574
  0
LINE
  8
_0-b_道路斜線用－天空率
  6
CONTINUOUS
 62
  212
 10
99895.633526831981
 20
27797.107751737574
 11
99833.189945702906
 21
27785.114874099395
  0
LINE
  8
_0-b_道路斜線用－天空率
  6
CONTINUOUS
 62
  212
 10
99833.189945702906
 20
27785.114874099395
 11
99772.026802330467
 21
27772.457277193916
  0
LINE
  8
_0-b_道路斜線用－天空率
  6
CONTINUOUS
 62
  212
 10
99772.026802330467
 20
27772.457277193916
 11
99712.191593222669
 21
27759.183621366548
  0
LINE
  8
_0-b_道路斜線用－天空率
  6
CONTINUOUS
 62
  212
 10
99712.191593222669
 20
27759.183621366548
 11
99653.724189935193
 21
27745.342883631597
  0
LINE
  8
_0-b_道路斜線用－天空率
  6
CONTINUOUS
 62
  212
 10
99653.724189935193
 20
27745.342883631597
 11
99596.657045608299
 21
27730.9839555881
  0
LINE
  8
_0-b_道路斜線用－天空率
  6
CONTINUOUS
 62
  212
 10
99596.657045608299
 20
27730.9839555881
 11
99541.015469959835
 21
27716.155274944729
  0
LINE
  8
_0-b_道路斜線用－天空率
  6
CONTINUOUS
 62
  212
 10
99541.015469959835
 20
27716.155274944729
 11
99486.817961558568
 21
27700.904493624693
  0
LINE
  8
_0-b_道路斜線用－天空率
  6
CONTINUOUS
 62
  212
 10
99486.817961558568
 20
27700.904493624693
 11
99434.076586201685
 21
27685.278184256254
  0
LINE
  8
_0-b_道路斜線用－天空率
  6
CONTINUOUS
 62
  212
 10
99434.076586201685
 20
27685.278184256254
 11
99382.79739053914
 21
27669.321585790032
  0
LINE
  8
_0-b_道路斜線用－天空率
  6
CONTINUOUS
 62
  212
 10
99382.79739053914
 20
27669.321585790032
 11
99332.980840666728
 21
27653.07838804099
  0
LINE
  8
_0-b_道路斜線用－天空率
  6
CONTINUOUS
 62
  212
 10
99332.980840666728
 20
27653.07838804099
 11
99284.622276190275
 21
27636.590554148402
  0
LINE
  8
_0-b_道路斜線用－天空率
  6
CONTINUOUS
 62
  212
 10
98747.922054864655
 20
28237.694802033081
 11
99284.622276190275
 21
27636.590554148402
  0
LINE
  8
_0-b_道路斜線用－天空率
  6
CONTINUOUS
 62
  212
 10
103634.86142193376
 20
26808.771593715242
 11
103483.55574783704
 21
26766.406004968164
  0
CIRCLE
  8
_0-b_道路斜線用－天空率
  6
CONTINUOUS
 62
  212
 10
108745.96936279122
 20
25999.881817155335
 40
3000
  0
POINT
  8
_0-b_道路斜線用－天空率
 62
  212
 10
144030.00896086616
 20
67110.169491525419
  0
TEXT
  8
_0-b_道路斜線用－天空率
 62
  132
 10
144030.00896086616
 20
67110.169491525419
 40
500
 41
1
 50
0
  1
No.4
  0
TEXT
  8
_0-b_道路斜線用－天空率
 62
  132
 10
107370.96936279122
 20
22249.881817155335
 40
500
 41
1
 50
0
  1
測定点 No.4
  0
TEXT
  8
_0-b_道路斜線用－天空率
 62
  132
 10
105120.96936279122
 20
21499.881817155335
 40
500
 41
1
 50
0
  1
正射影 　測定面高さ = 0.000 m
  0
LINE
  8
_0-b_道路斜線用－天空率
  6
CONTINUOUS
 62
  132
 10
111407.4766464334
 20
26864.657955278016
 11
111599.13891167668
 21
26926.932800280177
  0
LINE
  8
_0-b_道路斜線用－天空率
  6
CONTINUOUS
 62
  132
 10
111338.08250404986
 20
26943.333844423752
 11
111565.04722514894
 21
27025.942247132341
  0
LINE
  8
_0-b_道路斜線用－天空率
  6
CONTINUOUS
 62
  132
 10
111265.01380859308
 20
27017.641837303675
 11
111527.52092649159
 21
27123.701597403065
  0
LINE
  8
_0-b_道路斜線用－天空率
  6
CONTINUOUS
 62
  132
 10
111188.97447278028
 20
27087.577770477808
 11
111486.60573571901
 21
27220.091746382742
  0
LINE
  8
_0-b_道路斜線用－天空率
  6
CONTINUOUS
 62
  132
 10
111110.59392419757
 20
27153.186275476469
 11
111442.35150168872
 21
27314.995257522572
  0
LINE
  8
_0-b_道路斜線用－天空率
  6
CONTINUOUS
 62
  132
 10
111030.47953612112
 20
27214.577423041442
 11
111394.81214136799
 21
27408.296505513011
  0
LINE
  8
_0-b_道路斜線用－天空率
  6
CONTINUOUS
 62
  132
 10
110949.10878734804
 20
27271.864956985496
 11
111344.04557414454
 21
27499.881817155335
  0
LINE
  8
_0-b_道路斜線用－天空率
  6
CONTINUOUS
 62
  132
 10
110866.98969131536
 20
27325.242415226726
 11
111290.1136512605
 21
27589.639609854952
  0
LINE
  8
_0-b_道路斜線用－天空率
  6
CONTINUOUS
 62
  132
 10
110784.42391426274
 20
27374.836773319089
 11
111233.08208045634
 21
27677.460527567574
  0
LINE
  8
_0-b_道路斜線用－天空率
  6
CONTINUOUS
 62
  132
 10
110701.81415051937
 20
27420.886233617464
 11
111173.02034591605
 21
27763.237574032758
  0
LINE
  8
_0-b_道路斜線用－天空率
  6
CONTINUOUS
 62
  132
 10
110619.43271898574
 20
27463.591809137153
 11
111110.00162361137
 21
27846.86624313231
  0
LINE
  8
_0-b_道路斜線用－天空率
  6
CONTINUOUS
 62
  132
 10
110537.41624442845
 20
27503.084234810819
 11
111044.10269214815
 21
27928.244646214956
  0
LINE
  8
_0-b_道路斜線用－天空率
  6
CONTINUOUS
 62
  132
 10
110456.05160528741
 20
27539.646784380827
 11
110975.40383922339
 21
28007.273636231911
  0
LINE
  8
_0-b_道路斜線用－天空率
  6
CONTINUOUS
 62
  132
 10
110375.41947969858
 20
27573.423504160848
 11
110903.98876380718
 21
28083.856928532328
  0
LINE
  8
_0-b_道路斜線用－天空率
  6
CONTINUOUS
 62
  132
 10
110295.60096998691
 20
27604.57232161449
 11
110829.94447416822
 21
28157.901218171286
  0
LINE
  8
_0-b_道路斜線用－天空率
  6
CONTINUOUS
 62
  132
 10
110216.67461836911
 20
27633.265479625209
 11
110753.36118186778
 21
28229.316293587522
  0
LINE
  8
_0-b_道路斜線用－天空率
  6
CONTINUOUS
 62
  132
 10
110138.71321578237
 20
27659.689307521057
 11
110674.33219185084
 21
28298.015146512272
  0
LINE
  8
_0-b_道路斜線用－天空率
  6
CONTINUOUS
 62
  132
 10
110061.78047774147
 20
27684.043243282543
 11
110592.9537887682
 21
28363.914077975503
  0
LINE
  8
_0-b_道路斜線用－天空率
  6
CONTINUOUS
 62
  132
 10
109985.79894420258
 20
27706.360837475302
 11
110509.32511966864
 21
28426.932800280177
  0
LINE
  8
_0-b_道路斜線用－天空率
  6
CONTINUOUS
 62
  132
 10
109910.83893517211
 20
27726.871978575389
 11
110423.54807320346
 21
28486.994534820463
  0
LINE
  8
_0-b_道路斜線用－天空率
  6
CONTINUOUS
 62
  132
 10
109836.81145889725
 20
27745.594089285339
 11
110335.72715549082
 21
28544.026105624619
  0
LINE
  8
_0-b_道路斜線用－天空率
  6
CONTINUOUS
 62
  132
 10
109763.77937016765
 20
27762.780462383398
 11
110245.96936279122
 21
28597.958028508652
  0
LINE
  8
_0-b_道路斜線用－天空率
  6
CONTINUOUS
 62
  132
 10
109691.60664220395
 20
27778.366875165
 11
110154.38405114889
 21
28648.724595732121
  0
LINE
  8
_0-b_道路斜線用－天空率
  6
CONTINUOUS
 62
  132
 10
109620.29337745936
 20
27792.511703214462
 11
110061.08280315845
 21
28696.263956052836
  0
LINE
  8
_0-b_道路斜線用－天空率
  6
CONTINUOUS
 62
  132
 10
109549.81248394344
 20
27805.343027713195
 11
109966.17929201861
 21
28740.518190083137
  0
LINE
  8
_0-b_道路斜線用－天空率
  6
CONTINUOUS
 62
  132
 10
109480.10050117697
 20
27816.920146457447
 11
109869.78914303895
 21
28781.433380855698
  0
LINE
  8
_0-b_道路斜線用－天空率
  6
CONTINUOUS
 62
  132
 10
109411.09448233012
 20
27827.298064200498
 11
109772.02979276821
 21
28818.959679513056
  0
LINE
  8
_0-b_道路斜線用－天空率
  6
CONTINUOUS
 62
  132
 10
109342.72377325064
 20
27836.503041963034
 11
109673.02034591606
 21
28853.051366040788
  0
LINE
  8
_0-b_道路斜線用－天空率
  6
CONTINUOUS
 62
  132
 10
109274.92352791334
 20
27844.564212732053
 11
109572.88143024222
 21
28883.66690497029
  0
LINE
  8
_0-b_道路斜線用－天空率
  6
CONTINUOUS
 62
  132
 10
109207.64988901992
 20
27851.581269138227
 11
109471.73504959023
 21
28910.768995983322
  0
LINE
  8
_0-b_道路斜線用－天空率
  6
CONTINUOUS
 62
  132
 10
109140.83749556432
 20
27857.590323873184
 11
109369.70443524449
 21
28934.324619356753
  0
LINE
  8
_0-b_道路斜線用－天空率
  6
CONTINUOUS
 62
  132
 10
109074.42084632854
 20
27862.622744367068
 11
109266.913895792
 21
28954.305076191962
  0
LINE
  8
_0-b_道路斜線用－天空率
  6
CONTINUOUS
 62
  132
 10
109008.33426380247
 20
27866.705090027186
 11
109163.4886656714
 21
28970.68602338005
  0
LINE
  8
_0-b_道路斜線用－天空率
  6
CONTINUOUS
 62
  132
 10
108942.51189009087
 20
27869.859052638206
 11
109059.55475259418
 21
28983.447503260151
  0
LINE
  8
_0-b_道路斜線用－天空率
  6
CONTINUOUS
 62
  132
 10
108876.88770975048
 20
27872.101403900353
 11
108955.23878402358
 21
28992.573967934811
  0
LINE
  8
_0-b_道路斜線用－天空率
  6
CONTINUOUS
 62
  132
 10
108811.39559427979
 20
27873.443953408503
 11
108850.66785289873
 21
28998.054298212628
  0
LINE
  8
_0-b_道路斜線用－天空率
  6
CONTINUOUS
 62
  132
 10
108745.96936279122
 20
27873.89351965603
 11
108745.96936279122
 21
28999.881817155335
  0
LINE
  8
_0-b_道路斜線用－天空率
  6
CONTINUOUS
 62
  132
 10
108680.54285324667
 20
27873.451915889745
 11
108641.2708726837
 21
28998.054298212628
  0
LINE
  8
_0-b_道路斜線用－天空率
  6
CONTINUOUS
 62
  132
 10
108615.04999853973
 20
27872.115951856892
 11
108536.69994155885
 21
28992.573967934811
  0
LINE
  8
_0-b_道路斜線用－天空率
  6
CONTINUOUS
 62
  132
 10
108549.42490167389
 20
27869.8774516845
 11
108432.38397298826
 21
28983.447503260151
  0
LINE
  8
_0-b_道路斜線用－天空率
  6
CONTINUOUS
 62
  132
 10
108483.60190431591
 20
27866.723287329419
 11
108328.45005991103
 21
28970.68602338005
  0
LINE
  8
_0-b_道路斜線用－天空率
  6
CONTINUOUS
 62
  132
 10
108417.5156430962
 20
27862.635426247481
 11
108225.02482979043
 21
28954.305076191962
  0
LINE
  8
_0-b_道路斜線用－天空率
  6
CONTINUOUS
 62
  132
 10
108351.10108818055
 20
27857.590991166456
 11
108122.23429033794
 21
28934.324619356753
  0
LINE
  8
_0-b_道路斜線用－天空率
  6
CONTINUOUS
 62
  132
 10
108284.29355883922
 20
27851.562329120803
 11
108020.2036759922
 21
28910.768995983322
  0
LINE
  8
_0-b_道路斜線用－天空率
  6
CONTINUOUS
 62
  132
 10
108217.02871097711
 20
27844.51708622646
 11
107919.05729534022
 21
28883.66690497029
  0
LINE
  8
_0-b_道路斜線用－天空率
  6
CONTINUOUS
 62
  132
 10
108149.24249184818
 20
27836.418284046816
 11
107818.91837966638
 21
28853.051366040803
  0
LINE
  8
_0-b_道路斜線用－天空率
  6
CONTINUOUS
 62
  132
 10
108080.87105743866
 20
27827.224392829019
 11
107719.90893281422
 21
28818.959679513056
  0
LINE
  8
_0-b_道路斜線用－天空率
  6
CONTINUOUS
 62
  132
 10
108011.85064824656
 20
27816.889396371698
 11
107622.14958254348
 21
28781.433380855698
  0
LINE
  8
_0-b_道路斜線用－天空率
  6
CONTINUOUS
 62
  132
 10
107942.11741938767
 20
27805.362842814054
 11
107525.75943356382
 21
28740.518190083137
  0
LINE
  8
_0-b_道路斜線用－天空率
  6
CONTINUOUS
 62
  132
 10
107871.60722109688
 20
27792.589875202713
 11
107430.85592242398
 21
28696.263956052836
  0
LINE
  8
_0-b_道路斜線用－天空率
  6
CONTINUOUS
 62
  132
 10
107800.33341552618
 20
27778.364369759514
 11
107337.55467443354
 21
28648.724595732121
  0
LINE
  8
_0-b_道路斜線用－天空率
  6
CONTINUOUS
 62
  132
 10
107728.19144120371
 20
27762.724888166769
 11
107245.96936279122
 21
28597.958028508652
  0
LINE
  8
_0-b_道路斜線用－天空率
  6
CONTINUOUS
 62
  132
 10
107655.10551161997
 20
27745.628904667377
 11
107156.21157009161
 21
28544.026105624619
  0
LINE
  8
_0-b_道路斜線用－天空率
  6
CONTINUOUS
 62
  132
 10
107581.10870287491
 20
27726.858765303222
 11
107068.39065237897
 21
28486.994534820463
  0
LINE
  8
_0-b_道路斜線用－天空率
  6
CONTINUOUS
 62
  132
 10
107506.13908180157
 20
27706.361800362185
 11
106982.61360591379
 21
28426.932800280177
  0
LINE
  8
_0-b_道路斜線用－天空率
  6
CONTINUOUS
 62
  132
 10
107430.17077944398
 20
27684.027203562141
 11
106898.98493681426
 21
28363.914077975503
  0
LINE
  8
_0-b_道路斜線用－天空率
  6
CONTINUOUS
 62
  132
 10
107353.19498635812
 20
27659.725683942622
 11
106817.60653373159
 21
28298.015146512272
  0
LINE
  8
_0-b_道路斜線用－天空率
  6
CONTINUOUS
 62
  132
 10
107275.27886966777
 20
27633.249084258557
 11
106738.57754371465
 21
28229.316293587522
  0
LINE
  8
_0-b_道路斜線用－天空率
  6
CONTINUOUS
 62
  132
 10
107196.37769771159
 20
27604.530960342504
 11
106661.99425141424
 21
28157.901218171286
  0
LINE
  8
_0-b_道路斜線用－天空率
  6
CONTINUOUS
 62
  132
 10
107116.5625767332
 20
27573.381660046026
 11
106587.94996177525
 21
28083.856928532328
  0
LINE
  8
_0-b_道路斜線用－天空率
  6
CONTINUOUS
 62
  132
 10
107035.91086719551
 20
27539.625402575587
 11
106516.53488635904
 21
28007.273636231911
  0
LINE
  8
_0-b_道路斜線用－天空率
  6
CONTINUOUS
 62
  132
 10
106954.50294860404
 20
27503.100624566275
 11
106447.83603343428
 21
27928.244646214956
  0
LINE
  8
_0-b_道路斜線用－天空率
  6
CONTINUOUS
 62
  132
 10
106872.53138521053
 20
27463.571981190943
 11
106381.93710197106
 21
27846.86624313231
  0
TEXT
  8
_0-b_道路斜線用－天空率
 62
  132
 10
106745.96936279122
 20
20749.881817155335
 40
500
 41
1
 50
0
  1
天空率 = 82.97 %
  0
LINE
  8
_0-b_道路斜線用－天空率
  6
CONTINUOUS
 62
  212
 10
111416.0400671996
 20
26854.304442566022
 11
111409.66187046824
 21
26862.03843798878
  0
LINE
  8
_0-b_道路斜線用－天空率
  6
CONTINUOUS
 62
  212
 10
111409.66187046824
 20
26862.03843798878
 11
111403.10831032197
 21
26869.894458165868
  0
LINE
  8
_0-b_道路斜線用－天空率
  6
CONTINUOUS
 62
  212
 10
111403.10831032197
 20
26869.894458165868
 11
111396.37335442987
 21
26877.874801427744
  0
LINE
  8
_0-b_道路斜線用－天空率
  6
CONTINUOUS
 62
  212
 10
111396.37335442987
 20
26877.874801427744
 11
111389.45073185529
 21
26885.981795308121
  0
LINE
  8
_0-b_道路斜線用－天空率
  6
CONTINUOUS
 62
  212
 10
111389.45073185529
 20
26885.981795308121
 11
111382.33392306476
 21
26894.217794909673
  0
LINE
  8
_0-b_道路斜線用－天空率
  6
CONTINUOUS
 62
  212
 10
111382.33392306476
 20
26894.217794909673
 11
111375.01614955249
 21
26902.585181018479
  0
LINE
  8
_0-b_道路斜線用－天空率
  6
CONTINUOUS
 62
  212
 10
111375.01614955249
 20
26902.585181018479
 11
111367.49036307369
 21
26911.086357943178
  0
LINE
  8
_0-b_道路斜線用－天空率
  6
CONTINUOUS
 62
  212
 10
111367.49036307369
 20
26911.086357943178
 11
111359.74923448088
 21
26919.723751052708
  0
LINE
  8
_0-b_道路斜線用－天空率
  6
CONTINUOUS
 62
  212
 10
111359.74923448088
 20
26919.723751052708
 11
111351.78514215892
 21
26928.499803984552
  0
LINE
  8
_0-b_道路斜線用－天空率
  6
CONTINUOUS
 62
  212
 10
111351.78514215892
 20
26928.499803984552
 11
111343.59016005595
 21
26937.416975492931
  0
LINE
  8
_0-b_道路斜線用－天空率
  6
CONTINUOUS
 62
  212
 10
111343.59016005595
 20
26937.416975492931
 11
111335.15604531008
 21
26946.477735904194
  0
LINE
  8
_0-b_道路斜線用－天空率
  6
CONTINUOUS
 62
  212
 10
111335.15604531008
 20
26946.477735904194
 11
111326.47422547297
 21
26955.684563143917
  0
LINE
  8
_0-b_道路斜線用－天空率
  6
CONTINUOUS
 62
  212
 10
111326.47422547297
 20
26955.684563143917
 11
111317.53578533562
 21
26965.039938297526
  0
LINE
  8
_0-b_道路斜線用－天空率
  6
CONTINUOUS
 62
  212
 10
111317.53578533562
 20
26965.039938297526
 11
111308.33145336314
 21
26974.546340663448
  0
LINE
  8
_0-b_道路斜線用－天空率
  6
CONTINUOUS
 62
  212
 10
111308.33145336314
 20
26974.546340663448
 11
111298.85158775124
 21
26984.206242254662
  0
LINE
  8
_0-b_道路斜線用－天空率
  6
CONTINUOUS
 62
  212
 10
111298.85158775124
 20
26984.206242254662
 11
111289.08616211879
 21
26994.022101701342
  0
LINE
  8
_0-b_道路斜線用－天空率
  6
CONTINUOUS
 62
  212
 10
111289.08616211879
 20
26994.022101701342
 11
111279.02475085873
 21
27003.996357503889
  0
LINE
  8
_0-b_道路斜線用－天空率
  6
CONTINUOUS
 62
  212
 10
111279.02475085873
 20
27003.996357503889
 11
111268.6565141721
 21
27014.131420582314
  0
LINE
  8
_0-b_道路斜線用－天空率
  6
CONTINUOUS
 62
  212
 10
111268.6565141721
 20
27014.131420582314
 11
111257.97018281948
 21
27024.429666063973
  0
LINE
  8
_0-b_道路斜線用－天空率
  6
CONTINUOUS
 62
  212
 10
111257.97018281948
 20
27024.429666063973
 11
111246.95404262868
 21
27034.893424248184
  0
LINE
  8
_0-b_道路斜線用－天空率
  6
CONTINUOUS
 62
  212
 10
111246.95404262868
 20
27034.893424248184
 11
111235.59591880782
 21
27045.524970682312
  0
LINE
  8
_0-b_道路斜線用－天空率
  6
CONTINUOUS
 62
  212
 10
111235.59591880782
 20
27045.524970682312
 11
111223.88316012136
 21
27056.326515279899
  0
LINE
  8
_0-b_道路斜線用－天空率
  6
CONTINUOUS
 62
  212
 10
111223.88316012136
 20
27056.326515279899
 11
111211.80262299689
 21
27067.300190407571
  0
LINE
  8
_0-b_道路斜線用－天空率
  6
CONTINUOUS
 62
  212
 10
111211.80262299689
 20
27067.300190407571
 11
111199.34065564327
 21
27078.448037863381
  0
LINE
  8
_0-b_道路斜線用－天空率
  6
CONTINUOUS
 62
  212
 10
111199.34065564327
 20
27078.448037863381
 11
111186.4830822727
 21
27089.771994665545
  0
LINE
  8
_0-b_道路斜線用－天空率
  6
CONTINUOUS
 62
  212
 10
111186.4830822727
 20
27089.771994665545
 11
111173.21518753519
 21
27101.273877566494
  0
LINE
  8
_0-b_道路斜線用－天空率
  6
CONTINUOUS
 62
  212
 10
111173.21518753519
 20
27101.273877566494
 11
111159.5217012896
 21
27112.955366204005
  0
LINE
  8
_0-b_道路斜線用－天空率
  6
CONTINUOUS
 62
  212
 10
111159.5217012896
 20
27112.955366204005
 11
111145.38678385344
 21
27124.817984797526
  0
LINE
  8
_0-b_道路斜線用－天空率
  6
CONTINUOUS
 62
  212
 10
111145.38678385344
 20
27124.817984797526
 11
111130.79401189461
 21
27136.86308229544
  0
LINE
  8
_0-b_道路斜線用－天空率
  6
CONTINUOUS
 62
  212
 10
111130.79401189461
 20
27136.86308229544
 11
111115.72636514941
 21
27149.091810876256
  0
LINE
  8
_0-b_道路斜線用－天空率
  6
CONTINUOUS
 62
  212
 10
111115.72636514941
 20
27149.091810876256
 11
111100.16621417623
 21
27161.505102705872
  0
LINE
  8
_0-b_道路斜線用－天空率
  6
CONTINUOUS
 62
  212
 10
111100.16621417623
 20
27161.505102705872
 11
111084.09530938045
 21
27174.103644851675
  0
LINE
  8
_0-b_道路斜線用－天空率
  6
CONTINUOUS
 62
  212
 10
111084.09530938045
 20
27174.103644851675
 11
111067.49477157529
 21
27186.887852255356
  0
LINE
  8
_0-b_道路斜線用－天空率
  6
CONTINUOUS
 62
  212
 10
111067.49477157529
 20
27186.887852255356
 11
111050.34508437495
 21
27199.857838667867
  0
LINE
  8
_0-b_道路斜線用－天空率
  6
CONTINUOUS
 62
  212
 10
111050.34508437495
 20
27199.857838667867
 11
111032.62608874983
 21
27213.013385453381
  0
LINE
  8
_0-b_道路斜線用－天空率
  6
CONTINUOUS
 62
  212
 10
111032.62608874983
 20
27213.013385453381
 11
111014.3169801104
 21
27226.353908174816
  0
LINE
  8
_0-b_道路斜線用－天空率
  6
CONTINUOUS
 62
  212
 10
111014.3169801104
 20
27226.353908174816
 11
110995.39630832518
 21
27239.878420880937
  0
LINE
  8
_0-b_道路斜線用－天空率
  6
CONTINUOUS
 62
  212
 10
110995.39630832518
 20
27239.878420880937
 11
110975.84198111889
 21
27253.585498025462
  0
LINE
  8
_0-b_道路斜線用－天空率
  6
CONTINUOUS
 62
  212
 10
110975.84198111889
 20
27253.585498025462
 11
110955.63127134086
 21
27267.473233962358
  0
LINE
  8
_0-b_道路斜線用－天空率
  6
CONTINUOUS
 62
  212
 10
110955.63127134086
 20
27267.473233962358
 11
110934.74082863803
 21
27281.539199978171
  0
LINE
  8
_0-b_道路斜線用－天空率
  6
CONTINUOUS
 62
  212
 10
110934.74082863803
 20
27281.539199978171
 11
110913.1466961139
 21
27295.780398843886
  0
LINE
  8
_0-b_道路斜線用－天空率
  6
CONTINUOUS
 62
  212
 10
110913.1466961139
 20
27295.780398843886
 11
110890.82433260146
 21
27310.19321689396
  0
LINE
  8
_0-b_道路斜線用－天空率
  6
CONTINUOUS
 62
  212
 10
110890.82433260146
 20
27310.19321689396
 11
110867.74864122603
 21
27324.773373671803
  0
LINE
  8
_0-b_道路斜線用－天空率
  6
CONTINUOUS
 62
  212
 10
110867.74864122603
 20
27324.773373671803
 11
110843.89400497969
 21
27339.51586921704
  0
LINE
  8
_0-b_道路斜線用－天空率
  6
CONTINUOUS
 62
  212
 10
110843.89400497969
 20
27339.51586921704
 11
110819.23433007387
 21
27354.414929113328
  0
LINE
  8
_0-b_道路斜線用－天空率
  6
CONTINUOUS
 62
  212
 10
110819.23433007387
 20
27354.414929113328
 11
110793.74309787769
 21
27369.463947465304
  0
LINE
  8
_0-b_道路斜線用－天空率
  6
CONTINUOUS
 62
  212
 10
110793.74309787769
 20
27369.463947465304
 11
110767.39342628534
 21
27384.655428030531
  0
LINE
  8
_0-b_道路斜線用－天空率
  6
CONTINUOUS
 62
  212
 10
110767.39342628534
 20
27384.655428030531
 11
110740.1581413851
 21
27399.980923797978
  0
LINE
  8
_0-b_道路斜線用－天空率
  6
CONTINUOUS
 62
  212
 10
110740.1581413851
 20
27399.980923797978
 11
110712.00986032212
 21
27415.430975377603
  0
LINE
  8
_0-b_道路斜線用－天空率
  6
CONTINUOUS
 62
  212
 10
110712.00986032212
 20
27415.430975377603
 11
110682.92108625482
 21
27430.995048648444
  0
LINE
  8
_0-b_道路斜線用－天空率
  6
CONTINUOUS
 62
  212
 10
110682.92108625482
 20
27430.995048648444
 11
110652.86431629789
 21
27446.661472202991
  0
LINE
  8
_0-b_道路斜線用－天空率
  6
CONTINUOUS
 62
  212
 10
110652.86431629789
 20
27446.661472202991
 11
110621.81216331946
 21
27462.417375224653
  0
LINE
  8
_0-b_道路斜線用－天空率
  6
CONTINUOUS
 62
  212
 10
110621.81216331946
 20
27462.417375224653
 11
110589.73749241296
 21
27478.248626542961
  0
LINE
  8
_0-b_道路斜線用－天空率
  6
CONTINUOUS
 62
  212
 10
110589.73749241296
 20
27478.248626542961
 11
110556.61357279213
 21
27494.139775724521
  0
LINE
  8
_0-b_道路斜線用－天空率
  6
CONTINUOUS
 62
  212
 10
110556.61357279213
 20
27494.139775724521
 11
110522.41424575461
 21
27510.073997178198
  0
LINE
  8
_0-b_道路斜線用－天空率
  6
CONTINUOUS
 62
  212
 10
110522.41424575461
 20
27510.073997178198
 11
110487.11410922455
 21
27526.033038376921
  0
LINE
  8
_0-b_道路斜線用－天空率
  6
CONTINUOUS
 62
  212
 10
110487.11410922455
 20
27526.033038376921
 11
110450.68871921041
 21
27541.997173423773
  0
LINE
  8
_0-b_道路斜線用－天空率
  6
CONTINUOUS
 62
  212
 10
110450.68871921041
 20
27541.997173423773
 11
110413.11480829847
 21
27557.945163314172
  0
LINE
  8
_0-b_道路斜線用－天空率
  6
CONTINUOUS
 62
  212
 10
110413.11480829847
 20
27557.945163314172
 11
110374.37052104312
 21
27573.854224364298
  0
LINE
  8
_0-b_道路斜線用－天空率
  6
CONTINUOUS
 62
  212
 10
110374.37052104312
 20
27573.854224364298
 11
110334.43566580544
 21
27589.700006384908
  0
LINE
  8
_0-b_道路斜線用－天空率
  6
CONTINUOUS
 62
  212
 10
110334.43566580544
 20
27589.700006384908
 11
110293.29198223567
 21
27605.456582273007
  0
LINE
  8
_0-b_道路斜線用－天空率
  6
CONTINUOUS
 62
  212
 10
110293.29198223567
 20
27605.456582273007
 11
110250.92342318671
 21
27621.09645076613
  0
LINE
  8
_0-b_道路斜線用－天空率
  6
CONTINUOUS
 62
  212
 10
110250.92342318671
 20
27621.09645076613
 11
110207.31644939216
 21
27636.590554148402
  0
LINE
  8
_0-b_道路斜線用－天空率
  6
CONTINUOUS
 62
  212
 10
110207.31644939216
 20
27636.590554148402
 11
110162.4603347419
 21
27651.908312706429
  0
LINE
  8
_0-b_道路斜線用－天空率
  6
CONTINUOUS
 62
  212
 10
110162.4603347419
 20
27651.908312706429
 11
110116.34747945188
 21
27667.017677699754
  0
LINE
  8
_0-b_道路斜線用－天空率
  6
CONTINUOUS
 62
  212
 10
110116.34747945188
 20
27667.017677699754
 11
110068.97372785775
 21
27681.885204526406
  0
LINE
  8
_0-b_道路斜線用－天空率
  6
CONTINUOUS
 62
  212
 10
110068.97372785775
 20
27681.885204526406
 11
110020.33868697981
 21
27696.476147622262
  0
LINE
  8
_0-b_道路斜線用－天空率
  6
CONTINUOUS
 62
  212
 10
110020.33868697981
 20
27696.476147622262
 11
109970.44604142286
 21
27710.754578427578
  0
LINE
  8
_0-b_道路斜線用－天空率
  6
CONTINUOUS
 62
  212
 10
109970.44604142286
 20
27710.754578427578
 11
109919.30385960941
 21
27724.683527478078
  0
LINE
  8
_0-b_道路斜線用－天空率
  6
CONTINUOUS
 62
  212
 10
109919.30385960941
 20
27724.683527478078
 11
109866.92488582048
 21
27738.225151329959
  0
LINE
  8
_0-b_道路斜線用－天空率
  6
CONTINUOUS
 62
  212
 10
109866.92488582048
 20
27738.225151329959
 11
109813.32681205928
 21
27751.340924605472
  0
LINE
  8
_0-b_道路斜線用－天空率
  6
CONTINUOUS
 62
  212
 10
109813.32681205928
 20
27751.340924605472
 11
109758.53252338824
 21
27763.99185695104
  0
LINE
  8
_0-b_道路斜線用－天空率
  6
CONTINUOUS
 62
  212
 10
109758.53252338824
 20
27763.99185695104
 11
109702.57031014598
 21
27776.138734138283
  0
LINE
  8
_0-b_道路斜線用－天空率
  6
CONTINUOUS
 62
  212
 10
109702.57031014598
 20
27776.138734138283
 11
109645.4740403581
 21
27787.742381919302
  0
LINE
  8
_0-b_道路斜線用－天空率
  6
CONTINUOUS
 62
  212
 10
109645.4740403581
 20
27787.742381919302
 11
109587.28328573876
 21
27798.76395058502
  0
LINE
  8
_0-b_道路斜線用－天空率
  6
CONTINUOUS
 62
  212
 10
109587.28328573876
 20
27798.76395058502
 11
109528.04339496369
 21
27809.165217486191
  0
LINE
  8
_0-b_道路斜線用－天空率
  6
CONTINUOUS
 62
  212
 10
109528.04339496369
 20
27809.165217486191
 11
109467.80550839818
 21
27818.908904084913
  0
LINE
  8
_0-b_道路斜線用－天空率
  6
CONTINUOUS
 62
  212
 10
109467.80550839818
 20
27818.908904084913
 11
109406.62650919257
 21
27827.959003432988
  0
LINE
  8
_0-b_道路斜線用－天空率
  6
CONTINUOUS
 62
  212
 10
109406.62650919257
 20
27827.959003432988
 11
109344.56890661975
 21
27836.281113352775
  0
LINE
  8
_0-b_道路斜線用－天空率
  6
CONTINUOUS
 62
  212
 10
109344.56890661975
 20
27836.281113352775
 11
109281.70064871026
 21
27843.842770055241
  0
LINE
  8
_0-b_道路斜線用－天空率
  6
CONTINUOUS
 62
  212
 10
109281.70064871026
 20
27843.842770055241
 11
109218.09486262337
 21
27850.613776497379
  0
LINE
  8
_0-b_道路斜線用－天空率
  6
CONTINUOUS
 62
  212
 10
109218.09486262337
 20
27850.613776497379
 11
109153.82952274222
 21
27856.566519487172
  0
LINE
  8
_0-b_道路斜線用－天空率
  6
CONTINUOUS
 62
  212
 10
109153.82952274222
 20
27856.566519487172
 11
109088.98704815575
 21
27861.676269410905
  0
LINE
  8
_0-b_道路斜線用－天空率
  6
CONTINUOUS
 62
  212
 10
109088.98704815575
 20
27861.676269410905
 11
109023.65383293261
 21
27865.921456505544
  0
LINE
  8
_0-b_道路斜線用－天空率
  6
CONTINUOUS
 62
  212
 10
109023.65383293261
 20
27865.921456505544
 11
108957.91971434261
 21
27869.283917838834
  0
LINE
  8
_0-b_道路斜線用－天空率
  6
CONTINUOUS
 62
  212
 10
108957.91971434261
 20
27869.283917838834
 11
108891.87738586975
 21
27871.749109595646
  0
LINE
  8
_0-b_道路斜線用－天空率
  6
CONTINUOUS
 62
  212
 10
108891.87738586975
 20
27871.749109595646
 11
108825.62176341787
 21
27873.306279894633
  0
LINE
  8
_0-b_道路斜線用－天空率
  6
CONTINUOUS
 62
  212
 10
108825.62176341787
 20
27873.306279894633
 11
108759.24931447066
 21
27873.948598159098
  0
LINE
  8
_0-b_道路斜線用－天空率
  6
CONTINUOUS
 62
  212
 10
108759.24931447066
 20
27873.948598159098
 11
108692.85736106616
 21
27873.673238014907
  0
LINE
  8
_0-b_道路斜線用－天空率
  6
CONTINUOUS
 62
  212
 10
108692.85736106616
 20
27873.673238014907
 11
108626.54336823777
 21
27872.48141175312
  0
LINE
  8
_0-b_道路斜線用－天空率
  6
CONTINUOUS
 62
  212
 10
108626.54336823777
 20
27872.48141175312
 11
108560.40423001527
 21
27870.378355536719
  0
LINE
  8
_0-b_道路斜線用－天空率
  6
CONTINUOUS
 62
  212
 10
108560.40423001527
 20
27870.378355536719
 11
108494.53556515497
 21
27867.373265704009
  0
LINE
  8
_0-b_道路斜線用－天空率
  6
CONTINUOUS
 62
  212
 10
108494.53556515497
 20
27867.373265704009
 11
108429.03103447049
 21
27863.47918768115
  0
LINE
  8
_0-b_道路斜線用－天空率
  6
CONTINUOUS
 62
  212
 10
108429.03103447049
 20
27863.47918768115
 11
108363.98169098084
 21
27858.712860116749
  0
LINE
  8
_0-b_道路斜線用－天空率
  6
CONTINUOUS
 62
  212
 10
108363.98169098084
 20
27858.712860116749
 11
108299.47537311102
 21
27853.094517851412
  0
LINE
  8
_0-b_道路斜線用－天空率
  6
CONTINUOUS
 62
  212
 10
108299.47537311102
 20
27853.094517851412
 11
108235.59614991804
 21
27846.647658197878
  0
LINE
  8
_0-b_道路斜線用－天空率
  6
CONTINUOUS
 62
  212
 10
108235.59614991804
 20
27846.647658197878
 11
108172.4238258284
 21
27839.398775705103
  0
LINE
  8
_0-b_道路斜線用－天空率
  6
CONTINUOUS
 62
  212
 10
108172.4238258284
 20
27839.398775705103
 11
108110.03351072961
 21
27831.377071092731
  0
LINE
  8
_0-b_道路斜線用－天空率
  6
CONTINUOUS
 62
  212
 10
108110.03351072961
 20
27831.377071092731
 11
108048.4952595239
 21
27822.614140360565
  0
LINE
  8
_0-b_道路斜線用－天空率
  6
CONTINUOUS
 62
  212
 10
108048.4952595239
 20
27822.614140360565
 11
107987.87378349879
 21
27813.14365020188
  0
LINE
  8
_0-b_道路斜線用－天空率
  6
CONTINUOUS
 62
  212
 10
107987.87378349879
 20
27813.14365020188
 11
107928.22823416051
 21
27803.001005786005
  0
LINE
  8
_0-b_道路斜線用－天空率
  6
CONTINUOUS
 62
  212
 10
107928.22823416051
 20
27803.001005786005
 11
107869.61205857066
 21
27792.223016743788
  0
LINE
  8
_0-b_道路斜線用－天空率
  6
CONTINUOUS
 62
  212
 10
107869.61205857066
 20
27792.223016743788
 11
107812.07292377218
 21
27780.847566808894
  0
LINE
  8
_0-b_道路斜線用－天空率
  6
CONTINUOUS
 62
  212
 10
107812.07292377218
 20
27780.847566808894
 11
107755.6527066261
 21
27768.913292066976
  0
LINE
  8
_0-b_道路斜線用－天空率
  6
CONTINUOUS
 62
  212
 10
107755.6527066261
 20
27768.913292066976
 11
107700.38754432881
 21
27756.459272172185
  0
LINE
  8
_0-b_道路斜線用－天空率
  6
CONTINUOUS
 62
  212
 10
107700.38754432881
 20
27756.459272172185
 11
107646.30794005752
 21
27743.524738235988
  0
LINE
  8
_0-b_道路斜線用－天空率
  6
CONTINUOUS
 62
  212
 10
107646.30794005752
 20
27743.524738235988
 11
107593.43891759854
 21
27730.148800406288
  0
LINE
  8
_0-b_道路斜線用－天空率
  6
CONTINUOUS
 62
  212
 10
107593.43891759854
 20
27730.148800406288
 11
107541.80021844354
 21
27716.370197461834
  0
LINE
  8
_0-b_道路斜線用－天空率
  6
CONTINUOUS
 62
  212
 10
107541.80021844354
 20
27716.370197461834
 11
107491.40653467879
 21
27702.227070070945
  0
LINE
  8
_0-b_道路斜線用－天空率
  6
CONTINUOUS
 62
  212
 10
107491.40653467879
 20
27702.227070070945
 11
107442.26777101677
 21
27687.756758726049
  0
LINE
  8
_0-b_道路斜線用－天空率
  6
CONTINUOUS
 62
  212
 10
107442.26777101677
 20
27687.756758726049
 11
107394.38932950707
 21
27672.995626778651
  0
LINE
  8
_0-b_道路斜線用－天空率
  6
CONTINUOUS
 62
  212
 10
107394.38932950707
 20
27672.995626778651
 11
107347.7724107832
 21
27657.978908477765
  0
LINE
  8
_0-b_道路斜線用－天空率
  6
CONTINUOUS
 62
  212
 10
107347.7724107832
 20
27657.978908477765
 11
107302.41432612657
 21
27642.740581462705
  0
LINE
  8
_0-b_道路斜線用－天空率
  6
CONTINUOUS
 62
  212
 10
107302.41432612657
 20
27642.740581462705
 11
107258.30881512995
 21
27627.313262782899
  0
LINE
  8
_0-b_道路斜線用－天空率
  6
CONTINUOUS
 62
  212
 10
107258.30881512995
 20
27627.313262782899
 11
107215.44636429486
 21
27611.728127213551
  0
LINE
  8
_0-b_道路斜線用－天空率
  6
CONTINUOUS
 62
  212
 10
107215.44636429486
 20
27611.728127213551
 11
107173.81452247577
 21
27596.014846402191
  0
LINE
  8
_0-b_道路斜線用－天空率
  6
CONTINUOUS
 62
  212
 10
107173.81452247577
 20
27596.014846402191
 11
107133.39820966884
 21
27580.201547215245
  0
LINE
  8
_0-b_道路斜線用－天空率
  6
CONTINUOUS
 62
  212
 10
107133.39820966884
 20
27580.201547215245
 11
107094.18001621845
 21
27564.314787546925
  0
LINE
  8
_0-b_道路斜線用－天空率
  6
CONTINUOUS
 62
  212
 10
107094.18001621845
 20
27564.314787546925
 11
107056.14049006343
 21
27548.379547800403
  0
LINE
  8
_0-b_道路斜線用－天空率
  6
CONTINUOUS
 62
  212
 10
107056.14049006343
 20
27548.379547800403
 11
107019.25841016204
 21
27532.419236243549
  0
LINE
  8
_0-b_道路斜線用－天空率
  6
CONTINUOUS
 62
  212
 10
107019.25841016204
 20
27532.419236243549
 11
106983.51104470621
 21
27516.455706473345
  0
LINE
  8
_0-b_道路斜線用－天空率
  6
CONTINUOUS
 62
  212
 10
106983.51104470621
 20
27516.455706473345
 11
106948.87439316384
 21
27500.509285284395
  0
LINE
  8
_0-b_道路斜線用－天空率
  6
CONTINUOUS
 62
  212
 10
106948.87439316384
 20
27500.509285284395
 11
106915.32341156405
 21
27484.598809323018
  0
LINE
  8
_0-b_道路斜線用－天空率
  6
CONTINUOUS
 62
  212
 10
106915.32341156405
 20
27484.598809323018
 11
106882.83222076811
 21
27468.741669011764
  0
LINE
  8
_0-b_道路斜線用－天空率
  6
CONTINUOUS
 62
  212
 10
106882.83222076811
 20
27468.741669011764
 11
106851.37429774897
 21
27452.953858344244
  0
LINE
  8
_0-b_道路斜線用－天空率
  6
CONTINUOUS
 62
  212
 10
106851.37429774897
 20
27452.953858344244
 11
106820.92265013416
 21
27437.250029272603
  0
LINE
  8
_0-b_道路斜線用－天空率
  6
CONTINUOUS
 62
  212
 10
106342.12869655812
 20
27794.749514609386
 11
106820.92265013416
 21
27437.250029272603
  0
LINE
  8
_0-b_道路斜線用－天空率
  6
CONTINUOUS
 62
  212
 10
111603.24180438919
 20
26914.208998466689
 11
111416.0400671996
 21
26854.304442566022
  0
CIRCLE
  8
_0-b_道路斜線用－天空率
  6
CONTINUOUS
 62
  212
 10
116745.96936279122
 20
25999.881817155335
 40
3000
  0
POINT
  8
_0-b_道路斜線用－天空率
 62
  212
 10
146530.00896086616
 20
67110.169491525419
  0
TEXT
  8
_0-b_道路斜線用－天空率
 62
  132
 10
146530.00896086616
 20
67110.169491525419
 40
500
 41
1
 50
0
  1
No.5
  0
TEXT
  8
_0-b_道路斜線用－天空率
 62
  132
 10
115370.96936279122
 20
22249.881817155335
 40
500
 41
1
 50
0
  1
測定点 No.5
  0
TEXT
  8
_0-b_道路斜線用－天空率
 62
  132
 10
113120.96936279122
 20
21499.881817155335
 40
500
 41
1
 50
0
  1
正射影 　測定面高さ = 0.000 m
  0
LINE
  8
_0-b_道路斜線用－天空率
  6
CONTINUOUS
 62
  132
 10
119265.02456141756
 20
27017.646181726773
 11
119527.52092649159
 21
27123.701597403065
  0
LINE
  8
_0-b_道路斜線用－天空率
  6
CONTINUOUS
 62
  132
 10
119188.97161532162
 20
27087.576498255235
 11
119486.60573571901
 21
27220.091746382742
  0
LINE
  8
_0-b_道路斜線用－天空率
  6
CONTINUOUS
 62
  132
 10
119110.593498368
 20
27153.186067785507
 11
119442.35150168872
 21
27314.995257522572
  0
LINE
  8
_0-b_道路斜線用－天空率
  6
CONTINUOUS
 62
  132
 10
119030.4677551508
 20
27214.571158988415
 11
119394.81214136799
 21
27408.296505513011
  0
LINE
  8
_0-b_道路斜線用－天空率
  6
CONTINUOUS
 62
  132
 10
118949.11519839383
 20
27271.868658404502
 11
119344.04557414451
 21
27499.881817155335
  0
LINE
  8
_0-b_道路斜線用－天空率
  6
CONTINUOUS
 62
  132
 10
118866.96615322075
 20
27325.227706992802
 11
119290.1136512605
 21
27589.639609854952
  0
LINE
  8
_0-b_道路斜線用－天空率
  6
CONTINUOUS
 62
  132
 10
118784.44551112547
 20
27374.851340586941
 11
119233.08208045634
 21
27677.460527567574
  0
LINE
  8
_0-b_道路斜線用－天空率
  6
CONTINUOUS
 62
  132
 10
118701.82585909037
 20
27420.894740392224
 11
119173.02034591605
 21
27763.237574032758
  0
LINE
  8
_0-b_道路斜線用－天空率
  6
CONTINUOUS
 62
  132
 10
118619.43833585901
 20
27463.596197519495
 11
119110.00162361137
 21
27846.86624313231
  0
LINE
  8
_0-b_道路斜線用－天空率
  6
CONTINUOUS
 62
  132
 10
118537.42174906466
 20
27503.088853749046
 11
119044.10269214815
 21
27928.244646214956
  0
LINE
  8
_0-b_道路斜線用－天空率
  6
CONTINUOUS
 62
  132
 10
118456.07342387767
 20
27539.666429927739
 11
118975.40383922339
 21
28007.273636231911
  0
LINE
  8
_0-b_道路斜線用－天空率
  6
CONTINUOUS
 62
  132
 10
118375.39362953511
 20
27573.398540948153
 11
118903.98876380718
 21
28083.856928532328
  0
LINE
  8
_0-b_道路斜線用－天空率
  6
CONTINUOUS
 62
  132
 10
118295.57485512369
 20
27604.54527888196
 11
118829.94447416819
 21
28157.901218171286
  0
LINE
  8
_0-b_道路斜線用－天空率
  6
CONTINUOUS
 62
  132
 10
118216.68090613032
 20
27633.272462891487
 11
118753.36118186778
 21
28229.316293587522
  0
LINE
  8
_0-b_道路斜線用－天空率
  6
CONTINUOUS
 62
  132
 10
118138.76137679007
 20
27659.74670357499
 11
118674.33219185084
 21
28298.015146512272
  0
LINE
  8
_0-b_道路斜線用－天空率
  6
CONTINUOUS
 62
  132
 10
118061.76468627834
 20
27684.023031131469
 11
118592.9537887682
 21
28363.914077975503
  0
LINE
  8
_0-b_道路斜線用－天空率
  6
CONTINUOUS
 62
  132
 10
117985.80402942671
 20
27706.367836685829
 11
118509.32511966864
 21
28426.932800280177
  0
LINE
  8
_0-b_道路斜線用－天空率
  6
CONTINUOUS
 62
  132
 10
117910.83762822393
 20
27726.870040945002
 11
118423.54807320346
 21
28486.994534820463
  0
LINE
  8
_0-b_道路斜線用－天空率
  6
CONTINUOUS
 62
  132
 10
117836.82462045994
 20
27745.615152188565
 11
118335.72715549082
 21
28544.026105624619
  0
LINE
  8
_0-b_道路斜線用－天空率
  6
CONTINUOUS
 62
  132
 10
117763.75553938256
 20
27762.739186252805
 11
118245.96936279122
 21
28597.958028508652
  0
LINE
  8
_0-b_道路斜線用－天空率
  6
CONTINUOUS
 62
  132
 10
117691.63559977964
 20
27778.421336443931
 11
118154.38405114889
 21
28648.724595732121
  0
LINE
  8
_0-b_道路斜線用－天空率
  6
CONTINUOUS
 62
  132
 10
117620.30336630139
 20
27792.532183375657
 11
118061.08280315845
 21
28696.263956052836
  0
LINE
  8
_0-b_道路斜線用－天空率
  6
CONTINUOUS
 62
  132
 10
117549.81276883857
 20
27805.343667598106
 11
117966.17929201861
 21
28740.518190083137
  0
LINE
  8
_0-b_道路斜線用－天空率
  6
CONTINUOUS
 62
  132
 10
117480.09824012855
 20
27816.914550166267
 11
117869.78914303895
 21
28781.433380855698
  0
LINE
  8
_0-b_道路斜線用－天空率
  6
CONTINUOUS
 62
  132
 10
117411.09434154634
 20
27827.29767740027
 11
117772.02979276821
 21
28818.959679513056
  0
LINE
  8
_0-b_道路斜線用－天空率
  6
CONTINUOUS
 62
  132
 10
117342.71997636635
 20
27836.491356354759
 11
117673.02034591605
 21
28853.051366040788
  0
LINE
  8
_0-b_道路斜線用－天空率
  6
CONTINUOUS
 62
  132
 10
117274.91811742483
 20
27844.545344116282
 11
117572.88143024222
 21
28883.66690497029
  0
LINE
  8
_0-b_道路斜線用－天空率
  6
CONTINUOUS
 62
  132
 10
117207.64433229353
 20
27851.558982325968
 11
117471.73504959023
 21
28910.768995983322
  0
LINE
  8
_0-b_道路斜線用－天空率
  6
CONTINUOUS
 62
  132
 10
117140.83252164581
 20
27857.566923426464
 11
117369.70443524449
 21
28934.324619356753
  0
LINE
  8
_0-b_道路斜線用－天空率
  6
CONTINUOUS
 62
  132
 10
117074.41671703837
 20
27862.599325998678
 11
117266.913895792
 21
28954.305076191962
  0
LINE
  8
_0-b_道路斜線用－天空率
  6
CONTINUOUS
 62
  132
 10
117008.33099371752
 20
27866.681822163765
 11
117163.4886656714
 21
28970.68602338005
  0
LINE
  8
_0-b_道路斜線用－天空率
  6
CONTINUOUS
 62
  132
 10
116942.50941277261
 20
27869.835482529437
 11
117059.55475259418
 21
28983.447503260151
  0
LINE
  8
_0-b_道路斜線用－天空率
  6
CONTINUOUS
 62
  132
 10
116876.88598802904
 20
27872.076782136413
 11
116955.23878402358
 21
28992.573967934811
  0
LINE
  8
_0-b_道路斜線用－天空率
  6
CONTINUOUS
 62
  132
 10
116811.39467296097
 20
27873.417570290053
 11
116850.66785289873
 21
28998.054298212628
  0
LINE
  8
_0-b_道路斜線用－天空率
  6
CONTINUOUS
 62
  132
 10
116745.96936279122
 20
27873.865046564958
 11
116745.96936279122
 21
28999.881817155335
  0
LINE
  8
_0-b_道路斜線用－天空率
  6
CONTINUOUS
 62
  132
 10
116680.54390684967
 20
27873.421744647748
 11
116641.2708726837
 21
28998.054298212628
  0
LINE
  8
_0-b_道路斜線用－天空率
  6
CONTINUOUS
 62
  132
 10
116615.05212618989
 20
27872.085525041758
 11
116536.69994155885
 21
28992.573967934811
  0
LINE
  8
_0-b_道路斜線用－天空率
  6
CONTINUOUS
 62
  132
 10
116549.42783142102
 20
27869.849577002285
 11
116432.38397298826
 21
28983.447503260151
  0
LINE
  8
_0-b_道路斜線用－天空率
  6
CONTINUOUS
 62
  132
 10
116483.60483570511
 20
27866.702429411496
 11
116328.45005991103
 21
28970.68602338005
  0
LINE
  8
_0-b_道路斜線用－天空率
  6
CONTINUOUS
 62
  132
 10
116417.51695789651
 20
27862.627969644392
 11
116225.02482979043
 21
28954.305076191962
  0
LINE
  8
_0-b_道路斜線用－天空率
  6
CONTINUOUS
 62
  132
 10
116351.09801085806
 20
27857.605468830457
 11
116122.23429033794
 21
28934.324619356753
  0
LINE
  8
_0-b_道路斜線用－天空率
  6
CONTINUOUS
 62
  132
 10
116284.28177007136
 20
27851.609611286199
 11
116020.2036759922
 21
28910.768995983322
  0
LINE
  8
_0-b_道路斜線用－天空率
  6
CONTINUOUS
 62
  132
 10
116217.00512651441
 20
27844.599335022325
 11
115919.05729534021
 21
28883.66690497029
  0
LINE
  8
_0-b_道路斜線用－天空率
  6
CONTINUOUS
 62
  132
 10
116149.22555137108
 20
27836.470421474281
 11
115818.91837966638
 21
28853.051366040803
  0
LINE
  8
_0-b_道路斜線用－天空率
  6
CONTINUOUS
 62
  132
 10
116080.86178982601
 20
27827.249855385492
 11
115719.90893281422
 21
28818.959679513056
  0
LINE
  8
_0-b_道路斜線用－天空率
  6
CONTINUOUS
 62
  132
 10
116011.84902173942
 20
27816.893422118097
 11
115622.14958254348
 21
28781.433380855698
  0
LINE
  8
_0-b_道路斜線用－天空率
  6
CONTINUOUS
 62
  132
 10
115942.12196809159
 20
27805.352626257797
 11
115525.75943356382
 21
28740.518190083137
  0
LINE
  8
_0-b_道路斜線用－天空率
  6
CONTINUOUS
 62
  132
 10
115871.61463369168
 20
27792.57467713112
 11
115430.85592242398
 21
28696.263956052836
  0
LINE
  8
_0-b_道路斜線用－天空率
  6
CONTINUOUS
 62
  132
 10
115800.33065950968
 20
27778.36955307272
 11
115337.55467443354
 21
28648.724595732121
  0
LINE
  8
_0-b_道路斜線用－天空率
  6
CONTINUOUS
 62
  132
 10
115728.18750554774
 20
27762.731704922851
 11
115245.96936279122
 21
28597.958028508652
  0
LINE
  8
_0-b_道路斜線用－天空率
  6
CONTINUOUS
 62
  132
 10
115655.08902241151
 20
27745.655292917024
 11
115156.21157009161
 21
28544.026105624619
  0
LINE
  8
_0-b_道路斜線用－天空率
  6
CONTINUOUS
 62
  132
 10
115581.11694047338
 20
27726.846552561288
 11
115068.39065237897
 21
28486.994534820463
  0
LINE
  8
_0-b_道路斜線用－天空率
  6
CONTINUOUS
 62
  132
 10
115506.1099555026
 20
27706.401889273514
 11
114982.61360591379
 21
28426.932800280177
  0
LINE
  8
_0-b_道路斜線用－天空率
  6
CONTINUOUS
 62
  132
 10
115430.17993803098
 20
27684.015481105336
 11
114898.98493681423
 21
28363.914077975503
  0
LINE
  8
_0-b_道路斜線用－天空率
  6
CONTINUOUS
 62
  132
 10
115353.20654478415
 20
27659.711909146881
 11
114817.60653373159
 21
28298.015146512272
  0
LINE
  8
_0-b_道路斜線用－天空率
  6
CONTINUOUS
 62
  132
 10
115275.23344997054
 20
27633.299527942697
 11
114738.57754371465
 21
28229.316293587522
  0
LINE
  8
_0-b_道路斜線用－天空率
  6
CONTINUOUS
 62
  132
 10
115196.33834093216
 20
27604.571715480629
 11
114661.99425141424
 21
28157.901218171286
  0
LINE
  8
_0-b_道路斜線用－天空率
  6
CONTINUOUS
 62
  132
 10
115116.51656879478
 20
27573.426089395707
 11
114587.94996177525
 21
28083.856928532328
  0
LINE
  8
_0-b_道路斜線用－天空率
  6
CONTINUOUS
 62
  132
 10
115035.89049335234
 20
27539.643747266371
 11
114516.53488635904
 21
28007.273636231911
  0
LINE
  8
_0-b_道路斜線用－天空率
  6
CONTINUOUS
 62
  132
 10
114954.51910077985
 20
27503.087071281515
 11
114447.83603343428
 21
27928.244646214956
  0
LINE
  8
_0-b_道路斜線用－天空率
  6
CONTINUOUS
 62
  132
 10
114872.51499442325
 20
27463.584787077455
 11
114381.93710197106
 21
27846.86624313231
  0
LINE
  8
_0-b_道路斜線用－天空率
  6
CONTINUOUS
 62
  132
 10
114790.08996409288
 20
27420.911379959226
 11
114318.91837966638
 21
27763.237574032758
  0
LINE
  8
_0-b_道路斜線用－天空率
  6
CONTINUOUS
 62
  132
 10
114707.49392427594
 20
27374.850861807986
 11
114258.85664512609
 21
27677.460527567574
  0
LINE
  8
_0-b_道路斜線用－天空率
  6
CONTINUOUS
 62
  132
 10
114624.9746058563
 20
27325.226436324341
 11
114201.82507432193
 21
27589.639609854952
  0
LINE
  8
_0-b_道路斜線用－天空率
  6
CONTINUOUS
 62
  132
 10
114542.83099747828
 20
27271.864345430742
 11
114147.89315143792
 21
27499.881817155335
  0
TEXT
  8
_0-b_道路斜線用－天空率
 62
  132
 10
114745.96936279122
 20
20749.881817155335
 40
500
 41
1
 50
0
  1
天空率 = 82.42 %
  0
LINE
  8
_0-b_道路斜線用－天空率
  6
CONTINUOUS
 62
  212
 10
119321.14254106243
 20
26961.27980370992
 11
119312.39783389243
 21
26970.362191588243
  0
LINE
  8
_0-b_道路斜線用－天空率
  6
CONTINUOUS
 62
  212
 10
119312.39783389243
 20
26970.362191588243
 11
119303.40217836301
 21
26979.585583997879
  0
LINE
  8
_0-b_道路斜線用－天空率
  6
CONTINUOUS
 62
  212
 10
119303.40217836301
 20
26979.585583997879
 11
119294.14681108271
 21
26988.952174862548
  0
LINE
  8
_0-b_道路斜線用－天空率
  6
CONTINUOUS
 62
  212
 10
119294.14681108271
 20
26988.952174862548
 11
119284.62263299383
 21
26998.464143707951
  0
LINE
  8
_0-b_道路斜線用－天空率
  6
CONTINUOUS
 62
  212
 10
119284.62263299383
 20
26998.464143707951
 11
119274.82019717856
 21
27008.123649821936
  0
LINE
  8
_0-b_道路斜線用－天空率
  6
CONTINUOUS
 62
  212
 10
119274.82019717856
 20
27008.123649821936
 11
119264.72969642659
 21
27017.932825835727
  0
LINE
  8
_0-b_道路斜線用－天空率
  6
CONTINUOUS
 62
  212
 10
119264.72969642659
 20
27017.932825835727
 11
119254.34095059179
 21
27027.893770680759
  0
LINE
  8
_0-b_道路斜線用－天空率
  6
CONTINUOUS
 62
  212
 10
119254.34095059179
 20
27027.893770680759
 11
119243.64339377106
 21
27038.008541873081
  0
LINE
  8
_0-b_道路斜線用－天空率
  6
CONTINUOUS
 62
  212
 10
119243.64339377106
 20
27038.008541873081
 11
119232.62606134473
 21
27048.279147074219
  0
LINE
  8
_0-b_道路斜線用－天空率
  6
CONTINUOUS
 62
  212
 10
119232.62606134473
 20
27048.279147074219
 11
119221.27757692514
 21
27058.707534874669
  0
LINE
  8
_0-b_道路斜線用－天空率
  6
CONTINUOUS
 62
  212
 10
119221.27757692514
 20
27058.707534874669
 11
119209.5861392683
 21
27069.29558474326
  0
LINE
  8
_0-b_道路斜線用－天空率
  6
CONTINUOUS
 62
  212
 10
119209.5861392683
 20
27069.29558474326
 11
119197.53950921178
 21
27080.045096082732
  0
LINE
  8
_0-b_道路斜線用－天空率
  6
CONTINUOUS
 62
  212
 10
119197.53950921178
 20
27080.045096082732
 11
119185.12499671262
 21
27090.957776328956
  0
LINE
  8
_0-b_道路斜線用－天空率
  6
CONTINUOUS
 62
  212
 10
119185.12499671262
 20
27090.957776328956
 11
119172.32944806967
 21
27102.035228028569
  0
LINE
  8
_0-b_道路斜線用－天空率
  6
CONTINUOUS
 62
  212
 10
119172.32944806967
 20
27102.035228028569
 11
119159.13923342734
 21
27113.278934827452
  0
LINE
  8
_0-b_道路斜線用－天空率
  6
CONTINUOUS
 62
  212
 10
119159.13923342734
 20
27113.278934827452
 11
119145.54023467075
 21
27124.690246299633
  0
LINE
  8
_0-b_道路斜線用－天空率
  6
CONTINUOUS
 62
  212
 10
119145.54023467075
 20
27124.690246299633
 11
119131.51783383775
 21
27136.270361544768
  0
LINE
  8
_0-b_道路斜線用－天空率
  6
CONTINUOUS
 62
  212
 10
119131.51783383775
 20
27136.270361544768
 11
119117.05690218921
 21
27148.020311480329
  0
LINE
  8
_0-b_道路斜線用－天空率
  6
CONTINUOUS
 62
  212
 10
119117.05690218921
 20
27148.020311480329
 11
119102.14179009696
 21
27159.940939753654
  0
LINE
  8
_0-b_道路斜線用－天空率
  6
CONTINUOUS
 62
  212
 10
119102.14179009696
 20
27159.940939753654
 11
119086.75631792818
 21
27172.032882198662
  0
LINE
  8
_0-b_道路斜線用－天空率
  6
CONTINUOUS
 62
  212
 10
119086.75631792818
 20
27172.032882198662
 11
119070.88376812628
 21
27184.296544762139
  0
LINE
  8
_0-b_道路斜線用－天空率
  6
CONTINUOUS
 62
  212
 10
119070.88376812628
 20
27184.296544762139
 11
119054.50687871118
 21
27196.732079825927
  0
LINE
  8
_0-b_道路斜線用－天空率
  6
CONTINUOUS
 62
  212
 10
119054.50687871118
 20
27196.732079825927
 11
119037.60783844631
 21
27209.339360853595
  0
LINE
  8
_0-b_道路斜線用－天空率
  6
CONTINUOUS
 62
  212
 10
119037.60783844631
 20
27209.339360853595
 11
119020.16828394637
 21
27222.117955294106
  0
LINE
  8
_0-b_道路斜線用－天空率
  6
CONTINUOUS
 62
  212
 10
119020.16828394637
 20
27222.117955294106
 11
119002.16929902751
 21
27235.067095679914
  0
LINE
  8
_0-b_道路斜線用－天空率
  6
CONTINUOUS
 62
  212
 10
119002.16929902751
 20
27235.067095679914
 11
118983.59141663192
 21
27248.185648864498
  0
LINE
  8
_0-b_道路斜線用－天空率
  6
CONTINUOUS
 62
  212
 10
118983.59141663192
 20
27248.185648864498
 11
118964.41462368961
 21
27261.472083353066
  0
LINE
  8
_0-b_道路斜線用－天空率
  6
CONTINUOUS
 62
  212
 10
118964.41462368961
 20
27261.472083353066
 11
118944.61836931275
 21
27274.924434692253
  0
LINE
  8
_0-b_道路斜線用－天空率
  6
CONTINUOUS
 62
  212
 10
118944.61836931275
 20
27274.924434692253
 11
118924.18157675208
 21
27288.540268898635
  0
LINE
  8
_0-b_道路斜線用－天空率
  6
CONTINUOUS
 62
  212
 10
118924.18157675208
 20
27288.540268898635
 11
118903.08265957901
 21
27302.316643923666
  0
LINE
  8
_0-b_道路斜線用－天空率
  6
CONTINUOUS
 62
  212
 10
118903.08265957901
 20
27302.316643923666
 11
118881.29954259136
 21
27316.250069173303
  0
LINE
  8
_0-b_道路斜線用－天空率
  6
CONTINUOUS
 62
  212
 10
118881.29954259136
 20
27316.250069173303
 11
118858.80968797609
 21
27330.33646312583
  0
LINE
  8
_0-b_道路斜線用－天空率
  6
CONTINUOUS
 62
  212
 10
118858.80968797609
 20
27330.33646312583
 11
118835.5901272946
 21
27344.571109119977
  0
LINE
  8
_0-b_道路斜線用－天空率
  6
CONTINUOUS
 62
  212
 10
118835.5901272946
 20
27344.571109119977
 11
118811.61749988891
 21
27358.948609419803
  0
LINE
  8
_0-b_道路斜線用－天空率
  6
CONTINUOUS
 62
  212
 10
118811.61749988891
 20
27358.948609419803
 11
118786.86809833459
 21
27373.462837700866
  0
LINE
  8
_0-b_道路斜線用－天空率
  6
CONTINUOUS
 62
  212
 10
118786.86809833459
 20
27373.462837700866
 11
118761.31792159219
 21
27388.106890147264
  0
LINE
  8
_0-b_道路斜線用－天空率
  6
CONTINUOUS
 62
  212
 10
118761.31792159219
 20
27388.106890147264
 11
118734.94273652695
 21
27402.873035398159
  0
LINE
  8
_0-b_道路斜線用－天空率
  6
CONTINUOUS
 62
  212
 10
118734.94273652695
 20
27402.873035398159
 11
118707.71814847928
 21
27417.75266363885
  0
LINE
  8
_0-b_道路斜線用－天空率
  6
CONTINUOUS
 62
  212
 10
118707.71814847928
 20
27417.75266363885
 11
118679.61968157158
 21
27432.736235192987
  0
LINE
  8
_0-b_道路斜線用－天空率
  6
CONTINUOUS
 62
  212
 10
118679.61968157158
 20
27432.736235192987
 11
118650.62286942852
 21
27447.813229040446
  0
LINE
  8
_0-b_道路斜線用－天空率
  6
CONTINUOUS
 62
  212
 10
118650.62286942852
 20
27447.813229040446
 11
118620.70335696755
 21
27462.972091759344
  0
LINE
  8
_0-b_道路斜線用－天空率
  6
CONTINUOUS
 62
  212
 10
118620.70335696755
 20
27462.972091759344
 11
118589.83701387859
 21
27478.200187469781
  0
LINE
  8
_0-b_道路斜線用－天空率
  6
CONTINUOUS
 62
  212
 10
118589.83701387859
 20
27478.200187469781
 11
118558.00006035724
 21
27493.483749441224
  0
LINE
  8
_0-b_道路斜線用－天空率
  6
CONTINUOUS
 62
  212
 10
118558.00006035724
 20
27493.483749441224
 11
118525.16920557872
 21
27508.80783411362
  0
LINE
  8
_0-b_道路斜線用－天空率
  6
CONTINUOUS
 62
  212
 10
118525.16920557872
 20
27508.80783411362
 11
118491.32179930017
 21
27524.156278373164
  0
LINE
  8
_0-b_道路斜線用－天空率
  6
CONTINUOUS
 62
  212
 10
118491.32179930017
 20
27524.156278373164
 11
118456.43599685074
 21
27539.511661015545
  0
LINE
  8
_0-b_道路斜線用－天空率
  6
CONTINUOUS
 62
  212
 10
118456.43599685074
 20
27539.511661015545
 11
118420.49093761363
 21
27554.855269420819
  0
LINE
  8
_0-b_道路斜線用－天空率
  6
CONTINUOUS
 62
  212
 10
118420.49093761363
 20
27554.855269420819
 11
118383.46693691537
 21
27570.167072550735
  0
LINE
  8
_0-b_道路斜線用－天空率
  6
CONTINUOUS
 62
  212
 10
118383.46693691537
 20
27570.167072550735
 11
118345.34569101649
 21
27585.425701460837
  0
LINE
  8
_0-b_道路斜線用－天空率
  6
CONTINUOUS
 62
  212
 10
118345.34569101649
 20
27585.425701460837
 11
118306.11049464184
 21
27600.608438589777
  0
LINE
  8
_0-b_道路斜線用－天空率
  6
CONTINUOUS
 62
  212
 10
118306.11049464184
 20
27600.608438589777
 11
118265.74647019692
 21
27615.691217144954
  0
LINE
  8
_0-b_道路斜線用－天空率
  6
CONTINUOUS
 62
  212
 10
118265.74647019692
 20
27615.691217144954
 11
118224.24080749228
 21
27630.64863194137
  0
LINE
  8
_0-b_道路斜線用－天空率
  6
CONTINUOUS
 62
  212
 10
118224.24080749228
 20
27630.64863194137
 11
118181.58301243948
 21
27645.453963064665
  0
LINE
  8
_0-b_道路斜線用－天空率
  6
CONTINUOUS
 62
  212
 10
118181.58301243948
 20
27645.453963064665
 11
118137.76516279741
 21
27660.079213715584
  0
LINE
  8
_0-b_道路斜線用－天空率
  6
CONTINUOUS
 62
  212
 10
118137.76516279741
 20
27660.079213715584
 11
118092.78216863854
 21
27674.495163544484
  0
LINE
  8
_0-b_道路斜線用－天空率
  6
CONTINUOUS
 62
  212
 10
118092.78216863854
 20
27674.495163544484
 11
118046.63203478105
 21
27688.671438698271
  0
LINE
  8
_0-b_道路斜線用－天空率
  6
CONTINUOUS
 62
  212
 10
118046.63203478105
 20
27688.671438698271
 11
117999.31612200432
 21
27702.576599671512
  0
LINE
  8
_0-b_道路斜線用－天空率
  6
CONTINUOUS
 62
  212
 10
117999.31612200432
 20
27702.576599671512
 11
117950.83940344164
 21
27716.178247876028
  0
LINE
  8
_0-b_道路斜線用－天空率
  6
CONTINUOUS
 62
  212
 10
117950.83940344164
 20
27716.178247876028
 11
117901.21071214384
 21
27729.443151614726
  0
LINE
  8
_0-b_道路斜線用－天空率
  6
CONTINUOUS
 62
  212
 10
117901.21071214384
 20
27729.443151614726
 11
117850.44297544134
 21
27742.337391865316
  0
LINE
  8
_0-b_道路斜線用－天空率
  6
CONTINUOUS
 62
  212
 10
117850.44297544134
 20
27742.337391865316
 11
117798.55343142322
 21
27754.826527947228
  0
LINE
  8
_0-b_道路斜線用－天空率
  6
CONTINUOUS
 62
  212
 10
117798.55343142322
 20
27754.826527947228
 11
117745.56382261548
 21
27766.875782762781
  0
LINE
  8
_0-b_道路斜線用－天空率
  6
CONTINUOUS
 62
  212
 10
117745.56382261548
 20
27766.875782762781
 11
117691.50056179799
 21
27778.450246876796
  0
LINE
  8
_0-b_道路斜線用－天空率
  6
CONTINUOUS
 62
  212
 10
117691.50056179799
 20
27778.450246876796
 11
117636.39486486822
 21
27789.515100233962
  0
LINE
  8
_0-b_道路斜線用－天空率
  6
CONTINUOUS
 62
  212
 10
117636.39486486822
 20
27789.515100233962
 11
117580.28284576041
 21
27800.035849820676
  0
LINE
  8
_0-b_道路斜線用－天空率
  6
CONTINUOUS
 62
  212
 10
117580.28284576041
 20
27800.035849820676
 11
117523.20556867118
 21
27809.978581071358
  0
LINE
  8
_0-b_道路斜線用－天空率
  6
CONTINUOUS
 62
  212
 10
117523.20556867118
 20
27809.978581071358
 11
117465.2090532433
 21
27819.310220312752
  0
LINE
  8
_0-b_道路斜線用－天空率
  6
CONTINUOUS
 62
  212
 10
117465.2090532433
 20
27819.310220312752
 11
117406.34422892084
 21
27827.998805052378
  0
LINE
  8
_0-b_道路斜線用－天空率
  6
CONTINUOUS
 62
  212
 10
117406.34422892084
 20
27827.998805052378
 11
117346.66683541242
 21
27836.013758467539
  0
LINE
  8
_0-b_道路斜線用－天空率
  6
CONTINUOUS
 62
  212
 10
117346.66683541242
 20
27836.013758467539
 11
117286.23726707769
 21
27843.326164060272
  0
LINE
  8
_0-b_道路斜線用－天空率
  6
CONTINUOUS
 62
  212
 10
117286.23726707769
 20
27843.326164060272
 11
117225.12036007206
 21
27849.909036130295
  0
LINE
  8
_0-b_道路斜線用－天空率
  6
CONTINUOUS
 62
  212
 10
117225.12036007206
 20
27849.909036130295
 11
117163.38512222043
 21
27855.737581502478
  0
LINE
  8
_0-b_道路斜線用－天空率
  6
CONTINUOUS
 62
  212
 10
117163.38512222043
 20
27855.737581502478
 11
117101.10440681567
 21
27860.7894478435
  0
LINE
  8
_0-b_道路斜線用－天空率
  6
CONTINUOUS
 62
  212
 10
117101.10440681567
 20
27860.7894478435
 11
117038.35453281398
 21
27865.044953926757
  0
LINE
  8
_0-b_道路斜線用－天空率
  6
CONTINUOUS
 62
  212
 10
117038.35453281398
 20
27865.044953926757
 11
116975.21485518336
 21
27868.487297365209
  0
LINE
  8
_0-b_道路斜線用－天空率
  6
CONTINUOUS
 62
  212
 10
116975.21485518336
 20
27868.487297365209
 11
116911.76729040955
 21
27871.102735629574
  0
LINE
  8
_0-b_道路斜線用－天空率
  6
CONTINUOUS
 62
  212
 10
116911.76729040955
 20
27871.102735629574
 11
116848.09580332814
 21
27872.880736602714
  0
LINE
  8
_0-b_道路斜線用－天空率
  6
CONTINUOUS
 62
  212
 10
116848.09580332814
 20
27872.880736602714
 11
116784.2858624843
 21
27873.814095479941
  0
LINE
  8
_0-b_道路斜線用－天空率
  6
CONTINUOUS
 62
  212
 10
116784.2858624843
 20
27873.814095479941
 11
116720.4238720832
 21
27873.899015494247
  0
LINE
  8
_0-b_道路斜線用－天空率
  6
CONTINUOUS
 62
  212
 10
116720.4238720832
 20
27873.899015494247
 11
116656.59658924407
 21
27873.135150703204
  0
LINE
  8
_0-b_道路斜線用－天空率
  6
CONTINUOUS
 62
  212
 10
116656.59658924407
 20
27873.135150703204
 11
116592.89053568593
 21
27871.525609895878
  0
LINE
  8
_0-b_道路斜線用－天空率
  6
CONTINUOUS
 62
  212
 10
116592.89053568593
 20
27871.525609895878
 11
116529.39141312903
 21
27869.076921533745
  0
LINE
  8
_0-b_道路斜線用－天空率
  6
CONTINUOUS
 62
  212
 10
116529.39141312903
 20
27869.076921533745
 11
116466.1835315921
 21
27865.798960497613
  0
LINE
  8
_0-b_道路斜線用－天空率
  6
CONTINUOUS
 62
  212
 10
116466.1835315921
 20
27865.798960497613
 11
116403.34925940114
 21
27861.704838243756
  0
LINE
  8
_0-b_道路斜線用－天空率
  6
CONTINUOUS
 62
  212
 10
116403.34925940114
 20
27861.704838243756
 11
116340.9685031206
 21
27856.810758745075
  0
LINE
  8
_0-b_道路斜線用－天空率
  6
CONTINUOUS
 62
  212
 10
116340.9685031206
 20
27856.810758745075
 11
116279.11822479582
 21
27851.135843281874
  0
LINE
  8
_0-b_道路斜線用－天空率
  6
CONTINUOUS
 62
  212
 10
116279.11822479582
 20
27851.135843281874
 11
116217.87200289404
 21
27844.701927729372
  0
LINE
  8
_0-b_道路斜線用－天空率
  6
CONTINUOUS
 62
  212
 10
116217.87200289404
 20
27844.701927729372
 11
116157.29964218892
 21
27837.53333644821
  0
LINE
  8
_0-b_道路斜線用－天空率
  6
CONTINUOUS
 62
  212
 10
116157.29964218892
 20
27837.53333644821
 11
116097.46683659948
 21
27829.656637210122
  0
LINE
  8
_0-b_道路斜線用－天空率
  6
CONTINUOUS
 62
  212
 10
116097.46683659948
 20
27829.656637210122
 11
116038.43488771279
 21
27821.100381778218
  0
LINE
  8
_0-b_道路斜線用－天空率
  6
CONTINUOUS
 62
  212
 10
116038.43488771279
 20
27821.100381778218
 11
115980.26048043854
 21
27811.894836813098
  0
LINE
  8
_0-b_道路斜線用－天空率
  6
CONTINUOUS
 62
  212
 10
115980.26048043854
 20
27811.894836813098
 11
115922.99551600572
 21
27802.071709698087
  0
LINE
  8
_0-b_道路斜線用－天空率
  6
CONTINUOUS
 62
  212
 10
115922.99551600572
 20
27802.071709698087
 11
115866.68700135455
 21
27791.663873682911
  0
LINE
  8
_0-b_道路斜線用－天空率
  6
CONTINUOUS
 62
  212
 10
115866.68700135455
 20
27791.663873682911
 11
115811.37699293224
 21
27780.705096450219
  0
LINE
  8
_0-b_道路斜線用－天空率
  6
CONTINUOUS
 62
  212
 10
115811.37699293224
 20
27780.705096450219
 11
115757.10259199324
 21
27769.229775831867
  0
LINE
  8
_0-b_道路斜線用－天空率
  6
CONTINUOUS
 62
  212
 10
115757.10259199324
 20
27769.229775831867
 11
115703.89598774877
 21
27757.272685962529
  0
LINE
  8
_0-b_道路斜線用－天空率
  6
CONTINUOUS
 62
  212
 10
115703.89598774877
 20
27757.272685962529
 11
115651.78454411648
 21
27744.868736676562
  0
LINE
  8
_0-b_道路斜線用－天空率
  6
CONTINUOUS
 62
  212
 10
115651.78454411648
 20
27744.868736676562
 11
115600.79092538927
 21
27732.052748450303
  0
LINE
  8
_0-b_道路斜線用－天空率
  6
CONTINUOUS
 62
  212
 10
115600.79092538927
 20
27732.052748450303
 11
115550.93325586745
 21
27718.859244683291
  0
LINE
  8
_0-b_道路斜線用－天空率
  6
CONTINUOUS
 62
  212
 10
115550.93325586745
 20
27718.859244683291
 11
115502.22530837247
 21
27705.322262616231
  0
LINE
  8
_0-b_道路斜線用－天空率
  6
CONTINUOUS
 62
  212
 10
115502.22530837247
 20
27705.322262616231
 11
115454.67671656518
 21
27691.47518371143
  0
LINE
  8
_0-b_道路斜線用－天空率
  6
CONTINUOUS
 62
  212
 10
115454.67671656518
 20
27691.47518371143
 11
115408.29320611464
 21
27677.350583886811
  0
LINE
  8
_0-b_道路斜線用－天空率
  6
CONTINUOUS
 62
  212
 10
115408.29320611464
 20
27677.350583886811
 11
115363.07683998202
 21
27662.980103602581
  0
LINE
  8
_0-b_道路斜線用－天空率
  6
CONTINUOUS
 62
  212
 10
115363.07683998202
 20
27662.980103602581
 11
115319.02627338022
 21
27648.394337457524
  0
LINE
  8
_0-b_道路斜線用－天空率
  6
CONTINUOUS
 62
  212
 10
115319.02627338022
 20
27648.394337457524
 11
115276.13701432671
 21
27633.622742660703
  0
LINE
  8
_0-b_道路斜線用－天空率
  6
CONTINUOUS
 62
  212
 10
115276.13701432671
 20
27633.622742660703
 11
115234.40168610049
 21
27618.693565506135
  0
LINE
  8
_0-b_道路斜線用－天空率
  6
CONTINUOUS
 62
  212
 10
115234.40168610049
 20
27618.693565506135
 11
115193.81028833567
 21
27603.63378478993
  0
LINE
  8
_0-b_道路斜線用－天空率
  6
CONTINUOUS
 62
  212
 10
115193.81028833567
 20
27603.63378478993
 11
115154.35045391149
 21
27588.469070970506
  0
LINE
  8
_0-b_道路斜線用－天空率
  6
CONTINUOUS
 62
  212
 10
115154.35045391149
 20
27588.469070970506
 11
115116.00769922495
 21
27573.223759776657
  0
LINE
  8
_0-b_道路斜線用－天空率
  6
CONTINUOUS
 62
  212
 10
115116.00769922495
 20
27573.223759776657
 11
115078.76566584427
 21
27557.920838913629
  0
LINE
  8
_0-b_道路斜線用－天空率
  6
CONTINUOUS
 62
  212
 10
115078.76566584427
 20
27557.920838913629
 11
115042.60635193227
 21
27542.581946496204
  0
LINE
  8
_0-b_道路斜線用－天空率
  6
CONTINUOUS
 62
  212
 10
115042.60635193227
 20
27542.581946496204
 11
115007.51033219191
 21
27527.227379847103
  0
LINE
  8
_0-b_道路斜線用－天空率
  6
CONTINUOUS
 62
  212
 10
115007.51033219191
 20
27527.227379847103
 11
114973.45696541875
 21
27511.876113332586
  0
LINE
  8
_0-b_道路斜線用－天空率
  6
CONTINUOUS
 62
  212
 10
114973.45696541875
 20
27511.876113332586
 11
114940.42458904262
 21
27496.545823959808
  0
LINE
  8
_0-b_道路斜線用－天空率
  6
CONTINUOUS
 62
  212
 10
114940.42458904262
 20
27496.545823959808
 11
114908.39070030448
 21
27481.252923529234
  0
LINE
  8
_0-b_道路斜線用－天空率
  6
CONTINUOUS
 62
  212
 10
114908.39070030448
 20
27481.252923529234
 11
114877.33212394228
 21
27466.012596213691
  0
LINE
  8
_0-b_道路斜線用－天空率
  6
CONTINUOUS
 62
  212
 10
114877.33212394228
 20
27466.012596213691
 11
114847.22516645431
 21
27450.83884052277
  0
LINE
  8
_0-b_道路斜線用－天空率
  6
CONTINUOUS
 62
  212
 10
114847.22516645431
 20
27450.83884052277
 11
114818.04575717174
 21
27435.744514700956
  0
LINE
  8
_0-b_道路斜線用－天空率
  6
CONTINUOUS
 62
  212
 10
114818.04575717174
 20
27435.744514700956
 11
114789.7695765037
 21
27420.741384700399
  0
LINE
  8
_0-b_道路斜線用－天空率
  6
CONTINUOUS
 62
  212
 10
114789.7695765037
 20
27420.741384700399
 11
114762.37217182476
 21
27405.840173960143
  0
LINE
  8
_0-b_道路斜線用－天空率
  6
CONTINUOUS
 62
  212
 10
114762.37217182476
 20
27405.840173960143
 11
114735.82906155518
 21
27391.050614312633
  0
LINE
  8
_0-b_道路斜線用－天空率
  6
CONTINUOUS
 62
  212
 10
114735.82906155518
 20
27391.050614312633
 11
114710.11582804366
 21
27376.381497423335
  0
LINE
  8
_0-b_道路斜線用－天空率
  6
CONTINUOUS
 62
  212
 10
114710.11582804366
 20
27376.381497423335
 11
114685.20819990315
 21
27361.840726249636
  0
LINE
  8
_0-b_道路斜線用－天空率
  6
CONTINUOUS
 62
  212
 10
114685.20819990315
 20
27361.840726249636
 11
114661.08212447374
 21
27347.435366080164
  0
LINE
  8
_0-b_道路斜線用－天空率
  6
CONTINUOUS
 62
  212
 10
114661.08212447374
 20
27347.435366080164
 11
114637.71383109794
 21
27333.171694784788
  0
LINE
  8
_0-b_道路斜線用－天空率
  6
CONTINUOUS
 62
  212
 10
114637.71383109794
 20
27333.171694784788
 11
114615.07988589134
 21
27319.055251968609
  0
LINE
  8
_0-b_道路斜線用－天空率
  6
CONTINUOUS
 62
  212
 10
114615.07988589134
 20
27319.055251968609
 11
114593.15723868271
 21
27305.090886780122
  0
LINE
  8
_0-b_道路斜線用－天空率
  6
CONTINUOUS
 62
  212
 10
114593.15723868271
 20
27305.090886780122
 11
114571.92326277836
 21
27291.282804175112
  0
LINE
  8
_0-b_道路斜線用－天空率
  6
CONTINUOUS
 62
  212
 10
114571.92326277836
 20
27291.282804175112
 11
114551.35578818299
 21
27277.634609482789
  0
LINE
  8
_0-b_道路斜線用－天空率
  6
CONTINUOUS
 62
  212
 10
114551.35578818299
 20
27277.634609482789
 11
114531.43312888046
 21
27264.149351160711
  0
LINE
  8
_0-b_道路斜線用－天空率
  6
CONTINUOUS
 62
  212
 10
114531.43312888046
 20
27264.149351160711
 11
114512.13410474735
 21
27250.829561659895
  0
LINE
  8
_0-b_道路斜線用－天空率
  6
CONTINUOUS
 62
  212
 10
114128.45131494205
 20
27465.691923950864
 11
114512.13410474735
 21
27250.829561659895
  0
LINE
  8
_0-b_道路斜線用－天空率
  6
CONTINUOUS
 62
  212
 10
119556.49390697329
 20
27049.144313649969
 11
119321.14254106243
 21
26961.27980370992
  0
CIRCLE
  8
_0-b_道路斜線用－天空率
  6
CONTINUOUS
 62
  212
 10
124745.96936279122
 20
25999.881817155335
 40
3000
  0
POINT
  8
_0-b_道路斜線用－天空率
 62
  212
 10
149030.00896086616
 20
67110.169491525419
  0
TEXT
  8
_0-b_道路斜線用－天空率
 62
  132
 10
149030.00896086616
 20
67110.169491525419
 40
500
 41
1
 50
0
  1
No.6
  0
TEXT
  8
_0-b_道路斜線用－天空率
 62
  132
 10
123370.96936279122
 20
22249.881817155335
 40
500
 41
1
 50
0
  1
測定点 No.6
  0
TEXT
  8
_0-b_道路斜線用－天空率
 62
  132
 10
121120.96936279122
 20
21499.881817155335
 40
500
 41
1
 50
0
  1
正射影 　測定面高さ = 0.000 m
  0
LINE
  8
_0-b_道路斜線用－天空率
  6
CONTINUOUS
 62
  132
 10
127110.59460481988
 20
27153.186607438157
 11
127442.35150168872
 21
27314.995257522572
  0
LINE
  8
_0-b_道路斜線用－天空率
  6
CONTINUOUS
 62
  132
 10
127030.46845930175
 20
27214.571533392121
 11
127394.81214136799
 21
27408.296505513011
  0
LINE
  8
_0-b_道路斜線用－天空率
  6
CONTINUOUS
 62
  132
 10
126949.11617968285
 20
27271.86922495198
 11
127344.04557414454
 21
27499.881817155335
  0
LINE
  8
_0-b_道路斜線用－天空率
  6
CONTINUOUS
 62
  132
 10
126866.96816620751
 20
27325.22896484653
 11
127290.1136512605
 21
27589.639609854952
  0
LINE
  8
_0-b_道路斜線用－天空率
  6
CONTINUOUS
 62
  132
 10
126784.43902763004
 20
27374.846967414043
 11
127233.08208045634
 21
27677.460527567574
  0
LINE
  8
_0-b_道路斜線用－天空率
  6
CONTINUOUS
 62
  132
 10
126701.81982872386
 20
27420.890359074506
 11
127173.02034591605
 21
27763.237574032758
  0
LINE
  8
_0-b_道路斜線用－天空率
  6
CONTINUOUS
 62
  132
 10
126619.42417412994
 20
27463.585133164131
 11
127110.00162361137
 21
27846.86624313231
  0
LINE
  8
_0-b_道路斜線用－天空率
  6
CONTINUOUS
 62
  132
 10
126537.43101565184
 20
27503.096629338939
 11
127044.10269214815
 21
27928.244646214956
  0
LINE
  8
_0-b_道路斜線用－天空率
  6
CONTINUOUS
 62
  132
 10
126456.05152154693
 20
27539.646708980559
 11
126975.40383922339
 21
28007.273636231911
  0
LINE
  8
_0-b_道路斜線用－天空率
  6
CONTINUOUS
 62
  132
 10
126375.38186333508
 20
27573.38717846087
 11
126903.98876380718
 21
28083.856928532328
  0
LINE
  8
_0-b_道路斜線用－天空率
  6
CONTINUOUS
 62
  132
 10
126295.56559927036
 20
27604.535694165257
 11
126829.94447416822
 21
28157.901218171286
  0
LINE
  8
_0-b_道路斜線用－天空率
  6
CONTINUOUS
 62
  132
 10
126216.66469749732
 20
27633.254461380842
 11
126753.36118186778
 21
28229.316293587522
  0
LINE
  8
_0-b_道路斜線用－天空率
  6
CONTINUOUS
 62
  132
 10
126138.7360818386
 20
27659.716558225703
 11
126674.33219185084
 21
28298.015146512272
  0
LINE
  8
_0-b_道路斜線用－天空率
  6
CONTINUOUS
 62
  132
 10
126061.79001122222
 20
27684.055445581485
 11
126592.9537887682
 21
28363.914077975503
  0
LINE
  8
_0-b_道路斜線用－天空率
  6
CONTINUOUS
 62
  132
 10
125985.79564705934
 20
27706.356299346953
 11
126509.32511966864
 21
28426.932800280177
  0
LINE
  8
_0-b_道路斜線用－天空率
  6
CONTINUOUS
 62
  132
 10
125910.85711265713
 20
27726.898927805177
 11
126423.54807320346
 21
28486.994534820463
  0
LINE
  8
_0-b_道路斜線用－天空率
  6
CONTINUOUS
 62
  132
 10
125836.81518425632
 20
27745.600051106099
 11
126335.72715549082
 21
28544.026105624619
  0
LINE
  8
_0-b_道路斜線用－天空率
  6
CONTINUOUS
 62
  132
 10
125763.7844002068
 20
27762.789174666737
 11
126245.96936279122
 21
28597.958028508652
  0
LINE
  8
_0-b_道路斜線用－天空率
  6
CONTINUOUS
 62
  132
 10
125691.60153926559
 20
27778.35727793374
 11
126154.38405114889
 21
28648.724595732121
  0
LINE
  8
_0-b_道路斜線用－天空率
  6
CONTINUOUS
 62
  132
 10
125620.2976697316
 20
27792.520503676689
 11
126061.08280315845
 21
28696.263956052836
  0
LINE
  8
_0-b_道路斜線用－天空率
  6
CONTINUOUS
 62
  132
 10
125549.83062453599
 20
27805.38377215114
 11
125966.17929201861
 21
28740.518190083137
  0
LINE
  8
_0-b_道路斜線用－天空率
  6
CONTINUOUS
 62
  132
 10
125480.11875730982
 20
27816.965331971903
 11
125869.78914303895
 21
28781.433380855698
  0
LINE
  8
_0-b_道路斜線用－天空率
  6
CONTINUOUS
 62
  132
 10
125411.07996486927
 20
27827.258177804673
 11
125772.02979276821
 21
28818.959679513056
  0
LINE
  8
_0-b_道路斜線用－天空率
  6
CONTINUOUS
 62
  132
 10
125342.6983195804
 20
27836.424703621138
 11
125673.02034591606
 21
28853.051366040788
  0
LINE
  8
_0-b_道路斜線用－天空率
  6
CONTINUOUS
 62
  132
 10
125274.90752489033
 20
27844.508403558484
 11
125572.88143024222
 21
28883.66690497029
  0
LINE
  8
_0-b_道路斜線用－天空率
  6
CONTINUOUS
 62
  132
 10
125207.64169705123
 20
27851.548412946372
 11
125471.73504959023
 21
28910.768995983322
  0
LINE
  8
_0-b_道路斜線用－天空率
  6
CONTINUOUS
 62
  132
 10
125140.83519394925
 20
27857.579495625668
 11
125369.70443524449
 21
28934.324619356753
  0
LINE
  8
_0-b_道路斜線用－天空率
  6
CONTINUOUS
 62
  132
 10
125074.42248167579
 20
27862.632018882082
 11
125266.913895792
 21
28954.305076191962
  0
LINE
  8
_0-b_道路斜線用－天空率
  6
CONTINUOUS
 62
  132
 10
125008.33803456861
 20
27866.731920422465
 11
125163.4886656714
 21
28970.68602338005
  0
LINE
  8
_0-b_道路斜線用－天空率
  6
CONTINUOUS
 62
  132
 10
124942.51626439181
 20
27869.900671331582
 11
125059.55475259418
 21
28983.447503260151
  0
LINE
  8
_0-b_道路斜線用－天空率
  6
CONTINUOUS
 62
  132
 10
124876.89147422791
 20
27872.155238435585
 11
124955.23878402358
 21
28992.573967934811
  0
LINE
  8
_0-b_道路斜線用－天空率
  6
CONTINUOUS
 62
  132
 10
124811.39783254581
 20
27873.508048961561
 11
124850.66785289873
 21
28998.054298212628
  0
LINE
  8
_0-b_道路斜線用－天空率
  6
CONTINUOUS
 62
  132
 10
124745.96936279122
 20
27873.966959818608
 11
124745.96936279122
 21
28999.881817155335
  0
LINE
  8
_0-b_道路斜線用－天空率
  6
CONTINUOUS
 62
  132
 10
124680.54089303662
 20
27873.508048961561
 11
124641.2708726837
 21
28998.054298212628
  0
LINE
  8
_0-b_道路斜線用－天空率
  6
CONTINUOUS
 62
  132
 10
124615.04725135452
 20
27872.155238435585
 11
124536.69994155885
 21
28992.573967934811
  0
LINE
  8
_0-b_道路斜線用－天空率
  6
CONTINUOUS
 62
  132
 10
124549.42246119062
 20
27869.900671331582
 11
124432.38397298826
 21
28983.447503260151
  0
LINE
  8
_0-b_道路斜線用－天空率
  6
CONTINUOUS
 62
  132
 10
124483.60069101382
 20
27866.731920422465
 11
124328.45005991103
 21
28970.68602338005
  0
LINE
  8
_0-b_道路斜線用－天空率
  6
CONTINUOUS
 62
  132
 10
124417.51624390664
 20
27862.632018882082
 11
124225.02482979043
 21
28954.305076191962
  0
LINE
  8
_0-b_道路斜線用－天空率
  6
CONTINUOUS
 62
  132
 10
124351.10353163318
 20
27857.579495625668
 11
124122.23429033794
 21
28934.324619356753
  0
LINE
  8
_0-b_道路斜線用－天空率
  6
CONTINUOUS
 62
  132
 10
124284.2970285312
 20
27851.548412946372
 11
124020.2036759922
 21
28910.768995983322
  0
LINE
  8
_0-b_道路斜線用－天空率
  6
CONTINUOUS
 62
  132
 10
124217.0312006921
 20
27844.508403558484
 11
123919.05729534021
 21
28883.66690497029
  0
LINE
  8
_0-b_道路斜線用－天空率
  6
CONTINUOUS
 62
  132
 10
124149.24040600203
 20
27836.424703621138
 11
123818.91837966638
 21
28853.051366040803
  0
LINE
  8
_0-b_道路斜線用－天空率
  6
CONTINUOUS
 62
  132
 10
124080.85876071316
 20
27827.258177804673
 11
123719.90893281422
 21
28818.959679513056
  0
LINE
  8
_0-b_道路斜線用－天空率
  6
CONTINUOUS
 62
  132
 10
124011.81996827261
 20
27816.965331971903
 11
123622.14958254348
 21
28781.433380855698
  0
LINE
  8
_0-b_道路斜線用－天空率
  6
CONTINUOUS
 62
  132
 10
123942.10810104644
 20
27805.38377215114
 11
123525.75943356382
 21
28740.518190083137
  0
LINE
  8
_0-b_道路斜線用－天空率
  6
CONTINUOUS
 62
  132
 10
123871.64105585083
 20
27792.520503676689
 11
123430.85592242398
 21
28696.263956052836
  0
LINE
  8
_0-b_道路斜線用－天空率
  6
CONTINUOUS
 62
  132
 10
123800.33718631684
 20
27778.357277933751
 11
123337.55467443354
 21
28648.724595732121
  0
LINE
  8
_0-b_道路斜線用－天空率
  6
CONTINUOUS
 62
  132
 10
123728.15432537563
 20
27762.789174666737
 11
123245.96936279122
 21
28597.958028508652
  0
LINE
  8
_0-b_道路斜線用－天空率
  6
CONTINUOUS
 62
  132
 10
123655.12354132611
 20
27745.600051106099
 11
123156.21157009161
 21
28544.026105624619
  0
LINE
  8
_0-b_道路斜線用－天空率
  6
CONTINUOUS
 62
  132
 10
123581.0816129253
 20
27726.898927805177
 11
123068.39065237897
 21
28486.994534820463
  0
LINE
  8
_0-b_道路斜線用－天空率
  6
CONTINUOUS
 62
  132
 10
123506.14307852309
 20
27706.356299346953
 11
122982.61360591379
 21
28426.932800280177
  0
LINE
  8
_0-b_道路斜線用－天空率
  6
CONTINUOUS
 62
  132
 10
123430.14871436021
 20
27684.055445581485
 11
122898.98493681423
 21
28363.914077975503
  0
LINE
  8
_0-b_道路斜線用－天空率
  6
CONTINUOUS
 62
  132
 10
123353.20264374383
 20
27659.716558225703
 11
122817.60653373159
 21
28298.015146512272
  0
LINE
  8
_0-b_道路斜線用－天空率
  6
CONTINUOUS
 62
  132
 10
123275.27402808511
 20
27633.254461380842
 11
122738.57754371465
 21
28229.316293587522
  0
LINE
  8
_0-b_道路斜線用－天空率
  6
CONTINUOUS
 62
  132
 10
123196.37312631207
 20
27604.535694165257
 11
122661.99425141424
 21
28157.901218171286
  0
LINE
  8
_0-b_道路斜線用－天空率
  6
CONTINUOUS
 62
  132
 10
123116.55686224735
 20
27573.38717846087
 11
122587.94996177525
 21
28083.856928532328
  0
LINE
  8
_0-b_道路斜線用－天空率
  6
CONTINUOUS
 62
  132
 10
123035.8872040355
 20
27539.646708980559
 11
122516.53488635904
 21
28007.273636231911
  0
LINE
  8
_0-b_道路斜線用－天空率
  6
CONTINUOUS
 62
  132
 10
122954.50770993059
 20
27503.096629338939
 11
122447.83603343428
 21
27928.244646214956
  0
LINE
  8
_0-b_道路斜線用－天空率
  6
CONTINUOUS
 62
  132
 10
122872.5145514525
 20
27463.585133164131
 11
122381.93710197106
 21
27846.86624313231
  0
LINE
  8
_0-b_道路斜線用－天空率
  6
CONTINUOUS
 62
  132
 10
122790.11889685857
 20
27420.890359074506
 11
122318.91837966638
 21
27763.237574032758
  0
LINE
  8
_0-b_道路斜線用－天空率
  6
CONTINUOUS
 62
  132
 10
122707.4996979524
 20
27374.846967414043
 11
122258.85664512609
 21
27677.460527567574
  0
LINE
  8
_0-b_道路斜線用－天空率
  6
CONTINUOUS
 62
  132
 10
122624.97055937492
 20
27325.22896484653
 11
122201.82507432193
 21
27589.639609854952
  0
LINE
  8
_0-b_道路斜線用－天空率
  6
CONTINUOUS
 62
  132
 10
122542.82254589958
 20
27271.86922495198
 11
122147.89315143792
 21
27499.881817155335
  0
LINE
  8
_0-b_道路斜線用－天空率
  6
CONTINUOUS
 62
  132
 10
122461.47026628068
 20
27214.571533392121
 11
122097.12658421444
 21
27408.296505513011
  0
LINE
  8
_0-b_道路斜線用－天空率
  6
CONTINUOUS
 62
  132
 10
122381.34412076255
 20
27153.186607438157
 11
122049.58722389371
 21
27314.995257522572
  0
TEXT
  8
_0-b_道路斜線用－天空率
 62
  132
 10
122745.96936279122
 20
20749.881817155335
 40
500
 41
1
 50
0
  1
天空率 = 82.27 %
  0
LINE
  8
_0-b_道路斜線用－天空率
  6
CONTINUOUS
 62
  212
 10
127183.86280959501
 20
27092.058081323433
 11
127171.12711718694
 21
27103.067424570304
  0
LINE
  8
_0-b_道路斜線用－天空率
  6
CONTINUOUS
 62
  212
 10
127171.12711718694
 20
27103.067424570304
 11
127158.00145170994
 21
27114.240642235788
  0
LINE
  8
_0-b_道路斜線用－天空率
  6
CONTINUOUS
 62
  212
 10
127158.00145170994
 20
27114.240642235788
 11
127144.47197065573
 21
27125.579041113087
  0
LINE
  8
_0-b_道路斜線用－天空率
  6
CONTINUOUS
 62
  212
 10
127144.47197065573
 20
27125.579041113087
 11
127130.52434571638
 21
27137.083780625198
  0
LINE
  8
_0-b_道路斜線用－天空率
  6
CONTINUOUS
 62
  212
 10
127130.52434571638
 20
27137.083780625198
 11
127116.14375231968
 21
27148.755855672992
  0
LINE
  8
_0-b_道路斜線用－天空率
  6
CONTINUOUS
 62
  212
 10
127116.14375231968
 20
27148.755855672992
 11
127101.31485995814
 21
27160.5960781592
  0
LINE
  8
_0-b_道路斜線用－天空率
  6
CONTINUOUS
 62
  212
 10
127101.31485995814
 20
27160.5960781592
 11
127086.02182348282
 21
27172.605057116845
  0
LINE
  8
_0-b_道路斜線用－天空率
  6
CONTINUOUS
 62
  212
 10
127086.02182348282
 20
27172.605057116845
 11
127070.24827555238
 21
27184.783177371231
  0
LINE
  8
_0-b_道路斜線用－天空率
  6
CONTINUOUS
 62
  212
 10
127070.24827555238
 20
27184.783177371231
 11
127053.9773204507
 21
27197.130576665436
  0
LINE
  8
_0-b_道路斜線用－天空率
  6
CONTINUOUS
 62
  212
 10
127053.9773204507
 20
27197.130576665436
 11
127037.19152950843
 21
27209.647121182024
  0
LINE
  8
_0-b_道路斜線用－天空率
  6
CONTINUOUS
 62
  212
 10
127037.19152950843
 20
27209.647121182024
 11
127019.87293838935
 21
27222.332379396892
  0
LINE
  8
_0-b_道路斜線用－天空率
  6
CONTINUOUS
 62
  212
 10
127019.87293838935
 20
27222.332379396892
 11
127002.00304652887
 21
27235.185594206359
  0
LINE
  8
_0-b_道路斜線用－天空率
  6
CONTINUOUS
 62
  212
 10
127002.00304652887
 20
27235.185594206359
 11
126983.56281903995
 21
27248.205653275384
  0
LINE
  8
_0-b_道路斜線用－天空率
  6
CONTINUOUS
 62
  212
 10
126983.56281903995
 20
27248.205653275384
 11
126964.53269143101
 21
27261.391057563436
  0
LINE
  8
_0-b_道路斜線用－天空率
  6
CONTINUOUS
 62
  212
 10
126964.53269143101
 20
27261.391057563436
 11
126944.8925775114
 21
27274.739887995463
  0
LINE
  8
_0-b_道路斜線用－天空率
  6
CONTINUOUS
 62
  212
 10
126944.8925775114
 20
27274.739887995463
 11
126924.6218808917
 21
27288.249770259233
  0
LINE
  8
_0-b_道路斜線用－天空率
  6
CONTINUOUS
 62
  212
 10
126924.6218808917
 20
27288.249770259233
 11
126903.69951051802
 21
27301.917837726476
  0
LINE
  8
_0-b_道路斜線用－天空率
  6
CONTINUOUS
 62
  212
 10
126903.69951051802
 20
27301.917837726476
 11
126882.10390071278
 21
27315.74069251502
  0
LINE
  8
_0-b_道路斜線用－天空率
  6
CONTINUOUS
 62
  212
 10
126882.10390071278
 20
27315.74069251502
 11
126859.81303622655
 21
27329.714364732684
  0
LINE
  8
_0-b_道路斜線用－天空率
  6
CONTINUOUS
 62
  212
 10
126859.81303622655
 20
27329.714364732684
 11
126836.80448283662
 21
27343.834269970604
  0
LINE
  8
_0-b_道路斜線用－天空率
  6
CONTINUOUS
 62
  212
 10
126836.80448283662
 20
27343.834269970604
 11
126813.05542405882
 21
27358.095165145561
  0
LINE
  8
_0-b_道路斜線用－天空率
  6
CONTINUOUS
 62
  212
 10
126813.05542405882
 20
27358.095165145561
 11
126788.54270456479
 21
27372.491102827178
  0
LINE
  8
_0-b_道路斜線用－天空率
  6
CONTINUOUS
 62
  212
 10
126788.54270456479
 20
27372.491102827178
 11
126763.24288092179
 21
27387.015384227084
  0
LINE
  8
_0-b_道路斜線用－天空率
  6
CONTINUOUS
 62
  212
 10
126763.24288092179
 20
27387.015384227084
 11
126737.13228028925
 21
27401.660511073954
  0
LINE
  8
_0-b_道路斜線用－天空率
  6
CONTINUOUS
 62
  212
 10
126737.13228028925
 20
27401.660511073954
 11
126710.18706771872
 21
27416.418136650361
  0
LINE
  8
_0-b_道路斜線用－天空率
  6
CONTINUOUS
 62
  212
 10
126710.18706771872
 20
27416.418136650361
 11
126682.38332270742
 21
27431.279016325381
  0
LINE
  8
_0-b_道路斜線用－天空率
  6
CONTINUOUS
 62
  212
 10
126682.38332270742
 20
27431.279016325381
 11
126653.69712564858
 21
27446.232957980111
  0
LINE
  8
_0-b_道路斜線用－天空率
  6
CONTINUOUS
 62
  212
 10
126653.69712564858
 20
27446.232957980111
 11
126624.10465480339
 21
27461.268772792573
  0
LINE
  8
_0-b_道路斜線用－天空率
  6
CONTINUOUS
 62
  212
 10
126624.10465480339
 20
27461.268772792573
 11
126593.58229438553
 21
27476.374226922373
  0
LINE
  8
_0-b_道路斜線用－天空率
  6
CONTINUOUS
 62
  212
 10
126593.58229438553
 20
27476.374226922373
 11
126562.10675429998
 21
27491.535994714511
  0
LINE
  8
_0-b_道路斜線用－天空率
  6
CONTINUOUS
 62
  212
 10
126562.10675429998
 20
27491.535994714511
 11
126529.65520200639
 21
27506.739614124297
  0
LINE
  8
_0-b_道路斜線用－天空率
  6
CONTINUOUS
 62
  212
 10
126529.65520200639
 20
27506.739614124297
 11
126496.20540688747
 21
27521.969445150556
  0
LINE
  8
_0-b_道路斜線用－天空率
  6
CONTINUOUS
 62
  212
 10
126496.20540688747
 20
27521.969445150556
 11
126461.73589738471
 21
27537.20863215109
  0
LINE
  8
_0-b_道路斜線用－天空率
  6
CONTINUOUS
 62
  212
 10
126461.73589738471
 20
27537.20863215109
 11
126426.22613102123
 21
27552.439070999855
  0
LINE
  8
_0-b_道路斜線用－天空率
  6
CONTINUOUS
 62
  212
 10
126426.22613102123
 20
27552.439070999855
 11
126389.65667725844
 21
27567.641382128455
  0
LINE
  8
_0-b_道路斜線用－天空率
  6
CONTINUOUS
 62
  212
 10
126389.65667725844
 20
27567.641382128455
 11
126352.00941292924
 21
27582.794890571334
  0
LINE
  8
_0-b_道路斜線用－天空率
  6
CONTINUOUS
 62
  212
 10
126352.00941292924
 20
27582.794890571334
 11
126313.26772975461
 21
27597.877614202694
  0
LINE
  8
_0-b_道路斜線用－天空率
  6
CONTINUOUS
 62
  212
 10
126313.26772975461
 20
27597.877614202694
 11
126273.41675318183
 21
27612.866261407827
  0
LINE
  8
_0-b_道路斜線用－天空率
  6
CONTINUOUS
 62
  212
 10
126273.41675318183
 20
27612.866261407827
 11
126232.4435714808
 21
27627.736239471381
  0
LINE
  8
_0-b_道路斜線用－天空率
  6
CONTINUOUS
 62
  212
 10
126232.4435714808
 20
27627.736239471381
 11
126190.33747370462
 21
27642.461674981779
  0
LINE
  8
_0-b_道路斜線用－天空率
  6
CONTINUOUS
 62
  212
 10
126190.33747370462
 20
27642.461674981779
 11
126147.09019476169
 21
27657.015447543439
  0
LINE
  8
_0-b_道路斜線用－天空率
  6
CONTINUOUS
 62
  212
 10
126147.09019476169
 20
27657.015447543439
 11
126102.69616546506
 21
27671.369238049486
  0
LINE
  8
_0-b_道路斜線用－天空率
  6
CONTINUOUS
 62
  212
 10
126102.69616546506
 20
27671.369238049486
 11
126057.15276502927
 21
27685.493592693332
  0
LINE
  8
_0-b_道路斜線用－天空率
  6
CONTINUOUS
 62
  212
 10
126057.15276502927
 20
27685.493592693332
 11
126010.46057308037
 21
27699.358003783923
  0
LINE
  8
_0-b_道路斜線用－天空率
  6
CONTINUOUS
 62
  212
 10
126010.46057308037
 20
27699.358003783923
 11
125962.62361784535
 21
27712.931008271538
  0
LINE
  8
_0-b_道路斜線用－天空率
  6
CONTINUOUS
 62
  212
 10
125962.62361784535
 20
27712.931008271538
 11
125913.64961680353
 21
27726.180304687113
  0
LINE
  8
_0-b_道路斜線用－天空率
  6
CONTINUOUS
 62
  212
 10
125913.64961680353
 20
27726.180304687113
 11
125863.55020572984
 21
27739.072888945258
  0
LINE
  8
_0-b_道路斜線用－天空率
  6
CONTINUOUS
 62
  212
 10
125863.55020572984
 20
27739.072888945258
 11
125812.34115175483
 21
27751.575209159545
  0
LINE
  8
_0-b_道路斜線用－天空率
  6
CONTINUOUS
 62
  212
 10
125812.34115175483
 20
27751.575209159545
 11
125760.04254582556
 21
27763.653339270545
  0
LINE
  8
_0-b_道路斜線用－天空率
  6
CONTINUOUS
 62
  212
 10
125760.04254582556
 20
27763.653339270545
 11
125706.67896979305
 21
27775.273170894684
  0
LINE
  8
_0-b_道路斜線用－天空率
  6
CONTINUOUS
 62
  212
 10
125706.67896979305
 20
27775.273170894684
 11
125652.27963329537
 21
27786.400622373061
  0
LINE
  8
_0-b_道路斜線用－天空率
  6
CONTINUOUS
 62
  212
 10
125652.27963329537
 20
27786.400622373061
 11
125596.87847566363
 21
27797.001863541823
  0
LINE
  8
_0-b_道路斜線用－天空率
  6
CONTINUOUS
 62
  212
 10
125596.87847566363
 20
27797.001863541823
 11
125540.51422827078
 21
27807.043554270661
  0
LINE
  8
_0-b_道路斜線用－天空率
  6
CONTINUOUS
 62
  212
 10
125540.51422827078
 20
27807.043554270661
 11
125483.23043307641
 21
27816.493094337965
  0
LINE
  8
_0-b_道路斜線用－天空率
  6
CONTINUOUS
 62
  212
 10
125483.23043307641
 20
27816.493094337965
 11
125425.07541360601
 21
27825.31888174541
  0
LINE
  8
_0-b_道路斜線用－天空率
  6
CONTINUOUS
 62
  212
 10
125425.07541360601
 20
27825.31888174541
 11
125366.10219523977
 21
27833.490576139149
  0
LINE
  8
_0-b_道路斜線用－天空率
  6
CONTINUOUS
 62
  212
 10
125366.10219523977
 20
27833.490576139149
 11
125306.36837246942
 21
27840.979363618022
  0
LINE
  8
_0-b_道路斜線用－天空率
  6
CONTINUOUS
 62
  212
 10
125306.36837246942
 20
27840.979363618022
 11
125245.93592170201
 21
27847.758218889553
  0
LINE
  8
_0-b_道路斜線用－天空率
  6
CONTINUOUS
 62
  212
 10
125245.93592170201
 20
27847.758218889553
 11
125184.8709592273
 21
27853.802160501174
  0
LINE
  8
_0-b_道路斜線用－天空率
  6
CONTINUOUS
 62
  212
 10
125184.8709592273
 20
27853.802160501174
 11
125123.24344509356
 21
27859.08849474115
  0
LINE
  8
_0-b_道路斜線用－天空率
  6
CONTINUOUS
 62
  212
 10
125123.24344509356
 20
27859.08849474115
 11
125061.12683482718
 21
27863.597043786943
  0
LINE
  8
_0-b_道路斜線用－天空率
  6
CONTINUOUS
 62
  212
 10
125061.12683482718
 20
27863.597043786943
 11
124998.59768214053
 21
27867.310353785218
  0
LINE
  8
_0-b_道路斜線用－天空率
  6
CONTINUOUS
 62
  212
 10
124998.59768214053
 20
27867.310353785218
 11
124935.73519696615
 21
27870.213878783193
  0
LINE
  8
_0-b_道路斜線用－天空率
  6
CONTINUOUS
 62
  212
 10
124935.73519696615
 20
27870.213878783193
 11
124872.620764282
 21
27872.296136794659
  0
LINE
  8
_0-b_道路斜線用－天空率
  6
CONTINUOUS
 62
  212
 10
124872.620764282
 20
27872.296136794659
 11
124809.33743021593
 21
27873.548834768145
  0
LINE
  8
_0-b_道路斜線用－天空率
  6
CONTINUOUS
 62
  212
 10
124809.33743021593
 20
27873.548834768145
 11
124745.96936279126
 21
27873.966959818608
  0
LINE
  8
_0-b_道路斜線用－天空率
  6
CONTINUOUS
 62
  212
 10
124745.96936279126
 20
27873.966959818608
 11
124682.60129536659
 21
27873.548834768145
  0
LINE
  8
_0-b_道路斜線用－天空率
  6
CONTINUOUS
 62
  212
 10
124682.60129536659
 20
27873.548834768145
 11
124619.3179613005
 21
27872.296136794659
  0
LINE
  8
_0-b_道路斜線用－天空率
  6
CONTINUOUS
 62
  212
 10
124619.3179613005
 20
27872.296136794659
 11
124556.20352861635
 21
27870.213878783204
  0
LINE
  8
_0-b_道路斜線用－天空率
  6
CONTINUOUS
 62
  212
 10
124556.20352861635
 20
27870.213878783204
 11
124493.34104344197
 21
27867.310353785218
  0
LINE
  8
_0-b_道路斜線用－天空率
  6
CONTINUOUS
 62
  212
 10
124493.34104344197
 20
27867.310353785218
 11
124430.81189075532
 21
27863.597043786943
  0
LINE
  8
_0-b_道路斜線用－天空率
  6
CONTINUOUS
 62
  212
 10
124430.81189075532
 20
27863.597043786943
 11
124368.69528048894
 21
27859.08849474115
  0
LINE
  8
_0-b_道路斜線用－天空率
  6
CONTINUOUS
 62
  212
 10
124368.69528048894
 20
27859.08849474115
 11
124307.06776635521
 21
27853.802160501185
  0
LINE
  8
_0-b_道路斜線用－天空率
  6
CONTINUOUS
 62
  212
 10
124307.06776635521
 20
27853.802160501185
 11
124246.00280388048
 21
27847.758218889553
  0
LINE
  8
_0-b_道路斜線用－天空率
  6
CONTINUOUS
 62
  212
 10
124246.00280388048
 20
27847.758218889553
 11
124185.5703531131
 21
27840.979363618022
  0
LINE
  8
_0-b_道路斜線用－天空率
  6
CONTINUOUS
 62
  212
 10
124185.5703531131
 20
27840.979363618022
 11
124125.83653034274
 21
27833.49057613916
  0
LINE
  8
_0-b_道路斜線用－天空率
  6
CONTINUOUS
 62
  212
 10
124125.83653034274
 20
27833.49057613916
 11
124066.86331197649
 21
27825.318881745421
  0
LINE
  8
_0-b_道路斜線用－天空率
  6
CONTINUOUS
 62
  212
 10
124066.86331197649
 20
27825.318881745421
 11
124008.70829250609
 21
27816.493094337976
  0
LINE
  8
_0-b_道路斜線用－天空率
  6
CONTINUOUS
 62
  212
 10
124008.70829250609
 20
27816.493094337976
 11
123951.42449731171
 21
27807.043554270672
  0
LINE
  8
_0-b_道路斜線用－天空率
  6
CONTINUOUS
 62
  212
 10
123951.42449731171
 20
27807.043554270672
 11
123895.06024991888
 21
27797.001863541834
  0
LINE
  8
_0-b_道路斜線用－天空率
  6
CONTINUOUS
 62
  212
 10
123895.06024991888
 20
27797.001863541834
 11
123839.65909228714
 21
27786.400622373072
  0
LINE
  8
_0-b_道路斜線用－天空率
  6
CONTINUOUS
 62
  212
 10
123839.65909228714
 20
27786.400622373072
 11
123785.25975578946
 21
27775.273170894695
  0
LINE
  8
_0-b_道路斜線用－天空率
  6
CONTINUOUS
 62
  212
 10
123785.25975578946
 20
27775.273170894695
 11
123731.89617975695
 21
27763.65333927056
  0
LINE
  8
_0-b_道路斜線用－天空率
  6
CONTINUOUS
 62
  212
 10
123731.89617975695
 20
27763.65333927056
 11
123679.59757382766
 21
27751.575209159556
  0
LINE
  8
_0-b_道路斜線用－天空率
  6
CONTINUOUS
 62
  212
 10
123679.59757382766
 20
27751.575209159556
 11
123628.38851985265
 21
27739.072888945269
  0
LINE
  8
_0-b_道路斜線用－天空率
  6
CONTINUOUS
 62
  212
 10
123628.38851985265
 20
27739.072888945269
 11
123578.28910877894
 21
27726.180304687135
  0
LINE
  8
_0-b_道路斜線用－天空率
  6
CONTINUOUS
 62
  212
 10
123578.28910877894
 20
27726.180304687135
 11
123529.31510773714
 21
27712.931008271549
  0
LINE
  8
_0-b_道路斜線用－天空率
  6
CONTINUOUS
 62
  212
 10
123529.31510773714
 20
27712.931008271549
 11
123481.47815250212
 21
27699.358003783934
  0
LINE
  8
_0-b_道路斜線用－天空率
  6
CONTINUOUS
 62
  212
 10
123481.47815250212
 20
27699.358003783934
 11
123434.78596055322
 21
27685.493592693354
  0
LINE
  8
_0-b_道路斜線用－天空率
  6
CONTINUOUS
 62
  212
 10
123434.78596055322
 20
27685.493592693354
 11
123389.24256011741
 21
27671.369238049497
  0
LINE
  8
_0-b_道路斜線用－天空率
  6
CONTINUOUS
 62
  212
 10
123389.24256011741
 20
27671.369238049497
 11
123344.84853082078
 21
27657.015447543461
  0
LINE
  8
_0-b_道路斜線用－天空率
  6
CONTINUOUS
 62
  212
 10
123344.84853082078
 20
27657.015447543461
 11
123301.60125187785
 21
27642.46167498179
  0
LINE
  8
_0-b_道路斜線用－天空率
  6
CONTINUOUS
 62
  212
 10
123301.60125187785
 20
27642.46167498179
 11
123259.49515410167
 21
27627.736239471403
  0
LINE
  8
_0-b_道路斜線用－天空率
  6
CONTINUOUS
 62
  212
 10
123259.49515410167
 20
27627.736239471403
 11
123218.52197240064
 21
27612.866261407838
  0
LINE
  8
_0-b_道路斜線用－天空率
  6
CONTINUOUS
 62
  212
 10
123218.52197240064
 20
27612.866261407838
 11
123178.67099582786
 21
27597.877614202705
  0
LINE
  8
_0-b_道路斜線用－天空率
  6
CONTINUOUS
 62
  212
 10
123178.67099582786
 20
27597.877614202705
 11
123139.92931265324
 21
27582.794890571356
  0
LINE
  8
_0-b_道路斜線用－天空率
  6
CONTINUOUS
 62
  212
 10
123139.92931265324
 20
27582.794890571356
 11
123102.28204832403
 21
27567.641382128465
  0
LINE
  8
_0-b_道路斜線用－天空率
  6
CONTINUOUS
 62
  212
 10
123102.28204832403
 20
27567.641382128465
 11
123065.71259456122
 21
27552.439070999877
  0
LINE
  8
_0-b_道路斜線用－天空率
  6
CONTINUOUS
 62
  212
 10
123065.71259456122
 20
27552.439070999877
 11
123030.20282819776
 21
27537.208632151101
  0
LINE
  8
_0-b_道路斜線用－天空率
  6
CONTINUOUS
 62
  212
 10
123030.20282819776
 20
27537.208632151101
 11
122995.73331869501
 21
27521.969445150567
  0
LINE
  8
_0-b_道路斜線用－天空率
  6
CONTINUOUS
 62
  212
 10
122995.73331869501
 20
27521.969445150567
 11
122962.28352357608
 21
27506.739614124307
  0
LINE
  8
_0-b_道路斜線用－天空率
  6
CONTINUOUS
 62
  212
 10
122962.28352357608
 20
27506.739614124307
 11
122929.83197128248
 21
27491.535994714537
  0
LINE
  8
_0-b_道路斜線用－天空率
  6
CONTINUOUS
 62
  212
 10
122929.83197128248
 20
27491.535994714537
 11
122898.35643119692
 21
27476.374226922394
  0
LINE
  8
_0-b_道路斜線用－天空率
  6
CONTINUOUS
 62
  212
 10
122898.35643119692
 20
27476.374226922394
 11
122867.83407077909
 21
27461.268772792594
  0
LINE
  8
_0-b_道路斜線用－天空率
  6
CONTINUOUS
 62
  212
 10
122867.83407077909
 20
27461.268772792594
 11
122838.24159993387
 21
27446.232957980133
  0
LINE
  8
_0-b_道路斜線用－天空率
  6
CONTINUOUS
 62
  212
 10
122838.24159993387
 20
27446.232957980133
 11
122809.55540287504
 21
27431.279016325403
  0
LINE
  8
_0-b_道路斜線用－天空率
  6
CONTINUOUS
 62
  212
 10
122809.55540287504
 20
27431.279016325403
 11
122781.75165786374
 21
27416.418136650372
  0
LINE
  8
_0-b_道路斜線用－天空率
  6
CONTINUOUS
 62
  212
 10
122781.75165786374
 20
27416.418136650372
 11
122754.8064452932
 21
27401.660511073965
  0
LINE
  8
_0-b_道路斜線用－天空率
  6
CONTINUOUS
 62
  212
 10
122754.8064452932
 20
27401.660511073965
 11
122728.69584466065
 21
27387.015384227095
  0
LINE
  8
_0-b_道路斜線用－天空率
  6
CONTINUOUS
 62
  212
 10
122728.69584466065
 20
27387.015384227095
 11
122703.39602101767
 21
27372.491102827189
  0
LINE
  8
_0-b_道路斜線用－天空率
  6
CONTINUOUS
 62
  212
 10
122703.39602101767
 20
27372.491102827189
 11
122678.88330152363
 21
27358.095165145572
  0
LINE
  8
_0-b_道路斜線用－天空率
  6
CONTINUOUS
 62
  212
 10
122678.88330152363
 20
27358.095165145572
 11
122655.13424274584
 21
27343.834269970615
  0
LINE
  8
_0-b_道路斜線用－天空率
  6
CONTINUOUS
 62
  212
 10
122655.13424274584
 20
27343.834269970615
 11
122632.12568935591
 21
27329.714364732695
  0
LINE
  8
_0-b_道路斜線用－天空率
  6
CONTINUOUS
 62
  212
 10
122632.12568935591
 20
27329.714364732695
 11
122609.83482486965
 21
27315.740692515031
  0
LINE
  8
_0-b_道路斜線用－天空率
  6
CONTINUOUS
 62
  212
 10
122609.83482486965
 20
27315.740692515031
 11
122588.23921506443
 21
27301.91783772649
  0
LINE
  8
_0-b_道路斜線用－天空率
  6
CONTINUOUS
 62
  212
 10
122588.23921506443
 20
27301.91783772649
 11
122567.31684469075
 21
27288.249770259244
  0
LINE
  8
_0-b_道路斜線用－天空率
  6
CONTINUOUS
 62
  212
 10
122567.31684469075
 20
27288.249770259244
 11
122547.04614807106
 21
27274.739887995474
  0
LINE
  8
_0-b_道路斜線用－天空率
  6
CONTINUOUS
 62
  212
 10
122547.04614807106
 20
27274.739887995474
 11
122527.40603415145
 21
27261.391057563447
  0
LINE
  8
_0-b_道路斜線用－天空率
  6
CONTINUOUS
 62
  212
 10
122527.40603415145
 20
27261.391057563447
 11
122508.37590654248
 21
27248.205653275395
  0
LINE
  8
_0-b_道路斜線用－天空率
  6
CONTINUOUS
 62
  212
 10
122508.37590654248
 20
27248.205653275395
 11
122489.93567905356
 21
27235.185594206359
  0
LINE
  8
_0-b_道路斜線用－天空率
  6
CONTINUOUS
 62
  212
 10
122489.93567905356
 20
27235.185594206359
 11
122472.0657871931
 21
27222.332379396902
  0
LINE
  8
_0-b_道路斜線用－天空率
  6
CONTINUOUS
 62
  212
 10
122472.0657871931
 20
27222.332379396902
 11
122454.747196074
 21
27209.647121182035
  0
LINE
  8
_0-b_道路斜線用－天空率
  6
CONTINUOUS
 62
  212
 10
122454.747196074
 20
27209.647121182035
 11
122437.96140513174
 21
27197.130576665447
  0
LINE
  8
_0-b_道路斜線用－天空率
  6
CONTINUOUS
 62
  212
 10
122437.96140513174
 20
27197.130576665447
 11
122421.69045003005
 21
27184.783177371242
  0
LINE
  8
_0-b_道路斜線用－天空率
  6
CONTINUOUS
 62
  212
 10
122421.69045003005
 20
27184.783177371242
 11
122405.91690209961
 21
27172.605057116856
  0
LINE
  8
_0-b_道路斜線用－天空率
  6
CONTINUOUS
 62
  212
 10
122405.91690209961
 20
27172.605057116856
 11
122390.62386562429
 21
27160.596078159211
  0
LINE
  8
_0-b_道路斜線用－天空率
  6
CONTINUOUS
 62
  212
 10
122390.62386562429
 20
27160.596078159211
 11
122375.79497326278
 21
27148.755855673003
  0
LINE
  8
_0-b_道路斜線用－天空率
  6
CONTINUOUS
 62
  212
 10
122375.79497326278
 20
27148.755855673003
 11
122361.41437986605
 21
27137.083780625198
  0
LINE
  8
_0-b_道路斜線用－天空率
  6
CONTINUOUS
 62
  212
 10
122361.41437986605
 20
27137.083780625198
 11
122347.4667549267
 21
27125.579041113087
  0
LINE
  8
_0-b_道路斜線用－天空率
  6
CONTINUOUS
 62
  212
 10
122347.4667549267
 20
27125.579041113087
 11
122333.93727387249
 21
27114.240642235788
  0
LINE
  8
_0-b_道路斜線用－天空率
  6
CONTINUOUS
 62
  212
 10
122333.93727387249
 20
27114.240642235788
 11
122320.81160839549
 21
27103.067424570304
  0
LINE
  8
_0-b_道路斜線用－天空率
  6
CONTINUOUS
 62
  212
 10
122320.81160839549
 20
27103.067424570304
 11
122308.07591598742
 21
27092.058081323433
  0
LINE
  8
_0-b_道路斜線用－天空率
  6
CONTINUOUS
 62
  212
 10
122008.15954839215
 20
27226.42061400611
 11
122308.07591598742
 21
27092.058081323433
  0
LINE
  8
_0-b_道路斜線用－天空率
  6
CONTINUOUS
 62
  212
 10
127483.77917719028
 20
27226.42061400611
 11
127183.86280959501
 21
27092.058081323433
  0
CIRCLE
  8
_0-b_道路斜線用－天空率
  6
CONTINUOUS
 62
  212
 10
132745.96936279122
 20
25999.881817155335
 40
3000
  0
POINT
  8
_0-b_道路斜線用－天空率
 62
  212
 10
151530.00896086616
 20
67110.169491525419
  0
TEXT
  8
_0-b_道路斜線用－天空率
 62
  132
 10
151530.00896086616
 20
67110.169491525419
 40
500
 41
1
 50
0
  1
No.7
  0
TEXT
  8
_0-b_道路斜線用－天空率
 62
  132
 10
131370.96936279122
 20
22249.881817155335
 40
500
 41
1
 50
0
  1
測定点 No.7
  0
TEXT
  8
_0-b_道路斜線用－天空率
 62
  132
 10
129120.96936279122
 20
21499.881817155335
 40
500
 41
1
 50
0
  1
正射影 　測定面高さ = 0.000 m
  0
LINE
  8
_0-b_道路斜線用－天空率
  6
CONTINUOUS
 62
  132
 10
134949.10772810413
 20
27271.864345430742
 11
135344.04557414454
 21
27499.881817155335
  0
LINE
  8
_0-b_道路斜線用－天空率
  6
CONTINUOUS
 62
  132
 10
134866.96411972615
 20
27325.226436324341
 11
135290.1136512605
 21
27589.639609854952
  0
LINE
  8
_0-b_道路斜線用－天空率
  6
CONTINUOUS
 62
  132
 10
134784.44480130649
 20
27374.850861807986
 11
135233.08208045634
 21
27677.460527567574
  0
LINE
  8
_0-b_道路斜線用－天空率
  6
CONTINUOUS
 62
  132
 10
134701.84876148955
 20
27420.911379959226
 11
135173.02034591606
 21
27763.237574032758
  0
LINE
  8
_0-b_道路斜線用－天空率
  6
CONTINUOUS
 62
  132
 10
134619.42373115918
 20
27463.584787077455
 11
135110.00162361137
 21
27846.86624313231
  0
LINE
  8
_0-b_道路斜線用－天空率
  6
CONTINUOUS
 62
  132
 10
134537.41962480256
 20
27503.087071281515
 11
135044.10269214815
 21
27928.244646214956
  0
LINE
  8
_0-b_道路斜線用－天空率
  6
CONTINUOUS
 62
  132
 10
134456.04823223009
 20
27539.643747266371
 11
134975.4038392234
 21
28007.273636231911
  0
LINE
  8
_0-b_道路斜線用－天空率
  6
CONTINUOUS
 62
  132
 10
134375.42215678765
 20
27573.426089395707
 11
134903.98876380719
 21
28083.856928532328
  0
LINE
  8
_0-b_道路斜線用－天空率
  6
CONTINUOUS
 62
  132
 10
134295.60038465025
 20
27604.571715480629
 11
134829.94447416823
 21
28157.901218171286
  0
LINE
  8
_0-b_道路斜線用－天空率
  6
CONTINUOUS
 62
  132
 10
134216.70527561189
 20
27633.299527942697
 11
134753.36118186777
 21
28229.316293587522
  0
LINE
  8
_0-b_道路斜線用－天空率
  6
CONTINUOUS
 62
  132
 10
134138.73218079828
 20
27659.711909146881
 11
134674.33219185084
 21
28298.015146512272
  0
LINE
  8
_0-b_道路斜線用－天空率
  6
CONTINUOUS
 62
  132
 10
134061.75878755145
 20
27684.015481105336
 11
134592.9537887682
 21
28363.914077975503
  0
LINE
  8
_0-b_道路斜線用－天空率
  6
CONTINUOUS
 62
  132
 10
133985.82877007985
 20
27706.401889273514
 11
134509.32511966864
 21
28426.932800280177
  0
LINE
  8
_0-b_道路斜線用－天空率
  6
CONTINUOUS
 62
  132
 10
133910.82178510905
 20
27726.846552561288
 11
134423.54807320344
 21
28486.994534820463
  0
LINE
  8
_0-b_道路斜線用－天空率
  6
CONTINUOUS
 62
  132
 10
133836.84970317091
 20
27745.655292917024
 11
134335.72715549083
 21
28544.026105624619
  0
LINE
  8
_0-b_道路斜線用－天空率
  6
CONTINUOUS
 62
  132
 10
133763.75122003469
 20
27762.731704922851
 11
134245.96936279122
 21
28597.958028508652
  0
LINE
  8
_0-b_道路斜線用－天空率
  6
CONTINUOUS
 62
  132
 10
133691.60806607277
 20
27778.36955307272
 11
134154.38405114889
 21
28648.724595732121
  0
LINE
  8
_0-b_道路斜線用－天空率
  6
CONTINUOUS
 62
  132
 10
133620.32409189076
 20
27792.57467713112
 11
134061.08280315846
 21
28696.263956052836
  0
LINE
  8
_0-b_道路斜線用－天空率
  6
CONTINUOUS
 62
  132
 10
133549.81675749082
 20
27805.352626257797
 11
133966.17929201861
 21
28740.518190083137
  0
LINE
  8
_0-b_道路斜線用－天空率
  6
CONTINUOUS
 62
  132
 10
133480.08970384299
 20
27816.893422118097
 11
133869.78914303894
 21
28781.433380855698
  0
LINE
  8
_0-b_道路斜線用－天空率
  6
CONTINUOUS
 62
  132
 10
133411.07693575642
 20
27827.249855385492
 11
133772.02979276821
 21
28818.959679513056
  0
LINE
  8
_0-b_道路斜線用－天空率
  6
CONTINUOUS
 62
  132
 10
133342.71317421135
 20
27836.470421474281
 11
133673.02034591606
 21
28853.051366040788
  0
LINE
  8
_0-b_道路斜線用－天空率
  6
CONTINUOUS
 62
  132
 10
133274.93359906802
 20
27844.599335022325
 11
133572.88143024223
 21
28883.66690497029
  0
LINE
  8
_0-b_道路斜線用－天空率
  6
CONTINUOUS
 62
  132
 10
133207.65695551107
 20
27851.609611286199
 11
133471.73504959023
 21
28910.768995983322
  0
LINE
  8
_0-b_道路斜線用－天空率
  6
CONTINUOUS
 62
  132
 10
133140.84071472435
 20
27857.605468830457
 11
133369.70443524449
 21
28934.324619356753
  0
LINE
  8
_0-b_道路斜線用－天空率
  6
CONTINUOUS
 62
  132
 10
133074.42176768594
 20
27862.627969644392
 11
133266.913895792
 21
28954.305076191962
  0
LINE
  8
_0-b_道路斜線用－天空率
  6
CONTINUOUS
 62
  132
 10
133008.33388987733
 20
27866.702429411496
 11
133163.4886656714
 21
28970.68602338005
  0
LINE
  8
_0-b_道路斜線用－天空率
  6
CONTINUOUS
 62
  132
 10
132942.51089416141
 20
27869.849577002285
 11
133059.55475259418
 21
28983.447503260151
  0
LINE
  8
_0-b_道路斜線用－天空率
  6
CONTINUOUS
 62
  132
 10
132876.88659939254
 20
27872.085525041758
 11
132955.23878402358
 21
28992.573967934811
  0
LINE
  8
_0-b_道路斜線用－天空率
  6
CONTINUOUS
 62
  132
 10
132811.39481873277
 20
27873.421744647748
 11
132850.66785289873
 21
28998.054298212628
  0
LINE
  8
_0-b_道路斜線用－天空率
  6
CONTINUOUS
 62
  132
 10
132745.96936279122
 20
27873.865046564958
 11
132745.96936279122
 21
28999.881817155335
  0
LINE
  8
_0-b_道路斜線用－天空率
  6
CONTINUOUS
 62
  132
 10
132680.54405262146
 20
27873.417570290053
 11
132641.2708726837
 21
28998.054298212628
  0
LINE
  8
_0-b_道路斜線用－天空率
  6
CONTINUOUS
 62
  132
 10
132615.0527375534
 20
27872.076782136413
 11
132536.69994155885
 21
28992.573967934811
  0
LINE
  8
_0-b_道路斜線用－天空率
  6
CONTINUOUS
 62
  132
 10
132549.4293128098
 20
27869.835482529437
 11
132432.38397298826
 21
28983.447503260151
  0
LINE
  8
_0-b_道路斜線用－天空率
  6
CONTINUOUS
 62
  132
 10
132483.6077318649
 20
27866.681822163765
 11
132328.45005991103
 21
28970.68602338005
  0
LINE
  8
_0-b_道路斜線用－天空率
  6
CONTINUOUS
 62
  132
 10
132417.52200854406
 20
27862.599325998678
 11
132225.02482979043
 21
28954.305076191962
  0
LINE
  8
_0-b_道路斜線用－天空率
  6
CONTINUOUS
 62
  132
 10
132351.10620393662
 20
27857.566923426464
 11
132122.23429033794
 21
28934.324619356753
  0
LINE
  8
_0-b_道路斜線用－天空率
  6
CONTINUOUS
 62
  132
 10
132284.2943932889
 20
27851.558982325968
 11
132020.2036759922
 21
28910.768995983322
  0
LINE
  8
_0-b_道路斜線用－天空率
  6
CONTINUOUS
 62
  132
 10
132217.02060815758
 20
27844.545344116271
 11
131919.05729534022
 21
28883.66690497029
  0
LINE
  8
_0-b_道路斜線用－天空率
  6
CONTINUOUS
 62
  132
 10
132149.21874921608
 20
27836.491356354759
 11
131818.9183796664
 21
28853.051366040803
  0
LINE
  8
_0-b_道路斜線用－天空率
  6
CONTINUOUS
 62
  132
 10
132080.84438403608
 20
27827.29767740027
 11
131719.90893281422
 21
28818.959679513056
  0
LINE
  8
_0-b_道路斜線用－天空率
  6
CONTINUOUS
 62
  132
 10
132011.84048545386
 20
27816.914550166267
 11
131622.14958254349
 21
28781.433380855698
  0
LINE
  8
_0-b_道路斜線用－天空率
  6
CONTINUOUS
 62
  132
 10
131942.12595674386
 20
27805.343667598106
 11
131525.75943356382
 21
28740.518190083137
  0
LINE
  8
_0-b_道路斜線用－天空率
  6
CONTINUOUS
 62
  132
 10
131871.63535928106
 20
27792.532183375657
 11
131430.85592242397
 21
28696.263956052836
  0
LINE
  8
_0-b_道路斜線用－天空率
  6
CONTINUOUS
 62
  132
 10
131800.3031258028
 20
27778.421336443931
 11
131337.55467443354
 21
28648.724595732121
  0
LINE
  8
_0-b_道路斜線用－天空率
  6
CONTINUOUS
 62
  132
 10
131728.18318619989
 20
27762.739186252805
 11
131245.96936279122
 21
28597.958028508652
  0
LINE
  8
_0-b_道路斜線用－天空率
  6
CONTINUOUS
 62
  132
 10
131655.11410512248
 20
27745.615152188565
 11
131156.2115700916
 21
28544.026105624619
  0
LINE
  8
_0-b_道路斜線用－天空率
  6
CONTINUOUS
 62
  132
 10
131581.1010973585
 20
27726.870040945002
 11
131068.39065237897
 21
28486.994534820463
  0
LINE
  8
_0-b_道路斜線用－天空率
  6
CONTINUOUS
 62
  132
 10
131506.13469615572
 20
27706.367836685829
 11
130982.61360591379
 21
28426.932800280177
  0
LINE
  8
_0-b_道路斜線用－天空率
  6
CONTINUOUS
 62
  132
 10
131430.17403930411
 20
27684.023031131469
 11
130898.98493681426
 21
28363.914077975503
  0
LINE
  8
_0-b_道路斜線用－天空率
  6
CONTINUOUS
 62
  132
 10
131353.17734879234
 20
27659.74670357499
 11
130817.60653373159
 21
28298.015146512272
  0
LINE
  8
_0-b_道路斜線用－天空率
  6
CONTINUOUS
 62
  132
 10
131275.25781945211
 20
27633.272462891487
 11
130738.57754371465
 21
28229.316293587522
  0
LINE
  8
_0-b_道路斜線用－天空率
  6
CONTINUOUS
 62
  132
 10
131196.36387045876
 20
27604.54527888196
 11
130661.99425141424
 21
28157.901218171286
  0
LINE
  8
_0-b_道路斜線用－天空率
  6
CONTINUOUS
 62
  132
 10
131116.5450960473
 20
27573.398540948164
 11
130587.94996177525
 21
28083.856928532328
  0
LINE
  8
_0-b_道路斜線用－天空率
  6
CONTINUOUS
 62
  132
 10
131035.86530170476
 20
27539.666429927739
 11
130516.53488635904
 21
28007.273636231911
  0
LINE
  8
_0-b_道路斜線用－天空率
  6
CONTINUOUS
 62
  132
 10
130954.51697651777
 20
27503.088853749046
 11
130447.83603343428
 21
27928.244646214956
  0
LINE
  8
_0-b_道路斜線用－天空率
  6
CONTINUOUS
 62
  132
 10
130872.50038972342
 20
27463.596197519495
 11
130381.93710197106
 21
27846.86624313231
  0
LINE
  8
_0-b_道路斜線用－天空率
  6
CONTINUOUS
 62
  132
 10
130790.11286649206
 20
27420.894740392224
 11
130318.91837966638
 21
27763.237574032758
  0
LINE
  8
_0-b_道路斜線用－天空率
  6
CONTINUOUS
 62
  132
 10
130707.49321445696
 20
27374.851340586941
 11
130258.85664512609
 21
27677.460527567574
  0
LINE
  8
_0-b_道路斜線用－天空率
  6
CONTINUOUS
 62
  132
 10
130624.97257236168
 20
27325.227706992802
 11
130201.82507432193
 21
27589.639609854952
  0
LINE
  8
_0-b_道路斜線用－天空率
  6
CONTINUOUS
 62
  132
 10
130542.8235271886
 20
27271.868658404502
 11
130147.89315143789
 21
27499.881817155335
  0
LINE
  8
_0-b_道路斜線用－天空率
  6
CONTINUOUS
 62
  132
 10
130461.47097043163
 20
27214.571158988415
 11
130097.12658421444
 21
27408.296505513011
  0
LINE
  8
_0-b_道路斜線用－天空率
  6
CONTINUOUS
 62
  132
 10
130381.34522721443
 20
27153.186067785507
 11
130049.58722389371
 21
27314.995257522572
  0
LINE
  8
_0-b_道路斜線用－天空率
  6
CONTINUOUS
 62
  132
 10
130302.96711026081
 20
27087.576498255235
 11
130005.33298986342
 21
27220.091746382742
  0
LINE
  8
_0-b_道路斜線用－天空率
  6
CONTINUOUS
 62
  132
 10
130226.91416416487
 20
27017.646181726773
 11
129964.41779909086
 21
27123.701597403065
  0
TEXT
  8
_0-b_道路斜線用－天空率
 62
  132
 10
130745.96936279122
 20
20749.881817155335
 40
500
 41
1
 50
0
  1
天空率 = 82.42 %
  0
LINE
  8
_0-b_道路斜線用－天空率
  6
CONTINUOUS
 62
  212
 10
134979.80462083508
 20
27250.829561659895
 11
134960.50559670198
 21
27264.149351160722
  0
LINE
  8
_0-b_道路斜線用－天空率
  6
CONTINUOUS
 62
  212
 10
134960.50559670198
 20
27264.149351160722
 11
134940.58293739944
 21
27277.634609482789
  0
LINE
  8
_0-b_道路斜線用－天空率
  6
CONTINUOUS
 62
  212
 10
134940.58293739944
 20
27277.634609482789
 11
134920.01546280406
 21
27291.282804175112
  0
LINE
  8
_0-b_道路斜線用－天空率
  6
CONTINUOUS
 62
  212
 10
134920.01546280406
 20
27291.282804175112
 11
134898.78148689973
 21
27305.090886780122
  0
LINE
  8
_0-b_道路斜線用－天空率
  6
CONTINUOUS
 62
  212
 10
134898.78148689973
 20
27305.090886780122
 11
134876.85883969106
 21
27319.055251968609
  0
LINE
  8
_0-b_道路斜線用－天空率
  6
CONTINUOUS
 62
  212
 10
134876.85883969106
 20
27319.055251968609
 11
134854.22489448447
 21
27333.171694784799
  0
LINE
  8
_0-b_道路斜線用－天空率
  6
CONTINUOUS
 62
  212
 10
134854.22489448447
 20
27333.171694784799
 11
134830.85660110868
 21
27347.435366080164
  0
LINE
  8
_0-b_道路斜線用－天空率
  6
CONTINUOUS
 62
  212
 10
134830.85660110868
 20
27347.435366080164
 11
134806.7305256793
 21
27361.840726249647
  0
LINE
  8
_0-b_道路斜線用－天空率
  6
CONTINUOUS
 62
  212
 10
134806.7305256793
 20
27361.840726249647
 11
134781.82289753874
 21
27376.381497423346
  0
LINE
  8
_0-b_道路斜線用－天空率
  6
CONTINUOUS
 62
  212
 10
134781.82289753874
 20
27376.381497423346
 11
134756.10966402722
 21
27391.050614312644
  0
LINE
  8
_0-b_道路斜線用－天空率
  6
CONTINUOUS
 62
  212
 10
134756.10966402722
 20
27391.050614312644
 11
134729.56655375764
 21
27405.840173960143
  0
LINE
  8
_0-b_道路斜線用－天空率
  6
CONTINUOUS
 62
  212
 10
134729.56655375764
 20
27405.840173960143
 11
134702.16914907874
 21
27420.741384700409
  0
LINE
  8
_0-b_道路斜線用－天空率
  6
CONTINUOUS
 62
  212
 10
134702.16914907874
 20
27420.741384700409
 11
134673.89296841071
 21
27435.744514700967
  0
LINE
  8
_0-b_道路斜線用－天空率
  6
CONTINUOUS
 62
  212
 10
134673.89296841071
 20
27435.744514700967
 11
134644.71355912811
 21
27450.83884052277
  0
LINE
  8
_0-b_道路斜線用－天空率
  6
CONTINUOUS
 62
  212
 10
134644.71355912811
 20
27450.83884052277
 11
134614.60660164014
 21
27466.012596213691
  0
LINE
  8
_0-b_道路斜線用－天空率
  6
CONTINUOUS
 62
  212
 10
134614.60660164014
 20
27466.012596213691
 11
134583.5480252779
 21
27481.252923529234
  0
LINE
  8
_0-b_道路斜線用－天空率
  6
CONTINUOUS
 62
  212
 10
134583.5480252779
 20
27481.252923529234
 11
134551.51413653983
 21
27496.545823959819
  0
LINE
  8
_0-b_道路斜線用－天空率
  6
CONTINUOUS
 62
  212
 10
134551.51413653983
 20
27496.545823959819
 11
134518.4817601637
 21
27511.876113332597
  0
LINE
  8
_0-b_道路斜線用－天空率
  6
CONTINUOUS
 62
  212
 10
134518.4817601637
 20
27511.876113332597
 11
134484.42839339049
 21
27527.227379847114
  0
LINE
  8
_0-b_道路斜線用－天空率
  6
CONTINUOUS
 62
  212
 10
134484.42839339049
 20
27527.227379847114
 11
134449.33237365013
 21
27542.581946496204
  0
LINE
  8
_0-b_道路斜線用－天空率
  6
CONTINUOUS
 62
  212
 10
134449.33237365013
 20
27542.581946496204
 11
134413.17305973815
 21
27557.92083891364
  0
LINE
  8
_0-b_道路斜線用－天空率
  6
CONTINUOUS
 62
  212
 10
134413.17305973815
 20
27557.92083891364
 11
134375.93102635745
 21
27573.223759776657
  0
LINE
  8
_0-b_道路斜線用－天空率
  6
CONTINUOUS
 62
  212
 10
134375.93102635745
 20
27573.223759776657
 11
134337.58827167091
 21
27588.469070970506
  0
LINE
  8
_0-b_道路斜線用－天空率
  6
CONTINUOUS
 62
  212
 10
134337.58827167091
 20
27588.469070970506
 11
134298.12843724674
 21
27603.633784789941
  0
LINE
  8
_0-b_道路斜線用－天空率
  6
CONTINUOUS
 62
  212
 10
134298.12843724674
 20
27603.633784789941
 11
134257.53703948191
 21
27618.693565506135
  0
LINE
  8
_0-b_道路斜線用－天空率
  6
CONTINUOUS
 62
  212
 10
134257.53703948191
 20
27618.693565506135
 11
134215.80171125568
 21
27633.622742660714
  0
LINE
  8
_0-b_道路斜線用－天空率
  6
CONTINUOUS
 62
  212
 10
134215.80171125568
 20
27633.622742660714
 11
134172.9124522022
 21
27648.394337457524
  0
LINE
  8
_0-b_道路斜線用－天空率
  6
CONTINUOUS
 62
  212
 10
134172.9124522022
 20
27648.394337457524
 11
134128.86188560043
 21
27662.980103602581
  0
LINE
  8
_0-b_道路斜線用－天空率
  6
CONTINUOUS
 62
  212
 10
134128.86188560043
 20
27662.980103602581
 11
134083.64551946776
 21
27677.350583886811
  0
LINE
  8
_0-b_道路斜線用－天空率
  6
CONTINUOUS
 62
  212
 10
134083.64551946776
 20
27677.350583886811
 11
134037.26200901722
 21
27691.475183711441
  0
LINE
  8
_0-b_道路斜線用－天空率
  6
CONTINUOUS
 62
  212
 10
134037.26200901722
 20
27691.475183711441
 11
133989.71341720994
 21
27705.322262616231
  0
LINE
  8
_0-b_道路斜線用－天空率
  6
CONTINUOUS
 62
  212
 10
133989.71341720994
 20
27705.322262616231
 11
133941.00546971496
 21
27718.859244683302
  0
LINE
  8
_0-b_道路斜線用－天空率
  6
CONTINUOUS
 62
  212
 10
133941.00546971496
 20
27718.859244683302
 11
133891.14780019313
 21
27732.052748450303
  0
LINE
  8
_0-b_道路斜線用－天空率
  6
CONTINUOUS
 62
  212
 10
133891.14780019313
 20
27732.052748450303
 11
133840.15418146591
 21
27744.868736676573
  0
LINE
  8
_0-b_道路斜線用－天空率
  6
CONTINUOUS
 62
  212
 10
133840.15418146591
 20
27744.868736676573
 11
133788.04273783363
 21
27757.272685962529
  0
LINE
  8
_0-b_道路斜線用－天空率
  6
CONTINUOUS
 62
  212
 10
133788.04273783363
 20
27757.272685962529
 11
133734.83613358918
 21
27769.229775831878
  0
LINE
  8
_0-b_道路斜線用－天空率
  6
CONTINUOUS
 62
  212
 10
133734.83613358918
 20
27769.229775831878
 11
133680.56173265018
 21
27780.705096450219
  0
LINE
  8
_0-b_道路斜線用－天空率
  6
CONTINUOUS
 62
  212
 10
133680.56173265018
 20
27780.705096450219
 11
133625.25172422785
 21
27791.663873682911
  0
LINE
  8
_0-b_道路斜線用－天空率
  6
CONTINUOUS
 62
  212
 10
133625.25172422785
 20
27791.663873682911
 11
133568.94320957668
 21
27802.071709698087
  0
LINE
  8
_0-b_道路斜線用－天空率
  6
CONTINUOUS
 62
  212
 10
133568.94320957668
 20
27802.071709698087
 11
133511.67824514387
 21
27811.894836813109
  0
LINE
  8
_0-b_道路斜線用－天空率
  6
CONTINUOUS
 62
  212
 10
133511.67824514387
 20
27811.894836813109
 11
133453.50383786961
 21
27821.100381778218
  0
LINE
  8
_0-b_道路斜線用－天空率
  6
CONTINUOUS
 62
  212
 10
133453.50383786961
 20
27821.100381778218
 11
133394.47188898292
 21
27829.656637210122
  0
LINE
  8
_0-b_道路斜線用－天空率
  6
CONTINUOUS
 62
  212
 10
133394.47188898292
 20
27829.656637210122
 11
133334.6390833935
 21
27837.53333644821
  0
LINE
  8
_0-b_道路斜線用－天空率
  6
CONTINUOUS
 62
  212
 10
133334.6390833935
 20
27837.53333644821
 11
133274.06672268835
 21
27844.701927729372
  0
LINE
  8
_0-b_道路斜線用－天空率
  6
CONTINUOUS
 62
  212
 10
133274.06672268835
 20
27844.701927729372
 11
133212.82050078659
 21
27851.135843281874
  0
LINE
  8
_0-b_道路斜線用－天空率
  6
CONTINUOUS
 62
  212
 10
133212.82050078659
 20
27851.135843281874
 11
133150.97022246182
 21
27856.810758745075
  0
LINE
  8
_0-b_道路斜線用－天空率
  6
CONTINUOUS
 62
  212
 10
133150.97022246182
 20
27856.810758745075
 11
133088.58946618123
 21
27861.704838243756
  0
LINE
  8
_0-b_道路斜線用－天空率
  6
CONTINUOUS
 62
  212
 10
133088.58946618123
 20
27861.704838243756
 11
133025.75519399027
 21
27865.798960497613
  0
LINE
  8
_0-b_道路斜線用－天空率
  6
CONTINUOUS
 62
  212
 10
133025.75519399027
 20
27865.798960497613
 11
132962.54731245338
 21
27869.076921533756
  0
LINE
  8
_0-b_道路斜線用－天空率
  6
CONTINUOUS
 62
  212
 10
132962.54731245338
 20
27869.076921533756
 11
132899.04818989647
 21
27871.525609895888
  0
LINE
  8
_0-b_道路斜線用－天空率
  6
CONTINUOUS
 62
  212
 10
132899.04818989647
 20
27871.525609895888
 11
132835.34213633835
 21
27873.135150703204
  0
LINE
  8
_0-b_道路斜線用－天空率
  6
CONTINUOUS
 62
  212
 10
132835.34213633835
 20
27873.135150703204
 11
132771.51485349921
 21
27873.899015494247
  0
LINE
  8
_0-b_道路斜線用－天空率
  6
CONTINUOUS
 62
  212
 10
132771.51485349921
 20
27873.899015494247
 11
132707.65286309807
 21
27873.814095479941
  0
LINE
  8
_0-b_道路斜線用－天空率
  6
CONTINUOUS
 62
  212
 10
132707.65286309807
 20
27873.814095479941
 11
132643.84292225426
 21
27872.880736602714
  0
LINE
  8
_0-b_道路斜線用－天空率
  6
CONTINUOUS
 62
  212
 10
132643.84292225426
 20
27872.880736602714
 11
132580.17143517287
 21
27871.102735629574
  0
LINE
  8
_0-b_道路斜線用－天空率
  6
CONTINUOUS
 62
  212
 10
132580.17143517287
 20
27871.102735629574
 11
132516.72387039905
 21
27868.487297365209
  0
LINE
  8
_0-b_道路斜線用－天空率
  6
CONTINUOUS
 62
  212
 10
132516.72387039905
 20
27868.487297365209
 11
132453.58419276843
 21
27865.044953926757
  0
LINE
  8
_0-b_道路斜線用－天空率
  6
CONTINUOUS
 62
  212
 10
132453.58419276843
 20
27865.044953926757
 11
132390.83431876674
 21
27860.7894478435
  0
LINE
  8
_0-b_道路斜線用－天空率
  6
CONTINUOUS
 62
  212
 10
132390.83431876674
 20
27860.7894478435
 11
132328.55360336197
 21
27855.737581502478
  0
LINE
  8
_0-b_道路斜線用－天空率
  6
CONTINUOUS
 62
  212
 10
132328.55360336197
 20
27855.737581502478
 11
132266.81836551032
 21
27849.90903613028
  0
LINE
  8
_0-b_道路斜線用－天空率
  6
CONTINUOUS
 62
  212
 10
132266.81836551032
 20
27849.90903613028
 11
132205.70145850471
 21
27843.326164060272
  0
LINE
  8
_0-b_道路斜線用－天空率
  6
CONTINUOUS
 62
  212
 10
132205.70145850471
 20
27843.326164060272
 11
132145.27189016999
 21
27836.013758467539
  0
LINE
  8
_0-b_道路斜線用－天空率
  6
CONTINUOUS
 62
  212
 10
132145.27189016999
 20
27836.013758467539
 11
132085.59449666153
 21
27827.998805052378
  0
LINE
  8
_0-b_道路斜線用－天空率
  6
CONTINUOUS
 62
  212
 10
132085.59449666153
 20
27827.998805052378
 11
132026.7296723391
 21
27819.310220312752
  0
LINE
  8
_0-b_道路斜線用－天空率
  6
CONTINUOUS
 62
  212
 10
132026.7296723391
 20
27819.310220312752
 11
131968.73315691124
 21
27809.978581071358
  0
LINE
  8
_0-b_道路斜線用－天空率
  6
CONTINUOUS
 62
  212
 10
131968.73315691124
 20
27809.978581071358
 11
131911.655879822
 21
27800.035849820676
  0
LINE
  8
_0-b_道路斜線用－天空率
  6
CONTINUOUS
 62
  212
 10
131911.655879822
 20
27800.035849820676
 11
131855.54386071418
 21
27789.515100233962
  0
LINE
  8
_0-b_道路斜線用－天空率
  6
CONTINUOUS
 62
  212
 10
131855.54386071418
 20
27789.515100233962
 11
131800.43816378441
 21
27778.450246876796
  0
LINE
  8
_0-b_道路斜線用－天空率
  6
CONTINUOUS
 62
  212
 10
131800.43816378441
 20
27778.450246876796
 11
131746.37490296692
 21
27766.87578276277
  0
LINE
  8
_0-b_道路斜線用－天空率
  6
CONTINUOUS
 62
  212
 10
131746.37490296692
 20
27766.87578276277
 11
131693.3852941592
 21
27754.826527947228
  0
LINE
  8
_0-b_道路斜線用－天空率
  6
CONTINUOUS
 62
  212
 10
131693.3852941592
 20
27754.826527947228
 11
131641.49575014106
 21
27742.337391865305
  0
LINE
  8
_0-b_道路斜線用－天空率
  6
CONTINUOUS
 62
  212
 10
131641.49575014106
 20
27742.337391865305
 11
131590.72801343858
 21
27729.443151614716
  0
LINE
  8
_0-b_道路斜線用－天空率
  6
CONTINUOUS
 62
  212
 10
131590.72801343858
 20
27729.443151614716
 11
131541.09932214076
 21
27716.178247876028
  0
LINE
  8
_0-b_道路斜線用－天空率
  6
CONTINUOUS
 62
  212
 10
131541.09932214076
 20
27716.178247876028
 11
131492.62260357808
 21
27702.576599671512
  0
LINE
  8
_0-b_道路斜線用－天空率
  6
CONTINUOUS
 62
  212
 10
131492.62260357808
 20
27702.576599671512
 11
131445.30669080137
 21
27688.67143869826
  0
LINE
  8
_0-b_道路斜線用－天空率
  6
CONTINUOUS
 62
  212
 10
131445.30669080137
 20
27688.67143869826
 11
131399.15655694386
 21
27674.495163544474
  0
LINE
  8
_0-b_道路斜線用－天空率
  6
CONTINUOUS
 62
  212
 10
131399.15655694386
 20
27674.495163544474
 11
131354.17356278499
 21
27660.079213715573
  0
LINE
  8
_0-b_道路斜線用－天空率
  6
CONTINUOUS
 62
  212
 10
131354.17356278499
 20
27660.079213715573
 11
131310.35571314292
 21
27645.453963064654
  0
LINE
  8
_0-b_道路斜線用－天空率
  6
CONTINUOUS
 62
  212
 10
131310.35571314292
 20
27645.453963064654
 11
131267.69791809012
 21
27630.648631941359
  0
LINE
  8
_0-b_道路斜線用－天空率
  6
CONTINUOUS
 62
  212
 10
131267.69791809012
 20
27630.648631941359
 11
131226.19225538548
 21
27615.691217144954
  0
LINE
  8
_0-b_道路斜線用－天空率
  6
CONTINUOUS
 62
  212
 10
131226.19225538548
 20
27615.691217144954
 11
131185.82823094056
 21
27600.608438589766
  0
LINE
  8
_0-b_道路斜線用－天空率
  6
CONTINUOUS
 62
  212
 10
131185.82823094056
 20
27600.608438589766
 11
131146.59303456591
 21
27585.425701460826
  0
LINE
  8
_0-b_道路斜線用－天空率
  6
CONTINUOUS
 62
  212
 10
131146.59303456591
 20
27585.425701460826
 11
131108.47178866705
 21
27570.167072550724
  0
LINE
  8
_0-b_道路斜線用－天空率
  6
CONTINUOUS
 62
  212
 10
131108.47178866705
 20
27570.167072550724
 11
131071.44778796877
 21
27554.855269420808
  0
LINE
  8
_0-b_道路斜線用－天空率
  6
CONTINUOUS
 62
  212
 10
131071.44778796877
 20
27554.855269420808
 11
131035.50272873167
 21
27539.511661015534
  0
LINE
  8
_0-b_道路斜線用－天空率
  6
CONTINUOUS
 62
  212
 10
131035.50272873167
 20
27539.511661015534
 11
131000.61692628226
 21
27524.156278373153
  0
LINE
  8
_0-b_道路斜線用－天空率
  6
CONTINUOUS
 62
  212
 10
131000.61692628226
 20
27524.156278373153
 11
130966.76952000368
 21
27508.80783411362
  0
LINE
  8
_0-b_道路斜線用－天空率
  6
CONTINUOUS
 62
  212
 10
130966.76952000368
 20
27508.80783411362
 11
130933.93866522517
 21
27493.483749441213
  0
LINE
  8
_0-b_道路斜線用－天空率
  6
CONTINUOUS
 62
  212
 10
130933.93866522517
 20
27493.483749441213
 11
130902.10171170381
 21
27478.20018746977
  0
LINE
  8
_0-b_道路斜線用－天空率
  6
CONTINUOUS
 62
  212
 10
130902.10171170381
 20
27478.20018746977
 11
130871.23536861485
 21
27462.972091759333
  0
LINE
  8
_0-b_道路斜線用－天空率
  6
CONTINUOUS
 62
  212
 10
130871.23536861485
 20
27462.972091759333
 11
130841.31585615391
 21
27447.813229040435
  0
LINE
  8
_0-b_道路斜線用－天空率
  6
CONTINUOUS
 62
  212
 10
130841.31585615391
 20
27447.813229040435
 11
130812.31904401085
 21
27432.736235192976
  0
LINE
  8
_0-b_道路斜線用－天空率
  6
CONTINUOUS
 62
  212
 10
130812.31904401085
 20
27432.736235192976
 11
130784.22057710315
 21
27417.752663638839
  0
LINE
  8
_0-b_道路斜線用－天空率
  6
CONTINUOUS
 62
  212
 10
130784.22057710315
 20
27417.752663638839
 11
130756.99598905548
 21
27402.873035398148
  0
LINE
  8
_0-b_道路斜線用－天空率
  6
CONTINUOUS
 62
  212
 10
130756.99598905548
 20
27402.873035398148
 11
130730.62080399022
 21
27388.106890147253
  0
LINE
  8
_0-b_道路斜線用－天空率
  6
CONTINUOUS
 62
  212
 10
130730.62080399022
 20
27388.106890147253
 11
130705.07062724782
 21
27373.462837700855
  0
LINE
  8
_0-b_道路斜線用－天空率
  6
CONTINUOUS
 62
  212
 10
130705.07062724782
 20
27373.462837700855
 11
130680.3212256935
 21
27358.948609419792
  0
LINE
  8
_0-b_道路斜線用－天空率
  6
CONTINUOUS
 62
  212
 10
130680.3212256935
 20
27358.948609419792
 11
130656.3485982878
 21
27344.571109119977
  0
LINE
  8
_0-b_道路斜線用－天空率
  6
CONTINUOUS
 62
  212
 10
130656.3485982878
 20
27344.571109119977
 11
130633.12903760634
 21
27330.336463125819
  0
LINE
  8
_0-b_道路斜線用－天空率
  6
CONTINUOUS
 62
  212
 10
130633.12903760634
 20
27330.336463125819
 11
130610.63918299107
 21
27316.250069173303
  0
LINE
  8
_0-b_道路斜線用－天空率
  6
CONTINUOUS
 62
  212
 10
130610.63918299107
 20
27316.250069173303
 11
130588.85606600342
 21
27302.316643923666
  0
LINE
  8
_0-b_道路斜線用－天空率
  6
CONTINUOUS
 62
  212
 10
130588.85606600342
 20
27302.316643923666
 11
130567.75714883033
 21
27288.540268898635
  0
LINE
  8
_0-b_道路斜線用－天空率
  6
CONTINUOUS
 62
  212
 10
130567.75714883033
 20
27288.540268898635
 11
130547.32035626968
 21
27274.924434692242
  0
LINE
  8
_0-b_道路斜線用－天空率
  6
CONTINUOUS
 62
  212
 10
130547.32035626968
 20
27274.924434692242
 11
130527.52410189282
 21
27261.472083353055
  0
LINE
  8
_0-b_道路斜線用－天空率
  6
CONTINUOUS
 62
  212
 10
130527.52410189282
 20
27261.472083353055
 11
130508.34730895051
 21
27248.185648864488
  0
LINE
  8
_0-b_道路斜線用－天空率
  6
CONTINUOUS
 62
  212
 10
130508.34730895051
 20
27248.185648864488
 11
130489.76942655492
 21
27235.067095679914
  0
LINE
  8
_0-b_道路斜線用－天空率
  6
CONTINUOUS
 62
  212
 10
130489.76942655492
 20
27235.067095679914
 11
130471.77044163605
 21
27222.117955294106
  0
LINE
  8
_0-b_道路斜線用－天空率
  6
CONTINUOUS
 62
  212
 10
130471.77044163605
 20
27222.117955294106
 11
130454.33088713609
 21
27209.339360853595
  0
LINE
  8
_0-b_道路斜線用－天空率
  6
CONTINUOUS
 62
  212
 10
130454.33088713609
 20
27209.339360853595
 11
130437.43184687125
 21
27196.732079825927
  0
LINE
  8
_0-b_道路斜線用－天空率
  6
CONTINUOUS
 62
  212
 10
130437.43184687125
 20
27196.732079825927
 11
130421.05495745615
 21
27184.296544762139
  0
LINE
  8
_0-b_道路斜線用－天空率
  6
CONTINUOUS
 62
  212
 10
130421.05495745615
 20
27184.296544762139
 11
130405.18240765425
 21
27172.032882198651
  0
LINE
  8
_0-b_道路斜線用－天空率
  6
CONTINUOUS
 62
  212
 10
130405.18240765425
 20
27172.032882198651
 11
130389.79693548547
 21
27159.940939753643
  0
LINE
  8
_0-b_道路斜線用－天空率
  6
CONTINUOUS
 62
  212
 10
130389.79693548547
 20
27159.940939753643
 11
130374.88182339322
 21
27148.020311480318
  0
LINE
  8
_0-b_道路斜線用－天空率
  6
CONTINUOUS
 62
  212
 10
130374.88182339322
 20
27148.020311480318
 11
130360.42089174468
 21
27136.270361544768
  0
LINE
  8
_0-b_道路斜線用－天空率
  6
CONTINUOUS
 62
  212
 10
130360.42089174468
 20
27136.270361544768
 11
130346.39849091168
 21
27124.690246299633
  0
LINE
  8
_0-b_道路斜線用－天空率
  6
CONTINUOUS
 62
  212
 10
130346.39849091168
 20
27124.690246299633
 11
130332.79949215507
 21
27113.278934827452
  0
LINE
  8
_0-b_道路斜線用－天空率
  6
CONTINUOUS
 62
  212
 10
130332.79949215507
 20
27113.278934827452
 11
130319.60927751274
 21
27102.035228028569
  0
LINE
  8
_0-b_道路斜線用－天空率
  6
CONTINUOUS
 62
  212
 10
130319.60927751274
 20
27102.035228028569
 11
130306.81372886981
 21
27090.957776328945
  0
LINE
  8
_0-b_道路斜線用－天空率
  6
CONTINUOUS
 62
  212
 10
130306.81372886981
 20
27090.957776328945
 11
130294.39921637065
 21
27080.045096082732
  0
LINE
  8
_0-b_道路斜線用－天空率
  6
CONTINUOUS
 62
  212
 10
130294.39921637065
 20
27080.045096082732
 11
130282.35258631411
 21
27069.29558474326
  0
LINE
  8
_0-b_道路斜線用－天空率
  6
CONTINUOUS
 62
  212
 10
130282.35258631411
 20
27069.29558474326
 11
130270.66114865729
 21
27058.707534874658
  0
LINE
  8
_0-b_道路斜線用－天空率
  6
CONTINUOUS
 62
  212
 10
130270.66114865729
 20
27058.707534874658
 11
130259.3126642377
 21
27048.279147074219
  0
LINE
  8
_0-b_道路斜線用－天空率
  6
CONTINUOUS
 62
  212
 10
130259.3126642377
 20
27048.279147074219
 11
130248.29533181137
 21
27038.008541873081
  0
LINE
  8
_0-b_道路斜線用－天空率
  6
CONTINUOUS
 62
  212
 10
130248.29533181137
 20
27038.008541873081
 11
130237.59777499064
 21
27027.893770680748
  0
LINE
  8
_0-b_道路斜線用－天空率
  6
CONTINUOUS
 62
  212
 10
130237.59777499064
 20
27027.893770680748
 11
130227.20902915584
 21
27017.932825835712
  0
LINE
  8
_0-b_道路斜線用－天空率
  6
CONTINUOUS
 62
  212
 10
130227.20902915584
 20
27017.932825835712
 11
130217.11852840388
 21
27008.123649821936
  0
LINE
  8
_0-b_道路斜線用－天空率
  6
CONTINUOUS
 62
  212
 10
130217.11852840388
 20
27008.123649821936
 11
130207.3160925886
 21
26998.464143707951
  0
LINE
  8
_0-b_道路斜線用－天空率
  6
CONTINUOUS
 62
  212
 10
130207.3160925886
 20
26998.464143707951
 11
130197.79191449972
 21
26988.952174862548
  0
LINE
  8
_0-b_道路斜線用－天空率
  6
CONTINUOUS
 62
  212
 10
130197.79191449972
 20
26988.952174862548
 11
130188.53654721942
 21
26979.585583997868
  0
LINE
  8
_0-b_道路斜線用－天空率
  6
CONTINUOUS
 62
  212
 10
130188.53654721942
 20
26979.585583997868
 11
130179.54089169
 21
26970.362191588243
  0
LINE
  8
_0-b_道路斜線用－天空率
  6
CONTINUOUS
 62
  212
 10
130179.54089169
 20
26970.362191588243
 11
130170.79618452
 21
26961.27980370992
  0
LINE
  8
_0-b_道路斜線用－天空率
  6
CONTINUOUS
 62
  212
 10
129935.44481860914
 20
27049.144313649969
 11
130170.79618452
 21
26961.27980370992
  0
LINE
  8
_0-b_道路斜線用－天空率
  6
CONTINUOUS
 62
  212
 10
135363.4874106404
 20
27465.691923950864
 11
134979.80462083508
 21
27250.829561659895
  0
CIRCLE
  8
_0-b_道路斜線用－天空率
  6
CONTINUOUS
 62
  212
 10
140745.96936279122
 20
25999.881817155335
 40
3000
  0
POINT
  8
_0-b_道路斜線用－天空率
 62
  212
 10
154030.00896086616
 20
67110.169491525419
  0
TEXT
  8
_0-b_道路斜線用－天空率
 62
  132
 10
154030.00896086616
 20
67110.169491525419
 40
500
 41
1
 50
0
  1
No.8
  0
TEXT
  8
_0-b_道路斜線用－天空率
 62
  132
 10
139370.96936279122
 20
22249.881817155335
 40
500
 41
1
 50
0
  1
測定点 No.8
  0
TEXT
  8
_0-b_道路斜線用－天空率
 62
  132
 10
137120.96936279122
 20
21499.881817155335
 40
500
 41
1
 50
0
  1
正射影 　測定面高さ = 0.000 m
  0
LINE
  8
_0-b_道路斜線用－天空率
  6
CONTINUOUS
 62
  132
 10
142619.40734037192
 20
27463.571981190943
 11
143110.00162361137
 21
27846.86624313231
  0
LINE
  8
_0-b_道路斜線用－天空率
  6
CONTINUOUS
 62
  132
 10
142537.43577697838
 20
27503.100624566275
 11
143044.10269214815
 21
27928.244646214956
  0
LINE
  8
_0-b_道路斜線用－天空率
  6
CONTINUOUS
 62
  132
 10
142456.02785838692
 20
27539.625402575587
 11
142975.4038392234
 21
28007.273636231911
  0
LINE
  8
_0-b_道路斜線用－天空率
  6
CONTINUOUS
 62
  132
 10
142375.37614884923
 20
27573.381660046026
 11
142903.98876380719
 21
28083.856928532328
  0
LINE
  8
_0-b_道路斜線用－天空率
  6
CONTINUOUS
 62
  132
 10
142295.56102787086
 20
27604.530960342504
 11
142829.94447416823
 21
28157.901218171286
  0
LINE
  8
_0-b_道路斜線用－天空率
  6
CONTINUOUS
 62
  132
 10
142216.65985591468
 20
27633.249084258557
 11
142753.36118186777
 21
28229.316293587522
  0
LINE
  8
_0-b_道路斜線用－天空率
  6
CONTINUOUS
 62
  132
 10
142138.7437392243
 20
27659.725683942622
 11
142674.33219185084
 21
28298.015146512272
  0
LINE
  8
_0-b_道路斜線用－天空率
  6
CONTINUOUS
 62
  132
 10
142061.76794613845
 20
27684.027203562141
 11
142592.9537887682
 21
28363.914077975503
  0
LINE
  8
_0-b_道路斜線用－天空率
  6
CONTINUOUS
 62
  132
 10
141985.79964378086
 20
27706.361800362185
 11
142509.32511966864
 21
28426.932800280177
  0
LINE
  8
_0-b_道路斜線用－天空率
  6
CONTINUOUS
 62
  132
 10
141910.83002270752
 20
27726.858765303222
 11
142423.54807320344
 21
28486.994534820463
  0
LINE
  8
_0-b_道路斜線用－天空率
  6
CONTINUOUS
 62
  132
 10
141836.83321396246
 20
27745.628904667377
 11
142335.72715549083
 21
28544.026105624619
  0
LINE
  8
_0-b_道路斜線用－天空率
  6
CONTINUOUS
 62
  132
 10
141763.74728437871
 20
27762.724888166769
 11
142245.96936279122
 21
28597.958028508652
  0
LINE
  8
_0-b_道路斜線用－天空率
  6
CONTINUOUS
 62
  132
 10
141691.60531005624
 20
27778.364369759514
 11
142154.38405114889
 21
28648.724595732121
  0
LINE
  8
_0-b_道路斜線用－天空率
  6
CONTINUOUS
 62
  132
 10
141620.33150448556
 20
27792.589875202713
 11
142061.08280315846
 21
28696.263956052836
  0
LINE
  8
_0-b_道路斜線用－天空率
  6
CONTINUOUS
 62
  132
 10
141549.82130619476
 20
27805.362842814054
 11
141966.17929201861
 21
28740.518190083137
  0
LINE
  8
_0-b_道路斜線用－天空率
  6
CONTINUOUS
 62
  132
 10
141480.08807733588
 20
27816.889396371698
 11
141869.78914303894
 21
28781.433380855698
  0
LINE
  8
_0-b_道路斜線用－天空率
  6
CONTINUOUS
 62
  132
 10
141411.06766814377
 20
27827.224392829019
 11
141772.02979276821
 21
28818.959679513056
  0
LINE
  8
_0-b_道路斜線用－天空率
  6
CONTINUOUS
 62
  132
 10
141342.69623373425
 20
27836.418284046816
 11
141673.02034591606
 21
28853.051366040788
  0
LINE
  8
_0-b_道路斜線用－天空率
  6
CONTINUOUS
 62
  132
 10
141274.91001460532
 20
27844.51708622646
 11
141572.88143024223
 21
28883.66690497029
  0
LINE
  8
_0-b_道路斜線用－天空率
  6
CONTINUOUS
 62
  132
 10
141207.64516674322
 20
27851.562329120803
 11
141471.73504959023
 21
28910.768995983322
  0
LINE
  8
_0-b_道路斜線用－天空率
  6
CONTINUOUS
 62
  132
 10
141140.83763740188
 20
27857.590991166456
 11
141369.70443524449
 21
28934.324619356753
  0
LINE
  8
_0-b_道路斜線用－天空率
  6
CONTINUOUS
 62
  132
 10
141074.42308248623
 20
27862.635426247481
 11
141266.913895792
 21
28954.305076191962
  0
LINE
  8
_0-b_道路斜線用－天空率
  6
CONTINUOUS
 62
  132
 10
141008.3368212665
 20
27866.723287329419
 11
141163.4886656714
 21
28970.68602338005
  0
LINE
  8
_0-b_道路斜線用－天空率
  6
CONTINUOUS
 62
  132
 10
140942.51382390854
 20
27869.8774516845
 11
141059.55475259418
 21
28983.447503260151
  0
LINE
  8
_0-b_道路斜線用－天空率
  6
CONTINUOUS
 62
  132
 10
140876.8887270427
 20
27872.115951856892
 11
140955.23878402358
 21
28992.573967934811
  0
LINE
  8
_0-b_道路斜線用－天空率
  6
CONTINUOUS
 62
  132
 10
140811.39587233576
 20
27873.451915889745
 11
140850.66785289873
 21
28998.054298212628
  0
LINE
  8
_0-b_道路斜線用－天空率
  6
CONTINUOUS
 62
  132
 10
140745.96936279122
 20
27873.89351965603
 11
140745.96936279122
 21
28999.881817155335
  0
LINE
  8
_0-b_道路斜線用－天空率
  6
CONTINUOUS
 62
  132
 10
140680.54313130263
 20
27873.443953408503
 11
140641.2708726837
 21
28998.054298212628
  0
LINE
  8
_0-b_道路斜線用－天空率
  6
CONTINUOUS
 62
  132
 10
140615.05101583196
 20
27872.101403900353
 11
140536.69994155885
 21
28992.573967934811
  0
LINE
  8
_0-b_道路斜線用－天空率
  6
CONTINUOUS
 62
  132
 10
140549.42683549155
 20
27869.859052638206
 11
140432.38397298826
 21
28983.447503260151
  0
LINE
  8
_0-b_道路斜線用－天空率
  6
CONTINUOUS
 62
  132
 10
140483.60446177996
 20
27866.705090027186
 11
140328.45005991103
 21
28970.68602338005
  0
LINE
  8
_0-b_道路斜線用－天空率
  6
CONTINUOUS
 62
  132
 10
140417.51787925389
 20
27862.622744367079
 11
140225.02482979043
 21
28954.305076191962
  0
LINE
  8
_0-b_道路斜線用－天空率
  6
CONTINUOUS
 62
  132
 10
140351.1012300181
 20
27857.590323873184
 11
140122.23429033794
 21
28934.324619356753
  0
LINE
  8
_0-b_道路斜線用－天空率
  6
CONTINUOUS
 62
  132
 10
140284.28883656251
 20
27851.581269138227
 11
140020.2036759922
 21
28910.768995983322
  0
LINE
  8
_0-b_道路斜線用－天空率
  6
CONTINUOUS
 62
  132
 10
140217.01519766909
 20
27844.564212732053
 11
139919.05729534022
 21
28883.66690497029
  0
LINE
  8
_0-b_道路斜線用－天空率
  6
CONTINUOUS
 62
  132
 10
140149.21495233179
 20
27836.503041963034
 11
139818.9183796664
 21
28853.051366040803
  0
LINE
  8
_0-b_道路斜線用－天空率
  6
CONTINUOUS
 62
  132
 10
140080.84424325232
 20
27827.298064200498
 11
139719.90893281422
 21
28818.959679513056
  0
LINE
  8
_0-b_道路斜線用－天空率
  6
CONTINUOUS
 62
  132
 10
140011.83822440548
 20
27816.920146457447
 11
139622.14958254349
 21
28781.433380855698
  0
LINE
  8
_0-b_道路斜線用－天空率
  6
CONTINUOUS
 62
  132
 10
139942.12624163899
 20
27805.343027713195
 11
139525.75943356382
 21
28740.518190083137
  0
LINE
  8
_0-b_道路斜線用－天空率
  6
CONTINUOUS
 62
  132
 10
139871.6453481231
 20
27792.511703214462
 11
139430.85592242397
 21
28696.263956052836
  0
LINE
  8
_0-b_道路斜線用－天空率
  6
CONTINUOUS
 62
  132
 10
139800.33208337848
 20
27778.366875165
 11
139337.55467443354
 21
28648.724595732121
  0
LINE
  8
_0-b_道路斜線用－天空率
  6
CONTINUOUS
 62
  132
 10
139728.15935541476
 20
27762.780462383398
 11
139245.96936279122
 21
28597.958028508652
  0
LINE
  8
_0-b_道路斜線用－天空率
  6
CONTINUOUS
 62
  132
 10
139655.12726668518
 20
27745.594089285328
 11
139156.2115700916
 21
28544.026105624619
  0
LINE
  8
_0-b_道路斜線用－天空率
  6
CONTINUOUS
 62
  132
 10
139581.09979041031
 20
27726.871978575389
 11
139068.39065237899
 21
28486.994534820463
  0
LINE
  8
_0-b_道路斜線用－天空率
  6
CONTINUOUS
 62
  132
 10
139506.13978137983
 20
27706.360837475302
 11
138982.61360591379
 21
28426.932800280177
  0
LINE
  8
_0-b_道路斜線用－天空率
  6
CONTINUOUS
 62
  132
 10
139430.15824784096
 20
27684.043243282543
 11
138898.98493681426
 21
28363.914077975503
  0
LINE
  8
_0-b_道路斜線用－天空率
  6
CONTINUOUS
 62
  132
 10
139353.22550980007
 20
27659.689307521057
 11
138817.60653373159
 21
28298.015146512272
  0
LINE
  8
_0-b_道路斜線用－天空率
  6
CONTINUOUS
 62
  132
 10
139275.26410721332
 20
27633.265479625209
 11
138738.57754371466
 21
28229.316293587522
  0
LINE
  8
_0-b_道路斜線用－天空率
  6
CONTINUOUS
 62
  132
 10
139196.33775559553
 20
27604.57232161449
 11
138661.9942514142
 21
28157.901218171286
  0
LINE
  8
_0-b_道路斜線用－天空率
  6
CONTINUOUS
 62
  132
 10
139116.51924588385
 20
27573.423504160848
 11
138587.94996177524
 21
28083.856928532328
  0
LINE
  8
_0-b_道路斜線用－天空率
  6
CONTINUOUS
 62
  132
 10
139035.88712029502
 20
27539.646784380827
 11
138516.53488635903
 21
28007.273636231911
  0
LINE
  8
_0-b_道路斜線用－天空率
  6
CONTINUOUS
 62
  132
 10
138954.52248115398
 20
27503.084234810819
 11
138447.83603343428
 21
27928.244646214956
  0
LINE
  8
_0-b_道路斜線用－天空率
  6
CONTINUOUS
 62
  132
 10
138872.50600659669
 20
27463.591809137153
 11
138381.93710197106
 21
27846.86624313231
  0
LINE
  8
_0-b_道路斜線用－天空率
  6
CONTINUOUS
 62
  132
 10
138790.12457506306
 20
27420.886233617464
 11
138318.91837966637
 21
27763.237574032758
  0
LINE
  8
_0-b_道路斜線用－天空率
  6
CONTINUOUS
 62
  132
 10
138707.5148113197
 20
27374.836773319089
 11
138258.85664512609
 21
27677.460527567574
  0
LINE
  8
_0-b_道路斜線用－天空率
  6
CONTINUOUS
 62
  132
 10
138624.94903426707
 20
27325.242415226726
 11
138201.82507432193
 21
27589.639609854952
  0
LINE
  8
_0-b_道路斜線用－天空率
  6
CONTINUOUS
 62
  132
 10
138542.82993823441
 20
27271.864956985496
 11
138147.89315143789
 21
27499.881817155335
  0
LINE
  8
_0-b_道路斜線用－天空率
  6
CONTINUOUS
 62
  132
 10
138461.45918946131
 20
27214.577423041442
 11
138097.12658421444
 21
27408.296505513011
  0
LINE
  8
_0-b_道路斜線用－天空率
  6
CONTINUOUS
 62
  132
 10
138381.34480138486
 20
27153.186275476469
 11
138049.58722389372
 21
27314.995257522572
  0
LINE
  8
_0-b_道路斜線用－天空率
  6
CONTINUOUS
 62
  132
 10
138302.96425280213
 20
27087.577770477808
 11
138005.33298986344
 21
27220.091746382742
  0
LINE
  8
_0-b_道路斜線用－天空率
  6
CONTINUOUS
 62
  132
 10
138226.92491698934
 20
27017.641837303675
 11
137964.41779909087
 21
27123.701597403065
  0
LINE
  8
_0-b_道路斜線用－天空率
  6
CONTINUOUS
 62
  132
 10
138153.85622153256
 20
26943.333844423752
 11
137926.89150043349
 21
27025.942247132341
  0
LINE
  8
_0-b_道路斜線用－天空率
  6
CONTINUOUS
 62
  132
 10
138084.46207914903
 20
26864.657955278016
 11
137892.79981390575
 21
26926.932800280177
  0
TEXT
  8
_0-b_道路斜線用－天空率
 62
  132
 10
138745.96936279122
 20
20749.881817155335
 40
500
 41
1
 50
0
  1
天空率 = 82.97 %
  0
LINE
  8
_0-b_道路斜線用－天空率
  6
CONTINUOUS
 62
  212
 10
142671.01607544827
 20
27437.250029272603
 11
142640.56442783345
 21
27452.953858344244
  0
LINE
  8
_0-b_道路斜線用－天空率
  6
CONTINUOUS
 62
  212
 10
142640.56442783345
 20
27452.953858344244
 11
142609.10650481432
 21
27468.741669011764
  0
LINE
  8
_0-b_道路斜線用－天空率
  6
CONTINUOUS
 62
  212
 10
142609.10650481432
 20
27468.741669011764
 11
142576.61531401838
 21
27484.598809323018
  0
LINE
  8
_0-b_道路斜線用－天空率
  6
CONTINUOUS
 62
  212
 10
142576.61531401838
 20
27484.598809323018
 11
142543.06433241858
 21
27500.509285284395
  0
LINE
  8
_0-b_道路斜線用－天空率
  6
CONTINUOUS
 62
  212
 10
142543.06433241858
 20
27500.509285284395
 11
142508.42768087619
 21
27516.455706473345
  0
LINE
  8
_0-b_道路斜線用－天空率
  6
CONTINUOUS
 62
  212
 10
142508.42768087619
 20
27516.455706473345
 11
142472.68031542038
 21
27532.419236243549
  0
LINE
  8
_0-b_道路斜線用－天空率
  6
CONTINUOUS
 62
  212
 10
142472.68031542038
 20
27532.419236243549
 11
142435.79823551897
 21
27548.379547800403
  0
LINE
  8
_0-b_道路斜線用－天空率
  6
CONTINUOUS
 62
  212
 10
142435.79823551897
 20
27548.379547800403
 11
142397.75870936398
 21
27564.314787546936
  0
LINE
  8
_0-b_道路斜線用－天空率
  6
CONTINUOUS
 62
  212
 10
142397.75870936398
 20
27564.314787546936
 11
142358.54051591359
 21
27580.201547215245
  0
LINE
  8
_0-b_道路斜線用－天空率
  6
CONTINUOUS
 62
  212
 10
142358.54051591359
 20
27580.201547215245
 11
142318.12420310665
 21
27596.014846402205
  0
LINE
  8
_0-b_道路斜線用－天空率
  6
CONTINUOUS
 62
  212
 10
142318.12420310665
 20
27596.014846402205
 11
142276.49236128755
 21
27611.728127213566
  0
LINE
  8
_0-b_道路斜線用－天空率
  6
CONTINUOUS
 62
  212
 10
142276.49236128755
 20
27611.728127213566
 11
142233.62991045249
 21
27627.31326278291
  0
LINE
  8
_0-b_道路斜線用－天空率
  6
CONTINUOUS
 62
  212
 10
142233.62991045249
 20
27627.31326278291
 11
142189.52439945584
 21
27642.740581462705
  0
LINE
  8
_0-b_道路斜線用－天空率
  6
CONTINUOUS
 62
  212
 10
142189.52439945584
 20
27642.740581462705
 11
142144.16631479922
 21
27657.978908477765
  0
LINE
  8
_0-b_道路斜線用－天空率
  6
CONTINUOUS
 62
  212
 10
142144.16631479922
 20
27657.978908477765
 11
142097.54939607536
 21
27672.995626778651
  0
LINE
  8
_0-b_道路斜線用－天空率
  6
CONTINUOUS
 62
  212
 10
142097.54939607536
 20
27672.995626778651
 11
142049.67095456566
 21
27687.756758726049
  0
LINE
  8
_0-b_道路斜線用－天空率
  6
CONTINUOUS
 62
  212
 10
142049.67095456566
 20
27687.756758726049
 11
142000.53219090364
 21
27702.227070070945
  0
LINE
  8
_0-b_道路斜線用－天空率
  6
CONTINUOUS
 62
  212
 10
142000.53219090364
 20
27702.227070070945
 11
141950.1385071389
 21
27716.370197461834
  0
LINE
  8
_0-b_道路斜線用－天空率
  6
CONTINUOUS
 62
  212
 10
141950.1385071389
 20
27716.370197461834
 11
141898.49980798389
 21
27730.148800406299
  0
LINE
  8
_0-b_道路斜線用－天空率
  6
CONTINUOUS
 62
  212
 10
141898.49980798389
 20
27730.148800406299
 11
141845.6307855249
 21
27743.524738235988
  0
LINE
  8
_0-b_道路斜線用－天空率
  6
CONTINUOUS
 62
  212
 10
141845.6307855249
 20
27743.524738235988
 11
141791.55118125362
 21
27756.459272172196
  0
LINE
  8
_0-b_道路斜線用－天空率
  6
CONTINUOUS
 62
  212
 10
141791.55118125362
 20
27756.459272172196
 11
141736.2860189563
 21
27768.913292066987
  0
LINE
  8
_0-b_道路斜線用－天空率
  6
CONTINUOUS
 62
  212
 10
141736.2860189563
 20
27768.913292066987
 11
141679.86580181022
 21
27780.847566808894
  0
LINE
  8
_0-b_道路斜線用－天空率
  6
CONTINUOUS
 62
  212
 10
141679.86580181022
 20
27780.847566808894
 11
141622.32666701177
 21
27792.223016743788
  0
LINE
  8
_0-b_道路斜線用－天空率
  6
CONTINUOUS
 62
  212
 10
141622.32666701177
 20
27792.223016743788
 11
141563.71049142189
 21
27803.001005786005
  0
LINE
  8
_0-b_道路斜線用－天空率
  6
CONTINUOUS
 62
  212
 10
141563.71049142189
 20
27803.001005786005
 11
141504.06494208364
 21
27813.14365020188
  0
LINE
  8
_0-b_道路斜線用－天空率
  6
CONTINUOUS
 62
  212
 10
141504.06494208364
 20
27813.14365020188
 11
141443.44346605852
 21
27822.614140360565
  0
LINE
  8
_0-b_道路斜線用－天空率
  6
CONTINUOUS
 62
  212
 10
141443.44346605852
 20
27822.614140360565
 11
141381.90521485279
 21
27831.377071092731
  0
LINE
  8
_0-b_道路斜線用－天空率
  6
CONTINUOUS
 62
  212
 10
141381.90521485279
 20
27831.377071092731
 11
141319.51489975402
 21
27839.398775705114
  0
LINE
  8
_0-b_道路斜線用－天空率
  6
CONTINUOUS
 62
  212
 10
141319.51489975402
 20
27839.398775705114
 11
141256.34257566437
 21
27846.647658197878
  0
LINE
  8
_0-b_道路斜線用－天空率
  6
CONTINUOUS
 62
  212
 10
141256.34257566437
 20
27846.647658197878
 11
141192.46335247138
 21
27853.094517851412
  0
LINE
  8
_0-b_道路斜線用－天空率
  6
CONTINUOUS
 62
  212
 10
141192.46335247138
 20
27853.094517851412
 11
141127.95703460159
 21
27858.712860116749
  0
LINE
  8
_0-b_道路斜線用－天空率
  6
CONTINUOUS
 62
  212
 10
141127.95703460159
 20
27858.712860116749
 11
141062.90769111193
 21
27863.47918768115
  0
LINE
  8
_0-b_道路斜線用－天空率
  6
CONTINUOUS
 62
  212
 10
141062.90769111193
 20
27863.47918768115
 11
140997.40316042743
 21
27867.373265704009
  0
LINE
  8
_0-b_道路斜線用－天空率
  6
CONTINUOUS
 62
  212
 10
140997.40316042743
 20
27867.373265704009
 11
140931.53449556714
 21
27870.378355536719
  0
LINE
  8
_0-b_道路斜線用－天空率
  6
CONTINUOUS
 62
  212
 10
140931.53449556714
 20
27870.378355536719
 11
140865.39535734464
 21
27872.48141175312
  0
LINE
  8
_0-b_道路斜線用－天空率
  6
CONTINUOUS
 62
  212
 10
140865.39535734464
 20
27872.48141175312
 11
140799.08136451625
 21
27873.673238014907
  0
LINE
  8
_0-b_道路斜線用－天空率
  6
CONTINUOUS
 62
  212
 10
140799.08136451625
 20
27873.673238014907
 11
140732.68941111178
 21
27873.948598159098
  0
LINE
  8
_0-b_道路斜線用－天空率
  6
CONTINUOUS
 62
  212
 10
140732.68941111178
 20
27873.948598159098
 11
140666.31696216453
 21
27873.306279894633
  0
LINE
  8
_0-b_道路斜線用－天空率
  6
CONTINUOUS
 62
  212
 10
140666.31696216453
 20
27873.306279894633
 11
140600.06133971267
 21
27871.749109595646
  0
LINE
  8
_0-b_道路斜線用－天空率
  6
CONTINUOUS
 62
  212
 10
140600.06133971267
 20
27871.749109595646
 11
140534.01901123981
 21
27869.283917838834
  0
LINE
  8
_0-b_道路斜線用－天空率
  6
CONTINUOUS
 62
  212
 10
140534.01901123981
 20
27869.283917838834
 11
140468.28489264979
 21
27865.921456505544
  0
LINE
  8
_0-b_道路斜線用－天空率
  6
CONTINUOUS
 62
  212
 10
140468.28489264979
 20
27865.921456505544
 11
140402.95167742666
 21
27861.676269410905
  0
LINE
  8
_0-b_道路斜線用－天空率
  6
CONTINUOUS
 62
  212
 10
140402.95167742666
 20
27861.676269410905
 11
140338.10920284019
 21
27856.566519487172
  0
LINE
  8
_0-b_道路斜線用－天空率
  6
CONTINUOUS
 62
  212
 10
140338.10920284019
 20
27856.566519487172
 11
140273.84386295903
 21
27850.613776497379
  0
LINE
  8
_0-b_道路斜線用－天空率
  6
CONTINUOUS
 62
  212
 10
140273.84386295903
 20
27850.613776497379
 11
140210.23807687216
 21
27843.842770055241
  0
LINE
  8
_0-b_道路斜線用－天空率
  6
CONTINUOUS
 62
  212
 10
140210.23807687216
 20
27843.842770055241
 11
140147.3698189627
 21
27836.281113352775
  0
LINE
  8
_0-b_道路斜線用－天空率
  6
CONTINUOUS
 62
  212
 10
140147.3698189627
 20
27836.281113352775
 11
140085.31221638986
 21
27827.959003432988
  0
LINE
  8
_0-b_道路斜線用－天空率
  6
CONTINUOUS
 62
  212
 10
140085.31221638986
 20
27827.959003432988
 11
140024.13321718422
 21
27818.908904084913
  0
LINE
  8
_0-b_道路斜線用－天空率
  6
CONTINUOUS
 62
  212
 10
140024.13321718422
 20
27818.908904084913
 11
139963.89533061871
 21
27809.165217486181
  0
LINE
  8
_0-b_道路斜線用－天空率
  6
CONTINUOUS
 62
  212
 10
139963.89533061871
 20
27809.165217486181
 11
139904.65543984365
 21
27798.76395058502
  0
LINE
  8
_0-b_道路斜線用－天空率
  6
CONTINUOUS
 62
  212
 10
139904.65543984365
 20
27798.76395058502
 11
139846.46468522431
 21
27787.742381919302
  0
LINE
  8
_0-b_道路斜線用－天空率
  6
CONTINUOUS
 62
  212
 10
139846.46468522431
 20
27787.742381919302
 11
139789.36841543644
 21
27776.138734138272
  0
LINE
  8
_0-b_道路斜線用－天空率
  6
CONTINUOUS
 62
  212
 10
139789.36841543644
 20
27776.138734138272
 11
139733.40620219419
 21
27763.99185695104
  0
LINE
  8
_0-b_道路斜線用－天空率
  6
CONTINUOUS
 62
  212
 10
139733.40620219419
 20
27763.99185695104
 11
139678.61191352311
 21
27751.340924605472
  0
LINE
  8
_0-b_道路斜線用－天空率
  6
CONTINUOUS
 62
  212
 10
139678.61191352311
 20
27751.340924605472
 11
139625.01383976193
 21
27738.225151329959
  0
LINE
  8
_0-b_道路斜線用－天空率
  6
CONTINUOUS
 62
  212
 10
139625.01383976193
 20
27738.225151329959
 11
139572.63486597302
 21
27724.683527478078
  0
LINE
  8
_0-b_道路斜線用－天空率
  6
CONTINUOUS
 62
  212
 10
139572.63486597302
 20
27724.683527478078
 11
139521.49268415957
 21
27710.754578427578
  0
LINE
  8
_0-b_道路斜線用－天空率
  6
CONTINUOUS
 62
  212
 10
139521.49268415957
 20
27710.754578427578
 11
139471.60003860262
 21
27696.476147622262
  0
LINE
  8
_0-b_道路斜線用－天空率
  6
CONTINUOUS
 62
  212
 10
139471.60003860262
 20
27696.476147622262
 11
139422.96499772468
 21
27681.885204526406
  0
LINE
  8
_0-b_道路斜線用－天空率
  6
CONTINUOUS
 62
  212
 10
139422.96499772468
 20
27681.885204526406
 11
139375.59124613055
 21
27667.017677699754
  0
LINE
  8
_0-b_道路斜線用－天空率
  6
CONTINUOUS
 62
  212
 10
139375.59124613055
 20
27667.017677699754
 11
139329.47839084052
 21
27651.908312706415
  0
LINE
  8
_0-b_道路斜線用－天空率
  6
CONTINUOUS
 62
  212
 10
139329.47839084052
 20
27651.908312706415
 11
139284.62227619026
 21
27636.590554148391
  0
LINE
  8
_0-b_道路斜線用－天空率
  6
CONTINUOUS
 62
  212
 10
139284.62227619026
 20
27636.590554148391
 11
139241.01530239571
 21
27621.09645076613
  0
LINE
  8
_0-b_道路斜線用－天空率
  6
CONTINUOUS
 62
  212
 10
139241.01530239571
 20
27621.09645076613
 11
139198.64674334676
 21
27605.456582272996
  0
LINE
  8
_0-b_道路斜線用－天空率
  6
CONTINUOUS
 62
  212
 10
139198.64674334676
 20
27605.456582272996
 11
139157.50305977696
 21
27589.700006384897
  0
LINE
  8
_0-b_道路斜線用－天空率
  6
CONTINUOUS
 62
  212
 10
139157.50305977696
 20
27589.700006384897
 11
139117.5682045393
 21
27573.854224364287
  0
LINE
  8
_0-b_道路斜線用－天空率
  6
CONTINUOUS
 62
  212
 10
139117.5682045393
 20
27573.854224364287
 11
139078.82391728396
 21
27557.945163314172
  0
LINE
  8
_0-b_道路斜線用－天空率
  6
CONTINUOUS
 62
  212
 10
139078.82391728396
 20
27557.945163314172
 11
139041.25000637202
 21
27541.997173423773
  0
LINE
  8
_0-b_道路斜線用－天空率
  6
CONTINUOUS
 62
  212
 10
139041.25000637202
 20
27541.997173423773
 11
139004.82461635785
 21
27526.03303837691
  0
LINE
  8
_0-b_道路斜線用－天空率
  6
CONTINUOUS
 62
  212
 10
139004.82461635785
 20
27526.03303837691
 11
138969.52447982781
 21
27510.073997178198
  0
LINE
  8
_0-b_道路斜線用－天空率
  6
CONTINUOUS
 62
  212
 10
138969.52447982781
 20
27510.073997178198
 11
138935.32515279029
 21
27494.139775724521
  0
LINE
  8
_0-b_道路斜線用－天空率
  6
CONTINUOUS
 62
  212
 10
138935.32515279029
 20
27494.139775724521
 11
138902.20123316944
 21
27478.248626542961
  0
LINE
  8
_0-b_道路斜線用－天空率
  6
CONTINUOUS
 62
  212
 10
138902.20123316944
 20
27478.248626542961
 11
138870.12656226297
 21
27462.417375224642
  0
LINE
  8
_0-b_道路斜線用－天空率
  6
CONTINUOUS
 62
  212
 10
138870.12656226297
 20
27462.417375224642
 11
138839.07440928454
 21
27446.66147220298
  0
LINE
  8
_0-b_道路斜線用－天空率
  6
CONTINUOUS
 62
  212
 10
138839.07440928454
 20
27446.66147220298
 11
138809.01763932761
 21
27430.995048648444
  0
LINE
  8
_0-b_道路斜線用－天空率
  6
CONTINUOUS
 62
  212
 10
138809.01763932761
 20
27430.995048648444
 11
138779.92886526029
 21
27415.430975377592
  0
LINE
  8
_0-b_道路斜線用－天空率
  6
CONTINUOUS
 62
  212
 10
138779.92886526029
 20
27415.430975377592
 11
138751.78058419731
 21
27399.980923797978
  0
LINE
  8
_0-b_道路斜線用－天空率
  6
CONTINUOUS
 62
  212
 10
138751.78058419731
 20
27399.980923797978
 11
138724.54529929708
 21
27384.655428030531
  0
LINE
  8
_0-b_道路斜線用－天空率
  6
CONTINUOUS
 62
  212
 10
138724.54529929708
 20
27384.655428030531
 11
138698.19562770472
 21
27369.463947465304
  0
LINE
  8
_0-b_道路斜線用－天空率
  6
CONTINUOUS
 62
  212
 10
138698.19562770472
 20
27369.463947465304
 11
138672.70439550856
 21
27354.414929113328
  0
LINE
  8
_0-b_道路斜線用－天空率
  6
CONTINUOUS
 62
  212
 10
138672.70439550856
 20
27354.414929113328
 11
138648.04472060274
 21
27339.51586921704
  0
LINE
  8
_0-b_道路斜線用－天空率
  6
CONTINUOUS
 62
  212
 10
138648.04472060274
 20
27339.51586921704
 11
138624.1900843564
 21
27324.773373671803
  0
LINE
  8
_0-b_道路斜線用－天空率
  6
CONTINUOUS
 62
  212
 10
138624.1900843564
 20
27324.773373671803
 11
138601.11439298099
 21
27310.19321689396
  0
LINE
  8
_0-b_道路斜線用－天空率
  6
CONTINUOUS
 62
  212
 10
138601.11439298099
 20
27310.19321689396
 11
138578.79202946854
 21
27295.780398843886
  0
LINE
  8
_0-b_道路斜線用－天空率
  6
CONTINUOUS
 62
  212
 10
138578.79202946854
 20
27295.780398843886
 11
138557.19789694438
 21
27281.539199978171
  0
LINE
  8
_0-b_道路斜線用－天空率
  6
CONTINUOUS
 62
  212
 10
138557.19789694438
 20
27281.539199978171
 11
138536.30745424155
 21
27267.473233962344
  0
LINE
  8
_0-b_道路斜線用－天空率
  6
CONTINUOUS
 62
  212
 10
138536.30745424155
 20
27267.473233962344
 11
138516.09674446354
 21
27253.585498025462
  0
LINE
  8
_0-b_道路斜線用－天空率
  6
CONTINUOUS
 62
  212
 10
138516.09674446354
 20
27253.585498025462
 11
138496.54241725723
 21
27239.878420880926
  0
LINE
  8
_0-b_道路斜線用－天空率
  6
CONTINUOUS
 62
  212
 10
138496.54241725723
 20
27239.878420880926
 11
138477.62174547201
 21
27226.353908174816
  0
LINE
  8
_0-b_道路斜線用－天空率
  6
CONTINUOUS
 62
  212
 10
138477.62174547201
 20
27226.353908174816
 11
138459.31263683259
 21
27213.01338545337
  0
LINE
  8
_0-b_道路斜線用－天空率
  6
CONTINUOUS
 62
  212
 10
138459.31263683259
 20
27213.01338545337
 11
138441.59364120749
 21
27199.857838667867
  0
LINE
  8
_0-b_道路斜線用－天空率
  6
CONTINUOUS
 62
  212
 10
138441.59364120749
 20
27199.857838667867
 11
138424.44395400714
 21
27186.887852255356
  0
LINE
  8
_0-b_道路斜線用－天空率
  6
CONTINUOUS
 62
  212
 10
138424.44395400714
 20
27186.887852255356
 11
138407.84341620199
 21
27174.103644851675
  0
LINE
  8
_0-b_道路斜線用－天空率
  6
CONTINUOUS
 62
  212
 10
138407.84341620199
 20
27174.103644851675
 11
138391.77251140619
 21
27161.505102705872
  0
LINE
  8
_0-b_道路斜線用－天空率
  6
CONTINUOUS
 62
  212
 10
138391.77251140619
 20
27161.505102705872
 11
138376.21236043304
 21
27149.091810876256
  0
LINE
  8
_0-b_道路斜線用－天空率
  6
CONTINUOUS
 62
  212
 10
138376.21236043304
 20
27149.091810876256
 11
138361.14471368782
 21
27136.863082295429
  0
LINE
  8
_0-b_道路斜線用－天空率
  6
CONTINUOUS
 62
  212
 10
138361.14471368782
 20
27136.863082295429
 11
138346.55194172897
 21
27124.817984797526
  0
LINE
  8
_0-b_道路斜線用－天空率
  6
CONTINUOUS
 62
  212
 10
138346.55194172897
 20
27124.817984797526
 11
138332.41702429283
 21
27112.955366204005
  0
LINE
  8
_0-b_道路斜線用－天空率
  6
CONTINUOUS
 62
  212
 10
138332.41702429283
 20
27112.955366204005
 11
138318.72353804725
 21
27101.273877566494
  0
LINE
  8
_0-b_道路斜線用－天空率
  6
CONTINUOUS
 62
  212
 10
138318.72353804725
 20
27101.273877566494
 11
138305.45564330974
 21
27089.771994665545
  0
LINE
  8
_0-b_道路斜線用－天空率
  6
CONTINUOUS
 62
  212
 10
138305.45564330974
 20
27089.771994665545
 11
138292.59806993915
 21
27078.448037863381
  0
LINE
  8
_0-b_道路斜線用－天空率
  6
CONTINUOUS
 62
  212
 10
138292.59806993915
 20
27078.448037863381
 11
138280.13610258552
 21
27067.300190407557
  0
LINE
  8
_0-b_道路斜線用－天空率
  6
CONTINUOUS
 62
  212
 10
138280.13610258552
 20
27067.300190407557
 11
138268.05556546107
 21
27056.326515279884
  0
LINE
  8
_0-b_道路斜線用－天空率
  6
CONTINUOUS
 62
  212
 10
138268.05556546107
 20
27056.326515279884
 11
138256.34280677462
 21
27045.524970682301
  0
LINE
  8
_0-b_道路斜線用－天空率
  6
CONTINUOUS
 62
  212
 10
138256.34280677462
 20
27045.524970682301
 11
138244.98468295377
 21
27034.893424248184
  0
LINE
  8
_0-b_道路斜線用－天空率
  6
CONTINUOUS
 62
  212
 10
138244.98468295377
 20
27034.893424248184
 11
138233.96854276294
 21
27024.429666063973
  0
LINE
  8
_0-b_道路斜線用－天空率
  6
CONTINUOUS
 62
  212
 10
138233.96854276294
 20
27024.429666063973
 11
138223.28221141034
 21
27014.131420582314
  0
LINE
  8
_0-b_道路斜線用－天空率
  6
CONTINUOUS
 62
  212
 10
138223.28221141034
 20
27014.131420582314
 11
138212.91397472372
 21
27003.996357503889
  0
LINE
  8
_0-b_道路斜線用－天空率
  6
CONTINUOUS
 62
  212
 10
138212.91397472372
 20
27003.996357503889
 11
138202.85256346364
 21
26994.022101701342
  0
LINE
  8
_0-b_道路斜線用－天空率
  6
CONTINUOUS
 62
  212
 10
138202.85256346364
 20
26994.022101701342
 11
138193.0871378312
 21
26984.206242254662
  0
LINE
  8
_0-b_道路斜線用－天空率
  6
CONTINUOUS
 62
  212
 10
138193.0871378312
 20
26984.206242254662
 11
138183.60727221929
 21
26974.546340663448
  0
LINE
  8
_0-b_道路斜線用－天空率
  6
CONTINUOUS
 62
  212
 10
138183.60727221929
 20
26974.546340663448
 11
138174.40294024682
 21
26965.039938297526
  0
LINE
  8
_0-b_道路斜線用－天空率
  6
CONTINUOUS
 62
  212
 10
138174.40294024682
 20
26965.039938297526
 11
138165.46450010943
 21
26955.684563143917
  0
LINE
  8
_0-b_道路斜線用－天空率
  6
CONTINUOUS
 62
  212
 10
138165.46450010943
 20
26955.684563143917
 11
138156.78268027235
 21
26946.477735904194
  0
LINE
  8
_0-b_道路斜線用－天空率
  6
CONTINUOUS
 62
  212
 10
138156.78268027235
 20
26946.477735904194
 11
138148.34856552648
 21
26937.416975492931
  0
LINE
  8
_0-b_道路斜線用－天空率
  6
CONTINUOUS
 62
  212
 10
138148.34856552648
 20
26937.416975492931
 11
138140.15358342352
 21
26928.499803984552
  0
LINE
  8
_0-b_道路斜線用－天空率
  6
CONTINUOUS
 62
  212
 10
138140.15358342352
 20
26928.499803984552
 11
138132.18949110154
 21
26919.723751052708
  0
LINE
  8
_0-b_道路斜線用－天空率
  6
CONTINUOUS
 62
  212
 10
138132.18949110154
 20
26919.723751052708
 11
138124.44836250875
 21
26911.086357943167
  0
LINE
  8
_0-b_道路斜線用－天空率
  6
CONTINUOUS
 62
  212
 10
138124.44836250875
 20
26911.086357943167
 11
138116.92257602995
 21
26902.585181018479
  0
LINE
  8
_0-b_道路斜線用－天空率
  6
CONTINUOUS
 62
  212
 10
138116.92257602995
 20
26902.585181018479
 11
138109.60480251765
 21
26894.217794909673
  0
LINE
  8
_0-b_道路斜線用－天空率
  6
CONTINUOUS
 62
  212
 10
138109.60480251765
 20
26894.217794909673
 11
138102.48799372714
 21
26885.981795308121
  0
LINE
  8
_0-b_道路斜線用－天空率
  6
CONTINUOUS
 62
  212
 10
138102.48799372714
 20
26885.981795308121
 11
138095.56537115256
 21
26877.874801427744
  0
LINE
  8
_0-b_道路斜線用－天空率
  6
CONTINUOUS
 62
  212
 10
138095.56537115256
 20
26877.874801427744
 11
138088.83041526045
 21
26869.894458165868
  0
LINE
  8
_0-b_道路斜線用－天空率
  6
CONTINUOUS
 62
  212
 10
138088.83041526045
 20
26869.894458165868
 11
138082.2768551142
 21
26862.03843798878
  0
LINE
  8
_0-b_道路斜線用－天空率
  6
CONTINUOUS
 62
  212
 10
138082.2768551142
 20
26862.03843798878
 11
138075.89865838282
 21
26854.304442566022
  0
LINE
  8
_0-b_道路斜線用－天空率
  6
CONTINUOUS
 62
  212
 10
137888.69692119324
 20
26914.208998466689
 11
138075.89865838282
 21
26854.304442566022
  0
LINE
  8
_0-b_道路斜線用－天空率
  6
CONTINUOUS
 62
  212
 10
143149.81002902431
 20
27794.749514609386
 11
142671.01607544827
 21
27437.250029272603
  0
CIRCLE
  8
_0-b_道路斜線用－天空率
  6
CONTINUOUS
 62
  212
 10
148745.96936279122
 20
25999.881817155335
 40
3000
  0
POINT
  8
_0-b_道路斜線用－天空率
 62
  212
 10
156530.00896086616
 20
67110.169491525419
  0
TEXT
  8
_0-b_道路斜線用－天空率
 62
  132
 10
156530.00896086616
 20
67110.169491525419
 40
500
 41
1
 50
0
  1
No.9
  0
TEXT
  8
_0-b_道路斜線用－天空率
 62
  132
 10
147370.96936279122
 20
22249.881817155335
 40
500
 41
1
 50
0
  1
測定点 No.9
  0
TEXT
  8
_0-b_道路斜線用－天空率
 62
  132
 10
145120.96936279122
 20
21499.881817155335
 40
500
 41
1
 50
0
  1
正射影 　測定面高さ = 0.000 m
  0
LINE
  8
_0-b_道路斜線用－天空率
  6
CONTINUOUS
 62
  132
 10
150138.70666874953
 20
27659.681505071137
 11
150674.33219185084
 21
28298.015146512272
  0
LINE
  8
_0-b_道路斜線用－天空率
  6
CONTINUOUS
 62
  132
 10
150061.79032476115
 20
27684.055846892999
 11
150592.95378876817
 21
28363.914077975503
  0
LINE
  8
_0-b_道路斜線用－天空率
  6
CONTINUOUS
 62
  132
 10
149985.78728671881
 20
27706.344792325377
 11
150509.32511966864
 21
28426.932800280177
  0
LINE
  8
_0-b_道路斜線用－天空率
  6
CONTINUOUS
 62
  132
 10
149910.81944611351
 20
27726.843084857773
 11
150423.54807320344
 21
28486.994534820463
  0
LINE
  8
_0-b_道路斜線用－天空率
  6
CONTINUOUS
 62
  132
 10
149836.85551770846
 20
27745.664598122242
 11
150335.72715549083
 21
28544.026105624619
  0
LINE
  8
_0-b_道路斜線用－天空率
  6
CONTINUOUS
 62
  132
 10
149763.75142457717
 20
27762.732059200847
 11
150245.96936279122
 21
28597.958028508652
  0
LINE
  8
_0-b_道路斜線用－天空率
  6
CONTINUOUS
 62
  132
 10
149691.58179467087
 20
27778.320143751909
 11
150154.38405114889
 21
28648.724595732121
  0
LINE
  8
_0-b_道路斜線用－天空率
  6
CONTINUOUS
 62
  132
 10
149620.28842418635
 20
27792.501547499748
 11
150061.08280315846
 21
28696.263956052836
  0
LINE
  8
_0-b_道路斜線用－天空率
  6
CONTINUOUS
 62
  132
 10
149549.81325769037
 20
27805.34476557725
 11
149966.17929201861
 21
28740.518190083137
  0
LINE
  8
_0-b_道路斜線用－天空率
  6
CONTINUOUS
 62
  132
 10
149480.09803614794
 20
27816.914045296514
 11
149869.78914303894
 21
28781.433380855698
  0
LINE
  8
_0-b_道路斜線用－天空率
  6
CONTINUOUS
 62
  132
 10
149411.08401194302
 20
27827.269297048336
 11
149772.02979276821
 21
28818.959679513056
  0
LINE
  8
_0-b_道路斜線用－天空率
  6
CONTINUOUS
 62
  132
 10
149342.71172851766
 20
27836.465972086636
 11
149673.02034591606
 21
28853.051366040788
  0
LINE
  8
_0-b_道路斜線用－天空率
  6
CONTINUOUS
 62
  132
 10
149274.92086206085
 20
27844.554915799606
 11
149572.88143024221
 21
28883.66690497029
  0
LINE
  8
_0-b_道路斜線用－天空率
  6
CONTINUOUS
 62
  132
 10
149207.65012232496
 20
27851.582204873535
 11
149471.73504959023
 21
28910.768995983322
  0
LINE
  8
_0-b_道路斜線用－天空率
  6
CONTINUOUS
 62
  132
 10
149140.83720916841
 20
27857.588976486385
 11
149369.70443524452
 21
28934.324619356753
  0
LINE
  8
_0-b_道路斜線用－天空率
  6
CONTINUOUS
 62
  132
 10
149074.41882084865
 20
27862.611257299726
 11
149266.913895792
 21
28954.305076191962
  0
LINE
  8
_0-b_道路斜線用－天空率
  6
CONTINUOUS
 62
  132
 10
149008.33070945501
 20
27866.679799530731
 11
149163.4886656714
 21
28970.68602338005
  0
LINE
  8
_0-b_道路斜線用－天空率
  6
CONTINUOUS
 62
  132
 10
148942.50777821661
 20
27869.819930767971
 11
149059.55475259418
 21
28983.447503260151
  0
LINE
  8
_0-b_道路斜線用－天空率
  6
CONTINUOUS
 62
  132
 10
148876.88421477636
 20
27872.05142344196
 11
148955.23878402358
 21
28992.573967934811
  0
LINE
  8
_0-b_道路斜線用－天空率
  6
CONTINUOUS
 62
  132
 10
148811.3936539271
 20
27873.388388978219
 11
148850.66785289873
 21
28998.054298212628
  0
LINE
  8
_0-b_道路斜線用－天空率
  6
CONTINUOUS
 62
  132
 10
148745.96936279122
 20
27873.839200657675
 11
148745.96936279122
 21
28999.881817155335
  0
LINE
  8
_0-b_道路斜線用－天空率
  6
CONTINUOUS
 62
  132
 10
148680.54444101665
 20
27873.406448106834
 11
148641.2708726837
 21
28998.054298212628
  0
LINE
  8
_0-b_道路斜線用－天空率
  6
CONTINUOUS
 62
  132
 10
148615.05202828394
 20
27872.086925162431
 11
148536.69994155885
 21
28992.573967934811
  0
LINE
  8
_0-b_道路斜線用－天空率
  6
CONTINUOUS
 62
  132
 10
148549.42551128394
 20
27869.871651632103
 11
148432.38397298826
 21
28983.447503260151
  0
LINE
  8
_0-b_道路斜線用－天空率
  6
CONTINUOUS
 62
  132
 10
148483.59872234397
 20
27866.745928236421
 11
148328.45005991103
 21
28970.68602338005
  0
LINE
  8
_0-b_道路斜線用－天空率
  6
CONTINUOUS
 62
  132
 10
148417.50612204681
 20
27862.689422801711
 11
148225.02482979043
 21
28954.305076191962
  0
LINE
  8
_0-b_道路斜線用－天空率
  6
CONTINUOUS
 62
  132
 10
148351.08930757813
 20
27857.646414543341
 11
148122.23429033794
 21
28934.324619356753
  0
LINE
  8
_0-b_道路斜線用－天空率
  6
CONTINUOUS
 62
  132
 10
148284.28178796617
 20
27851.60953951396
 11
148020.2036759922
 21
28910.768995983322
  0
LINE
  8
_0-b_道路斜線用－天空率
  6
CONTINUOUS
 62
  132
 10
148217.01455636479
 20
27844.566449225862
 11
147919.05729534022
 21
28883.66690497029
  0
LINE
  8
_0-b_道路斜線用－天空率
  6
CONTINUOUS
 62
  132
 10
148149.22322423802
 20
27836.477583653413
 11
147818.91837966637
 21
28853.051366040803
  0
LINE
  8
_0-b_道路斜線用－天空率
  6
CONTINUOUS
 62
  132
 10
148080.84419371312
 20
27827.298200308268
 11
147719.90893281422
 21
28818.959679513056
  0
LINE
  8
_0-b_道路斜線用－天空率
  6
CONTINUOUS
 62
  132
 10
148011.81463718449
 20
27816.978526878039
 11
147622.14958254349
 21
28781.433380855698
  0
LINE
  8
_0-b_道路斜線用－天空率
  6
CONTINUOUS
 62
  132
 10
147942.09942876471
 20
27805.403250414779
 11
147525.75943356382
 21
28740.518190083137
  0
LINE
  8
_0-b_道路斜線用－天空率
  6
CONTINUOUS
 62
  132
 10
147871.63215385357
 20
27792.538755475878
 11
147430.85592242397
 21
28696.263956052836
  0
LINE
  8
_0-b_道路斜線用－天空率
  6
CONTINUOUS
 62
  132
 10
147800.35112805038
 20
27778.331057346473
 11
147337.55467443354
 21
28648.724595732121
  0
LINE
  8
_0-b_道路斜線用－天空率
  6
CONTINUOUS
 62
  132
 10
147728.19905184837
 20
27762.711706143487
 11
147245.96936279122
 21
28597.958028508652
  0
LINE
  8
_0-b_道路斜線用－天空率
  6
CONTINUOUS
 62
  132
 10
147655.11849707987
 20
27745.608123587509
 11
147156.2115700916
 21
28544.026105624619
  0
LINE
  8
_0-b_道路斜線用－天空率
  6
CONTINUOUS
 62
  132
 10
147581.08855529918
 20
27726.88863531265
 11
147068.39065237899
 21
28486.994534820463
  0
LINE
  8
_0-b_道路斜線用－天空率
  6
CONTINUOUS
 62
  132
 10
147506.1552280148
 20
27706.339577006212
 11
146982.61360591379
 21
28426.932800280177
  0
LINE
  8
_0-b_道路斜線用－天空率
  6
CONTINUOUS
 62
  132
 10
147430.15811214191
 20
27684.043416969438
 11
146898.98493681426
 21
28363.914077975503
  0
LINE
  8
_0-b_道路斜線用－天空率
  6
CONTINUOUS
 62
  132
 10
147353.23096353624
 20
27659.682808011348
 11
146817.60653373159
 21
28298.015146512272
  0
LINE
  8
_0-b_道路斜線用－天空率
  6
CONTINUOUS
 62
  132
 10
147275.22998425949
 20
27633.303377004769
 11
146738.57754371466
 21
28229.316293587522
  0
LINE
  8
_0-b_道路斜線用－天空率
  6
CONTINUOUS
 62
  132
 10
147196.37619481753
 20
27604.532516634844
 11
146661.9942514142
 21
28157.901218171286
  0
LINE
  8
_0-b_道路斜線用－天空率
  6
CONTINUOUS
 62
  132
 10
147116.57132927421
 20
27573.373207815428
 11
146587.94996177524
 21
28083.856928532328
  0
LINE
  8
_0-b_道路斜線用－天空率
  6
CONTINUOUS
 62
  132
 10
147035.91884662138
 20
27539.618217868268
 11
146516.53488635903
 21
28007.273636231911
  0
LINE
  8
_0-b_道路斜線用－天空率
  6
CONTINUOUS
 62
  132
 10
146954.5269356007
 20
27503.080497086226
 11
146447.83603343428
 21
27928.244646214956
  0
LINE
  8
_0-b_道路斜線用－天空率
  6
CONTINUOUS
 62
  132
 10
146872.50451328957
 20
27463.592975836549
 11
146381.93710197106
 21
27846.86624313231
  0
LINE
  8
_0-b_道路斜線用－天空率
  6
CONTINUOUS
 62
  132
 10
146790.13403442193
 20
27420.879360990955
 11
146318.91837966637
 21
27763.237574032758
  0
LINE
  8
_0-b_道路斜線用－天空率
  6
CONTINUOUS
 62
  132
 10
146707.51321605453
 20
27374.83784933903
 11
146258.85664512609
 21
27677.460527567574
  0
LINE
  8
_0-b_道路斜線用－天空率
  6
CONTINUOUS
 62
  132
 10
146624.97871634762
 20
27325.223867804277
 11
146201.82507432193
 21
27589.639609854952
  0
LINE
  8
_0-b_道路斜線用－天空率
  6
CONTINUOUS
 62
  132
 10
146542.82705192052
 20
27271.86662339959
 11
146147.89315143789
 21
27499.881817155335
  0
LINE
  8
_0-b_道路斜線用－天空率
  6
CONTINUOUS
 62
  132
 10
146461.47340263825
 20
27214.569865761211
 11
146097.12658421444
 21
27408.296505513011
  0
LINE
  8
_0-b_道路斜線用－天空率
  6
CONTINUOUS
 62
  132
 10
146381.33741643436
 20
27153.189877357501
 11
146049.58722389372
 21
27314.995257522572
  0
LINE
  8
_0-b_道路斜線用－天空率
  6
CONTINUOUS
 62
  132
 10
146302.96900579184
 20
27087.575654310454
 11
146005.33298986344
 21
27220.091746382742
  0
LINE
  8
_0-b_道路斜線用－天空率
  6
CONTINUOUS
 62
  132
 10
146226.92490421474
 20
27017.641842464956
 11
145964.41779909087
 21
27123.701597403065
  0
LINE
  8
_0-b_道路斜線用－天空率
  6
CONTINUOUS
 62
  132
 10
146153.85841900313
 20
26943.333044609858
 11
145926.89150043349
 21
27025.942247132341
  0
LINE
  8
_0-b_道路斜線用－天空率
  6
CONTINUOUS
 62
  132
 10
146084.45738510842
 20
26864.659480464262
 11
145892.79981390575
 21
26926.932800280177
  0
LINE
  8
_0-b_道路斜線用－天空率
  6
CONTINUOUS
 62
  132
 10
146019.48472052789
 20
26781.688707666591
 11
145862.18427497625
 21
26826.793884606333
  0
TEXT
  8
_0-b_道路斜線用－天空率
 62
  132
 10
146745.96936279122
 20
20749.881817155335
 40
500
 41
1
 50
0
  1
天空率 = 84.23 %
  0
LINE
  8
_0-b_道路斜線用－天空率
  6
CONTINUOUS
 62
  212
 10
150207.31644939217
 20
27636.590554148402
 11
150158.95788491569
 21
27653.07838804099
  0
LINE
  8
_0-b_道路斜線用－天空率
  6
CONTINUOUS
 62
  212
 10
150158.95788491569
 20
27653.07838804099
 11
150109.14133504329
 21
27669.321585790032
  0
LINE
  8
_0-b_道路斜線用－天空率
  6
CONTINUOUS
 62
  212
 10
150109.14133504329
 20
27669.321585790032
 11
150057.86213938076
 21
27685.278184256243
  0
LINE
  8
_0-b_道路斜線用－天空率
  6
CONTINUOUS
 62
  212
 10
150057.86213938076
 20
27685.278184256243
 11
150005.12076402388
 21
27700.904493624693
  0
LINE
  8
_0-b_道路斜線用－天空率
  6
CONTINUOUS
 62
  212
 10
150005.12076402388
 20
27700.904493624693
 11
149950.92325562259
 21
27716.155274944729
  0
LINE
  8
_0-b_道路斜線用－天空率
  6
CONTINUOUS
 62
  212
 10
149950.92325562259
 20
27716.155274944729
 11
149895.28167997414
 21
27730.9839555881
  0
LINE
  8
_0-b_道路斜線用－天空率
  6
CONTINUOUS
 62
  212
 10
149895.28167997414
 20
27730.9839555881
 11
149838.21453564724
 21
27745.342883631597
  0
LINE
  8
_0-b_道路斜線用－天空率
  6
CONTINUOUS
 62
  212
 10
149838.21453564724
 20
27745.342883631597
 11
149779.74713235977
 21
27759.183621366548
  0
LINE
  8
_0-b_道路斜線用－天空率
  6
CONTINUOUS
 62
  212
 10
149779.74713235977
 20
27759.183621366548
 11
149719.91192325195
 21
27772.457277193916
  0
LINE
  8
_0-b_道路斜線用－天空率
  6
CONTINUOUS
 62
  212
 10
149719.91192325195
 20
27772.457277193916
 11
149658.74877987953
 21
27785.114874099395
  0
LINE
  8
_0-b_道路斜線用－天空率
  6
CONTINUOUS
 62
  212
 10
149658.74877987953
 20
27785.114874099395
 11
149596.30519875045
 21
27797.107751737574
  0
LINE
  8
_0-b_道路斜線用－天空率
  6
CONTINUOUS
 62
  212
 10
149596.30519875045
 20
27797.107751737574
 11
149532.63642860201
 21
27808.387997924546
  0
LINE
  8
_0-b_道路斜線用－天空率
  6
CONTINUOUS
 62
  212
 10
149532.63642860201
 20
27808.387997924546
 11
149467.80550839818
 21
27818.908904084913
  0
LINE
  8
_0-b_道路斜線用－天空率
  6
CONTINUOUS
 62
  212
 10
149467.80550839818
 20
27818.908904084913
 11
149401.88320725495
 21
27828.625437975129
  0
LINE
  8
_0-b_道路斜線用－天空率
  6
CONTINUOUS
 62
  212
 10
149401.88320725495
 20
27828.625437975129
 11
149334.94785917311
 21
27837.494725866883
  0
LINE
  8
_0-b_道路斜線用－天空率
  6
CONTINUOUS
 62
  212
 10
149334.94785917311
 20
27837.494725866883
 11
149267.08508756614
 21
27845.476535385205
  0
LINE
  8
_0-b_道路斜線用－天空率
  6
CONTINUOUS
 62
  212
 10
149267.08508756614
 20
27845.476535385205
 11
149198.38741706756
 21
27852.533749417056
  0
LINE
  8
_0-b_道路斜線用－天空率
  6
CONTINUOUS
 62
  212
 10
149198.38741706756
 20
27852.533749417056
 11
149128.95377292335
 21
27858.632820996695
  0
LINE
  8
_0-b_道路斜線用－天空率
  6
CONTINUOUS
 62
  212
 10
149128.95377292335
 20
27858.632820996695
 11
149058.88887132311
 21
27863.744198883534
  0
LINE
  8
_0-b_道路斜線用－天空率
  6
CONTINUOUS
 62
  212
 10
149058.88887132311
 20
27863.744198883534
 11
148988.3025071861
 21
27867.842713714526
  0
LINE
  8
_0-b_道路斜線用－天空率
  6
CONTINUOUS
 62
  212
 10
148988.3025071861
 20
27867.842713714526
 11
148917.30874905505
 21
27870.907915156341
  0
LINE
  8
_0-b_道路斜線用－天空率
  6
CONTINUOUS
 62
  212
 10
148917.30874905505
 20
27870.907915156341
 11
148846.02505372333
 21
27872.924351404661
  0
LINE
  8
_0-b_道路斜線用－天空率
  6
CONTINUOUS
 62
  212
 10
148846.02505372333
 20
27872.924351404661
 11
148774.57131588191
 21
27873.881783657601
  0
LINE
  8
_0-b_道路斜線用－天空率
  6
CONTINUOUS
 62
  212
 10
148774.57131588191
 20
27873.881783657601
 11
148703.06887028593
 21
27873.775329786225
  0
LINE
  8
_0-b_道路斜線用－天空率
  6
CONTINUOUS
 62
  212
 10
148703.06887028593
 20
27873.775329786225
 11
148631.63946559219
 21
27872.60553327568
  0
LINE
  8
_0-b_道路斜線用－天空率
  6
CONTINUOUS
 62
  212
 10
148631.63946559219
 20
27872.60553327568
 11
148560.40423001529
 21
27870.378355536719
  0
LINE
  8
_0-b_道路斜線用－天空率
  6
CONTINUOUS
 62
  212
 10
148560.40423001529
 20
27870.378355536719
 11
148489.48264924113
 21
27867.105091799941
  0
LINE
  8
_0-b_道路斜線用－天空率
  6
CONTINUOUS
 62
  212
 10
148489.48264924113
 20
27867.105091799941
 11
148418.99157660137
 21
27862.802212908343
  0
LINE
  8
_0-b_道路斜線用－天空率
  6
CONTINUOUS
 62
  212
 10
148418.99157660137
 20
27862.802212908343
 11
148349.0442943797
 21
27857.491137321288
  0
LINE
  8
_0-b_道路斜線用－天空率
  6
CONTINUOUS
 62
  212
 10
148349.0442943797
 20
27857.491137321288
 11
148279.74964334911
 21
27851.197939449069
  0
LINE
  8
_0-b_道路斜線用－天空率
  6
CONTINUOUS
 62
  212
 10
148279.74964334911
 20
27851.197939449069
 11
148211.2112353256
 21
27843.953001973557
  0
LINE
  8
_0-b_道路斜線用－天空率
  6
CONTINUOUS
 62
  212
 10
148211.2112353256
 20
27843.953001973557
 11
148143.52676078982
 21
27835.790621021875
  0
LINE
  8
_0-b_道路斜線用－天空率
  6
CONTINUOUS
 62
  212
 10
148143.52676078982
 20
27835.790621021875
 11
148076.78740061115
 21
27826.748573906912
  0
LINE
  8
_0-b_道路斜線用－天空率
  6
CONTINUOUS
 62
  212
 10
148076.78740061115
 20
27826.748573906912
 11
148011.07734775458
 21
27816.867659615752
  0
LINE
  8
_0-b_道路斜線用－天空率
  6
CONTINUOUS
 62
  212
 10
148011.07734775458
 20
27816.867659615752
 11
147946.47344170199
 21
27806.191222319648
  0
LINE
  8
_0-b_道路斜線用－天空率
  6
CONTINUOUS
 62
  212
 10
147946.47344170199
 20
27806.191222319648
 11
147883.04491530748
 21
27794.764667921524
  0
LINE
  8
_0-b_道路斜線用－天空率
  6
CONTINUOUS
 62
  212
 10
147883.04491530748
 20
27794.764667921524
 11
147820.85325104286
 21
27782.634983089214
  0
LINE
  8
_0-b_道路斜線用－天空率
  6
CONTINUOUS
 62
  212
 10
147820.85325104286
 20
27782.634983089214
 11
147759.95214116713
 21
27769.850265396722
  0
LINE
  8
_0-b_道路斜線用－天空率
  6
CONTINUOUS
 62
  212
 10
147759.95214116713
 20
27769.850265396722
 11
147700.38754432881
 21
27756.459272172196
  0
LINE
  8
_0-b_道路斜線用－天空率
  6
CONTINUOUS
 62
  212
 10
147700.38754432881
 20
27756.459272172196
 11
147642.19782952783
 21
27742.510994490679
  0
LINE
  8
_0-b_道路斜線用－天空率
  6
CONTINUOUS
 62
  212
 10
147642.19782952783
 20
27742.510994490679
 11
147585.41399722563
 21
27728.054261515739
  0
LINE
  8
_0-b_道路斜線用－天空率
  6
CONTINUOUS
 62
  212
 10
147585.41399722563
 20
27728.054261515739
 11
147530.05996669322
 21
27713.137379141153
  0
LINE
  8
_0-b_道路斜線用－天空率
  6
CONTINUOUS
 62
  212
 10
147530.05996669322
 20
27713.137379141153
 11
147476.1529183936
 21
27697.807805664149
  0
LINE
  8
_0-b_道路斜線用－天空率
  6
CONTINUOUS
 62
  212
 10
147476.1529183936
 20
27697.807805664149
 11
147423.70368026199
 21
27682.111866074057
  0
LINE
  8
_0-b_道路斜線用－天空率
  6
CONTINUOUS
 62
  212
 10
147423.70368026199
 20
27682.111866074057
 11
147372.71714712373
 21
27666.094505498527
  0
LINE
  8
_0-b_道路斜線用－天空率
  6
CONTINUOUS
 62
  212
 10
147372.71714712373
 20
27666.094505498527
 11
147323.19272311354
 21
27649.799081432855
  0
LINE
  8
_0-b_道路斜線用－天空率
  6
CONTINUOUS
 62
  212
 10
147323.19272311354
 20
27649.799081432855
 11
147275.12477777359
 21
27633.267193602045
  0
LINE
  8
_0-b_道路斜線用－天空率
  6
CONTINUOUS
 62
  212
 10
147275.12477777359
 20
27633.267193602045
 11
147228.50310745227
 21
27616.538549672543
  0
LINE
  8
_0-b_道路斜線用－天空率
  6
CONTINUOUS
 62
  212
 10
147228.50310745227
 20
27616.538549672543
 11
147183.3133946502
 21
27599.650864539693
  0
LINE
  8
_0-b_道路斜線用－天空率
  6
CONTINUOUS
 62
  212
 10
147183.3133946502
 20
27599.650864539693
 11
147139.53765901381
 21
27582.639790561268
  0
LINE
  8
_0-b_道路斜線用－天空率
  6
CONTINUOUS
 62
  212
 10
147139.53765901381
 20
27582.639790561268
 11
147097.15469472747
 21
27565.538875873266
  0
LINE
  8
_0-b_道路斜線用－天空率
  6
CONTINUOUS
 62
  212
 10
147097.15469472747
 20
27565.538875873266
 11
147056.14049006346
 21
27548.379547800403
  0
LINE
  8
_0-b_道路斜線用－天空率
  6
CONTINUOUS
 62
  212
 10
147056.14049006346
 20
27548.379547800403
 11
147016.46862579838
 21
27531.191118341415
  0
LINE
  8
_0-b_道路斜線用－天空率
  6
CONTINUOUS
 62
  212
 10
147016.46862579838
 20
27531.191118341415
 11
146978.11065007085
 21
27514.000808755838
  0
LINE
  8
_0-b_道路斜線用－天空率
  6
CONTINUOUS
 62
  212
 10
146978.11065007085
 20
27514.000808755838
 11
146941.03642803512
 21
27496.833790385971
  0
LINE
  8
_0-b_道路斜線用－天空率
  6
CONTINUOUS
 62
  212
 10
146941.03642803512
 20
27496.833790385971
 11
146905.21446534682
 21
27479.713239002649
  0
LINE
  8
_0-b_道路斜線用－天空率
  6
CONTINUOUS
 62
  212
 10
146905.21446534682
 20
27479.713239002649
 11
146870.61220510376
 21
27462.660400151537
  0
LINE
  8
_0-b_道路斜線用－天空率
  6
CONTINUOUS
 62
  212
 10
146870.61220510376
 20
27462.660400151537
 11
146837.19629835631
 21
27445.694663187408
  0
LINE
  8
_0-b_道路斜線用－天空率
  6
CONTINUOUS
 62
  212
 10
146837.19629835631
 20
27445.694663187408
 11
146804.93284870634
 21
27428.833641906341
  0
LINE
  8
_0-b_道路斜線用－天空率
  6
CONTINUOUS
 62
  212
 10
146804.93284870634
 20
27428.833641906341
 11
146773.7876318341
 21
27412.093259912831
  0
LINE
  8
_0-b_道路斜線用－天空率
  6
CONTINUOUS
 62
  212
 10
146773.7876318341
 20
27412.093259912831
 11
146743.72629104007
 21
27395.487839082306
  0
LINE
  8
_0-b_道路斜線用－天空率
  6
CONTINUOUS
 62
  212
 10
146743.72629104007
 20
27395.487839082306
 11
146714.714510071
 21
27379.030189696572
  0
LINE
  8
_0-b_道路斜線用－天空率
  6
CONTINUOUS
 62
  212
 10
146714.714510071
 20
27379.030189696572
 11
146686.71816462316
 21
27362.731701033841
  0
LINE
  8
_0-b_道路斜線用－天空率
  6
CONTINUOUS
 62
  212
 10
146686.71816462316
 20
27362.731701033841
 11
146659.70345399313
 21
27346.602431386385
  0
LINE
  8
_0-b_道路斜線用－天空率
  6
CONTINUOUS
 62
  212
 10
146659.70345399313
 20
27346.602431386385
 11
146633.63701438158
 21
27330.651196653401
  0
LINE
  8
_0-b_道路斜線用－天空率
  6
CONTINUOUS
 62
  212
 10
146633.63701438158
 20
27330.651196653401
 11
146608.48601535835
 21
27314.885656815444
  0
LINE
  8
_0-b_道路斜線用－天空率
  6
CONTINUOUS
 62
  212
 10
146608.48601535835
 20
27314.885656815444
 11
146584.21824097249
 21
27299.312399738482
  0
LINE
  8
_0-b_道路斜線用－天空率
  6
CONTINUOUS
 62
  212
 10
146584.21824097249
 20
27299.312399738482
 11
146560.80215694746
 21
27283.937021880752
  0
LINE
  8
_0-b_道路斜線用－天空率
  6
CONTINUOUS
 62
  212
 10
146560.80215694746
 20
27283.937021880752
 11
146538.20696533969
 21
27268.764205585375
  0
LINE
  8
_0-b_道路斜線用－天空率
  6
CONTINUOUS
 62
  212
 10
146538.20696533969
 20
27268.764205585375
 11
146516.40264796873
 21
27253.797792736178
  0
LINE
  8
_0-b_道路斜線用－天空率
  6
CONTINUOUS
 62
  212
 10
146516.40264796873
 20
27253.797792736178
 11
146495.35999984733
 21
27239.040854635015
  0
LINE
  8
_0-b_道路斜線用－天空率
  6
CONTINUOUS
 62
  212
 10
146495.35999984733
 20
27239.040854635015
 11
146475.05065375656
 21
27224.495758027354
  0
LINE
  8
_0-b_道路斜線用－天空率
  6
CONTINUOUS
 62
  212
 10
146475.05065375656
 20
27224.495758027354
 11
146455.44709702589
 21
27210.164227259723
  0
LINE
  8
_0-b_道路斜線用－天空率
  6
CONTINUOUS
 62
  212
 10
146455.44709702589
 20
27210.164227259723
 11
146436.52268149275
 21
27196.047402599411
  0
LINE
  8
_0-b_道路斜線用－天空率
  6
CONTINUOUS
 62
  212
 10
146436.52268149275
 20
27196.047402599411
 11
146418.25162753206
 21
27182.14589478464
  0
LINE
  8
_0-b_道路斜線用－天空率
  6
CONTINUOUS
 62
  212
 10
146418.25162753206
 20
27182.14589478464
 11
146400.60902296545
 21
27168.4598359035
  0
LINE
  8
_0-b_道路斜線用－天空率
  6
CONTINUOUS
 62
  212
 10
146400.60902296545
 20
27168.4598359035
 11
146383.57081758248
 21
27154.988926723068
  0
LINE
  8
_0-b_道路斜線用－天空率
  6
CONTINUOUS
 62
  212
 10
146383.57081758248
 20
27154.988926723068
 11
146367.11381393289
 21
27141.732480607322
  0
LINE
  8
_0-b_道路斜線用－天空率
  6
CONTINUOUS
 62
  212
 10
146367.11381393289
 20
27141.732480607322
 11
146351.21565498015
 21
27128.689464175327
  0
LINE
  8
_0-b_道路斜線用－天空率
  6
CONTINUOUS
 62
  212
 10
146351.21565498015
 20
27128.689464175327
 11
146335.85480914308
 21
27115.858534858693
  0
LINE
  8
_0-b_道路斜線用－天空率
  6
CONTINUOUS
 62
  212
 10
146335.85480914308
 20
27115.858534858693
 11
146321.01055319272
 21
27103.238075522644
  0
LINE
  8
_0-b_道路斜線用－天空率
  6
CONTINUOUS
 62
  212
 10
146321.01055319272
 20
27103.238075522644
 11
146306.66295341835
 21
27090.826226316494
  0
LINE
  8
_0-b_道路斜線用－天空率
  6
CONTINUOUS
 62
  212
 10
146306.66295341835
 20
27090.826226316494
 11
146292.79284542574
 21
27078.620913918995
  0
LINE
  8
_0-b_道路斜線用－天空率
  6
CONTINUOUS
 62
  212
 10
146292.79284542574
 20
27078.620913918995
 11
146279.38181288703
 21
27066.619878341622
  0
LINE
  8
_0-b_道路斜線用－天空率
  6
CONTINUOUS
 62
  212
 10
146279.38181288703
 20
27066.619878341622
 11
146266.41216551989
 21
27054.820697448951
  0
LINE
  8
_0-b_道路斜線用－天空率
  6
CONTINUOUS
 62
  212
 10
146266.41216551989
 20
27054.820697448951
 11
146253.86691653757
 21
27043.220809350474
  0
LINE
  8
_0-b_道路斜線用－天空率
  6
CONTINUOUS
 62
  212
 10
146253.86691653757
 20
27043.220809350474
 11
146241.72975977772
 21
27031.817532812227
  0
LINE
  8
_0-b_道路斜線用－天空率
  6
CONTINUOUS
 62
  212
 10
146241.72975977772
 20
27031.817532812227
 11
146229.98504668945
 21
27020.60808583019
  0
LINE
  8
_0-b_道路斜線用－天空率
  6
CONTINUOUS
 62
  212
 10
146229.98504668945
 20
27020.60808583019
 11
146218.61776333075
 21
27009.58960250076
  0
LINE
  8
_0-b_道路斜線用－天空率
  6
CONTINUOUS
 62
  212
 10
146218.61776333075
 20
27009.58960250076
 11
146207.61350750568
 21
26998.759148316345
  0
LINE
  8
_0-b_道路斜線用－天空率
  6
CONTINUOUS
 62
  212
 10
146207.61350750568
 20
26998.759148316345
 11
146196.95846614989
 21
26988.113734007049
  0
LINE
  8
_0-b_道路斜線用－天空率
  6
CONTINUOUS
 62
  212
 10
146196.95846614989
 20
26988.113734007049
 11
146186.63939305505
 21
26977.650328042283
  0
LINE
  8
_0-b_道路斜線用－天空率
  6
CONTINUOUS
 62
  212
 10
146186.63939305505
 20
26977.650328042283
 11
146176.64358700625
 21
26967.365867899185
  0
LINE
  8
_0-b_道路斜線用－天空率
  6
CONTINUOUS
 62
  212
 10
146176.64358700625
 20
26967.365867899185
 11
146166.95887039293
 21
26957.257270197464
  0
LINE
  8
_0-b_道路斜線用－天空率
  6
CONTINUOUS
 62
  212
 10
146166.95887039293
 20
26957.257270197464
 11
146157.57356834135
 21
26947.321439794188
  0
LINE
  8
_0-b_道路斜線用－天空率
  6
CONTINUOUS
 62
  212
 10
146157.57356834135
 20
26947.321439794188
 11
146148.47648840624
 21
26937.555277925061
  0
LINE
  8
_0-b_道路斜線用－天空率
  6
CONTINUOUS
 62
  212
 10
146148.47648840624
 20
26937.555277925061
 11
146139.6569008493
 21
26927.955689472913
  0
LINE
  8
_0-b_道路斜線用－天空率
  6
CONTINUOUS
 62
  212
 10
146139.6569008493
 20
26927.955689472913
 11
146131.10451952565
 21
26918.519589438234
  0
LINE
  8
_0-b_道路斜線用－天空率
  6
CONTINUOUS
 62
  212
 10
146131.10451952565
 20
26918.519589438234
 11
146122.80948339065
 21
26909.243908680866
  0
LINE
  8
_0-b_道路斜線用－天空率
  6
CONTINUOUS
 62
  212
 10
146122.80948339065
 20
26909.243908680866
 11
146114.76233863542
 21
26900.125598997045
  0
LINE
  8
_0-b_道路斜線用－天空率
  6
CONTINUOUS
 62
  212
 10
146114.76233863542
 20
26900.125598997045
 11
146106.95402145327
 21
26891.16163759071
  0
LINE
  8
_0-b_道路斜線用－天空率
  6
CONTINUOUS
 62
  212
 10
146106.95402145327
 20
26891.16163759071
 11
146099.37584143545
 21
26882.349030993656
  0
LINE
  8
_0-b_道路斜線用－天空率
  6
CONTINUOUS
 62
  212
 10
146099.37584143545
 20
26882.349030993656
 11
146092.01946559108
 21
26873.68481848474
  0
LINE
  8
_0-b_道路斜線用－天空率
  6
CONTINUOUS
 62
  212
 10
146092.01946559108
 20
26873.68481848474
 11
146084.87690298343
 21
26865.166075054126
  0
LINE
  8
_0-b_道路斜線用－天空率
  6
CONTINUOUS
 62
  212
 10
146084.87690298343
 20
26865.166075054126
 11
146077.94048997142
 21
26856.789913955093
  0
LINE
  8
_0-b_道路斜線用－天空率
  6
CONTINUOUS
 62
  212
 10
146077.94048997142
 20
26856.789913955093
 11
146071.20287604496
 21
26848.553488882284
  0
LINE
  8
_0-b_道路斜線用－天空率
  6
CONTINUOUS
 62
  212
 10
146071.20287604496
 20
26848.553488882284
 11
146064.65701023876
 21
26840.453995811971
  0
LINE
  8
_0-b_道路斜線用－天空率
  6
CONTINUOUS
 62
  212
 10
146064.65701023876
 20
26840.453995811971
 11
146058.2961281109
 21
26832.488674537147
  0
LINE
  8
_0-b_道路斜線用－天空率
  6
CONTINUOUS
 62
  212
 10
146058.2961281109
 20
26832.488674537147
 11
146052.11373926859
 21
26824.654809927313
  0
LINE
  8
_0-b_道路斜線用－天空率
  6
CONTINUOUS
 62
  212
 10
146052.11373926859
 20
26824.654809927313
 11
146046.10361542529
 21
26816.949732940167
  0
LINE
  8
_0-b_道路斜線用－天空率
  6
CONTINUOUS
 62
  212
 10
146046.10361542529
 20
26816.949732940167
 11
146040.2597789714
 21
26809.370821410469
  0
LINE
  8
_0-b_道路斜線用－天空率
  6
CONTINUOUS
 62
  212
 10
146040.2597789714
 20
26809.370821410469
 11
146034.57649204097
 21
26801.915500638664
  0
LINE
  8
_0-b_道路斜線用－天空率
  6
CONTINUOUS
 62
  212
 10
146034.57649204097
 20
26801.915500638664
 11
146029.04824605691
 21
26794.581243800123
  0
LINE
  8
_0-b_道路斜線用－天空率
  6
CONTINUOUS
 62
  212
 10
146029.04824605691
 20
26794.581243800123
 11
146023.6697517368
 21
26787.365572194117
  0
LINE
  8
_0-b_道路斜線用－天空率
  6
CONTINUOUS
 62
  212
 10
146023.6697517368
 20
26787.365572194117
 11
146018.43592954182
 21
26780.26605534966
  0
LINE
  8
_0-b_道路斜線用－天空率
  6
CONTINUOUS
 62
  212
 10
146018.43592954182
 20
26780.26605534966
 11
146013.34190055116
 21
26773.280311004011
  0
LINE
  8
_0-b_道路斜線用－天空率
  6
CONTINUOUS
 62
  212
 10
146013.34190055116
 20
26773.280311004011
 11
146008.3829777454
 21
26766.406004968164
  0
LINE
  8
_0-b_道路斜線用－天空率
  6
CONTINUOUS
 62
  212
 10
145857.07730364869
 20
26808.771593715242
 11
146008.3829777454
 21
26766.406004968164
  0
LINE
  8
_0-b_道路斜線用－天空率
  6
CONTINUOUS
 62
  212
 10
150744.01667071777
 20
28237.694802033081
 11
150207.31644939217
 21
27636.590554148402
  0
CIRCLE
  8
_0-b_道路斜線用－天空率
  6
CONTINUOUS
 62
  212
 10
156745.96936279122
 20
25999.881817155335
 40
3000
  0
POINT
  8
_0-b_道路斜線用－天空率
 62
  212
 10
159030.00896086616
 20
67110.169491525419
  0
TEXT
  8
_0-b_道路斜線用－天空率
 62
  132
 10
159030.00896086616
 20
67110.169491525419
 40
500
 41
1
 50
0
  1
No.10
  0
TEXT
  8
_0-b_道路斜線用－天空率
 62
  132
 10
155245.96936279122
 20
22249.881817155335
 40
500
 41
1
 50
0
  1
測定点 No.10
  0
TEXT
  8
_0-b_道路斜線用－天空率
 62
  132
 10
153120.96936279122
 20
21499.881817155335
 40
500
 41
1
 50
0
  1
正射影 　測定面高さ = 0.000 m
  0
LINE
  8
_0-b_道路斜線用－天空率
  6
CONTINUOUS
 62
  132
 10
157549.84477337778
 20
27805.415550970144
 11
157966.17929201861
 21
28740.518190083137
  0
LINE
  8
_0-b_道路斜線用－天空率
  6
CONTINUOUS
 62
  132
 10
157480.11655963663
 20
27816.959892539874
 11
157869.78914303894
 21
28781.433380855698
  0
LINE
  8
_0-b_道路斜線用－天空率
  6
CONTINUOUS
 62
  132
 10
157411.07781044239
 20
27827.252258565396
 11
157772.02979276821
 21
28818.959679513056
  0
LINE
  8
_0-b_道路斜線用－天空率
  6
CONTINUOUS
 62
  132
 10
157342.68830654688
 20
27836.393886672762
 11
157673.02034591606
 21
28853.051366040788
  0
LINE
  8
_0-b_道路斜線用－天空率
  6
CONTINUOUS
 62
  132
 10
157274.89030593881
 20
27844.448353938172
 11
157572.88143024221
 21
28883.66690497029
  0
LINE
  8
_0-b_道路斜線用－天空率
  6
CONTINUOUS
 62
  132
 10
157207.62295438736
 20
27851.473240227427
 11
157471.73504959023
 21
28910.768995983322
  0
LINE
  8
_0-b_道路斜線用－天空率
  6
CONTINUOUS
 62
  132
 10
157140.82246991357
 20
27857.519633744264
 11
157369.70443524452
 21
28934.324619356753
  0
LINE
  8
_0-b_道路斜線用－天空率
  6
CONTINUOUS
 62
  132
 10
157074.42241996977
 20
27862.631668929894
 11
157266.913895792
 21
28954.305076191962
  0
LINE
  8
_0-b_道路斜線用－天空率
  6
CONTINUOUS
 62
  132
 10
157008.33839724928
 20
27866.734501029462
 11
157163.4886656714
 21
28970.68602338005
  0
LINE
  8
_0-b_道路斜線用－天空率
  6
CONTINUOUS
 62
  132
 10
156942.5055475668
 20
27869.798707552548
 11
157059.55475259418
 21
28983.447503260151
  0
LINE
  8
_0-b_道路斜線用－天空率
  6
CONTINUOUS
 62
  132
 10
156876.880895598
 20
27872.003956979529
 11
156955.23878402358
 21
28992.573967934811
  0
LINE
  8
_0-b_道路斜線用－天空率
  6
CONTINUOUS
 62
  132
 10
156811.39296146915
 20
27873.36855957684
 11
156850.66785289873
 21
28998.054298212628
  0
LINE
  8
_0-b_道路斜線用－天空率
  6
CONTINUOUS
 62
  132
 10
156745.96936279122
 20
27873.902672714815
 11
156745.96936279122
 21
28999.881817155335
  0
LINE
  8
_0-b_道路斜線用－天空率
  6
CONTINUOUS
 62
  132
 10
156680.54287338504
 20
27873.451339202551
 11
156641.2708726837
 21
28998.054298212628
  0
LINE
  8
_0-b_道路斜線用－天空率
  6
CONTINUOUS
 62
  132
 10
156615.056204116
 20
27872.02720798134
 11
156536.69994155885
 21
28992.573967934811
  0
LINE
  8
_0-b_道路斜線用－天空率
  6
CONTINUOUS
 62
  132
 10
156549.43681687308
 20
27869.764086136648
 11
156432.38397298826
 21
28983.447503260151
  0
LINE
  8
_0-b_道路斜線用－天空率
  6
CONTINUOUS
 62
  132
 10
156483.61294371003
 20
27866.644737958915
 11
156328.45005991103
 21
28970.68602338005
  0
LINE
  8
_0-b_道路斜線用－天空率
  6
CONTINUOUS
 62
  132
 10
156417.51414534056
 20
27862.643920441907
 11
156225.02482979043
 21
28954.305076191962
  0
LINE
  8
_0-b_道路斜線用－天空率
  6
CONTINUOUS
 62
  132
 10
156351.09828839218
 20
27857.60416313519
 11
156122.23429033794
 21
28934.324619356753
  0
LINE
  8
_0-b_道路斜線用－天空率
  6
CONTINUOUS
 62
  132
 10
156284.30637471255
 20
27851.5109274604
 11
156020.2036759922
 21
28910.768995983322
  0
LINE
  8
_0-b_道路斜線用－天空率
  6
CONTINUOUS
 62
  132
 10
156217.04946600354
 20
27844.444704847501
 11
155919.05729534022
 21
28883.66690497029
  0
LINE
  8
_0-b_道路斜線用－天空率
  6
CONTINUOUS
 62
  132
 10
156149.26300414488
 20
27836.355153688986
 11
155818.91837966637
 21
28853.051366040803
  0
LINE
  8
_0-b_道路斜線用－天空率
  6
CONTINUOUS
 62
  132
 10
156080.88527693881
 20
27827.185325073391
 11
155719.90893281422
 21
28818.959679513056
  0
LINE
  8
_0-b_道路斜線用－天空率
  6
CONTINUOUS
 62
  132
 10
156011.85761686915
 20
27816.872148425522
 11
155622.14958254349
 21
28781.433380855698
  0
LINE
  8
_0-b_道路斜線用－天空率
  6
CONTINUOUS
 62
  132
 10
155942.12450180875
 20
27805.346935435853
 11
155525.75943356382
 21
28740.518190083137
  0
LINE
  8
_0-b_道路斜線用－天空率
  6
CONTINUOUS
 62
  132
 10
155871.63355387366
 20
27792.535885009387
 11
155430.85592242397
 21
28696.263956052836
  0
LINE
  8
_0-b_道路斜線用－天空率
  6
CONTINUOUS
 62
  132
 10
155800.33543482702
 20
27778.360572007022
 11
155337.55467443354
 21
28648.724595732121
  0
LINE
  8
_0-b_道路斜線用－天空率
  6
CONTINUOUS
 62
  132
 10
155728.18363839871
 20
27762.738403021434
 11
155245.96936279122
 21
28597.958028508652
  0
LINE
  8
_0-b_道路斜線用－天空率
  6
CONTINUOUS
 62
  132
 10
155655.13418151918
 20
27745.583023237748
 11
155156.2115700916
 21
28544.026105624619
  0
LINE
  8
_0-b_道路斜線用－天空率
  6
CONTINUOUS
 62
  132
 10
155581.14519771566
 20
27726.804659476762
 11
155068.39065237899
 21
28486.994534820463
  0
LINE
  8
_0-b_道路斜線用－天空率
  6
CONTINUOUS
 62
  132
 10
155506.17643674148
 20
27706.31038569827
 11
154982.61360591379
 21
28426.932800280177
  0
LINE
  8
_0-b_道路斜線用－天空率
  6
CONTINUOUS
 62
  132
 10
155430.18867488118
 20
27684.004298447063
 11
154898.98493681426
 21
28363.914077975503
  0
LINE
  8
_0-b_道路斜線用－天空率
  6
CONTINUOUS
 62
  132
 10
155353.1979514416
 20
27659.722150293771
 11
154817.60653373159
 21
28298.015146512272
  0
LINE
  8
_0-b_道路斜線用－天空率
  6
CONTINUOUS
 62
  132
 10
155275.3099977278
 20
27633.214513045528
 11
154738.57754371466
 21
28229.316293587522
  0
LINE
  8
_0-b_道路斜線用－天空率
  6
CONTINUOUS
 62
  132
 10
155196.3430343928
 20
27604.566855259861
 11
154661.9942514142
 21
28157.901218171286
  0
LINE
  8
_0-b_道路斜線用－天空率
  6
CONTINUOUS
 62
  132
 10
155116.59111331956
 20
27573.354102584915
 11
154587.94996177524
 21
28083.856928532328
  0
LINE
  8
_0-b_道路斜線用－天空率
  6
CONTINUOUS
 62
  132
 10
155035.91518348606
 20
27539.621516170122
 11
154516.53488635903
 21
28007.273636231911
  0
LINE
  8
_0-b_道路斜線用－天空率
  6
CONTINUOUS
 62
  132
 10
154954.49418100496
 20
27503.107981455446
 11
154447.83603343428
 21
27928.244646214956
  0
LINE
  8
_0-b_道路斜線用－天空率
  6
CONTINUOUS
 62
  132
 10
154872.50827000162
 20
27463.590040771417
 11
154381.93710197106
 21
27846.86624313231
  0
LINE
  8
_0-b_道路斜線用－天空率
  6
CONTINUOUS
 62
  132
 10
154790.13283290129
 20
27420.880233946798
 11
154318.91837966637
 21
27763.237574032758
  0
LINE
  8
_0-b_道路斜線用－天空率
  6
CONTINUOUS
 62
  132
 10
154707.53351594763
 20
27374.824156888236
 11
154258.85664512609
 21
27677.460527567574
  0
LINE
  8
_0-b_道路斜線用－天空率
  6
CONTINUOUS
 62
  132
 10
154624.98766735085
 20
27325.218274596714
 11
154201.82507432193
 21
27589.639609854952
  0
LINE
  8
_0-b_道路斜線用－天空率
  6
CONTINUOUS
 62
  132
 10
154542.84131968781
 20
27271.858385900293
 11
154147.89315143789
 21
27499.881817155335
  0
LINE
  8
_0-b_道路斜線用－天空率
  6
CONTINUOUS
 62
  132
 10
154461.48392759085
 20
27214.564269544633
 11
154097.12658421444
 21
27408.296505513011
  0
LINE
  8
_0-b_道路斜線用－天空率
  6
CONTINUOUS
 62
  132
 10
154381.35859056308
 20
27153.179550044886
 11
154049.58722389372
 21
27314.995257522572
  0
LINE
  8
_0-b_道路斜線用－天空率
  6
CONTINUOUS
 62
  132
 10
154302.96214792432
 20
27087.578707629792
 11
154005.33298986344
 21
27220.091746382742
  0
LINE
  8
_0-b_道路斜線用－天空率
  6
CONTINUOUS
 62
  132
 10
154226.91998148648
 20
27017.643831376277
 11
153964.41779909087
 21
27123.701597403065
  0
LINE
  8
_0-b_道路斜線用－天空率
  6
CONTINUOUS
 62
  132
 10
154153.85914450377
 20
26943.332780549237
 11
153926.89150043349
 21
27025.942247132341
  0
LINE
  8
_0-b_道路斜線用－天空率
  6
CONTINUOUS
 62
  132
 10
154084.46459474257
 20
26864.657137912137
 11
153892.79981390575
 21
26926.932800280177
  0
LINE
  8
_0-b_道路斜線用－天空率
  6
CONTINUOUS
 62
  132
 10
154019.48094432044
 20
26781.689790476662
 11
153862.18427497625
 21
26826.793884606333
  0
LINE
  8
_0-b_道路斜線用－天空率
  6
CONTINUOUS
 62
  132
 10
153959.69687910508
 20
26694.577570889712
 11
153835.08218396324
 21
26725.647503954336
  0
TEXT
  8
_0-b_道路斜線用－天空率
 62
  132
 10
154745.96936279122
 20
20749.881817155335
 40
500
 41
1
 50
0
  1
天空率 = 86.75 %
  0
LINE
  8
_0-b_道路斜線用－天空率
  6
CONTINUOUS
 62
  212
 10
157551.86210410069
 20
27805.081557688594
 11
157477.05258060983
 21
27817.467170993608
  0
LINE
  8
_0-b_道路斜線用－天空率
  6
CONTINUOUS
 62
  212
 10
157477.05258060983
 20
27817.467170993608
 11
157400.76472464465
 21
27828.781850065457
  0
LINE
  8
_0-b_道路斜線用－天空率
  6
CONTINUOUS
 62
  212
 10
157400.76472464465
 20
27828.781850065457
 11
157323.11956654753
 21
27838.958748110722
  0
LINE
  8
_0-b_道路斜線用－天空率
  6
CONTINUOUS
 62
  212
 10
157323.11956654753
 20
27838.958748110722
 11
157244.25124153573
 21
27847.935788420305
  0
LINE
  8
_0-b_道路斜線用－天空率
  6
CONTINUOUS
 62
  212
 10
157244.25124153573
 20
27847.935788420305
 11
157164.30615735461
 21
27855.656648567593
  0
LINE
  8
_0-b_道路斜線用－天空率
  6
CONTINUOUS
 62
  212
 10
157164.30615735461
 20
27855.656648567593
 11
157083.44189179348
 21
27862.071694264363
  0
LINE
  8
_0-b_道路斜線用－天空率
  6
CONTINUOUS
 62
  212
 10
157083.44189179348
 20
27862.071694264363
 11
157001.82583171196
 21
27867.138834207697
  0
LINE
  8
_0-b_道路斜線用－天空率
  6
CONTINUOUS
 62
  212
 10
157001.82583171196
 20
27867.138834207697
 11
156919.63357545001
 21
27870.824268199372
  0
LINE
  8
_0-b_道路斜線用－天空率
  6
CONTINUOUS
 62
  212
 10
156919.63357545001
 20
27870.824268199372
 11
156837.04713041114
 21
27873.10310318569
  0
LINE
  8
_0-b_道路斜線用－天空率
  6
CONTINUOUS
 62
  212
 10
156837.04713041114
 20
27873.10310318569
 11
156754.2529465892
 21
27873.959815609123
  0
LINE
  8
_0-b_道路斜線用－天空率
  6
CONTINUOUS
 62
  212
 10
156754.2529465892
 20
27873.959815609123
 11
156671.43983425284
 21
27873.388543434954
  0
LINE
  8
_0-b_道路斜線用－天空率
  6
CONTINUOUS
 62
  212
 10
156671.43983425284
 20
27873.388543434954
 11
156588.79681938525
 21
27871.393197164059
  0
LINE
  8
_0-b_道路斜線用－天空率
  6
CONTINUOUS
 62
  212
 10
156588.79681938525
 20
27871.393197164059
 11
156506.51099341028
 21
27867.987385732671
  0
LINE
  8
_0-b_道路斜線用－天空率
  6
CONTINUOUS
 62
  212
 10
156506.51099341028
 20
27867.987385732671
 11
156424.76541400939
 21
27863.194160037324
  0
LINE
  8
_0-b_道路斜線用－天空率
  6
CONTINUOUS
 62
  212
 10
156424.76541400939
 20
27863.194160037324
 11
156343.73711141801
 21
27857.045583495539
  0
LINE
  8
_0-b_道路斜線用－天空率
  6
CONTINUOUS
 62
  212
 10
156343.73711141801
 20
27857.045583495539
 11
156263.5952496718
 21
27849.582145157579
  0
LINE
  8
_0-b_道路斜線用－天空率
  6
CONTINUOUS
 62
  212
 10
156263.5952496718
 20
27849.582145157579
 11
156184.49948520329
 21
27840.852036075455
  0
LINE
  8
_0-b_道路斜線用－天空率
  6
CONTINUOUS
 62
  212
 10
156184.49948520329
 20
27840.852036075455
 11
156106.59855646948
 21
27830.910313639207
  0
LINE
  8
_0-b_道路斜線用－天空率
  6
CONTINUOUS
 62
  212
 10
156106.59855646948
 20
27830.910313639207
 11
156030.0291285112
 21
27819.817981239692
  0
LINE
  8
_0-b_道路斜線用－天空率
  6
CONTINUOUS
 62
  212
 10
156030.0291285112
 20
27819.817981239692
 11
155954.91490613267
 21
27807.64101184651
  0
LINE
  8
_0-b_道路斜線用－天空率
  6
CONTINUOUS
 62
  212
 10
155954.91490613267
 20
27807.64101184651
 11
155881.36601935134
 21
27794.449343942789
  0
LINE
  8
_0-b_道路斜線用－天空率
  6
CONTINUOUS
 62
  212
 10
155881.36601935134
 20
27794.449343942789
 11
155809.47867544312
 21
27780.315876866519
  0
LINE
  8
_0-b_道路斜線用－天空率
  6
CONTINUOUS
 62
  212
 10
155809.47867544312
 20
27780.315876866519
 11
155739.33506372972
 21
27765.31549017602
  0
LINE
  8
_0-b_道路斜線用－天空率
  6
CONTINUOUS
 62
  212
 10
155739.33506372972
 20
27765.31549017602
 11
155671.00349253168
 21
27749.5241084324
  0
LINE
  8
_0-b_道路斜線用－天空率
  6
CONTINUOUS
 62
  212
 10
155671.00349253168
 20
27749.5241084324
 11
155604.53873261364
 21
27733.017829043717
  0
LINE
  8
_0-b_道路斜線用－天空率
  6
CONTINUOUS
 62
  212
 10
155604.53873261364
 20
27733.017829043717
 11
155539.98253802559
 21
27715.872126809223
  0
LINE
  8
_0-b_道路斜線用－天空率
  6
CONTINUOUS
 62
  212
 10
155539.98253802559
 20
27715.872126809223
 11
155477.36431342767
 21
27698.161144776691
  0
LINE
  8
_0-b_道路斜線用－天空率
  6
CONTINUOUS
 62
  212
 10
155477.36431342767
 20
27698.161144776691
 11
155416.70189662382
 21
27679.957077187238
  0
LINE
  8
_0-b_道路斜線用－天空率
  6
CONTINUOUS
 62
  212
 10
155416.70189662382
 20
27679.957077187238
 11
155358.00242590918
 21
27661.329646785965
  0
LINE
  8
_0-b_道路斜線用－天空率
  6
CONTINUOUS
 62
  212
 10
155358.00242590918
 20
27661.329646785965
 11
155301.26326370544
 21
27642.345675734053
  0
LINE
  8
_0-b_道路斜線用－天空率
  6
CONTINUOUS
 62
  212
 10
155301.26326370544
 20
27642.345675734053
 11
155246.47295056414
 21
27623.068746831177
  0
LINE
  8
_0-b_道路斜線用－天空率
  6
CONTINUOUS
 62
  212
 10
155246.47295056414
 20
27623.068746831177
 11
155193.61216670676
 21
27603.558949767852
  0
LINE
  8
_0-b_道路斜線用－天空率
  6
CONTINUOUS
 62
  212
 10
155193.61216670676
 20
27603.558949767852
 11
155142.65468161771
 21
27583.872705664907
  0
LINE
  8
_0-b_道路斜線用－天空率
  6
CONTINUOUS
 62
  212
 10
155142.65468161771
 20
27583.872705664907
 11
155093.56827562092
 21
27564.062662182106
  0
LINE
  8
_0-b_道路斜線用－天空率
  6
CONTINUOUS
 62
  212
 10
155093.56827562092
 20
27564.062662182106
 11
155046.31562069561
 21
27544.177650937275
  0
LINE
  8
_0-b_道路斜線用－天空率
  6
CONTINUOUS
 62
  212
 10
155046.31562069561
 20
27544.177650937275
 11
155000.85511090393
 21
27524.262698803875
  0
LINE
  8
_0-b_道路斜線用－天空率
  6
CONTINUOUS
 62
  212
 10
155000.85511090393
 20
27524.262698803875
 11
154957.14163563636
 21
27504.359084781764
  0
LINE
  8
_0-b_道路斜線用－天空率
  6
CONTINUOUS
 62
  212
 10
154957.14163563636
 20
27504.359084781764
 11
154915.12729137379
 21
27484.504434493952
  0
LINE
  8
_0-b_道路斜線用－天空率
  6
CONTINUOUS
 62
  212
 10
154915.12729137379
 20
27484.504434493952
 11
154874.76202980364
 21
27464.732844889251
  0
LINE
  8
_0-b_道路斜線用－天空率
  6
CONTINUOUS
 62
  212
 10
154874.76202980364
 20
27464.732844889251
 11
154835.99424190443
 21
27445.07503237079
  0
LINE
  8
_0-b_道路斜線用－天空率
  6
CONTINUOUS
 62
  212
 10
154835.99424190443
 20
27445.07503237079
 11
154798.77127904791
 21
27425.558498275335
  0
LINE
  8
_0-b_道路斜線用－天空率
  6
CONTINUOUS
 62
  212
 10
154798.77127904791
 20
27425.558498275335
 11
154763.03991328529
 21
27406.207706359782
  0
LINE
  8
_0-b_道路斜線用－天空率
  6
CONTINUOUS
 62
  212
 10
154763.03991328529
 20
27406.207706359782
 11
154728.74673981609
 21
27387.044267677789
  0
LINE
  8
_0-b_道路斜線用－天空率
  6
CONTINUOUS
 62
  212
 10
154728.74673981609
 20
27387.044267677789
 11
154695.83852522453
 21
27368.087128928436
  0
LINE
  8
_0-b_道路斜線用－天空率
  6
CONTINUOUS
 62
  212
 10
154695.83852522453
 20
27368.087128928436
 11
154664.26250544222
 21
27349.352761013891
  0
LINE
  8
_0-b_道路斜線用－天空率
  6
CONTINUOUS
 62
  212
 10
154664.26250544222
 20
27349.352761013891
 11
154633.96663759785
 21
27330.85534514347
  0
LINE
  8
_0-b_道路斜線用－天空率
  6
CONTINUOUS
 62
  212
 10
154633.96663759785
 20
27330.85534514347
 11
154604.8998099745
 21
27312.606954361966
  0
LINE
  8
_0-b_道路斜線用－天空率
  6
CONTINUOUS
 62
  212
 10
154604.8998099745
 20
27312.606954361966
 11
154577.01201424573
 21
27294.617728856996
  0
LINE
  8
_0-b_道路斜線用－天空率
  6
CONTINUOUS
 62
  212
 10
154577.01201424573
 20
27294.617728856996
 11
154550.25448402878
 21
27276.896043816544
  0
LINE
  8
_0-b_道路斜線用－天空率
  6
CONTINUOUS
 62
  212
 10
154550.25448402878
 20
27276.896043816544
 11
154524.57980360047
 21
27259.448668963137
  0
LINE
  8
_0-b_道路斜線用－天空率
  6
CONTINUOUS
 62
  212
 10
154524.57980360047
 20
27259.448668963137
 11
154499.94199038512
 21
27242.280919192377
  0
LINE
  8
_0-b_道路斜線用－天空率
  6
CONTINUOUS
 62
  212
 10
154499.94199038512
 20
27242.280919192377
 11
154476.29655456522
 21
27225.396795993161
  0
LINE
  8
_0-b_道路斜線用－天空率
  6
CONTINUOUS
 62
  212
 10
154476.29655456522
 20
27225.396795993161
 11
154453.60053889063
 21
27208.799119531249
  0
LINE
  8
_0-b_道路斜線用－天空率
  6
CONTINUOUS
 62
  212
 10
154453.60053889063
 20
27208.799119531249
 11
154431.81254148622
 21
27192.489651442429
  0
LINE
  8
_0-b_道路斜線用－天空率
  6
CONTINUOUS
 62
  212
 10
154431.81254148622
 20
27192.489651442429
 11
154410.89272418437
 21
27176.469208510367
  0
LINE
  8
_0-b_道路斜線用－天空率
  6
CONTINUOUS
 62
  212
 10
154410.89272418437
 20
27176.469208510367
 11
154390.80280864628
 21
27160.73776750336
  0
LINE
  8
_0-b_道路斜線用－天空率
  6
CONTINUOUS
 62
  212
 10
154390.80280864628
 20
27160.73776750336
 11
154371.50606228652
 21
27145.294561518188
  0
LINE
  8
_0-b_道路斜線用－天空率
  6
CONTINUOUS
 62
  212
 10
154371.50606228652
 20
27145.294561518188
 11
154352.9672757808
 21
27130.138168230983
  0
LINE
  8
_0-b_道路斜線用－天空率
  6
CONTINUOUS
 62
  212
 10
154352.9672757808
 20
27130.138168230983
 11
154335.152733722
 21
27115.266590489933
  0
LINE
  8
_0-b_道路斜線用－天空率
  6
CONTINUOUS
 62
  212
 10
154335.152733722
 20
27115.266590489933
 11
154318.03017979045
 21
27100.677329704616
  0
LINE
  8
_0-b_道路斜線用－天空率
  6
CONTINUOUS
 62
  212
 10
154318.03017979045
 20
27100.677329704616
 11
154301.56877762477
 21
27086.367452495323
  0
LINE
  8
_0-b_道路斜線用－天空率
  6
CONTINUOUS
 62
  212
 10
154301.56877762477
 20
27086.367452495323
 11
154285.73906841725
 21
27072.333651065095
  0
LINE
  8
_0-b_道路斜線用－天空率
  6
CONTINUOUS
 62
  212
 10
154285.73906841725
 20
27072.333651065095
 11
154270.51292611262
 21
27058.572297749207
  0
LINE
  8
_0-b_道路斜線用－天空率
  6
CONTINUOUS
 62
  212
 10
154270.51292611262
 20
27058.572297749207
 11
154255.8635109589
 21
27045.079494184177
  0
LINE
  8
_0-b_道路斜線用－天空率
  6
CONTINUOUS
 62
  212
 10
154255.8635109589
 20
27045.079494184177
 11
154241.7652220448
 21
27031.851115520476
  0
LINE
  8
_0-b_道路斜線用－天空率
  6
CONTINUOUS
 62
  212
 10
154241.7652220448
 20
27031.851115520476
 11
154228.1936493577
 21
27018.882850084126
  0
LINE
  8
_0-b_道路斜線用－天空率
  6
CONTINUOUS
 62
  212
 10
154228.1936493577
 20
27018.882850084126
 11
154215.12552580577
 21
27006.170234869889
  0
LINE
  8
_0-b_道路斜線用－天空率
  6
CONTINUOUS
 62
  212
 10
154215.12552580577
 20
27006.170234869889
 11
154202.53867957368
 21
26993.708687226364
  0
LINE
  8
_0-b_道路斜線用－天空率
  6
CONTINUOUS
 62
  212
 10
154202.53867957368
 20
26993.708687226364
 11
154190.41198711079
 21
26981.493533070341
  0
LINE
  8
_0-b_道路斜線用－天空率
  6
CONTINUOUS
 62
  212
 10
154190.41198711079
 20
26981.493533070341
 11
154178.72532699533
 21
26969.52003194408
  0
LINE
  8
_0-b_道路斜線用－天空率
  6
CONTINUOUS
 62
  212
 10
154178.72532699533
 20
26969.52003194408
 11
154167.4595348672
 21
26957.783399207095
  0
LINE
  8
_0-b_道路斜線用－天空率
  6
CONTINUOUS
 62
  212
 10
154167.4595348672
 20
26957.783399207095
 11
154156.59635957886
 21
26946.278825631521
  0
LINE
  8
_0-b_道路斜線用－天空率
  6
CONTINUOUS
 62
  212
 10
154156.59635957886
 20
26946.278825631521
 11
154146.11842067801
 21
26935.00149464927
  0
LINE
  8
_0-b_道路斜線用－天空率
  6
CONTINUOUS
 62
  212
 10
154146.11842067801
 20
26935.00149464927
 11
154136.00916730478
 21
26923.94659747904
  0
LINE
  8
_0-b_道路斜線用－天空率
  6
CONTINUOUS
 62
  212
 10
154136.00916730478
 20
26923.94659747904
 11
154126.25283855921
 21
26913.109346342163
  0
LINE
  8
_0-b_道路斜線用－天空率
  6
CONTINUOUS
 62
  212
 10
154126.25283855921
 20
26913.109346342163
 11
154116.83442537434
 21
26902.484985958359
  0
LINE
  8
_0-b_道路斜線用－天空率
  6
CONTINUOUS
 62
  212
 10
154116.83442537434
 20
26902.484985958359
 11
154107.73963391076
 21
26892.068803496011
  0
LINE
  8
_0-b_道路斜線用－天空率
  6
CONTINUOUS
 62
  212
 10
154107.73963391076
 20
26892.068803496011
 11
154098.95485047384
 21
26881.85613713572
  0
LINE
  8
_0-b_道路斜線用－天空率
  6
CONTINUOUS
 62
  212
 10
154098.95485047384
 20
26881.85613713572
 11
154090.46710794288
 21
26871.842383391754
  0
LINE
  8
_0-b_道路斜線用－天空率
  6
CONTINUOUS
 62
  212
 10
154090.46710794288
 20
26871.842383391754
 11
154082.26405369074
 21
26862.023003322552
  0
LINE
  8
_0-b_道路斜線用－天空率
  6
CONTINUOUS
 62
  212
 10
154082.26405369074
 20
26862.023003322552
 11
154074.33391896539
 21
26852.393527749347
  0
LINE
  8
_0-b_道路斜線用－天空率
  6
CONTINUOUS
 62
  212
 10
154074.33391896539
 20
26852.393527749347
 11
154066.66548969724
 21
26842.949561590354
  0
LINE
  8
_0-b_道路斜線用－天空率
  6
CONTINUOUS
 62
  212
 10
154066.66548969724
 20
26842.949561590354
 11
154059.24807869279
 21
26833.686787408318
  0
LINE
  8
_0-b_道路斜線用－天空率
  6
CONTINUOUS
 62
  212
 10
154059.24807869279
 20
26833.686787408318
 11
154052.07149917053
 21
26824.600968258913
  0
LINE
  8
_0-b_道路斜線用－天空率
  6
CONTINUOUS
 62
  212
 10
154052.07149917053
 20
26824.600968258913
 11
154045.12603959217
 21
26815.687949919753
  0
LINE
  8
_0-b_道路斜線用－天空率
  6
CONTINUOUS
 62
  212
 10
154045.12603959217
 20
26815.687949919753
 11
154038.40243974211
 21
26806.943662571178
  0
LINE
  8
_0-b_道路斜線用－天空率
  6
CONTINUOUS
 62
  212
 10
154038.40243974211
 20
26806.943662571178
 11
154031.89186800495
 21
26798.364121993359
  0
LINE
  8
_0-b_道路斜線用－天空率
  6
CONTINUOUS
 62
  212
 10
154031.89186800495
 20
26798.364121993359
 11
154025.58589979208
 21
26789.945430337513
  0
LINE
  8
_0-b_道路斜線用－天空率
  6
CONTINUOUS
 62
  212
 10
154025.58589979208
 20
26789.945430337513
 11
154019.47649706763
 21
26781.683776523277
  0
LINE
  8
_0-b_道路斜線用－天空率
  6
CONTINUOUS
 62
  212
 10
154019.47649706763
 20
26781.683776523277
 11
154013.55598892486
 21
26773.57543630867
  0
LINE
  8
_0-b_道路斜線用－天空率
  6
CONTINUOUS
 62
  212
 10
154013.55598892486
 20
26773.57543630867
 11
154007.81705316487
 21
26765.616772074816
  0
LINE
  8
_0-b_道路斜線用－天空率
  6
CONTINUOUS
 62
  212
 10
154007.81705316487
 20
26765.616772074816
 11
154002.25269882983
 21
26757.804232362446
  0
LINE
  8
_0-b_道路斜線用－天空率
  6
CONTINUOUS
 62
  212
 10
154002.25269882983
 20
26757.804232362446
 11
153996.85624964555
 21
26750.134351194014
  0
LINE
  8
_0-b_道路斜線用－天空率
  6
CONTINUOUS
 62
  212
 10
153996.85624964555
 20
26750.134351194014
 11
153991.62132832847
 21
26742.603747211171
  0
LINE
  8
_0-b_道路斜線用－天空率
  6
CONTINUOUS
 62
  212
 10
153991.62132832847
 20
26742.603747211171
 11
153986.54184171353
 21
26735.209122654283
  0
LINE
  8
_0-b_道路斜線用－天空率
  6
CONTINUOUS
 62
  212
 10
153986.54184171353
 20
26735.209122654283
 11
153981.61196666219
 21
26727.947262207988
  0
LINE
  8
_0-b_道路斜線用－天空率
  6
CONTINUOUS
 62
  212
 10
153981.61196666219
 20
26727.947262207988
 11
153976.82613671
 21
26720.81503173372
  0
LINE
  8
_0-b_道路斜線用－天空率
  6
CONTINUOUS
 62
  212
 10
153976.82613671
 20
26720.81503173372
 11
153972.17902941579
 21
26713.809376908295
  0
LINE
  8
_0-b_道路斜線用－天空率
  6
CONTINUOUS
 62
  212
 10
153972.17902941579
 20
26713.809376908295
 11
153967.66555437576
 21
26706.927321785155
  0
LINE
  8
_0-b_道路斜線用－天空率
  6
CONTINUOUS
 62
  212
 10
153967.66555437576
 20
26706.927321785155
 11
153963.28084186738
 21
26700.165967293061
  0
LINE
  8
_0-b_道路斜線用－天空率
  6
CONTINUOUS
 62
  212
 10
153963.28084186738
 20
26700.165967293061
 11
153959.02023208967
 21
26693.522489685496
  0
LINE
  8
_0-b_道路斜線用－天空率
  6
CONTINUOUS
 62
  212
 10
153834.78235996171
 20
26724.443915637344
 11
153959.02023208967
 21
26693.522489685496
  0
LINE
  8
_0-b_道路斜線用－天空率
  6
CONTINUOUS
 62
  212
 10
157968.9218839129
 20
28739.295464467864
 11
157551.86210410069
 21
27805.081557688594
  0
CIRCLE
  8
_0-b_道路斜線用－天空率
  6
CONTINUOUS
 62
  212
 10
164745.96936279122
 20
25999.881817155335
 40
3000
  0
POINT
  8
_0-b_道路斜線用－天空率
 62
  212
 10
161530.00896086616
 20
67110.169491525419
  0
TEXT
  8
_0-b_道路斜線用－天空率
 62
  132
 10
161530.00896086616
 20
67110.169491525419
 40
500
 41
1
 50
0
  1
No.11
  0
TEXT
  8
_0-b_道路斜線用－天空率
 62
  132
 10
163245.96936279122
 20
22249.881817155335
 40
500
 41
1
 50
0
  1
測定点 No.11
  0
TEXT
  8
_0-b_道路斜線用－天空率
 62
  132
 10
161120.96936279122
 20
21499.881817155335
 40
500
 41
1
 50
0
  1
正射影 　測定面高さ = 0.000 m
  0
LINE
  8
_0-b_道路斜線用－天空率
  6
CONTINUOUS
 62
  132
 10
164680.55037175872
 20
27873.236613874269
 11
164641.2708726837
 21
28998.054298212628
  0
LINE
  8
_0-b_道路斜線用－天空率
  6
CONTINUOUS
 62
  132
 10
164615.05978953567
 20
27871.975934091347
 11
164536.69994155885
 21
28992.573967934811
  0
LINE
  8
_0-b_道路斜線用－天空率
  6
CONTINUOUS
 62
  132
 10
164549.43535303653
 20
27869.778013611256
 11
164432.38397298826
 21
28983.447503260151
  0
LINE
  8
_0-b_道路斜線用－天空率
  6
CONTINUOUS
 62
  132
 10
164483.63406794893
 20
27866.49443118889
 11
164328.45005991103
 21
28970.68602338005
  0
LINE
  8
_0-b_道路斜線用－天空率
  6
CONTINUOUS
 62
  132
 10
164417.51940391253
 20
27862.614097598248
 11
164225.02482979043
 21
28954.305076191962
  0
LINE
  8
_0-b_道路斜線用－天空率
  6
CONTINUOUS
 62
  132
 10
164351.13609634494
 20
27857.426290702256
 11
164122.23429033794
 21
28934.324619356753
  0
LINE
  8
_0-b_道路斜線用－天空率
  6
CONTINUOUS
 62
  132
 10
164284.3384958975
 20
27851.382096424265
 11
164020.2036759922
 21
28910.768995983322
  0
LINE
  8
_0-b_道路斜線用－天空率
  6
CONTINUOUS
 62
  132
 10
164217.00667810233
 20
27844.593923992204
 11
163919.05729534022
 21
28883.66690497029
  0
LINE
  8
_0-b_道路斜線用－天空率
  6
CONTINUOUS
 62
  132
 10
164149.28819302844
 20
27836.277630276665
 11
163818.91837966637
 21
28853.051366040803
  0
LINE
  8
_0-b_道路斜線用－天空率
  6
CONTINUOUS
 62
  132
 10
164080.92262671465
 20
27827.082707407669
 11
163719.90893281422
 21
28818.959679513056
  0
LINE
  8
_0-b_道路斜線用－天空率
  6
CONTINUOUS
 62
  132
 10
164011.8354719585
 20
27816.926959002696
 11
163622.14958254349
 21
28781.433380855698
  0
LINE
  8
_0-b_道路斜線用－天空率
  6
CONTINUOUS
 62
  132
 10
163942.16351464195
 20
27805.259311177836
 11
163525.75943356382
 21
28740.518190083137
  0
LINE
  8
_0-b_道路斜線用－天空率
  6
CONTINUOUS
 62
  132
 10
163871.71805817834
 20
27792.362625508838
 11
163430.85592242397
 21
28696.263956052836
  0
LINE
  8
_0-b_道路斜線用－天空率
  6
CONTINUOUS
 62
  132
 10
163800.40318584191
 20
27778.233150880249
 11
163337.55467443354
 21
28648.724595732121
  0
LINE
  8
_0-b_道路斜線用－天空率
  6
CONTINUOUS
 62
  132
 10
163728.18291804287
 20
27762.739650714389
 11
163245.96936279122
 21
28597.958028508652
  0
LINE
  8
_0-b_道路斜線用－天空率
  6
CONTINUOUS
 62
  132
 10
163655.11787437502
 20
27745.609120123619
 11
163156.2115700916
 21
28544.026105624619
  0
LINE
  8
_0-b_道路斜線用－天空率
  6
CONTINUOUS
 62
  132
 10
163581.16288702879
 20
27726.778433991592
 11
163068.39065237899
 21
28486.994534820463
  0
LINE
  8
_0-b_道路斜線用－天空率
  6
CONTINUOUS
 62
  132
 10
163506.21186185823
 20
27706.261627208048
 11
162982.61360591379
 21
28426.932800280177
  0
LINE
  8
_0-b_道路斜線用－天空率
  6
CONTINUOUS
 62
  132
 10
163430.25664492271
 20
27683.917300761175
 11
162898.98493681426
 21
28363.914077975503
  0
LINE
  8
_0-b_道路斜線用－天空率
  6
CONTINUOUS
 62
  132
 10
163353.29647769752
 20
27659.60473127427
 11
162817.60653373159
 21
28298.015146512272
  0
LINE
  8
_0-b_道路斜線用－天空率
  6
CONTINUOUS
 62
  132
 10
163275.33665463083
 20
27633.184907555401
 11
162738.57754371466
 21
28229.316293587522
  0
LINE
  8
_0-b_道路斜線用－天空率
  6
CONTINUOUS
 62
  132
 10
163196.38705819146
 20
27604.521267281823
 11
162661.9942514142
 21
28157.901218171286
  0
LINE
  8
_0-b_道路斜線用－天空率
  6
CONTINUOUS
 62
  132
 10
163116.55711650618
 20
27573.386932925961
 11
162587.94996177524
 21
28083.856928532328
  0
LINE
  8
_0-b_道路斜線用－天空率
  6
CONTINUOUS
 62
  132
 10
163035.98311360014
 20
27539.560351620682
 11
162516.53488635903
 21
28007.273636231911
  0
LINE
  8
_0-b_道路斜線用－天空率
  6
CONTINUOUS
 62
  132
 10
162954.54789858913
 20
27503.062907050378
 11
162447.83603343428
 21
27928.244646214956
  0
LINE
  8
_0-b_道路斜線用－天空率
  6
CONTINUOUS
 62
  132
 10
162872.59662272784
 20
27463.521012056356
 11
162381.93710197106
 21
27846.86624313231
  0
LINE
  8
_0-b_道路斜線用－天空率
  6
CONTINUOUS
 62
  132
 10
162790.1069277577
 20
27420.899055135305
 11
162318.91837966637
 21
27763.237574032758
  0
LINE
  8
_0-b_道路斜線用－天空率
  6
CONTINUOUS
 62
  132
 10
162707.51498251079
 20
27374.83665784922
 11
162258.85664512609
 21
27677.460527567574
  0
LINE
  8
_0-b_道路斜線用－天空率
  6
CONTINUOUS
 62
  132
 10
162624.95785490909
 20
27325.236903477856
 11
162201.82507432193
 21
27589.639609854952
  0
LINE
  8
_0-b_道路斜線用－天空率
  6
CONTINUOUS
 62
  132
 10
162542.86249696946
 20
27271.846159191045
 11
162147.89315143789
 21
27499.881817155335
  0
LINE
  8
_0-b_道路斜線用－天空率
  6
CONTINUOUS
 62
  132
 10
162461.48021357454
 20
27214.566244322155
 11
162097.12658421444
 21
27408.296505513011
  0
LINE
  8
_0-b_道路斜線用－天空率
  6
CONTINUOUS
 62
  132
 10
162381.35825366288
 20
27153.1797143621
 11
162049.58722389372
 21
27314.995257522572
  0
LINE
  8
_0-b_道路斜線用－天空率
  6
CONTINUOUS
 62
  132
 10
162302.98607141835
 20
27087.568056203996
 11
162005.33298986344
 21
27220.091746382742
  0
LINE
  8
_0-b_道路斜線用－天空率
  6
CONTINUOUS
 62
  132
 10
162226.93845410295
 20
27017.636367954753
 11
161964.41779909087
 21
27123.701597403065
  0
LINE
  8
_0-b_道路斜線用－天空率
  6
CONTINUOUS
 62
  132
 10
162153.84744572598
 20
26943.337038556124
 11
161926.89150043349
 21
27025.942247132341
  0
LINE
  8
_0-b_道路斜線用－天空率
  6
CONTINUOUS
 62
  132
 10
162084.46910134609
 20
26864.655673627887
 11
161892.79981390575
 21
26926.932800280177
  0
LINE
  8
_0-b_道路斜線用－天空率
  6
CONTINUOUS
 62
  132
 10
162019.48430071477
 20
26781.688828046069
 11
161862.18427497625
 21
26826.793884606333
  0
LINE
  8
_0-b_道路斜線用－天空率
  6
CONTINUOUS
 62
  132
 10
161959.69651217607
 20
26694.577662375388
 11
161835.08218396324
 21
26725.647503954336
  0
TEXT
  8
_0-b_道路斜線用－天空率
 62
  132
 10
162745.96936279122
 20
20749.881817155335
 40
500
 41
1
 50
0
  1
天空率 = 90.70 %
  0
LINE
  8
_0-b_道路斜線用－天空率
  6
CONTINUOUS
 62
  212
 10
164745.96936279122
 20
27873.966959818608
 11
164638.77565752045
 21
27872.770235646192
  0
LINE
  8
_0-b_道路斜線用－天空率
  6
CONTINUOUS
 62
  212
 10
164638.77565752045
 20
27872.770235646192
 11
164531.99134600613
 21
27869.193771789876
  0
LINE
  8
_0-b_道路斜線用－天空率
  6
CONTINUOUS
 62
  212
 10
164531.99134600613
 20
27869.193771789876
 11
164426.01805038665
 21
27863.278260599465
  0
LINE
  8
_0-b_道路斜線用－天空率
  6
CONTINUOUS
 62
  212
 10
164426.01805038665
 20
27863.278260599465
 11
164321.24219092319
 21
27855.090103874907
  0
LINE
  8
_0-b_道路斜線用－天空率
  6
CONTINUOUS
 62
  212
 10
164321.24219092319
 20
27855.090103874907
 11
164218.02821175937
 21
27844.719375320935
  0
LINE
  8
_0-b_道路斜線用－天空率
  6
CONTINUOUS
 62
  212
 10
164218.02821175937
 20
27844.719375320935
 11
164116.71272720221
 21
27832.277139990492
  0
LINE
  8
_0-b_道路斜線用－天空率
  6
CONTINUOUS
 62
  212
 10
164116.71272720221
 20
27832.277139990492
 11
164017.59978532476
 21
27817.892282511606
  0
LINE
  8
_0-b_道路斜線用－天空率
  6
CONTINUOUS
 62
  212
 10
164017.59978532476
 20
27817.892282511606
 11
163920.95736806088
 21
27801.708013646384
  0
LINE
  8
_0-b_道路斜線用－天空率
  6
CONTINUOUS
 62
  212
 10
163920.95736806088
 20
27801.708013646384
 11
163827.01516749974
 21
27783.87822828114
  0
LINE
  8
_0-b_道路斜線用－天空率
  6
CONTINUOUS
 62
  212
 10
163827.01516749974
 20
27783.87822828114
 11
163735.96360423727
 21
27764.563878500746
  0
LINE
  8
_0-b_道路斜線用－天空率
  6
CONTINUOUS
 62
  212
 10
163735.96360423727
 20
27764.563878500746
 11
163647.95399126291
 21
27743.929505459196
  0
LINE
  8
_0-b_道路斜線用－天空率
  6
CONTINUOUS
 62
  212
 10
163647.95399126291
 20
27743.929505459196
 11
163563.09969971867
 21
27722.140046588934
  0
LINE
  8
_0-b_道路斜線用－天空率
  6
CONTINUOUS
 62
  212
 10
163563.09969971867
 20
27722.140046588934
 11
163481.47815250209
 21
27699.358003783923
  0
LINE
  8
_0-b_道路斜線用－天空率
  6
CONTINUOUS
 62
  212
 10
163481.47815250209
 20
27699.358003783923
 11
163403.13345764469
 21
27675.741026778199
  0
LINE
  8
_0-b_道路斜線用－天空率
  6
CONTINUOUS
 62
  212
 10
163403.13345764469
 20
27675.741026778199
 11
163328.07949370908
 21
27651.439936662176
  0
LINE
  8
_0-b_道路斜線用－天空率
  6
CONTINUOUS
 62
  212
 10
163328.07949370908
 20
27651.439936662176
 11
163256.30327117349
 21
27626.597189201856
  0
LINE
  8
_0-b_道路斜線用－天空率
  6
CONTINUOUS
 62
  212
 10
163256.30327117349
 20
27626.597189201856
 11
163187.76841358849
 21
27601.345757418253
  0
LINE
  8
_0-b_道路斜線用－天空率
  6
CONTINUOUS
 62
  212
 10
163187.76841358849
 20
27601.345757418253
 11
163122.41862693015
 21
27575.808398097786
  0
LINE
  8
_0-b_道路斜線用－天空率
  6
CONTINUOUS
 62
  212
 10
163122.41862693015
 20
27575.808398097786
 11
163060.18105216918
 21
27550.097257323137
  0
LINE
  8
_0-b_道路斜線用－天空率
  6
CONTINUOUS
 62
  212
 10
163060.18105216918
 20
27550.097257323137
 11
163000.96942233681
 21
27524.313765136299
  0
LINE
  8
_0-b_道路斜線用－天空率
  6
CONTINUOUS
 62
  212
 10
163000.96942233681
 20
27524.313765136299
 11
162944.68696964837
 21
27498.548768250155
  0
LINE
  8
_0-b_道路斜線用－天空率
  6
CONTINUOUS
 62
  212
 10
162944.68696964837
 20
27498.548768250155
 11
162891.22904950455
 21
27472.882851416456
  0
LINE
  8
_0-b_道路斜線用－天空率
  6
CONTINUOUS
 62
  212
 10
162891.22904950455
 20
27472.882851416456
 11
162840.48546591738
 21
27447.386801771823
  0
LINE
  8
_0-b_道路斜線用－天空率
  6
CONTINUOUS
 62
  212
 10
162840.48546591738
 20
27447.386801771823
 11
162792.34249699499
 21
27422.122175454976
  0
LINE
  8
_0-b_道路斜線用－天空率
  6
CONTINUOUS
 62
  212
 10
162792.34249699499
 20
27422.122175454976
 11
162746.68462974749
 21
27397.141931384918
  0
LINE
  8
_0-b_道路斜線用－天空率
  6
CONTINUOUS
 62
  212
 10
162746.68462974749
 20
27397.141931384918
 11
162703.39602101763
 21
27372.491102827167
  0
LINE
  8
_0-b_道路斜線用－天空率
  6
CONTINUOUS
 62
  212
 10
162703.39602101763
 20
27372.491102827167
 11
162662.3617062458
 21
27348.207482902056
  0
LINE
  8
_0-b_道路斜線用－天空率
  6
CONTINUOUS
 62
  212
 10
162662.3617062458
 20
27348.207482902056
 11
162623.46858054341
 21
27324.322305277961
  0
LINE
  8
_0-b_道路斜線用－天空率
  6
CONTINUOUS
 62
  212
 10
162623.46858054341
 20
27324.322305277961
 11
162586.60617763912
 21
27300.860905809724
  0
LINE
  8
_0-b_道路斜線用－天空率
  6
CONTINUOUS
 62
  212
 10
162586.60617763912
 20
27300.860905809724
 11
162551.6672721024
 21
27277.843354772481
  0
LINE
  8
_0-b_道路斜線用－天空率
  6
CONTINUOUS
 62
  212
 10
162551.6672721024
 20
27277.843354772481
 11
162518.54832920554
 21
27255.285052600778
  0
LINE
  8
_0-b_道路斜線用－天空率
  6
CONTINUOUS
 62
  212
 10
162518.54832920554
 20
27255.285052600778
 11
162487.14982515556
 21
27233.197284704398
  0
LINE
  8
_0-b_道路斜線用－天空率
  6
CONTINUOUS
 62
  212
 10
162487.14982515556
 20
27233.197284704398
 11
162457.37645845298
 21
27211.587733052238
  0
LINE
  8
_0-b_道路斜線用－天空率
  6
CONTINUOUS
 62
  212
 10
162457.37645845298
 20
27211.587733052238
 11
162429.13727099253
 21
27190.460943858455
  0
LINE
  8
_0-b_道路斜線用－天空率
  6
CONTINUOUS
 62
  212
 10
162429.13727099253
 20
27190.460943858455
 11
162402.34569534956
 21
27169.818751942191
  0
LINE
  8
_0-b_道路斜線用－天空率
  6
CONTINUOUS
 62
  212
 10
162402.34569534956
 20
27169.818751942191
 11
162376.91954258416
 21
27149.660663229144
  0
LINE
  8
_0-b_道路斜線用－天空率
  6
CONTINUOUS
 62
  212
 10
162376.91954258416
 20
27149.660663229144
 11
162352.78094290892
 21
27129.984197484598
  0
LINE
  8
_0-b_道路斜線用－天空率
  6
CONTINUOUS
 62
  212
 10
162352.78094290892
 20
27129.984197484598
 11
162329.85624973793
 21
27110.785193767616
  0
LINE
  8
_0-b_道路斜線用－天空率
  6
CONTINUOUS
 62
  212
 10
162329.85624973793
 20
27110.785193767616
 11
162308.07591598742
 21
27092.058081323419
  0
LINE
  8
_0-b_道路斜線用－天空率
  6
CONTINUOUS
 62
  212
 10
162308.07591598742
 20
27092.058081323419
 11
162287.37435003451
 21
27073.796118727455
  0
LINE
  8
_0-b_道路斜線用－天空率
  6
CONTINUOUS
 62
  212
 10
162287.37435003451
 20
27073.796118727455
 11
162267.68975745732
 21
27055.991604091752
  0
LINE
  8
_0-b_道路斜線用－天空率
  6
CONTINUOUS
 62
  212
 10
162267.68975745732
 20
27055.991604091752
 11
162248.96397356857
 21
27038.636059071937
  0
LINE
  8
_0-b_道路斜線用－天空率
  6
CONTINUOUS
 62
  212
 10
162248.96397356857
 20
27038.636059071937
 11
162231.14229079987
 21
27021.720389290963
  0
LINE
  8
_0-b_道路斜線用－天空率
  6
CONTINUOUS
 62
  212
 10
162231.14229079987
 20
27021.720389290963
 11
162214.17328418354
 21
27005.235023642446
  0
LINE
  8
_0-b_道路斜線用－天空率
  6
CONTINUOUS
 62
  212
 10
162214.17328418354
 20
27005.235023642446
 11
162198.00863749391
 21
26989.170034764094
  0
LINE
  8
_0-b_道路斜線用－天空率
  6
CONTINUOUS
 62
  212
 10
162198.00863749391
 20
26989.170034764094
 11
162182.60297203806
 21
26973.515242790959
  0
LINE
  8
_0-b_道路斜線用－天空率
  6
CONTINUOUS
 62
  212
 10
162182.60297203806
 20
26973.515242790959
 11
162167.91367961053
 21
26958.260304315605
  0
LINE
  8
_0-b_道路斜線用－天空率
  6
CONTINUOUS
 62
  212
 10
162167.91367961053
 20
26958.260304315605
 11
162153.90076073491
 21
26943.394788303816
  0
LINE
  8
_0-b_道路斜線用－天空率
  6
CONTINUOUS
 62
  212
 10
162153.90076073491
 20
26943.394788303816
 11
162140.52666899468
 21
26928.908240543343
  0
LINE
  8
_0-b_道路斜線用－天空率
  6
CONTINUOUS
 62
  212
 10
162140.52666899468
 20
26928.908240543343
 11
162127.75616199616
 21
26914.790238041154
  0
LINE
  8
_0-b_道路斜線用－天空率
  6
CONTINUOUS
 62
  212
 10
162127.75616199616
 20
26914.790238041154
 11
162115.55615929749
 21
26901.030434634583
  0
LINE
  8
_0-b_道路斜線用－天空率
  6
CONTINUOUS
 62
  212
 10
162115.55615929749
 20
26901.030434634583
 11
162103.89560747201
 21
26887.618598942572
  0
LINE
  8
_0-b_道路斜線用－天空率
  6
CONTINUOUS
 62
  212
 10
162103.89560747201
 20
26887.618598942572
 11
162092.74535234223
 21
26874.544645656544
  0
LINE
  8
_0-b_道路斜線用－天空率
  6
CONTINUOUS
 62
  212
 10
162092.74535234223
 20
26874.544645656544
 11
162082.0780183211
 21
26861.798661054992
  0
LINE
  8
_0-b_道路斜線用－天空率
  6
CONTINUOUS
 62
  212
 10
162082.0780183211
 20
26861.798661054992
 11
162071.86789471886
 21
26849.37092352187
  0
LINE
  8
_0-b_道路斜線用－天空率
  6
CONTINUOUS
 62
  212
 10
162071.86789471886
 20
26849.37092352187
 11
162062.09082881608
 21
26837.251919755577
  0
LINE
  8
_0-b_道路斜線用－天空率
  6
CONTINUOUS
 62
  212
 10
162062.09082881608
 20
26837.251919755577
 11
162052.72412546261
 21
26825.432357271209
  0
LINE
  8
_0-b_道路斜線用－天空率
  6
CONTINUOUS
 62
  212
 10
162052.72412546261
 20
26825.432357271209
 11
162043.74645293314
 21
26813.903173724986
  0
LINE
  8
_0-b_道路斜線用－天空率
  6
CONTINUOUS
 62
  212
 10
162043.74645293314
 20
26813.903173724986
 11
162035.13775475081
 21
26802.655543522825
  0
LINE
  8
_0-b_道路斜線用－天空率
  6
CONTINUOUS
 62
  212
 10
162035.13775475081
 20
26802.655543522825
 11
162026.87916718158
 21
26791.680882116859
  0
LINE
  8
_0-b_道路斜線用－天空率
  6
CONTINUOUS
 62
  212
 10
162026.87916718158
 20
26791.680882116859
 11
162018.952942097
 21
26780.970848341712
  0
LINE
  8
_0-b_道路斜線用－天空率
  6
CONTINUOUS
 62
  212
 10
162018.952942097
 20
26780.970848341712
 11
162011.34237490443
 21
26770.517345096595
  0
LINE
  8
_0-b_道路斜線用－天空率
  6
CONTINUOUS
 62
  212
 10
162011.34237490443
 20
26770.517345096595
 11
162004.03173724847
 21
26760.31251863918
  0
LINE
  8
_0-b_道路斜線用－天空率
  6
CONTINUOUS
 62
  212
 10
162004.03173724847
 20
26760.31251863918
 11
161997.00621419624
 21
26750.348756721756
  0
LINE
  8
_0-b_道路斜線用－天空率
  6
CONTINUOUS
 62
  212
 10
161997.00621419624
 20
26750.348756721756
 11
161990.25184562665
 21
26740.618685769164
  0
LINE
  8
_0-b_道路斜線用－天空率
  6
CONTINUOUS
 62
  212
 10
161990.25184562665
 20
26740.618685769164
 11
161983.75547155723
 21
26731.115167271094
  0
LINE
  8
_0-b_道路斜線用－天空率
  6
CONTINUOUS
 62
  212
 10
161983.75547155723
 20
26731.115167271094
 11
161977.50468115319
 21
26721.831293537114
  0
LINE
  8
_0-b_道路斜線用－天空率
  6
CONTINUOUS
 62
  212
 10
161977.50468115319
 20
26721.831293537114
 11
161971.48776517601
 21
26712.760382942575
  0
LINE
  8
_0-b_道路斜線用－天空率
  6
CONTINUOUS
 62
  212
 10
161971.48776517601
 20
26712.760382942575
 11
161965.6936716421
 21
26703.895974775001
  0
LINE
  8
_0-b_道路斜線用－天空率
  6
CONTINUOUS
 62
  212
 10
161965.6936716421
 20
26703.895974775001
 11
161960.11196447498
 21
26695.231823775055
  0
LINE
  8
_0-b_道路斜線用－天空率
  6
CONTINUOUS
 62
  212
 10
161960.11196447498
 20
26695.231823775055
 11
161954.7327849472
 21
26686.761894452378
  0
LINE
  8
_0-b_道路斜線用－天空率
  6
CONTINUOUS
 62
  212
 10
161954.7327849472
 20
26686.761894452378
 11
161949.54681572064
 21
26678.48035524446
  0
LINE
  8
_0-b_道路斜線用－天空率
  6
CONTINUOUS
 62
  212
 10
161949.54681572064
 20
26678.48035524446
 11
161944.54524730576
 21
26670.381572576719
  0
LINE
  8
_0-b_道路斜線用－天空率
  6
CONTINUOUS
 62
  212
 10
161944.54524730576
 20
26670.381572576719
 11
161939.7197467726
 21
26662.460104872581
  0
LINE
  8
_0-b_道路斜線用－天空率
  6
CONTINUOUS
 62
  212
 10
161939.7197467726
 20
26662.460104872581
 11
161935.0624285562
 21
26654.710696554717
  0
LINE
  8
_0-b_道路斜線用－天空率
  6
CONTINUOUS
 62
  212
 10
161935.0624285562
 20
26654.710696554717
 11
161930.56582721104
 21
26647.12827207187
  0
LINE
  8
_0-b_道路斜線用－天空率
  6
CONTINUOUS
 62
  212
 10
161930.56582721104
 20
26647.12827207187
 11
161926.22287197795
 21
26639.707929979875
  0
LINE
  8
_0-b_道路斜線用－天空率
  6
CONTINUOUS
 62
  212
 10
161926.22287197795
 20
26639.707929979875
 11
161922.02686303685
 21
26632.444937100321
  0
LINE
  8
_0-b_道路斜線用－天空率
  6
CONTINUOUS
 62
  212
 10
161818.51448226469
 20
26655.631710393277
 11
161922.02686303685
 21
26632.444937100321
  0
LINE
  8
_0-b_道路斜線用－天空率
  6
CONTINUOUS
 62
  212
 10
164745.96936279122
 20
28999.881817155335
 11
164745.96936279122
 21
27873.966959818608
  0
TEXT
  8
_0-b_道路斜線用－天空率
 62
   18
 10
78658.953314982383
 20
28134.494063957095
 40
800
 41
1
 50
0
  1
道路斜線天空率
  7
TATEGAKI
  0
TEXT
  8
_0-b_道路斜線用－天空率
 62
   18
 10
77899.448555179973
 20
30615.076906593709
 40
800
 41
1
 50
0
  1
比較
  0
TEXT
  8
_0-b_道路斜線用－天空率
 62
   18
 10
84765.989467405961
 20
30638.631190415879
 40
600
 41
1
 50
0
  1
0.64
  0
TEXT
  8
_0-b_道路斜線用－天空率
 62
   18
 10
83745.989467405961
 20
30638.631190415879
 40
600
 41
1
 50
90
  1
＜
  0
TEXT
  8
_0-b_道路斜線用－天空率
 62
   18
 10
92675.094183058943
 20
30602.680714435642
 40
600
 41
1
 50
0
  1
2.78
  0
TEXT
  8
_0-b_道路斜線用－天空率
 62
   18
 10
91655.094183058943
 20
30602.680714435642
 40
600
 41
1
 50
90
  1
＜
  0
TEXT
  8
_0-b_道路斜線用－天空率
 62
   18
 10
100692.05032665265
 20
30674.581666396112
 40
600
 41
1
 50
0
  1
2.26
  0
TEXT
  8
_0-b_道路斜線用－天空率
 62
   18
 10
99672.05032665265
 20
30674.581666396112
 40
600
 41
1
 50
90
  1
＜
  0
TEXT
  8
_0-b_道路斜線用－天空率
 62
   18
 10
108744.9569462266
 20
30674.581666396112
 40
600
 41
1
 50
0
  1
1.22
  0
TEXT
  8
_0-b_道路斜線用－天空率
 62
   18
 10
107724.95694622659
 20
30674.581666396112
 40
600
 41
1
 50
90
  1
＜
  0
TEXT
  8
_0-b_道路斜線用－天空率
 62
   18
 10
116745.96936279122
 20
30699.881817155335
 40
600
 41
1
 50
0
  1
0.44
  0
TEXT
  8
_0-b_道路斜線用－天空率
 62
   18
 10
115725.96936279122
 20
30699.881817155335
 40
600
 41
1
 50
90
  1
＜
  0
TEXT
  8
_0-b_道路斜線用－天空率
 62
   18
 10
124706.9682814535
 20
30602.680714435631
 40
600
 41
1
 50
0
  1
0.16
  0
TEXT
  8
_0-b_道路斜線用－天空率
 62
   18
 10
123686.9682814535
 20
30602.680714435631
 40
600
 41
1
 50
90
  1
＜
  0
TEXT
  8
_0-b_道路斜線用－天空率
 62
   18
 10
132723.92442504721
 20
30710.532142376359
 40
600
 41
1
 50
0
  1
0.44
  0
TEXT
  8
_0-b_道路斜線用－天空率
 62
   18
 10
131703.92442504721
 20
30710.532142376359
 40
600
 41
1
 50
90
  1
＜
  0
TEXT
  8
_0-b_道路斜線用－天空率
 62
   18
 10
140704.93009266068
 20
30674.581666396123
 40
600
 41
1
 50
0
  1
1.22
  0
TEXT
  8
_0-b_道路斜線用－天空率
 62
   18
 10
139684.93009266068
 20
30674.581666396123
 40
600
 41
1
 50
90
  1
＜
  0
TEXT
  8
_0-b_道路斜線用－天空率
 62
   18
 10
148721.88623625438
 20
30674.581666396123
 40
600
 41
1
 50
0
  1
2.26
  0
TEXT
  8
_0-b_道路斜線用－天空率
 62
   18
 10
147701.88623625438
 20
30674.581666396123
 40
600
 41
1
 50
90
  1
＜
  0
TEXT
  8
_0-b_道路斜線用－天空率
 62
   18
 10
156738.84237984806
 20
30638.631190415879
 40
600
 41
1
 50
0
  1
2.78
  0
TEXT
  8
_0-b_道路斜線用－天空率
 62
   18
 10
155718.84237984809
 20
30638.631190415879
 40
600
 41
1
 50
90
  1
＜
  0
TEXT
  8
_0-b_道路斜線用－天空率
 62
   18
 10
164719.84804746156
 20
30638.631190415879
 40
600
 41
1
 50
0
  1
0.64
  0
TEXT
  8
_0-b_道路斜線用－天空率
 62
   18
 10
163699.84804746153
 20
30638.631190415879
 40
600
 41
1
 50
90
  1
＜
  0
TEXT
  8
_0-b_道路斜線用－天空率
 62
   18
 10
76413.018931837854
 20
43639.36241484437
 40
800
 41
1
 50
0
  1
天空率比較表
  0
TEXT
  8
_0-1_建物データ
 62
   18
 10
91895.213971169418
 20
62784.012194662951
 40
800
 41
1
 50
0
  1
建物データ
  0
TEXT
  8
_0-9_道路斜線制限データ
 62
   18
 10
144501.38206180135
 20
62950.487410139634
 40
800
 41
1
 50
0
  1
道路斜線制限データ
  0
CIRCLE
  8
_0-5_計画建物用－三斜面積
  6
CONTINUOUS
 62
   18
 10
201473.49693251535
 20
131368.22085889571
 40
20000
  0
POINT
  8
_0-5_計画建物用－三斜面積
 62
   18
 10
81725.45276732133
 20
67110.169491525419
  0
TEXT
  8
_0-5_計画建物用－三斜面積
 62
  132
 10
81725.45276732133
 20
67110.169491525419
 40
500
 41
1
 50
0
  1
No.1
  0
LINE
  8
_0-5_計画建物用－三斜面積
  6
CONTINUOUS
 62
  132
 10
201473.49693251535
 20
131368.22085889571
 11
220291.24516988985
 21
138142.61022435053
  0
LINE
  8
_0-5_計画建物用－三斜面積
  6
CONTINUOUS
 62
  132
 10
201473.49693251535
 20
131368.22085889571
 11
218292.43090900764
 21
137423.03709043294
  0
LINE
  8
_0-5_計画建物用－三斜面積
  6
CONTINUOUS
 62
  132
 10
201473.49693251535
 20
131368.22085889571
 11
215782.58985959392
 21
139182.86181358908
  0
LINE
  8
_0-5_計画建物用－三斜面積
  6
CONTINUOUS
 62
  132
 10
218292.43090900764
 20
137423.03709043294
 11
215782.58985959392
 21
139182.86181358908
  0
LINE
  8
_0-5_計画建物用－三斜面積
  6
CONTINUOUS
 62
  132
 10
215782.58985959392
 20
139182.86181358908
 11
216631.39678269962
 21
136825.06480496205
  0
TEXT
  8
_0-5_計画建物用－三斜面積
 62
  132
 10
215343.76694284129
 20
138943.20696232849
 40
500
 41
1
 50
-151.35967269935454
  1
<1>
  0
LINE
  8
_0-5_計画建物用－三斜面積
  6
CONTINUOUS
 62
  132
 10
201473.49693251535
 20
131368.22085889571
 11
213260.15185035648
 21
140406.48513820813
  0
LINE
  8
_0-5_計画建物用－三斜面積
  6
CONTINUOUS
 62
  132
 10
215782.58985959392
 20
139182.86181358908
 11
213260.15185035648
 21
140406.48513820813
  0
LINE
  8
_0-5_計画建物用－三斜面積
  6
CONTINUOUS
 62
  132
 10
213260.15185035648
 20
140406.48513820813
 11
214354.38566849756
 21
138402.87505829409
  0
TEXT
  8
_0-5_計画建物用－三斜面積
 62
  132
 10
212863.37839819933
 20
140102.23059401314
 40
500
 41
1
 50
-142.51822175323323
  1
<2>
  0
LINE
  8
_0-5_計画建物用－三斜面積
  6
CONTINUOUS
 62
  132
 10
201473.49693251535
 20
131368.22085889571
 11
210896.76841282265
 21
141237.11854765482
  0
LINE
  8
_0-5_計画建物用－三斜面積
  6
CONTINUOUS
 62
  132
 10
213260.15185035648
 20
140406.48513820813
 11
210896.76841282265
 21
141237.11854765482
  0
LINE
  8
_0-5_計画建物用－三斜面積
  6
CONTINUOUS
 62
  132
 10
210896.76841282265
 20
141237.11854765482
 11
212172.98653525946
 21
139572.82304309788
  0
TEXT
  8
_0-5_計画建物用－三斜面積
 62
  132
 10
210551.47379047266
 20
140875.4949536013
 40
500
 41
1
 50
-133.67677080711294
  1
<3>
  0
LINE
  8
_0-5_計画建物用－三斜面積
  6
CONTINUOUS
 62
  132
 10
201473.49693251535
 20
131368.22085889571
 11
208729.41434577197
 21
141794.39741070469
  0
LINE
  8
_0-5_計画建物用－三斜面積
  6
CONTINUOUS
 62
  132
 10
210896.76841282265
 20
141237.11854765482
 11
208729.41434577197
 21
141794.39741070469
  0
LINE
  8
_0-5_計画建物用－三斜面積
  6
CONTINUOUS
 62
  132
 10
208729.41434577197
 20
141794.39741070469
 11
210141.47023942891
 21
140446.10234767515
  0
TEXT
  8
_0-5_計画建物用－三斜面積
 62
  132
 10
208443.80451832604
 20
141383.99879171786
 40
500
 41
1
 50
-124.83531986099173
  1
<4>
  0
LINE
  8
_0-5_計画建物用－三斜面積
  6
CONTINUOUS
 62
  132
 10
201473.49693251535
 20
131368.22085889571
 11
206737.12985381943
 21
142163.19930514396
  0
LINE
  8
_0-5_計画建物用－三斜面積
  6
CONTINUOUS
 62
  132
 10
208729.41434577197
 20
141794.39741070469
 11
206737.12985381943
 21
142163.19930514396
  0
LINE
  8
_0-5_計画建物用－三斜面積
  6
CONTINUOUS
 62
  132
 10
206737.12985381943
 20
142163.19930514396
 11
208252.26286739192
 21
141108.768664923
  0
TEXT
  8
_0-5_計画建物用－三斜面積
 62
  132
 10
206517.99237058658
 20
141713.7788300403
 40
500
 41
1
 50
-115.9938689148706
  1
<5>
  0
LINE
  8
_0-5_計画建物用－三斜面積
  6
CONTINUOUS
 62
  132
 10
201473.49693251535
 20
131368.22085889571
 11
204876.66830700877
 21
142394.49868785313
  0
LINE
  8
_0-5_計画建物用－三斜面積
  6
CONTINUOUS
 62
  132
 10
206737.12985381943
 20
142163.19930514396
 11
204876.66830700877
 21
142394.49868785313
  0
LINE
  8
_0-5_計画建物用－三斜面積
  6
CONTINUOUS
 62
  132
 10
204876.66830700877
 20
142394.49868785313
 11
206470.88115787602
 21
141617.1602904516
  0
TEXT
  8
_0-5_計画建物用－三斜面積
 62
  132
 10
204729.21099464615
 20
141916.73688419908
 40
500
 41
1
 50
-107.15241796875014
  1
<6>
  0
LINE
  8
_0-5_計画建物用－三斜面積
  6
CONTINUOUS
 62
  132
 10
201473.49693251535
 20
131368.22085889571
 11
204876.66883044876
 21
142394.50038379908
  0
LINE
  8
_0-5_計画建物用－三斜面積
  6
CONTINUOUS
 62
  132
 10
201473.49693251535
 20
131368.22085889571
 11
204239.94183755145
 21
151175.96637895426
  0
LINE
  8
_0-5_計画建物用－三斜面積
  6
CONTINUOUS
 62
  132
 10
201473.49693251535
 20
131368.22085889571
 11
203778.20731937093
 21
147869.94722878164
  0
LINE
  8
_0-5_計画建物用－三斜面積
  6
CONTINUOUS
 62
  132
 10
204876.66883044876
 20
142394.50038379908
 11
203778.20731937093
 21
147869.94722878164
  0
LINE
  8
_0-5_計画建物用－三斜面積
  6
CONTINUOUS
 62
  132
 10
204876.66883044876
 20
142394.50038379908
 11
203049.12857734944
 21
142649.74343590793
  0
TEXT
  8
_0-5_計画建物用－三斜面積
 62
  132
 10
202979.96745472354
 20
142154.54979790648
 40
500
 41
1
 50
-97.95077342639334
  1
<7>
  0
TEXT
  8
_0-5_計画建物用－三斜面積
 62
  132
 10
222473.49693251535
 20
134993.22085889571
 40
500
 41
1
 50
0
  1
《計画建物用》三斜計算 　 　 最大分割角 = 10°
  0
TEXT
  8
_0-5_計画建物用－三斜面積
 62
  132
 10
222473.49693251535
 20
135743.22085889571
 40
500
 41
1
 50
0
  1
天空図半径(R) = 100.000(図寸mm)
  0
TEXT
  8
_0-5_計画建物用－三斜面積
 62
  132
 10
222473.49693251535
 20
136493.22085889571
 40
500
 41
1
 50
0
  1
正射影 　測定面高さ = 0.000 m
  0
TEXT
  8
_0-5_計画建物用－三斜面積
 62
  132
 10
222473.49693251535
 20
137243.22085889571
 40
500
 41
1
 50
0
  1
測定点 No.1
  0
TEXT
  8
_0-5_計画建物用－三斜面積
 62
  132
 10
222223.49693251535
 20
133993.22085889571
 40
500
 41
1
 50
0
  1
三角形 No.^3
  0
TEXT
  8
_0-5_計画建物用－三斜面積
 62
  132
 10
224973.49693251535
 20
133993.22085889571
 40
500
 41
1
 50
0
  1
底辺(mm)
  0
TEXT
  8
_0-5_計画建物用－三斜面積
 62
  132
 10
228473.49693251535
 20
133993.22085889571
 40
500
 41
1
 50
0
  1
高さ(mm)
  0
TEXT
  8
_0-5_計画建物用－三斜面積
 62
  132
 10
232223.49693251535
 20
133993.22085889571
 40
500
 41
1
 50
0
  1
面積(mm^u2)
  0
TEXT
  8
_0-5_計画建物用－三斜面積
 62
  132
 10
222973.49693251535
 20
133243.22085889571
 40
500
 41
1
 50
0
  1
<1>
  0
TEXT
  8
_0-5_計画建物用－三斜面積
 62
  132
 10
224723.49693251535
 20
133243.22085889571
 40
500
 41
1
 50
0
  1
 89.37804
  0
TEXT
  8
_0-5_計画建物用－三斜面積
 62
  132
 10
228223.49693251535
 20
133243.22085889571
 40
500
 41
1
 50
0
  1
 12.52964
  0
TEXT
  8
_0-5_計画建物用－三斜面積
 62
  132
 10
232473.49693251535
 20
133243.22085889571
 40
500
 41
1
 50
0
  1
 559.937
  0
TEXT
  8
_0-5_計画建物用－三斜面積
 62
  132
 10
222973.49693251535
 20
132493.22085889571
 40
500
 41
1
 50
0
  1
<2>
  0
TEXT
  8
_0-5_計画建物用－三斜面積
 62
  132
 10
224723.49693251535
 20
132493.22085889571
 40
500
 41
1
 50
0
  1
 81.51975
  0
TEXT
  8
_0-5_計画建物用－三斜面積
 62
  132
 10
228223.49693251535
 20
132493.22085889571
 40
500
 41
1
 50
0
  1
 11.41468
  0
TEXT
  8
_0-5_計画建物用－三斜面積
 62
  132
 10
232473.49693251535
 20
132493.22085889571
 40
500
 41
1
 50
0
  1
 465.261
  0
TEXT
  8
_0-5_計画建物用－三斜面積
 62
  132
 10
222973.49693251535
 20
131743.22085889571
 40
500
 41
1
 50
0
  1
<3>
  0
TEXT
  8
_0-5_計画建物用－三斜面積
 62
  132
 10
224723.49693251535
 20
131743.22085889571
 40
500
 41
1
 50
0
  1
 74.26565
  0
TEXT
  8
_0-5_計画建物用－三斜面積
 62
  132
 10
228223.49693251535
 20
131743.22085889571
 40
500
 41
1
 50
0
  1
 10.48643
  0
TEXT
  8
_0-5_計画建物用－三斜面積
 62
  132
 10
232473.49693251535
 20
131743.22085889571
 40
500
 41
1
 50
0
  1
 389.391
  0
TEXT
  8
_0-5_計画建物用－三斜面積
 62
  132
 10
222973.49693251535
 20
130993.22085889571
 40
500
 41
1
 50
0
  1
<4>
  0
TEXT
  8
_0-5_計画建物用－三斜面積
 62
  132
 10
224723.49693251535
 20
130993.22085889571
 40
500
 41
1
 50
0
  1
 68.22631
  0
TEXT
  8
_0-5_計画建物用－三斜面積
 62
  132
 10
228223.49693251535
 20
130993.22085889571
 40
500
 41
1
 50
0
  1
  9.76192
  0
TEXT
  8
_0-5_計画建物用－三斜面積
 62
  132
 10
232473.49693251535
 20
130993.22085889571
 40
500
 41
1
 50
0
  1
 333.010
  0
TEXT
  8
_0-5_計画建物用－三斜面積
 62
  132
 10
222973.49693251535
 20
130243.22085889571
 40
500
 41
1
 50
0
  1
<5>
  0
TEXT
  8
_0-5_計画建物用－三斜面積
 62
  132
 10
224723.49693251535
 20
130243.22085889571
 40
500
 41
1
 50
0
  1
 63.51250
  0
TEXT
  8
_0-5_計画建物用－三斜面積
 62
  132
 10
228223.49693251535
 20
130243.22085889571
 40
500
 41
1
 50
0
  1
  9.22964
  0
TEXT
  8
_0-5_計画建物用－三斜面積
 62
  132
 10
232473.49693251535
 20
130243.22085889571
 40
500
 41
1
 50
0
  1
 293.099
  0
TEXT
  8
_0-5_計画建物用－三斜面積
 62
  132
 10
222973.49693251535
 20
129493.22085889571
 40
500
 41
1
 50
0
  1
<6>
  0
TEXT
  8
_0-5_計画建物用－三斜面積
 62
  132
 10
224723.49693251535
 20
129493.22085889571
 40
500
 41
1
 50
0
  1
 60.04944
  0
TEXT
  8
_0-5_計画建物用－三斜面積
 62
  132
 10
228223.49693251535
 20
129493.22085889571
 40
500
 41
1
 50
0
  1
  8.86816
  0
TEXT
  8
_0-5_計画建物用－三斜面積
 62
  132
 10
232473.49693251535
 20
129493.22085889571
 40
500
 41
1
 50
0
  1
 266.264
  0
TEXT
  8
_0-5_計画建物用－三斜面積
 62
  132
 10
222973.49693251535
 20
128743.22085889571
 40
500
 41
1
 50
0
  1
<7>
  0
TEXT
  8
_0-5_計画建物用－三斜面積
 62
  132
 10
224723.49693251535
 20
128743.22085889571
 40
500
 41
1
 50
0
  1
 83.30946
  0
TEXT
  8
_0-5_計画建物用－三斜面積
 62
  132
 10
228223.49693251535
 20
128743.22085889571
 40
500
 41
1
 50
0
  1
  9.22639
  0
TEXT
  8
_0-5_計画建物用－三斜面積
 62
  132
 10
232473.49693251535
 20
128743.22085889571
 40
500
 41
1
 50
0
  1
 384.323
  0
LINE
  8
_0-5_計画建物用－三斜面積
  6
CONTINUOUS
 62
  132
 10
221973.49693251535
 20
134618.22085889571
 11
221973.49693251535
 21
127868.22085889571
  0
LINE
  8
_0-5_計画建物用－三斜面積
  6
CONTINUOUS
 62
  132
 10
223973.49693251535
 20
134618.22085889571
 11
223973.49693251535
 21
128618.22085889571
  0
LINE
  8
_0-5_計画建物用－三斜面積
  6
CONTINUOUS
 62
  132
 10
227473.49693251535
 20
134618.22085889571
 11
227473.49693251535
 21
128618.22085889571
  0
LINE
  8
_0-5_計画建物用－三斜面積
  6
CONTINUOUS
 62
  132
 10
231473.49693251535
 20
134618.22085889571
 11
231473.49693251535
 21
127868.22085889571
  0
LINE
  8
_0-5_計画建物用－三斜面積
  6
CONTINUOUS
 62
  132
 10
234973.49693251535
 20
134618.22085889571
 11
234973.49693251535
 21
127868.22085889571
  0
LINE
  8
_0-5_計画建物用－三斜面積
  6
CONTINUOUS
 62
  132
 10
221973.49693251535
 20
134618.22085889571
 11
234973.49693251535
 21
134618.22085889571
  0
LINE
  8
_0-5_計画建物用－三斜面積
  6
CONTINUOUS
 62
  132
 10
221973.49693251535
 20
133868.22085889571
 11
234973.49693251535
 21
133868.22085889571
  0
LINE
  8
_0-5_計画建物用－三斜面積
  6
CONTINUOUS
 62
  132
 10
221973.49693251535
 20
133118.22085889571
 11
234973.49693251535
 21
133118.22085889571
  0
LINE
  8
_0-5_計画建物用－三斜面積
  6
CONTINUOUS
 62
  132
 10
221973.49693251535
 20
132368.22085889571
 11
234973.49693251535
 21
132368.22085889571
  0
LINE
  8
_0-5_計画建物用－三斜面積
  6
CONTINUOUS
 62
  132
 10
221973.49693251535
 20
131618.22085889571
 11
234973.49693251535
 21
131618.22085889571
  0
LINE
  8
_0-5_計画建物用－三斜面積
  6
CONTINUOUS
 62
  132
 10
221973.49693251535
 20
130868.22085889571
 11
234973.49693251535
 21
130868.22085889571
  0
LINE
  8
_0-5_計画建物用－三斜面積
  6
CONTINUOUS
 62
  132
 10
221973.49693251535
 20
130118.22085889571
 11
234973.49693251535
 21
130118.22085889571
  0
LINE
  8
_0-5_計画建物用－三斜面積
  6
CONTINUOUS
 62
  132
 10
221973.49693251535
 20
129368.22085889571
 11
234973.49693251535
 21
129368.22085889571
  0
LINE
  8
_0-5_計画建物用－三斜面積
  6
CONTINUOUS
 62
  132
 10
221973.49693251535
 20
128618.22085889571
 11
234973.49693251535
 21
128618.22085889571
  0
LINE
  8
_0-5_計画建物用－三斜面積
  6
CONTINUOUS
 62
  132
 10
221973.49693251535
 20
127868.22085889571
 11
234973.49693251535
 21
127868.22085889571
  0
TEXT
  8
_0-5_計画建物用－三斜面積
 62
  132
 10
227473.49693251535
 20
127993.22085889571
 40
500
 41
1
 50
0
  1
三斜面積合計
  0
TEXT
  8
_0-5_計画建物用－三斜面積
 62
  132
 10
232473.49693251535
 20
127993.22085889571
 40
500
 41
1
 50
0
  1
2691.285
  0
TEXT
  8
_0-5_計画建物用－三斜面積
 62
  132
 10
222473.49693251535
 20
126993.22085889571
 40
500
 41
1
 50
0
  1
扇形面積（扇形中心角 =  62.250ﾟ）^1
  0
TEXT
  8
_0-5_計画建物用－三斜面積
 62
  132
 10
232473.49693251535
 20
126993.22085889571
 40
500
 41
1
 50
0
  1
5432.368
  0
TEXT
  8
_0-5_計画建物用－三斜面積
 62
  132
 10
222473.49693251535
 20
126243.22085889571
 40
500
 41
1
 50
0
  1
扇形面積 - 三斜面積合計 = 水平円射影面積^8
  0
TEXT
  8
_0-5_計画建物用－三斜面積
 62
  132
 10
232473.49693251535
 20
126243.22085889571
 40
500
 41
1
 50
0
  1
2741.083
  0
TEXT
  8
_0-5_計画建物用－三斜面積
 62
  132
 10
225723.49693251535
 20
125493.22085889571
 40
500
 41
1
 50
0
  1
No.1 　天空図円面積
  0
TEXT
  8
_0-5_計画建物用－三斜面積
 62
  132
 10
232223.49693251535
 20
125493.22085889571
 40
500
 41
1
 50
0
  1
31415.927
  0
TEXT
  8
_0-5_計画建物用－三斜面積
 62
  132
 10
222473.49693251535
 20
124743.22085889571
 40
500
 41
1
 50
0
  1
(31415.927 - 2741.083) / 31415.927 * 100 = 91.27
  0
TEXT
  8
_0-5_計画建物用－三斜面積
 62
  132
 10
222473.49693251535
 20
123743.22085889571
 40
500
 41
1
 50
0
  1
《計画建物用》 　三斜計算 　 　 天空率 = 91.27 %
  0
LINE
  8
_0-5_計画建物用－三斜面積
  6
CONTINUOUS
 62
   18
 10
215917.21315551767
 20
142858.99954297312
 11
215543.62842034964
 21
143174.46300095331
  0
LINE
  8
_0-5_計画建物用－三斜面積
  6
CONTINUOUS
 62
   18
 10
215543.62842034964
 20
143174.46300095331
 11
215034.49280927417
 21
143578.59639103568
  0
LINE
  8
_0-5_計画建物用－三斜面積
  6
CONTINUOUS
 62
   18
 10
215034.49280927417
 20
143578.59639103568
 11
214515.43214061608
 21
143962.67129111973
  0
LINE
  8
_0-5_計画建物用－三斜面積
  6
CONTINUOUS
 62
   18
 10
214515.43214061608
 20
143962.67129111973
 11
213987.55644620169
 21
144326.90883389717
  0
LINE
  8
_0-5_計画建物用－三斜面積
  6
CONTINUOUS
 62
   18
 10
213987.55644620169
 20
144326.90883389717
 11
213451.89235725151
 21
144671.57672518046
  0
LINE
  8
_0-5_計画建物用－三斜面積
  6
CONTINUOUS
 62
   18
 10
213451.89235725151
 20
144671.57672518046
 11
212909.38355063431
 21
144996.97982053903
  0
LINE
  8
_0-5_計画建物用－三斜面積
  6
CONTINUOUS
 62
   18
 10
212909.38355063431
 20
144996.97982053903
 11
212360.89225635927
 21
145303.45140002781
  0
LINE
  8
_0-5_計画建物用－三斜面積
  6
CONTINUOUS
 62
   18
 10
212360.89225635927
 20
145303.45140002781
 11
211807.20163322275
 21
145591.34518043743
  0
LINE
  8
_0-5_計画建物用－三斜面積
  6
CONTINUOUS
 62
   18
 10
211807.20163322275
 20
145591.34518043743
 11
211249.01883505727
 21
145861.02807844575
  0
LINE
  8
_0-5_計画建物用－三斜面積
  6
CONTINUOUS
 62
   18
 10
211249.01883505727
 20
145861.02807844575
 11
210686.97860811365
 21
146112.8737170427
  0
LINE
  8
_0-5_計画建物用－三斜面積
  6
CONTINUOUS
 62
   18
 10
210686.97860811365
 20
146112.8737170427
 11
210121.64727945846
 21
146347.25665129564
  0
LINE
  8
_0-5_計画建物用－三斜面積
  6
CONTINUOUS
 62
   18
 10
210121.64727945846
 20
146347.25665129564
 11
209553.52701586761
 21
146564.54727745085
  0
LINE
  8
_0-5_計画建物用－三斜面積
  6
CONTINUOUS
 62
   18
 10
209553.52701586761
 20
146564.54727745085
 11
208983.06025178747
 21
146765.1073809824
  0
LINE
  8
_0-5_計画建物用－三斜面積
  6
CONTINUOUS
 62
   18
 10
208983.06025178747
 20
146765.1073809824
 11
208410.63420296431
 21
146949.28627394564
  0
LINE
  8
_0-5_計画建物用－三斜面積
  6
CONTINUOUS
 62
   18
 10
208410.63420296431
 20
146949.28627394564
 11
207836.58539896109
 21
147117.41746932046
  0
LINE
  8
_0-5_計画建物用－三斜面積
  6
CONTINUOUS
 62
   18
 10
207836.58539896109
 20
147117.41746932046
 11
207261.20418278741
 21
147269.81583943212
  0
LINE
  8
_0-5_計画建物用－三斜面積
  6
CONTINUOUS
 62
   18
 10
207261.20418278741
 20
147269.81583943212
 11
206684.73913917422
 21
147406.77520656268
  0
LINE
  8
_0-5_計画建物用－三斜面積
  6
CONTINUOUS
 62
   18
 10
206684.73913917422
 20
147406.77520656268
 11
206107.40142464207
 21
147528.56631611767
  0
LINE
  8
_0-5_計画建物用－三斜面積
  6
CONTINUOUS
 62
   18
 10
206107.40142464207
 20
147528.56631611767
 11
205529.3689825079
 21
147635.43514586691
  0
LINE
  8
_0-5_計画建物用－三斜面積
  6
CONTINUOUS
 62
   18
 10
205529.3689825079
 20
147635.43514586691
 11
204950.79063445815
 21
147727.6015085557
  0
LINE
  8
_0-5_計画建物用－三斜面積
  6
CONTINUOUS
 62
   18
 10
204950.79063445815
 20
147727.6015085557
 11
204371.79004742047
 21
147805.25790938036
  0
LINE
  8
_0-5_計画建物用－三斜面積
  6
CONTINUOUS
 62
   18
 10
204371.79004742047
 20
147805.25790938036
 11
203778.20731937093
 21
147869.94722878164
  0
LINE
  8
_0-5_計画建物用－三斜面積
  6
CONTINUOUS
 62
   18
 10
218292.43090900764
 20
137423.03709043294
 11
218238.08395146598
 21
137470.03152355927
  0
LINE
  8
_0-5_計画建物用－三斜面積
  6
CONTINUOUS
 62
   18
 10
218238.08395146598
 20
137470.03152355927
 11
217687.59736182115
 21
137919.14266066031
  0
LINE
  8
_0-5_計画建物用－三斜面積
  6
CONTINUOUS
 62
   18
 10
217687.59736182115
 20
137919.14266066031
 11
217122.88130302171
 21
138335.77568806422
  0
LINE
  8
_0-5_計画建物用－三斜面積
  6
CONTINUOUS
 62
   18
 10
217122.88130302171
 20
138335.77568806422
 11
216549.12474096121
 21
138721.0958341645
  0
LINE
  8
_0-5_計画建物用－三斜面積
  6
CONTINUOUS
 62
   18
 10
216549.12474096121
 20
138721.0958341645
 11
215970.76525903717
 21
139076.55516143457
  0
LINE
  8
_0-5_計画建物用－三斜面積
  6
CONTINUOUS
 62
   18
 10
215970.76525903717
 20
139076.55516143457
 11
215391.51578912083
 21
139403.79279234315
  0
LINE
  8
_0-5_計画建物用－三斜面積
  6
CONTINUOUS
 62
   18
 10
215391.51578912083
 20
139403.79279234315
 11
214814.41559686249
 21
139704.55205856135
  0
LINE
  8
_0-5_計画建物用－三斜面積
  6
CONTINUOUS
 62
   18
 10
214814.41559686249
 20
139704.55205856135
 11
214241.89551906503
 21
139980.61445196229
  0
LINE
  8
_0-5_計画建物用－三斜面積
  6
CONTINUOUS
 62
   18
 10
214241.89551906503
 20
139980.61445196229
 11
213675.84963771386
 21
140233.74904094368
  0
LINE
  8
_0-5_計画建物用－三斜面積
  6
CONTINUOUS
 62
   18
 10
213675.84963771386
 20
140233.74904094368
 11
213117.70770181802
 21
140465.67536496664
  0
LINE
  8
_0-5_計画建物用－三斜面積
  6
CONTINUOUS
 62
   18
 10
213117.70770181802
 20
140465.67536496664
 11
212568.50445927784
 21
140678.03758251128
  0
LINE
  8
_0-5_計画建物用－三斜面積
  6
CONTINUOUS
 62
   18
 10
212568.50445927784
 20
140678.03758251128
 11
212028.94354987842
 21
140872.38768253938
  0
LINE
  8
_0-5_計画建物用－三斜面積
  6
CONTINUOUS
 62
   18
 10
212028.94354987842
 20
140872.38768253938
 11
211499.45473314187
 21
141050.17576365015
  0
LINE
  8
_0-5_計画建物用－三斜面積
  6
CONTINUOUS
 62
   18
 10
211499.45473314187
 20
141050.17576365015
 11
210980.24402206196
 21
141212.7456556615
  0
LINE
  8
_0-5_計画建物用－三斜面積
  6
CONTINUOUS
 62
   18
 10
210980.24402206196
 20
141212.7456556615
 11
210471.33682518682
 21
141361.33445012604
  0
LINE
  8
_0-5_計画建物用－三斜面積
  6
CONTINUOUS
 62
   18
 10
210471.33682518682
 20
141361.33445012604
 11
209972.61452689973
 21
141497.07478588397
  0
LINE
  8
_0-5_計画建物用－三斜面積
  6
CONTINUOUS
 62
   18
 10
209972.61452689973
 20
141497.07478588397
 11
209483.84511457334
 21
141620.99898547388
  0
LINE
  8
_0-5_計画建物用－三斜面積
  6
CONTINUOUS
 62
   18
 10
209483.84511457334
 20
141620.99898547388
 11
209004.70853722881
 21
141734.04435086602
  0
LINE
  8
_0-5_計画建物用－三斜面積
  6
CONTINUOUS
 62
   18
 10
209004.70853722881
 20
141734.04435086602
 11
208534.81748879354
 21
141837.05910179045
  0
LINE
  8
_0-5_計画建物用－三斜面積
  6
CONTINUOUS
 62
   18
 10
208534.81748879354
 20
141837.05910179045
 11
208073.73427610404
 21
141930.80857970693
  0
LINE
  8
_0-5_計画建物用－三斜面積
  6
CONTINUOUS
 62
   18
 10
208073.73427610404
 20
141930.80857970693
 11
207620.98437587395
 21
142015.98144968453
  0
LINE
  8
_0-5_計画建物用－三斜面積
  6
CONTINUOUS
 62
   18
 10
207620.98437587395
 20
142015.98144968453
 11
207176.06721841642
 21
142093.19571608753
  0
LINE
  8
_0-5_計画建物用－三斜面積
  6
CONTINUOUS
 62
   18
 10
207176.06721841642
 20
142093.19571608753
 11
206738.46466704443
 21
142163.00443079174
  0
LINE
  8
_0-5_計画建物用－三斜面積
  6
CONTINUOUS
 62
   18
 10
206738.46466704443
 20
142163.00443079174
 11
206307.64759568468
 21
142225.9010189675
  0
LINE
  8
_0-5_計画建物用－三斜面積
  6
CONTINUOUS
 62
   18
 10
206307.64759568468
 20
142225.9010189675
 11
205883.08090608057
 21
142282.32418090218
  0
LINE
  8
_0-5_計画建物用－三斜面積
  6
CONTINUOUS
 62
   18
 10
205883.08090608057
 20
142282.32418090218
 11
205464.22727132312
 21
142332.6623519026
  0
LINE
  8
_0-5_計画建物用－三斜面積
  6
CONTINUOUS
 62
   18
 10
205464.22727132312
 20
142332.6623519026
 11
205050.54984472881
 21
142377.25771841991
  0
LINE
  8
_0-5_計画建物用－三斜面積
  6
CONTINUOUS
 62
   18
 10
205050.54984472881
 20
142377.25771841991
 11
204876.66907834159
 21
142394.49861137277
  0
LINE
  8
_0-5_計画建物用－三斜面積
  6
CONTINUOUS
 62
   18
 10
218292.43090900764
 20
137423.03709043294
 11
218275.3629820052
 21
137483.59998103787
  0
LINE
  8
_0-5_計画建物用－三斜面積
  6
CONTINUOUS
 62
   18
 10
218275.3629820052
 20
137483.59998103787
 11
218095.88675597179
 21
138084.10228362752
  0
LINE
  8
_0-5_計画建物用－三斜面積
  6
CONTINUOUS
 62
   18
 10
218095.88675597179
 20
138084.10228362752
 11
217898.56969976073
 21
138681.13441315339
  0
LINE
  8
_0-5_計画建物用－三斜面積
  6
CONTINUOUS
 62
   18
 10
217898.56969976073
 20
138681.13441315339
 11
217683.23309431888
 21
139274.23743706181
  0
LINE
  8
_0-5_計画建物用－三斜面積
  6
CONTINUOUS
 62
   18
 10
217683.23309431888
 20
139274.23743706181
 11
217449.694209462
 21
139862.91563313265
  0
LINE
  8
_0-5_計画建物用－三斜面積
  6
CONTINUOUS
 62
   18
 10
217449.694209462
 20
139862.91563313265
 11
217197.7694833441
 21
140446.63384892774
  0
LINE
  8
_0-5_計画建物用－三斜面積
  6
CONTINUOUS
 62
   18
 10
217197.7694833441
 20
140446.63384892774
 11
216927.27805437124
 21
141024.81505305838
  0
LINE
  8
_0-5_計画建物用－三斜面積
  6
CONTINUOUS
 62
   18
 10
216927.27805437124
 20
141024.81505305838
 11
216638.04565583664
 21
141596.83812684789
  0
LINE
  8
_0-5_計画建物用－三斜面積
  6
CONTINUOUS
 62
   18
 10
216638.04565583664
 20
141596.83812684789
 11
216329.90887905436
 21
142162.03595162319
  0
LINE
  8
_0-5_計画建物用－三斜面積
  6
CONTINUOUS
 62
   18
 10
216329.90887905436
 20
142162.03595162319
 11
216002.71980488169
 21
142719.69385338819
  0
LINE
  8
_0-5_計画建物用－三斜面積
  6
CONTINUOUS
 62
   18
 10
216002.71980488169
 20
142719.69385338819
 11
215917.21315551767
 21
142858.99954297312
  0
LINE
  8
_0-5_計画建物用－三斜面積
  6
CONTINUOUS
 62
   18
 10
215024.3925117772
 20
141377.40509357777
 11
214608.8541037467
 21
141630.68661581072
  0
LINE
  8
_0-5_計画建物用－三斜面積
  6
CONTINUOUS
 62
   18
 10
214608.8541037467
 20
141630.68661581072
 11
214070.65357186776
 21
141938.49034885872
  0
LINE
  8
_0-5_計画建物用－三斜面積
  6
CONTINUOUS
 62
   18
 10
214070.65357186776
 20
141938.49034885872
 11
213531.80367597378
 21
142225.56901808961
  0
LINE
  8
_0-5_計画建物用－三斜面積
  6
CONTINUOUS
 62
   18
 10
213531.80367597378
 20
142225.56901808961
 11
212993.46659315051
 21
142492.92624628916
  0
LINE
  8
_0-5_計画建物用－三斜面積
  6
CONTINUOUS
 62
   18
 10
212993.46659315051
 20
142492.92624628916
 11
212456.60093191987
 21
142741.55798979353
  0
LINE
  8
_0-5_計画建物用－三斜面積
  6
CONTINUOUS
 62
   18
 10
212456.60093191987
 20
142741.55798979353
 11
211921.98208819926
 21
142972.43923380534
  0
LINE
  8
_0-5_計画建物用－三斜面積
  6
CONTINUOUS
 62
   18
 10
211921.98208819926
 20
142972.43923380534
 11
211390.22211927903
 21
143186.51372699081
  0
LINE
  8
_0-5_計画建物用－三斜面積
  6
CONTINUOUS
 62
   18
 10
211390.22211927903
 20
143186.51372699081
 11
210861.78867188899
 21
143384.68631129447
  0
LINE
  8
_0-5_計画建物用－三斜面積
  6
CONTINUOUS
 62
   18
 10
210861.78867188899
 20
143384.68631129447
 11
210337.02266161653
 21
143567.8174240617
  0
LINE
  8
_0-5_計画建物用－三斜面積
  6
CONTINUOUS
 62
   18
 10
210337.02266161653
 20
143567.8174240617
 11
209816.15452838706
 21
143736.71938420148
  0
LINE
  8
_0-5_計画建物用－三斜面積
  6
CONTINUOUS
 62
   18
 10
209816.15452838706
 20
143736.71938420148
 11
209299.31899012543
 21
143892.15411582021
  0
LINE
  8
_0-5_計画建物用－三斜面積
  6
CONTINUOUS
 62
   18
 10
209299.31899012543
 20
143892.15411582021
 11
208786.5682885345
 21
144034.83200689751
  0
LINE
  8
_0-5_計画建物用－三斜面積
  6
CONTINUOUS
 62
   18
 10
208786.5682885345
 20
144034.83200689751
 11
208697.22168862354
 21
144058.54813313984
  0
LINE
  8
_0-5_計画建物用－三斜面積
  6
CONTINUOUS
 62
   18
 10
218292.43090900764
 20
137423.03709043294
 11
218257.96295806599
 21
137477.26689024848
  0
LINE
  8
_0-5_計画建物用－三斜面積
  6
CONTINUOUS
 62
   18
 10
218257.96295806599
 20
137477.26689024848
 11
217907.17428585665
 21
138007.85749655889
  0
LINE
  8
_0-5_計画建物用－三斜面積
  6
CONTINUOUS
 62
   18
 10
217907.17428585665
 20
138007.85749655889
 11
217542.60358228228
 21
138522.64808665408
  0
LINE
  8
_0-5_計画建物用－三斜面積
  6
CONTINUOUS
 62
   18
 10
217542.60358228228
 20
138522.64808665408
 11
217165.3558819174
 21
139021.65184369796
  0
LINE
  8
_0-5_計画建物用－三斜面積
  6
CONTINUOUS
 62
   18
 10
217165.3558819174
 20
139021.65184369796
 11
216776.45157196681
 21
139504.9461729798
  0
LINE
  8
_0-5_計画建物用－三斜面積
  6
CONTINUOUS
 62
   18
 10
216776.45157196681
 20
139504.9461729798
 11
216376.82666417967
 21
139972.66229129387
  0
LINE
  8
_0-5_計画建物用－三斜面積
  6
CONTINUOUS
 62
   18
 10
216376.82666417967
 20
139972.66229129387
 11
215967.33416949654
 21
140424.97553984742
  0
LINE
  8
_0-5_計画建物用－三斜面積
  6
CONTINUOUS
 62
   18
 10
215967.33416949654
 20
140424.97553984742
 11
215548.74635031673
 21
140862.09646788417
  0
LINE
  8
_0-5_計画建物用－三斜面積
  6
CONTINUOUS
 62
   18
 10
215548.74635031673
 20
140862.09646788417
 11
215121.75764960612
 21
141284.26270316709
  0
LINE
  8
_0-5_計画建物用－三斜面積
  6
CONTINUOUS
 62
   18
 10
215121.75764960612
 20
141284.26270316709
 11
215024.3925117772
 21
141377.40509357777
  0
LINE
  8
_0-5_計画建物用－三斜面積
  6
CONTINUOUS
 62
   18
 10
208697.22168862354
 20
144058.54813313984
 11
208385.14504824817
 21
144367.14038931555
  0
LINE
  8
_0-5_計画建物用－三斜面積
  6
CONTINUOUS
 62
   18
 10
208385.14504824817
 20
144367.14038931555
 11
207994.77722756611
 21
144738.82689985365
  0
LINE
  8
_0-5_計画建物用－三斜面積
  6
CONTINUOUS
 62
   18
 10
207994.77722756611
 20
144738.82689985365
 11
207590.62112512465
 21
145107.50674603536
  0
LINE
  8
_0-5_計画建物用－三斜面積
  6
CONTINUOUS
 62
   18
 10
207590.62112512465
 20
145107.50674603536
 11
207172.06829452025
 21
145472.67992024859
  0
LINE
  8
_0-5_計画建物用－三斜面積
  6
CONTINUOUS
 62
   18
 10
207172.06829452025
 20
145472.67992024859
 11
206738.51382075398
 21
145833.7358723786
  0
LINE
  8
_0-5_計画建物用－三斜面積
  6
CONTINUOUS
 62
   18
 10
206738.51382075398
 20
145833.7358723786
 11
206289.36585059008
 21
146189.94134524842
  0
LINE
  8
_0-5_計画建物用－三斜面積
  6
CONTINUOUS
 62
   18
 10
206289.36585059008
 20
146189.94134524842
 11
205824.05719903612
 21
146540.42757116068
  0
LINE
  8
_0-5_計画建物用－三斜面積
  6
CONTINUOUS
 62
   18
 10
205824.05719903612
 20
146540.42757116068
 11
205342.05930881015
 21
146884.17707793318
  0
LINE
  8
_0-5_計画建物用－三斜面積
  6
CONTINUOUS
 62
   18
 10
205342.05930881015
 20
146884.17707793318
 11
204842.89882739348
 21
147220.01046447333
  0
LINE
  8
_0-5_計画建物用－三斜面積
  6
CONTINUOUS
 62
   18
 10
204842.89882739348
 20
147220.01046447333
 11
204326.17703159616
 21
147546.57364199808
  0
LINE
  8
_0-5_計画建物用－三斜面積
  6
CONTINUOUS
 62
   18
 10
204326.17703159616
 20
147546.57364199808
 11
203778.20731937093
 21
147869.94722878164
  0
LINE
  8
_0-5_計画建物用－三斜面積
  6
CONTINUOUS
 62
   18
 10
215024.3925117772
 20
141377.40509357777
 11
215725.56127839005
 21
142503.15388037651
  0
LINE
  8
_0-5_計画建物用－三斜面積
  6
CONTINUOUS
 62
   18
 10
215725.56127839005
 20
142503.15388037651
 11
215917.21315551767
 21
142858.99954297312
  0
LINE
  8
_0-5_計画建物用－三斜面積
  6
CONTINUOUS
 62
   18
 10
204876.66907834159
 20
142394.49861137277
 11
204797.51485483549
 21
142960.44897278101
  0
LINE
  8
_0-5_計画建物用－三斜面積
  6
CONTINUOUS
 62
   18
 10
204797.51485483549
 20
142960.44897278101
 11
204630.79143258422
 21
144031.43744132958
  0
LINE
  8
_0-5_計画建物用－三斜面積
  6
CONTINUOUS
 62
   18
 10
204630.79143258422
 20
144031.43744132958
 11
204416.78919445638
 21
145215.32225541849
  0
LINE
  8
_0-5_計画建物用－三斜面積
  6
CONTINUOUS
 62
   18
 10
204416.78919445638
 20
145215.32225541849
 11
204141.26798910816
 21
146497.90235105282
  0
LINE
  8
_0-5_計画建物用－三斜面積
  6
CONTINUOUS
 62
   18
 10
204141.26798910816
 20
146497.90235105282
 11
203778.20731937093
 21
147869.94722878164
  0
LINE
  8
_0-5_計画建物用－三斜面積
  6
CONTINUOUS
 62
   18
 10
208697.22168862354
 20
144058.54813313984
 11
208105.19903644104
 21
143840.63851604168
  0
LINE
  8
_0-5_計画建物用－三斜面積
  6
CONTINUOUS
 62
   18
 10
208105.19903644104
 20
143840.63851604168
 11
207425.25351912301
 21
143571.13025256231
  0
LINE
  8
_0-5_計画建物用－三斜面積
  6
CONTINUOUS
 62
   18
 10
207425.25351912301
 20
143571.13025256231
 11
206785.81305545367
 21
143299.87822561946
  0
LINE
  8
_0-5_計画建物用－三斜面積
  6
CONTINUOUS
 62
   18
 10
206785.81305545367
 20
143299.87822561946
 11
206185.19989532433
 21
143030.09491934688
  0
LINE
  8
_0-5_計画建物用－三斜面積
  6
CONTINUOUS
 62
   18
 10
206185.19989532433
 20
143030.09491934688
 11
205621.23287343751
 21
142764.03169843973
  0
LINE
  8
_0-5_計画建物用－三斜面積
  6
CONTINUOUS
 62
   18
 10
205621.23287343751
 20
142764.03169843973
 11
205091.47240140859
 21
142503.20439741239
  0
LINE
  8
_0-5_計画建物用－三斜面積
  6
CONTINUOUS
 62
   18
 10
205091.47240140859
 20
142503.20439741239
 11
204876.66907834159
 21
142394.49861137277
  0
LINE
  8
_0-5_計画建物用－三斜面積
  6
CONTINUOUS
 62
   18
 10
215917.21315551767
 20
142858.99954297312
 11
217124.74777443066
 21
143819.66041757503
  0
LINE
  8
_0-5_計画建物用－三斜面積
  6
CONTINUOUS
 62
   18
 10
203778.20731937093
 20
147869.94722878164
 11
204239.94183755145
 21
151175.96637895426
  0
LINE
  8
_0-5_計画建物用－三斜面積
  6
CONTINUOUS
 62
   18
 10
208697.22168862354
 20
144058.54813313984
 11
211367.46464361521
 21
148749.51548650366
  0
LINE
  8
_0-5_計画建物用－三斜面積
  6
CONTINUOUS
 62
   18
 10
218292.43090900764
 20
137423.03709043294
 11
220291.24516988985
 21
138142.61022435053
  0
LINE
  8
_0-5_計画建物用－三斜面積
  6
CONTINUOUS
 62
   18
 10
215024.3925117772
 20
141377.40509357777
 11
217560.81818003964
 21
143250.90132581704
  0
LINE
  8
_0-5_計画建物用－三斜面積
  6
CONTINUOUS
 62
   18
 10
204876.66907834159
 20
142394.49861137277
 11
207371.79068495696
 21
150478.69261680654
  0
LINE
  8
_0-f_
  6
CONTINUOUS
 62
   18
 10
157507.58985476667
 20
142811.50688311125
 11
157503.44553392354
 21
142995.98858922789
  0
LINE
  8
_0-f_
  6
CONTINUOUS
 62
   18
 10
157508.97184649039
 20
142626.95153403846
 11
157507.58985476667
 21
142811.50688311125
  0
LINE
  8
_0-f_
  6
CONTINUOUS
 62
   92
 10
169368.26847153709
 20
149060.56483957023
 11
169368.26847153709
 21
115612.14723926382
  0
LINE
  8
_0-f_
  6
CONTINUOUS
 62
   92
 10
169368.26847153709
 20
115612.14723926382
 11
77467.361963190181
 21
115612.14723926382
  0
LINE
  8
_0-f_
  6
CONTINUOUS
 62
   92
 10
77467.361963190181
 20
115612.14723926382
 11
77467.361963190181
 21
149060.56483957023
  0
LINE
  8
_0-f_
  6
CONTINUOUS
 62
  212
 10
157120.69983045812
 20
145348.89121841534
 11
157632.31497425163
 21
145860.50636220889
  0
LINE
  8
_0-f_
  6
CONTINUOUS
 62
  132
 10
146928.13347410137
 20
142626.95153403846
 11
157120.69983045812
 21
139547.947113889
  0
LINE
  8
_0-f_
  6
CONTINUOUS
 62
  132
 10
146928.13347410137
 20
142626.95153403846
 11
157120.69983045812
 21
145705.95595418789
  0
LINE
  8
_0-f_
  6
CONTINUOUS
 62
   18
 10
162244.54373198587
 20
147253.78379944103
 11
157120.69983045812
 21
145705.95595418789
  0
LINE
  8
_0-f_
  6
CONTINUOUS
 62
   18
 10
162244.54373198587
 20
138000.11926863584
 11
157120.69983045812
 21
139547.947113889
  0
LINE
  8
_0-f_
  6
CONTINUOUS
 62
  132
 10
157120.69983045812
 20
145705.95595418789
 11
157120.69983045812
 21
139547.947113889
  0
ARC
  8
_0-f_
  6
CONTINUOUS
 62
   18
 10
146928.13347410137
 20
142626.95153403846
 40
16000
 50
338.24448643911233
 51
20.851463899934007
  0
LINE
  8
_0-f_
  6
CONTINUOUS
 62
  212
 10
161354.50288540206
 20
138268.98577437465
 11
162628.00968048648
 21
139542.49256945907
  0
LINE
  8
_0-f_
  6
CONTINUOUS
 62
  212
 10
161006.94576031321
 20
138373.97698924527
 11
162726.25109386941
 21
140093.28232280144
  0
LINE
  8
_0-f_
  6
CONTINUOUS
 62
  212
 10
160659.38863522457
 20
138478.9682041158
 11
162801.95835149544
 21
140621.5379203867
  0
LINE
  8
_0-f_
  6
CONTINUOUS
 62
  212
 10
160311.8315101357
 20
138583.9594189864
 11
162857.96090564751
 21
141130.08881449821
  0
LINE
  8
_0-f_
  6
CONTINUOUS
 62
  212
 10
159964.27438504682
 20
138688.95063385699
 11
162896.48952621099
 21
141621.16577502115
  0
LINE
  8
_0-f_
  6
CONTINUOUS
 62
  212
 10
159616.71725995797
 20
138793.94184872761
 11
162919.34011430002
 21
142096.56470306968
  0
LINE
  8
_0-f_
  6
CONTINUOUS
 62
  212
 10
158921.60300978043
 20
139003.92427846873
 11
162923.64374365066
 21
143005.96501233894
  0
LINE
  8
_0-f_
  6
CONTINUOUS
 62
  212
 10
158574.04588469152
 20
139108.91549333927
 11
162907.34932075781
 21
143442.21892940558
  0
LINE
  8
_0-f_
  6
CONTINUOUS
 62
  212
 10
158226.48875960268
 20
139213.90670820989
 11
162879.97665858219
 21
143867.39460718943
  0
LINE
  8
_0-f_
  6
CONTINUOUS
 62
  212
 10
157878.93163451406
 20
139318.89792308048
 11
162842.27828189893
 21
144282.24457046535
  0
LINE
  8
_0-f_
  6
CONTINUOUS
 62
  212
 10
157531.37450942519
 20
139423.88913795107
 11
162794.90590857592
 21
144687.4205371018
  0
LINE
  8
_0-f_
  6
CONTINUOUS
 62
  212
 10
157183.81738433631
 20
139528.88035282163
 11
162738.42802768212
 21
145083.49099616747
  0
LINE
  8
_0-f_
  6
CONTINUOUS
 62
  212
 10
157120.69983045812
 20
139918.31113890287
 11
162673.34367793943
 21
145470.95498638425
  0
LINE
  8
_0-f_
  6
CONTINUOUS
 62
  212
 10
157120.69983045812
 20
140370.85947886208
 11
162600.09338487731
 21
145850.25303328127
  0
LINE
  8
_0-f_
  6
CONTINUOUS
 62
  212
 10
157120.69983045812
 20
140823.40781882152
 11
162519.06794140746
 21
146221.77592977089
  0
LINE
  8
_0-f_
  6
CONTINUOUS
 62
  212
 10
157120.69983045817
 20
141275.95615878107
 11
162430.61552929331
 21
146585.87185761623
  0
LINE
  8
_0-f_
  6
CONTINUOUS
 62
  212
 10
157120.69983045817
 20
141728.50449874054
 11
162335.04754851982
 21
146942.85221680218
  0
LINE
  8
_0-f_
  6
CONTINUOUS
 62
  212
 10
157120.69983045806
 20
142181.0528386996
 11
162171.30727951574
 21
147231.66028775725
  0
LINE
  8
_0-f_
  6
CONTINUOUS
 62
  212
 10
157120.69983045815
 20
142633.60117865912
 11
161522.87980733512
 21
147035.78115553609
  0
LINE
  8
_0-f_
  6
CONTINUOUS
 62
  212
 10
157120.69983045812
 20
143086.14951861859
 11
160874.45233515446
 21
146839.90202331493
  0
LINE
  8
_0-f_
  6
CONTINUOUS
 62
  212
 10
157120.69983045812
 20
143538.69785857776
 11
160226.024862974
 21
146644.02289109365
  0
LINE
  8
_0-f_
  6
CONTINUOUS
 62
  212
 10
157120.69983045809
 20
143991.24619853717
 11
159577.59739079338
 21
146448.14375887249
  0
LINE
  8
_0-f_
  6
CONTINUOUS
 62
  212
 10
157120.69983045815
 20
144443.79453849673
 11
158929.16991861269
 21
146252.26462665124
  0
LINE
  8
_0-f_
  6
CONTINUOUS
 62
  212
 10
157120.69983045809
 20
144896.34287845614
 11
158280.742446432
 21
146056.38549443008
  0
LINE
  8
_0-f_
  6
CONTINUOUS
 62
   18
 10
157120.69983045812
 20
139547.947113889
 11
157163.93730550791
 21
139722.91851715053
  0
LINE
  8
_0-f_
  6
CONTINUOUS
 62
   18
 10
157163.93730550791
 20
139722.91851715053
 11
157204.8059591494
 21
139898.97393109387
  0
LINE
  8
_0-f_
  6
CONTINUOUS
 62
   18
 10
157204.8059591494
 20
139898.97393109387
 11
157243.26082629087
 21
140076.05580926215
  0
LINE
  8
_0-f_
  6
CONTINUOUS
 62
   18
 10
157243.26082629087
 20
140076.05580926215
 11
157279.25915261849
 21
140254.10475182416
  0
LINE
  8
_0-f_
  6
CONTINUOUS
 62
   18
 10
157279.25915261849
 20
140254.10475182416
 11
157312.76052147263
 21
140433.0595902586
  0
LINE
  8
_0-f_
  6
CONTINUOUS
 62
   18
 10
157312.76052147263
 20
140433.0595902586
 11
157343.72697563341
 21
140612.85747929997
  0
LINE
  8
_0-f_
  6
CONTINUOUS
 62
   18
 10
157343.72697563341
 20
140612.85747929997
 11
157372.12313332303
 21
140793.43399588964
  0
LINE
  8
_0-f_
  6
CONTINUOUS
 62
   18
 10
157372.12313332303
 20
140793.43399588964
 11
157397.91629775214
 21
140974.72324482828
  0
LINE
  8
_0-f_
  6
CONTINUOUS
 62
   18
 10
157397.91629775214
 20
140974.72324482828
 11
157421.07655956223
 21
141156.657970772
  0
LINE
  8
_0-f_
  6
CONTINUOUS
 62
   18
 10
157421.07655956223
 20
141156.657970772
 11
157441.57689154954
 21
141339.16967617004
  0
LINE
  8
_0-f_
  6
CONTINUOUS
 62
   18
 10
157441.57689154954
 20
141339.16967617004
 11
157459.39323509202
 21
141522.18874469457
  0
LINE
  8
_0-f_
  6
CONTINUOUS
 62
   18
 10
157459.39323509202
 20
141522.18874469457
 11
157474.5045777462
 21
141705.6445696695
  0
LINE
  8
_0-f_
  6
CONTINUOUS
 62
   18
 10
157474.5045777462
 20
141705.6445696695
 11
157486.89302152814
 21
141889.46568696768
  0
LINE
  8
_0-f_
  6
CONTINUOUS
 62
   18
 10
157486.89302152814
 20
141889.46568696768
 11
157496.54384144782
 21
142073.57991180737
  0
LINE
  8
_0-f_
  6
CONTINUOUS
 62
   18
 10
157496.54384144782
 20
142073.57991180737
 11
157503.44553392354
 21
142257.91447884897
  0
LINE
  8
_0-f_
  6
CONTINUOUS
 62
   18
 10
157503.44553392354
 20
142257.91447884897
 11
157507.58985476667
 21
142442.39618496561
  0
LINE
  8
_0-f_
  6
CONTINUOUS
 62
   18
 10
157507.58985476667
 20
142442.39618496561
 11
157508.97184649039
 21
142626.95153403846
  0
LINE
  8
_0-f_
  6
CONTINUOUS
 62
   18
 10
157503.44553392354
 20
142995.98858922789
 11
157496.54384144782
 21
143180.3231562695
  0
LINE
  8
_0-f_
  6
CONTINUOUS
 62
   18
 10
157496.54384144782
 20
143180.3231562695
 11
157486.89302152814
 21
143364.43738110919
  0
LINE
  8
_0-f_
  6
CONTINUOUS
 62
   18
 10
157486.89302152814
 20
143364.43738110919
 11
157474.5045777462
 21
143548.2584984074
  0
LINE
  8
_0-f_
  6
CONTINUOUS
 62
   18
 10
157474.5045777462
 20
143548.2584984074
 11
157459.39323509202
 21
143731.71432338235
  0
LINE
  8
_0-f_
  6
CONTINUOUS
 62
   18
 10
157459.39323509202
 20
143731.71432338235
 11
157441.57689154954
 21
143914.73339190683
  0
LINE
  8
_0-f_
  6
CONTINUOUS
 62
   18
 10
157441.57689154954
 20
143914.73339190683
 11
157421.07655956223
 21
144097.24509730489
  0
LINE
  8
_0-f_
  6
CONTINUOUS
 62
   18
 10
157421.07655956223
 20
144097.24509730489
 11
157397.91629775214
 21
144279.17982324861
  0
LINE
  8
_0-f_
  6
CONTINUOUS
 62
   18
 10
157397.91629775214
 20
144279.17982324861
 11
157372.12313332303
 21
144460.46907218729
  0
LINE
  8
_0-f_
  6
CONTINUOUS
 62
   18
 10
157372.12313332303
 20
144460.46907218729
 11
157343.72697563341
 21
144641.04558877699
  0
LINE
  8
_0-f_
  6
CONTINUOUS
 62
   18
 10
157343.72697563341
 20
144641.04558877699
 11
157312.76052147263
 21
144820.8434778183
  0
LINE
  8
_0-f_
  6
CONTINUOUS
 62
   18
 10
157312.76052147263
 20
144820.8434778183
 11
157279.25915261849
 21
144999.79831625273
  0
LINE
  8
_0-f_
  6
CONTINUOUS
 62
   18
 10
157279.25915261849
 20
144999.79831625273
 11
157243.26082629087
 21
145177.84725881475
  0
LINE
  8
_0-f_
  6
CONTINUOUS
 62
   18
 10
157243.26082629087
 20
145177.84725881475
 11
157204.8059591494
 21
145354.92913698303
  0
LINE
  8
_0-f_
  6
CONTINUOUS
 62
   18
 10
157204.8059591494
 20
145354.92913698303
 11
157163.93730550791
 21
145530.98455092636
  0
LINE
  8
_0-f_
  6
CONTINUOUS
 62
   18
 10
157163.93730550791
 20
145530.98455092636
 11
157120.69983045812
 21
145705.95595418789
  0
LINE
  8
_0-f_
  6
CONTINUOUS
 62
   18
 10
162244.5437319859
 20
131963.29564106557
 11
157120.69983045812
 21
130415.46779581242
  0
LINE
  8
_0-f_
  6
CONTINUOUS
 62
   18
 10
162244.5437319859
 20
122709.63111026037
 11
157120.69983045812
 21
124257.45895551354
  0
LINE
  8
_0-f_
  6
CONTINUOUS
 62
  212
 10
162027.36470201433
 20
122775.23727556424
 11
162358.95178682773
 21
123106.82436037762
  0
LINE
  8
_0-f_
  6
CONTINUOUS
 62
  212
 10
161679.80757692549
 20
122880.22849043486
 11
162512.39381955939
 21
123712.81473306877
  0
LINE
  8
_0-f_
  6
CONTINUOUS
 62
  212
 10
161332.25045183664
 20
122985.21970530548
 11
162635.04058662618
 21
124288.009840095
  0
LINE
  8
_0-f_
  6
CONTINUOUS
 62
  212
 10
160984.69332674791
 20
123090.21092017594
 11
162731.73967050787
 21
124837.25726393586
  0
LINE
  8
_0-f_
  6
CONTINUOUS
 62
  212
 10
160637.1362016591
 20
123195.20213504656
 11
162806.1079752185
 21
125364.17390860601
  0
LINE
  8
_0-f_
  6
CONTINUOUS
 62
  212
 10
160289.57907657022
 20
123300.19334991718
 11
162860.93023804356
 21
125871.54451139051
  0
LINE
  8
_0-f_
  6
CONTINUOUS
 62
  212
 10
159942.02195148135
 20
123405.18456478777
 11
162898.40518811153
 21
126361.56780141795
  0
LINE
  8
_0-f_
  6
CONTINUOUS
 62
  212
 10
159246.90770130383
 20
123615.16699452888
 11
162928.0831712872
 21
127296.34246451224
  0
LINE
  8
_0-f_
  6
CONTINUOUS
 62
  212
 10
158899.35057621498
 20
123720.1582093995
 11
162922.94864927817
 21
127743.75628246268
  0
LINE
  8
_0-f_
  6
CONTINUOUS
 62
  212
 10
158551.79345112614
 20
123825.1494242701
 11
162905.92013847117
 21
128179.27611161515
  0
LINE
  8
_0-f_
  6
CONTINUOUS
 62
  212
 10
158204.23632603744
 20
123930.14063914059
 11
162877.86499746382
 21
128603.76931056698
  0
LINE
  8
_0-f_
  6
CONTINUOUS
 62
  212
 10
157856.67920094856
 20
124035.13185401121
 11
162839.5286788812
 21
129017.98133194385
  0
LINE
  8
_0-f_
  6
CONTINUOUS
 62
   18
 10
157120.69983045812
 20
124257.45895551354
 11
157163.93730550797
 21
124432.43035877506
  0
LINE
  8
_0-f_
  6
CONTINUOUS
 62
   18
 10
157163.93730550797
 20
124432.43035877506
 11
157204.8059591494
 21
124608.48577271839
  0
LINE
  8
_0-f_
  6
CONTINUOUS
 62
   18
 10
157204.8059591494
 20
124608.48577271839
 11
157243.2608262909
 21
124785.56765088668
  0
LINE
  8
_0-f_
  6
CONTINUOUS
 62
   18
 10
157243.2608262909
 20
124785.56765088668
 11
157279.25915261849
 21
124963.6165934487
  0
LINE
  8
_0-f_
  6
CONTINUOUS
 62
   18
 10
157279.25915261849
 20
124963.6165934487
 11
157312.76052147269
 21
125142.57143188314
  0
LINE
  8
_0-f_
  6
CONTINUOUS
 62
   18
 10
157312.76052147269
 20
125142.57143188314
 11
157343.72697563341
 21
125322.36932092446
  0
LINE
  8
_0-f_
  6
CONTINUOUS
 62
   18
 10
157343.72697563341
 20
125322.36932092446
 11
157372.12313332303
 21
125502.94583751416
  0
LINE
  8
_0-f_
  6
CONTINUOUS
 62
   18
 10
157372.12313332303
 20
125502.94583751416
 11
157397.91629775217
 21
125684.23508645282
  0
LINE
  8
_0-f_
  6
CONTINUOUS
 62
   18
 10
157397.91629775217
 20
125684.23508645282
 11
157421.07655956223
 21
125866.16981239653
  0
LINE
  8
_0-f_
  6
CONTINUOUS
 62
   18
 10
157421.07655956223
 20
125866.16981239653
 11
157441.57689154957
 21
126048.68151779459
  0
LINE
  8
_0-f_
  6
CONTINUOUS
 62
   18
 10
157441.57689154957
 20
126048.68151779459
 11
157459.39323509205
 21
126231.70058631908
  0
LINE
  8
_0-f_
  6
CONTINUOUS
 62
   18
 10
157459.39323509205
 20
126231.70058631908
 11
157474.50457774623
 21
126415.15641129403
  0
LINE
  8
_0-f_
  6
CONTINUOUS
 62
   18
 10
157474.50457774623
 20
126415.15641129403
 11
157486.8930215282
 21
126598.97752859223
  0
LINE
  8
_0-f_
  6
CONTINUOUS
 62
   18
 10
157486.8930215282
 20
126598.97752859223
 11
157496.54384144782
 21
126783.09175343193
  0
LINE
  8
_0-f_
  6
CONTINUOUS
 62
   18
 10
157496.54384144782
 20
126783.09175343193
 11
157503.44553392354
 21
126967.42632047353
  0
LINE
  8
_0-f_
  6
CONTINUOUS
 62
   18
 10
157503.44553392354
 20
126967.42632047353
 11
157507.58985476667
 21
127151.90802659017
  0
LINE
  8
_0-f_
  6
CONTINUOUS
 62
   18
 10
157507.58985476667
 20
127151.90802659017
 11
157508.97184649042
 21
127336.46337566299
  0
LINE
  8
_0-f_
  6
CONTINUOUS
 62
   18
 10
157508.97184649042
 20
127336.46337566299
 11
157507.58985476667
 21
127521.01872473579
  0
LINE
  8
_0-f_
  6
CONTINUOUS
 62
   18
 10
157507.58985476667
 20
127521.01872473579
 11
157503.44553392354
 21
127705.50043085245
  0
LINE
  8
_0-f_
  6
CONTINUOUS
 62
   18
 10
157503.44553392354
 20
127705.50043085245
 11
157496.54384144782
 21
127889.83499789403
  0
LINE
  8
_0-f_
  6
CONTINUOUS
 62
   18
 10
157496.54384144782
 20
127889.83499789403
 11
157486.8930215282
 21
128073.94922273371
  0
LINE
  8
_0-f_
  6
CONTINUOUS
 62
   18
 10
157486.8930215282
 20
128073.94922273371
 11
157474.50457774623
 21
128257.77034003192
  0
LINE
  8
_0-f_
  6
CONTINUOUS
 62
   18
 10
157474.50457774623
 20
128257.77034003192
 11
157459.39323509202
 21
128441.22616500688
  0
LINE
  8
_0-f_
  6
CONTINUOUS
 62
   18
 10
157459.39323509202
 20
128441.22616500688
 11
157441.57689154957
 21
128624.24523353135
  0
LINE
  8
_0-f_
  6
CONTINUOUS
 62
   18
 10
157441.57689154957
 20
128624.24523353135
 11
157421.07655956223
 21
128806.75693892945
  0
LINE
  8
_0-f_
  6
CONTINUOUS
 62
   18
 10
157421.07655956223
 20
128806.75693892945
 11
157397.91629775214
 21
128988.69166487315
  0
LINE
  8
_0-f_
  6
CONTINUOUS
 62
   18
 10
157397.91629775214
 20
128988.69166487315
 11
157372.12313332303
 21
129169.98091381181
  0
LINE
  8
_0-f_
  6
CONTINUOUS
 62
   18
 10
157372.12313332303
 20
129169.98091381181
 11
157343.72697563341
 21
129350.5574304015
  0
LINE
  8
_0-f_
  6
CONTINUOUS
 62
   18
 10
157343.72697563341
 20
129350.5574304015
 11
157312.76052147263
 21
129530.3553194428
  0
LINE
  8
_0-f_
  6
CONTINUOUS
 62
   18
 10
157312.76052147263
 20
129530.3553194428
 11
157279.25915261849
 21
129709.31015787727
  0
LINE
  8
_0-f_
  6
CONTINUOUS
 62
   18
 10
157279.25915261849
 20
129709.31015787727
 11
157243.26082629087
 21
129887.35910043926
  0
LINE
  8
_0-f_
  6
CONTINUOUS
 62
   18
 10
157243.26082629087
 20
129887.35910043926
 11
157204.8059591494
 21
130064.44097860755
  0
LINE
  8
_0-f_
  6
CONTINUOUS
 62
   18
 10
157204.8059591494
 20
130064.44097860755
 11
157163.93730550797
 21
130240.4963925509
  0
LINE
  8
_0-f_
  6
CONTINUOUS
 62
   18
 10
157163.93730550797
 20
130240.4963925509
 11
157120.69983045812
 21
130415.46779581242
  0
LINE
  8
_0-f_
  6
CONTINUOUS
 62
  212
 10
157508.97184649042
 20
130023.10125898441
 11
158239.22671216833
 21
130753.35612466232
  0
LINE
  8
_0-f_
  6
CONTINUOUS
 62
  212
 10
157508.97184649042
 20
124139.97283951251
 11
162791.55709151751
 21
129422.5580845396
  0
LINE
  8
_0-f_
  6
CONTINUOUS
 62
  212
 10
157508.97184649042
 20
124592.52117947168
 11
162734.51389945085
 21
129818.06323243214
  0
LINE
  8
_0-f_
  6
CONTINUOUS
 62
  212
 10
157508.97184649042
 20
125045.06951943115
 11
162668.89409334081
 21
130204.99176628157
  0
LINE
  8
_0-f_
  6
CONTINUOUS
 62
  212
 10
157508.97184649042
 20
125497.61785939062
 11
162595.13477134684
 21
130583.78078424705
  0
LINE
  8
_0-f_
  6
CONTINUOUS
 62
  212
 10
157508.97184649042
 20
125950.16619935008
 11
162513.62380019918
 21
130954.81815305884
  0
LINE
  8
_0-f_
  6
CONTINUOUS
 62
  212
 10
157508.97184649042
 20
126402.71453930926
 11
162424.70684409511
 21
131318.44953691394
  0
LINE
  8
_0-f_
  6
CONTINUOUS
 62
  212
 10
157508.97184649042
 20
126855.26287926873
 11
162328.69312151093
 21
131674.98415428923
  0
LINE
  8
_0-f_
  6
CONTINUOUS
 62
  212
 10
157508.97184649042
 20
127307.81121922818
 11
162129.79154525193
 21
131928.6309179897
  0
LINE
  8
_0-f_
  6
CONTINUOUS
 62
  212
 10
157508.97184649042
 20
127760.35955918766
 11
161481.36407307113
 21
131732.75178576839
  0
LINE
  8
_0-f_
  6
CONTINUOUS
 62
  212
 10
157508.97184649042
 20
128212.90789914682
 11
160832.93660089085
 21
131536.87265354726
  0
LINE
  8
_0-f_
  6
CONTINUOUS
 62
  212
 10
157508.97184649042
 20
128665.4562391063
 11
160184.50912871013
 21
131340.99352132601
  0
LINE
  8
_0-f_
  6
CONTINUOUS
 62
  212
 10
157508.97184649042
 20
129118.00457906577
 11
159536.08165652942
 21
131145.11438910476
  0
LINE
  8
_0-f_
  6
CONTINUOUS
 62
  212
 10
157508.97184649042
 20
129570.55291902524
 11
158887.65418434867
 21
130949.2352568835
  0
LINE
  8
_0-f_
  6
CONTINUOUS
 62
  212
 10
160052.76711769399
 20
123968.47807095959
 11
162920.30507305977
 21
126836.01602632534
  0
ARC
  8
_0-f_
  6
CONTINUOUS
 62
   18
 10
146928.13347410137
 20
127336.46337566299
 40
16000
 50
339.94356986891466
 51
20.5578716062642
  0
LINE
  8
_0-f_
  6
CONTINUOUS
 62
   18
 10
159269.1601348693
 20
138898.93306359814
 11
162927.9838510887
 21
142557.75677981751
  0
LINE
  8
_0-f_
  6
CONTINUOUS
 62
  132
 10
146928.13347410137
 20
127336.46337566299
 11
157508.97184649042
 21
130532.75830065552
  0
LINE
  8
_0-f_
  6
CONTINUOUS
 62
  132
 10
146928.13347410137
 20
127336.46337566299
 11
157508.97184649042
 21
124140.16845067046
  0
LINE
  8
_0-f_
  6
CONTINUOUS
 62
  132
 10
157508.97184649042
 20
130532.75830065552
 11
157508.97184649042
 21
124140.16845067046
  0
TEXT
  8
_0-f_
 62
   92
 10
121817.81521736363
 20
148560.56483957023
 40
1000
 41
1
 50
0
  1
参考図
  0
LINE
  8
_0-f_
  6
CONTINUOUS
 62
   92
 10
77467.361963190181
 20
149060.56483957023
 11
121053.90082051587
 21
149060.56483957023
  0
LINE
  8
_0-f_
  6
CONTINUOUS
 62
   92
 10
125744.24493967356
 20
149060.56483957023
 11
169368.26847153709
 21
149060.56483957023
  0
LINE
  8
_0-f_
  6
CONTINUOUS
 62
  212
 10
162049.61713557961
 20
138059.00334463358
 11
162347.93400404497
 21
138357.32021309895
  0
LINE
  8
_0-f_
  6
CONTINUOUS
 62
  212
 10
161702.06001049093
 20
138163.99455950403
 11
162503.55249968796
 21
138965.48704870109
  0
TEXT
  8
_0-f_
 62
   18
 10
146426.0834840378
 20
142360.46149987084
 40
600
 41
1
 50
0
  1
O
  0
TEXT
  8
_0-f_
 62
   18
 10
156654.94785895087
 20
139820.26389933296
 40
600
 41
1
 50
0
  1
A
  0
TEXT
  8
_0-f_
 62
   18
 10
156703.40729718786
 20
144892.35176813954
 40
600
 41
1
 50
0
  1
B
  0
TEXT
  8
_0-f_
 62
   18
 10
146426.0834840378
 20
127069.97334149536
 40
600
 41
1
 50
0
  1
O
  0
TEXT
  8
_0-f_
 62
   18
 10
156654.94785895087
 20
124529.77574095748
 40
600
 41
1
 50
0
  1
A
  0
TEXT
  8
_0-f_
 62
   18
 10
156703.40729718786
 20
129601.86360976407
 40
600
 41
1
 50
0
  1
B
  0
TEXT
  8
_0-f_
 62
   18
 10
157424.5237495384
 20
130825.44877812203
 40
600
 41
1
 50
0
  1
B'
  0
TEXT
  8
_0-f_
 62
   18
 10
157319.52617612952
 20
123318.12227938603
 40
600
 41
1
 50
0
  1
A'
  0
LINE
  8
_0-f_
  6
DASHED1
 62
   18
 10
157120.69983045812
 20
130415.46779581242
 11
157120.69983045812
 21
124257.45895551354
  0
TEXT
  8
_0-f_
 62
   18
 10
140699.7877948342
 20
136629.03938899762
 40
600
 41
1
 50
0
  1
《計画建物用》三斜計算による建物の正射影面積（ハッチ部分）
  0
TEXT
  8
_0-f_
 62
   18
 10
140699.7877948342
 20
135829.03938899762
 40
600
 41
1
 50
0
  1
天空図の円中心（O点）から引いた２線（指定角度の分割線）と
  0
TEXT
  8
_0-f_
 62
   18
 10
140699.7877948342
 20
135029.03938899762
 40
600
 41
1
 50
0
  1
建物の正射影図（曲線）との交点をA点、B点とし、三角形O-A-B
  0
TEXT
  8
_0-f_
 62
   18
 10
140699.7877948342
 20
134229.03938899762
 40
600
 41
1
 50
0
  1
の面積を三斜計算により求め扇形の面積から減ずる。
  0
TEXT
  8
_0-f_
 62
   18
 10
140699.7877948342
 20
133429.03938899762
 40
600
 41
1
 50
0
  1
この面積は実際より大きくなるので天空率は実際より小さくなる。
  0
TEXT
  8
_0-f_
 62
   18
 10
140699.7877948342
 20
121435.60303140374
 40
600
 41
1
 50
0
  1
【基準建物用】三斜計算による建物の正射影面積（ハッチ部分）
  0
TEXT
  8
_0-f_
 62
   18
 10
140699.7877948342
 20
120635.60303140374
 40
600
 41
1
 50
0
  1
天空図の円中心（O点）から引いた２線（指定角度の分割線）間
  0
TEXT
  8
_0-f_
 62
   18
 10
140699.7877948342
 20
119835.60303140374
 40
600
 41
1
 50
0
  1
の建物の正射影図（曲線）を微小区間に分割し、線A-Bとの間隔
  0
TEXT
  8
_0-f_
 62
   18
 10
140699.7877948342
 20
119035.60303140374
 40
600
 41
1
 50
0
  1
が最大になる点を求める。次に、その点を通り線A-Bに平行な線
  0
TEXT
  8
_0-f_
 62
   18
 10
140699.7877948342
 20
118235.60303140374
 40
600
 41
1
 50
0
  1
と指定角度の分割線との交点をA'点、B'点とし、三角形O-A'-B'
  0
TEXT
  8
_0-f_
 62
   18
 10
140699.7877948342
 20
117435.60303140374
 40
600
 41
1
 50
0
  1
の面積を三斜計算により求め扇形の面積から減ずる。
  0
TEXT
  8
_0-f_
 62
   18
 10
140699.7877948342
 20
116635.60303140374
 40
600
 41
1
 50
0
  1
この面積は実際より小さくなるので天空率は実際より大きくなる。
  0
TEXT
  8
_0-f_
 62
   18
 10
79164.207553357453
 20
146561.62289024188
 40
800
 41
1
 50
0
  1
１．天空率の計算
  0
TEXT
  8
_0-f_
 62
   18
 10
79164.207553357453
 20
145281.62289024185
 40
800
 41
1
 50
0
  1
　建物の正射影図形を天空図の中心から微小角で分割し、その面積の積分を行い正射影図形の面積を求める。
  0
TEXT
  8
_0-f_
 62
   18
 10
79164.207553357453
 20
144001.62289024185
 40
800
 41
1
 50
0
  1
　天空率　＝　（円の面積　－　建物正射影面積）／　円の面積
  0
TEXT
  8
_0-f_
 62
   18
 10
79164.207553357453
 20
142721.62289024185
 40
800
 41
1
 50
0
  1
　　
  0
TEXT
  8
_0-f_
 62
   18
 10
79164.207553357453
 20
141441.62289024185
 40
800
 41
1
 50
0
  1
２．三斜計算の天空率
  0
TEXT
  8
_0-f_
 62
   18
 10
79164.207553357453
 20
140161.62289024188
 40
800
 41
1
 50
0
  1
　三斜計算による天空率は同じ形状であっても右図のように【基準建物用】より《計画建物用》が小さくなる。
  0
TEXT
  8
_0-f_
 62
   18
 10
79164.207553357453
 20
138881.62289024185
 40
800
 41
1
 50
0
  1
　三斜計算の最大分割角度を小さくすると【基準建物用】と《計画建物用》との天空率の差は少なくなる。
  0
TEXT
  8
_0-f_
 62
   18
 10
79164.207553357453
 20
137601.62289024185
 40
800
 41
1
 50
0
  1
　計算によって生ずる誤差は微小なので面積の大小関係に影響を及ぼすことはない。
  0
TEXT
  8
_0-f_
 62
   18
 10
79164.207553357453
 20
136321.62289024185
 40
800
 41
1
 50
0
  1
　天空図で線が重なっている場合または僅かにずれている場合、微小な高さの三角形が作成されることがある。
  0
TEXT
  8
_0-f_
 62
   18
 10
79164.207553357453
 20
135041.62289024185
 40
800
 41
1
 50
0
  1
　このとき、不要な線を消去することで、微小な高さの三角形の作成を回避できる場合がある。
  0
TEXT
  8
_0-f_
 62
   18
 10
79164.207553357453
 20
133761.62289024188
 40
800
 41
1
 50
0
  1
　　
  0
TEXT
  8
_0-f_
 62
   18
 10
79164.207553357453
 20
132481.62289024185
 40
800
 41
1
 50
0
  1
３．三斜計算の建物位置確認表
  0
TEXT
  8
_0-f_
 62
   18
 10
79164.207553357453
 20
131201.62289024185
 40
800
 41
1
 50
0
  1
　建物データとして構成されている線の端点に、次の優先順位により整理した順に番号を付け、建物位置番号とする。
  0
TEXT
  8
_0-f_
 62
   18
 10
79164.207553357453
 20
129921.62289024186
 40
800
 41
1
 50
0
  1
　　(1)建物の高さの高い位置が最優先
  0
TEXT
  8
_0-f_
 62
   18
 10
79164.207553357453
 20
128641.62289024183
 40
800
 41
1
 50
0
  1
　　(2)同じ高さの場合、図面の縦位置の下方向が優先
  0
TEXT
  8
_0-f_
 62
   18
 10
79164.207553357453
 20
127361.62289024186
 40
800
 41
1
 50
0
  1
　　(3)同じ高さで同じ縦位置の場合、図面の横位置の左方向が優先
  0
TEXT
  8
_0-f_
 62
   18
 10
79164.207553357453
 20
126081.62289024185
 40
800
 41
1
 50
0
  1
　建物位置確認表の作図を行うと天空図には射影された建物の上部の建物位置番号が作図される。
  0
TEXT
  8
_0-f_
 62
   18
 10
79164.207553357453
 20
124801.62289024185
 40
800
 41
1
 50
0
  1
　[Ctrl]キーを押しながら建物位置確認表の作図を行うと配置図にも建物位置番号が作図される。
  0
TEXT
  8
_0-f_
 62
   18
 10
79164.207553357453
 20
123521.62289024186
 40
800
 41
1
 50
0
  1
　配置図の同じ位置に高さの異なった建物位置番号がある場合は高さの高い位置の番号が作図される。
  0
TEXT
  8
_0-f_
 62
   18
 10
79164.207553357453
 20
122241.62289024183
 40
800
 41
1
 50
0
  1
　[Shift]キーを押しながら建物位置確認表の作図を行うと全ての建物位置番号が作図される。
  0
TEXT
  8
_0-f_
 62
   18
 10
79164.207553357453
 20
120961.62289024185
 40
800
 41
1
 50
0
  1
　【基準建物用】建物位置は{1}のように{番号}、《計画建物用》建物位置は(1)のように(番号)で作図される。
  0
TEXT
  8
_0-f_
 62
   18
 10
79164.207553357453
 20
119681.62289024185
 40
800
 41
1
 50
0
  1
　建物位置番号の{1}(1)等の表示形式は環境設定ファイル（Sample.jwf参照）により変更できる。
  0
TEXT
  8
_0-f_
 62
   18
 10
79164.207553357453
 20
118401.62289024185
 40
800
 41
1
 50
0
  1
　建物位置番号の文字は下中を基準として建物位置に作図されるので他の文字（高さ指定文字等）と重なる場合がある。
  0
TEXT
  8
_0-f_
 62
   18
 10
79164.207553357453
 20
117121.62289024186
 40
800
 41
1
 50
0
  1
　文字が重なり見にくい場合は、文字または移動コマンドにより建物位置番号を見やすい位置に移動する。
  0
LINE
  8
_0-f_
  6
CONTINUOUS
 62
   92
 10
51557.733396037132
 20
52076.978342718903
 11
51557.733396037132
 21
19161.159133679349
  0
LINE
  8
_0-f_
  6
CONTINUOUS
 62
   92
 10
51557.733396037132
 20
19161.159133679349
 11
19313.665599426964
 21
19161.159133679349
  0
LINE
  8
_0-f_
  6
CONTINUOUS
 62
   92
 10
19313.665599426964
 20
19161.159133679349
 11
19313.665599426964
 21
52076.978342718903
  0
LINE
  8
_0-f_
  6
CONTINUOUS
 62
   18
 10
31849.276507165493
 20
41443.296905350704
 11
31849.276507165493
 21
29443.2969053507
  0
LINE
  8
_0-f_
  6
CONTINUOUS
 62
   18
 10
36749.276507165493
 20
43443.296905350704
 11
41649.276507165493
 21
41443.296905350704
  0
LINE
  8
_0-f_
  6
CONTINUOUS
 62
   18
 10
36749.276507165493
 20
43443.296905350704
 11
31849.276507165493
 21
41443.296905350704
  0
LINE
  8
_0-f_
  6
CONTINUOUS
 62
   18
 10
41649.276507165493
 20
41443.296905350704
 11
31849.276507165493
 21
41443.296905350704
  0
LINE
  8
_0-f_
  6
CONTINUOUS
 62
   18
 10
41649.276507165493
 20
41443.296905350704
 11
41649.276507165493
 21
29443.2969053507
  0
LINE
  8
_0-f_
  6
DASHED2
 62
  212
 10
23749.276507194692
 20
29443.2969053507
 11
35635.751682449037
 21
44301.390874418655
  0
LINE
  8
_0-f_
  6
DASHED1
 62
  212
 10
29349.276507165493
 20
36443.296905314207
 11
29349.276507165493
 21
29443.2969053507
  0
POINT
  8
_0-f_
 62
   18
 10
29349.276507194666
 20
29443.2969053507
  0
POINT
  8
_0-f_
 62
   18
 10
23749.276507194692
 20
29443.2969053507
  0
LINE
  8
_0-f_
  6
CONTINUOUS
 62
   18
 10
45628.407779288521
 20
29443.2969053507
 11
23749.276507194692
 21
29443.2969053507
  0
LINE
  8
_0-f_
  6
CONTINUOUS
 62
  132
 10
29349.276507194666
 20
27863.756145703267
 11
29349.276507194666
 21
29443.2969053507
  0
LINE
  8
_0-f_
  6
CONTINUOUS
 62
  132
 10
23749.276507194692
 20
27863.756145703267
 11
23749.276507194692
 21
29443.2969053507
  0
TEXT
  8
_0-f_
 62
   18
 10
30335.952498358303
 20
31562.495619627439
 40
800
 41
1
 50
90
  1
7.00ｍ
  0
TEXT
  8
_0-f_
 62
   18
 10
25546.22103671711
 20
29523.482765871198
 40
800
 41
1
 50
0
  1
5.60ｍ
  0
TEXT
  8
_0-f_
 62
   18
 10
25433.182080803431
 20
30578.513021065737
 40
800
 41
1
 50
0
  1
道路幅
  0
TEXT
  8
_0-f_
 62
   92
 10
33835.69949773205
 20
51576.978342718903
 40
1000
 41
1
 50
0
  1
参考図
  0
LINE
  8
_0-f_
  6
CONTINUOUS
 62
   92
 10
19313.665599426964
 20
52076.978342718903
 11
32952.006636920552
 21
52076.978342718903
  0
LINE
  8
_0-f_
  6
CONTINUOUS
 62
   92
 10
37965.565958954452
 20
52076.978342718903
 11
51557.733396037132
 21
52076.978342718903
  0
TEXT
  8
_0-f_
 62
   18
 10
31741.041048836312
 20
25430.26545109077
 40
800
 41
1
 50
0
  1
道路斜線制限検討図
  0
LINE
  8
_0-f_
  6
CONTINUOUS
 62
  212
 10
31849.276507165541
 20
39735.815964180677
 11
31923.729422217274
 21
39661.363049128944
  0
LINE
  8
_0-f_
  6
CONTINUOUS
 62
  212
 10
31849.27650716545
 20
40018.658676655446
 11
32049.437294428229
 21
39818.497889392652
  0
LINE
  8
_0-f_
  6
CONTINUOUS
 62
  212
 10
31849.276507165472
 20
40301.501389130098
 11
32175.145166639209
 21
39975.632729656354
  0
LINE
  8
_0-f_
  6
CONTINUOUS
 62
  212
 10
31849.276507165472
 20
40584.344101604743
 11
32300.853038850164
 21
40132.767569920055
  0
LINE
  8
_0-f_
  6
CONTINUOUS
 62
  212
 10
31849.276507165493
 20
40867.18681407941
 11
32426.56091106114
 21
40289.902410183742
  0
LINE
  8
_0-f_
  6
CONTINUOUS
 62
  212
 10
31849.276507165493
 20
41150.029526554077
 11
32552.268783272098
 21
40447.037250447465
  0
LINE
  8
_0-f_
  6
CONTINUOUS
 62
  212
 10
31849.27650716545
 20
41432.872239028423
 11
32677.976655482892
 21
40604.172090710962
  0
LINE
  8
_0-f_
  6
CONTINUOUS
 62
  212
 10
32042.732800809928
 20
41522.258657858597
 11
32803.684527693847
 21
40761.306930974671
  0
LINE
  8
_0-f_
  6
CONTINUOUS
 62
  212
 10
32243.592118364402
 20
41604.242052778805
 11
32929.392399904827
 21
40918.44177123838
  0
LINE
  8
_0-f_
  6
CONTINUOUS
 62
  212
 10
32444.451435918905
 20
41686.225447698976
 11
33055.100272115785
 21
41075.576611502081
  0
LINE
  8
_0-f_
  6
CONTINUOUS
 62
  212
 10
32645.310753473335
 20
41768.208842619183
 11
33180.808144326736
 21
41232.711451765782
  0
LINE
  8
_0-f_
  6
CONTINUOUS
 62
  212
 10
32846.170071027816
 20
41850.192237539384
 11
33306.516016537716
 21
41389.846292029469
  0
LINE
  8
_0-f_
  6
CONTINUOUS
 62
  212
 10
33047.029388582268
 20
41932.175632459599
 11
33432.223888748674
 21
41546.981132293185
  0
LINE
  8
_0-f_
  6
CONTINUOUS
 62
  212
 10
33247.888706136516
 20
42014.15902737966
 11
33557.931760959465
 21
41704.115972556697
  0
LINE
  8
_0-f_
  6
CONTINUOUS
 62
  212
 10
33448.748023690975
 20
42096.142422299853
 11
33683.639633170423
 21
41861.250812820399
  0
LINE
  8
_0-f_
  6
CONTINUOUS
 62
  212
 10
33649.607341245449
 20
42178.125817220039
 11
33809.347505381381
 21
42018.385653084114
  0
LINE
  8
_0-f_
  6
CONTINUOUS
 62
  212
 10
33850.46665879993
 20
42260.109212140239
 11
33935.055377592354
 21
42175.520493347801
  0
LINE
  8
_0-f_
  6
CONTINUOUS
 62
  212
 10
34051.325976354382
 20
42342.092607060461
 11
34060.763249803334
 21
42332.655333611503
  0
TEXT
  8
_0-f_
 62
   18
 10
22204.523329267751
 20
43394.030217397899
 40
800
 41
1
 50
0
  1
道路斜線制限抵触部分
  0
LINE
  8
_0-f_
  6
CONTINUOUS
 62
   18
 10
31338.909564501431
 20
43794.030217397899
 11
31971.934731424902
 21
43794.030217397899
  0
LINE
  8
_0-f_
  6
CONTINUOUS
 62
   18
 10
31971.934731424902
 20
43794.030217397899
 11
32415.052348271343
 21
41135.324516319327
  0
LINE
  8
_0-f_
  6
CONTINUOUS
 62
   18
 10
32415.052348271343
 20
41135.324516319327
 11
32478.354864963694
 21
42401.37485016627
  0
ENDSEC
  0
EOF
